Date,Village,Latitude,Longitude,CHIRPS_Rainfall_mm
20190101,Mettupalayam,11.3,76.95,3.7045278549194336
20190102,Mettupalayam,11.3,76.95,0.0
20190103,Mettupalayam,11.3,76.95,0.0
20190104,Mettupalayam,11.3,76.95,0.0
20190105,Mettupalayam,11.3,76.95,0.0
20190106,Mettupalayam,11.3,76.95,0.0
20190107,Mettupalayam,11.3,76.95,0.0
20190108,Mettupalayam,11.3,76.95,3.926382541656494
20190109,Mettupalayam,11.3,76.95,0.0
20190110,Mettupalayam,11.3,76.95,0.0
20190111,Mettupalayam,11.3,76.95,0.0
20190112,Mettupalayam,11.3,76.95,0.0
20190113,Mettupalayam,11.3,76.95,0.0
20190114,Mettupalayam,11.3,76.95,5.682650089263916
20190115,Mettupalayam,11.3,76.95,0.0
20190116,Mettupalayam,11.3,76.95,0.0
20190117,Mettupalayam,11.3,76.95,0.0
20190118,Mettupalayam,11.3,76.95,0.0
20190119,Mettupalayam,11.3,76.95,0.0
20190120,Mettupalayam,11.3,76.95,0.0
20190121,Mettupalayam,11.3,76.95,0.0
20190122,Mettupalayam,11.3,76.95,0.0
20190123,Mettupalayam,11.3,76.95,0.0
20190124,Mettupalayam,11.3,76.95,0.0
20190125,Mettupalayam,11.3,76.95,0.0
20190126,Mettupalayam,11.3,76.95,0.0
20190127,Mettupalayam,11.3,76.95,0.0
20190128,Mettupalayam,11.3,76.95,0.0
20190129,Mettupalayam,11.3,76.95,0.0
20190130,Mettupalayam,11.3,76.95,0.0
20190131,Mettupalayam,11.3,76.95,0.0
20190201,Mettupalayam,11.3,76.95,0.0
20190202,Mettupalayam,11.3,76.95,0.0
20190203,Mettupalayam,11.3,76.95,0.0
20190204,Mettupalayam,11.3,76.95,0.0
20190205,Mettupalayam,11.3,76.95,0.0
20190206,Mettupalayam,11.3,76.95,0.0
20190207,Mettupalayam,11.3,76.95,0.0
20190208,Mettupalayam,11.3,76.95,0.0
20190209,Mettupalayam,11.3,76.95,0.0
20190210,Mettupalayam,11.3,76.95,0.0
20190211,Mettupalayam,11.3,76.95,0.0
20190212,Mettupalayam,11.3,76.95,0.0
20190213,Mettupalayam,11.3,76.95,0.0
20190214,Mettupalayam,11.3,76.95,0.0
20190215,Mettupalayam,11.3,76.95,5.327075958251953
20190216,Mettupalayam,11.3,76.95,0.0
20190217,Mettupalayam,11.3,76.95,0.0
20190218,Mettupalayam,11.3,76.95,0.0
20190219,Mettupalayam,11.3,76.95,0.0
20190220,Mettupalayam,11.3,76.95,0.0
20190221,Mettupalayam,11.3,76.95,0.0
20190222,Mettupalayam,11.3,76.95,0.0
20190223,Mettupalayam,11.3,76.95,0.0
20190224,Mettupalayam,11.3,76.95,0.0
20190225,Mettupalayam,11.3,76.95,4.805926322937012
20190226,Mettupalayam,11.3,76.95,0.0
20190227,Mettupalayam,11.3,76.95,0.0
20190228,Mettupalayam,11.3,76.95,0.0
20190301,Mettupalayam,11.3,76.95,14.228464126586914
20190302,Mettupalayam,11.3,76.95,0.0
20190303,Mettupalayam,11.3,76.95,0.0
20190304,Mettupalayam,11.3,76.95,0.0
20190305,Mettupalayam,11.3,76.95,0.0
20190306,Mettupalayam,11.3,76.95,0.0
20190307,Mettupalayam,11.3,76.95,0.0
20190308,Mettupalayam,11.3,76.95,0.0
20190309,Mettupalayam,11.3,76.95,0.0
20190310,Mettupalayam,11.3,76.95,0.0
20190311,Mettupalayam,11.3,76.95,0.0
20190312,Mettupalayam,11.3,76.95,0.0
20190313,Mettupalayam,11.3,76.95,0.0
20190314,Mettupalayam,11.3,76.95,0.0
20190315,Mettupalayam,11.3,76.95,0.0
20190316,Mettupalayam,11.3,76.95,0.0
20190317,Mettupalayam,11.3,76.95,0.0
20190318,Mettupalayam,11.3,76.95,0.0
20190319,Mettupalayam,11.3,76.95,0.0
20190320,Mettupalayam,11.3,76.95,0.0
20190321,Mettupalayam,11.3,76.95,0.0
20190322,Mettupalayam,11.3,76.95,0.0
20190323,Mettupalayam,11.3,76.95,0.0
20190324,Mettupalayam,11.3,76.95,0.0
20190325,Mettupalayam,11.3,76.95,0.0
20190326,Mettupalayam,11.3,76.95,0.0
20190327,Mettupalayam,11.3,76.95,0.0
20190328,Mettupalayam,11.3,76.95,0.0
20190329,Mettupalayam,11.3,76.95,0.0
20190330,Mettupalayam,11.3,76.95,0.0
20190331,Mettupalayam,11.3,76.95,0.0
20190401,Mettupalayam,11.3,76.95,0.0
20190402,Mettupalayam,11.3,76.95,0.0
20190403,Mettupalayam,11.3,76.95,0.0
20190404,Mettupalayam,11.3,76.95,0.0
20190405,Mettupalayam,11.3,76.95,0.0
20190406,Mettupalayam,11.3,76.95,0.0
20190407,Mettupalayam,11.3,76.95,0.0
20190408,Mettupalayam,11.3,76.95,0.0
20190409,Mettupalayam,11.3,76.95,3.730121374130249
20190410,Mettupalayam,11.3,76.95,0.0
20190411,Mettupalayam,11.3,76.95,0.0
20190412,Mettupalayam,11.3,76.95,0.0
20190413,Mettupalayam,11.3,76.95,0.0
20190414,Mettupalayam,11.3,76.95,0.0
20190415,Mettupalayam,11.3,76.95,0.0
20190416,Mettupalayam,11.3,76.95,0.0
20190417,Mettupalayam,11.3,76.95,8.036035537719727
20190418,Mettupalayam,11.3,76.95,4.018017768859863
20190419,Mettupalayam,11.3,76.95,12.05405330657959
20190420,Mettupalayam,11.3,76.95,4.018017768859863
20190421,Mettupalayam,11.3,76.95,0.43964913487434387
20190422,Mettupalayam,11.3,76.95,1.6581369638442993
20190423,Mettupalayam,11.3,76.95,0.4476807713508606
20190424,Mettupalayam,11.3,76.95,0.029314888641238213
20190425,Mettupalayam,11.3,76.95,0.004045269917696714
20190426,Mettupalayam,11.3,76.95,0.0
20190427,Mettupalayam,11.3,76.95,3.006527900695801
20190428,Mettupalayam,11.3,76.95,0.0
20190429,Mettupalayam,11.3,76.95,0.0
20190430,Mettupalayam,11.3,76.95,9.019583702087402
20190501,Mettupalayam,11.3,76.95,3.9149317741394043
20190502,Mettupalayam,11.3,76.95,0.0
20190503,Mettupalayam,11.3,76.95,0.0
20190504,Mettupalayam,11.3,76.95,0.0
20190505,Mettupalayam,11.3,76.95,0.0
20190506,Mettupalayam,11.3,76.95,4.2770514488220215
20190507,Mettupalayam,11.3,76.95,4.2770514488220215
20190508,Mettupalayam,11.3,76.95,0.0
20190509,Mettupalayam,11.3,76.95,4.2770514488220215
20190510,Mettupalayam,11.3,76.95,0.0
20190511,Mettupalayam,11.3,76.95,3.0522091388702393
20190512,Mettupalayam,11.3,76.95,3.0522091388702393
20190513,Mettupalayam,11.3,76.95,3.0522091388702393
20190514,Mettupalayam,11.3,76.95,0.0
20190515,Mettupalayam,11.3,76.95,9.15662670135498
20190516,Mettupalayam,11.3,76.95,0.0
20190517,Mettupalayam,11.3,76.95,8.479795455932617
20190518,Mettupalayam,11.3,76.95,4.239897727966309
20190519,Mettupalayam,11.3,76.95,0.0
20190520,Mettupalayam,11.3,76.95,0.0
20190521,Mettupalayam,11.3,76.95,0.0
20190522,Mettupalayam,11.3,76.95,0.0
20190523,Mettupalayam,11.3,76.95,3.553886890411377
20190524,Mettupalayam,11.3,76.95,5.330830097198486
20190525,Mettupalayam,11.3,76.95,5.330830097198486
20190526,Mettupalayam,11.3,76.95,6.062049388885498
20190527,Mettupalayam,11.3,76.95,0.0
20190528,Mettupalayam,11.3,76.95,9.093073844909668
20190529,Mettupalayam,11.3,76.95,0.0
20190530,Mettupalayam,11.3,76.95,6.062049388885498
20190531,Mettupalayam,11.3,76.95,3.031024694442749
20190601,Mettupalayam,11.3,76.95,1.4779627323150635
20190602,Mettupalayam,11.3,76.95,2.955925464630127
20190603,Mettupalayam,11.3,76.95,4.433887958526611
20190604,Mettupalayam,11.3,76.95,4.433887958526611
20190605,Mettupalayam,11.3,76.95,7.3898138999938965
20190606,Mettupalayam,11.3,76.95,0.0
20190607,Mettupalayam,11.3,76.95,5.735600471496582
20190608,Mettupalayam,11.3,76.95,0.0
20190609,Mettupalayam,11.3,76.95,0.0
20190610,Mettupalayam,11.3,76.95,0.0
20190611,Mettupalayam,11.3,76.95,0.45904266834259033
20190612,Mettupalayam,11.3,76.95,0.45725828409194946
20190613,Mettupalayam,11.3,76.95,0.5599693059921265
20190614,Mettupalayam,11.3,76.95,0.2558155655860901
20190615,Mettupalayam,11.3,76.95,0.35112127661705017
20190616,Mettupalayam,11.3,76.95,0.0
20190617,Mettupalayam,11.3,76.95,0.0
20190618,Mettupalayam,11.3,76.95,0.0
20190619,Mettupalayam,11.3,76.95,3.538018226623535
20190620,Mettupalayam,11.3,76.95,0.0
20190621,Mettupalayam,11.3,76.95,2.0848588943481445
20190622,Mettupalayam,11.3,76.95,0.0
20190623,Mettupalayam,11.3,76.95,0.0
20190624,Mettupalayam,11.3,76.95,0.0
20190625,Mettupalayam,11.3,76.95,4.169717788696289
20190626,Mettupalayam,11.3,76.95,0.6158187389373779
20190627,Mettupalayam,11.3,76.95,0.0
20190628,Mettupalayam,11.3,76.95,0.0
20190629,Mettupalayam,11.3,76.95,0.0
20190630,Mettupalayam,11.3,76.95,1.8474562168121338
20190701,Mettupalayam,11.3,76.95,0.0
20190702,Mettupalayam,11.3,76.95,0.0
20190703,Mettupalayam,11.3,76.95,1.3769539594650269
20190704,Mettupalayam,11.3,76.95,0.0
20190705,Mettupalayam,11.3,76.95,0.0
20190706,Mettupalayam,11.3,76.95,0.0
20190707,Mettupalayam,11.3,76.95,0.0
20190708,Mettupalayam,11.3,76.95,0.0
20190709,Mettupalayam,11.3,76.95,0.0
20190710,Mettupalayam,11.3,76.95,0.0
20190711,Mettupalayam,11.3,76.95,0.98067307472229
20190712,Mettupalayam,11.3,76.95,0.490336537361145
20190713,Mettupalayam,11.3,76.95,0.490336537361145
20190714,Mettupalayam,11.3,76.95,0.98067307472229
20190715,Mettupalayam,11.3,76.95,0.98067307472229
20190716,Mettupalayam,11.3,76.95,2.4991869926452637
20190717,Mettupalayam,11.3,76.95,0.0
20190718,Mettupalayam,11.3,76.95,2.4991869926452637
20190719,Mettupalayam,11.3,76.95,2.4991869926452637
20190720,Mettupalayam,11.3,76.95,0.0
20190721,Mettupalayam,11.3,76.95,0.0
20190722,Mettupalayam,11.3,76.95,1.1829365491867065
20190723,Mettupalayam,11.3,76.95,1.1829365491867065
20190724,Mettupalayam,11.3,76.95,0.0
20190725,Mettupalayam,11.3,76.95,1.3519275188446045
20190726,Mettupalayam,11.3,76.95,0.7143955230712891
20190727,Mettupalayam,11.3,76.95,0.0
20190728,Mettupalayam,11.3,76.95,0.7143955230712891
20190729,Mettupalayam,11.3,76.95,0.7143955230712891
20190730,Mettupalayam,11.3,76.95,2.143186330795288
20190731,Mettupalayam,11.3,76.95,0.0
20190801,Mettupalayam,11.3,76.95,0.0
20190802,Mettupalayam,11.3,76.95,1.5952699184417725
20190803,Mettupalayam,11.3,76.95,1.5952699184417725
20190804,Mettupalayam,11.3,76.95,1.5952699184417725
20190805,Mettupalayam,11.3,76.95,1.5952699184417725
20190806,Mettupalayam,11.3,76.95,6.593242645263672
20190807,Mettupalayam,11.3,76.95,9.889863967895508
20190808,Mettupalayam,11.3,76.95,13.186485290527344
20190809,Mettupalayam,11.3,76.95,0.0
20190810,Mettupalayam,11.3,76.95,0.0
20190811,Mettupalayam,11.3,76.95,0.0
20190812,Mettupalayam,11.3,76.95,0.0
20190813,Mettupalayam,11.3,76.95,0.0
20190814,Mettupalayam,11.3,76.95,0.0
20190815,Mettupalayam,11.3,76.95,0.0
20190816,Mettupalayam,11.3,76.95,9.152688026428223
20190817,Mettupalayam,11.3,76.95,6.101792335510254
20190818,Mettupalayam,11.3,76.95,6.101792335510254
20190819,Mettupalayam,11.3,76.95,6.101792335510254
20190820,Mettupalayam,11.3,76.95,12.203584671020508
20190821,Mettupalayam,11.3,76.95,19.29187774658203
20190822,Mettupalayam,11.3,76.95,4.822969436645508
20190823,Mettupalayam,11.3,76.95,0.0
20190824,Mettupalayam,11.3,76.95,0.0
20190825,Mettupalayam,11.3,76.95,0.0
20190826,Mettupalayam,11.3,76.95,0.0
20190827,Mettupalayam,11.3,76.95,0.0
20190828,Mettupalayam,11.3,76.95,0.0
20190829,Mettupalayam,11.3,76.95,3.3611037731170654
20190830,Mettupalayam,11.3,76.95,6.722207546234131
20190831,Mettupalayam,11.3,76.95,6.722207546234131
20190901,Mettupalayam,11.3,76.95,0.0
20190902,Mettupalayam,11.3,76.95,2.3228447437286377
20190903,Mettupalayam,11.3,76.95,4.645689487457275
20190904,Mettupalayam,11.3,76.95,2.3228447437286377
20190905,Mettupalayam,11.3,76.95,0.0
20190906,Mettupalayam,11.3,76.95,0.0
20190907,Mettupalayam,11.3,76.95,0.0
20190908,Mettupalayam,11.3,76.95,0.0
20190909,Mettupalayam,11.3,76.95,6.148956298828125
20190910,Mettupalayam,11.3,76.95,0.0
20190911,Mettupalayam,11.3,76.95,6.103917121887207
20190912,Mettupalayam,11.3,76.95,6.103917121887207
20190913,Mettupalayam,11.3,76.95,6.103917121887207
20190914,Mettupalayam,11.3,76.95,4.069278240203857
20190915,Mettupalayam,11.3,76.95,4.069278240203857
20190916,Mettupalayam,11.3,76.95,0.0
20190917,Mettupalayam,11.3,76.95,8.730947494506836
20190918,Mettupalayam,11.3,76.95,0.0
20190919,Mettupalayam,11.3,76.95,4.365473747253418
20190920,Mettupalayam,11.3,76.95,4.365473747253418
20190921,Mettupalayam,11.3,76.95,0.0
20190922,Mettupalayam,11.3,76.95,6.665666103363037
20190923,Mettupalayam,11.3,76.95,8.887554168701172
20190924,Mettupalayam,11.3,76.95,0.0
20190925,Mettupalayam,11.3,76.95,8.887554168701172
20190926,Mettupalayam,11.3,76.95,0.0
20190927,Mettupalayam,11.3,76.95,0.0
20190928,Mettupalayam,11.3,76.95,0.0
20190929,Mettupalayam,11.3,76.95,0.0
20190930,Mettupalayam,11.3,76.95,0.0
20191001,Mettupalayam,11.3,76.95,9.141009330749512
20191002,Mettupalayam,11.3,76.95,0.0
20191003,Mettupalayam,11.3,76.95,0.0
20191004,Mettupalayam,11.3,76.95,9.141009330749512
20191005,Mettupalayam,11.3,76.95,0.0
20191006,Mettupalayam,11.3,76.95,0.0
20191007,Mettupalayam,11.3,76.95,11.6043701171875
20191008,Mettupalayam,11.3,76.95,5.80218505859375
20191009,Mettupalayam,11.3,76.95,0.0
20191010,Mettupalayam,11.3,76.95,0.0
20191011,Mettupalayam,11.3,76.95,5.917459964752197
20191012,Mettupalayam,11.3,76.95,11.834919929504395
20191013,Mettupalayam,11.3,76.95,11.834919929504395
20191014,Mettupalayam,11.3,76.95,5.917459964752197
20191015,Mettupalayam,11.3,76.95,11.834919929504395
20191016,Mettupalayam,11.3,76.95,30.474308013916016
20191017,Mettupalayam,11.3,76.95,0.0
20191018,Mettupalayam,11.3,76.95,10.158102989196777
20191019,Mettupalayam,11.3,76.95,0.0
20191020,Mettupalayam,11.3,76.95,20.316205978393555
20191021,Mettupalayam,11.3,76.95,25.969600677490234
20191022,Mettupalayam,11.3,76.95,38.95439910888672
20191023,Mettupalayam,11.3,76.95,51.93920135498047
20191024,Mettupalayam,11.3,76.95,0.0
20191025,Mettupalayam,11.3,76.95,0.0
20191026,Mettupalayam,11.3,76.95,0.0
20191027,Mettupalayam,11.3,76.95,0.0
20191028,Mettupalayam,11.3,76.95,14.44767951965332
20191029,Mettupalayam,11.3,76.95,14.44767951965332
20191030,Mettupalayam,11.3,76.95,0.0
20191031,Mettupalayam,11.3,76.95,0.0
20191101,Mettupalayam,11.3,76.95,0.0
20191102,Mettupalayam,11.3,76.95,0.0
20191103,Mettupalayam,11.3,76.95,24.5865478515625
20191104,Mettupalayam,11.3,76.95,0.0
20191105,Mettupalayam,11.3,76.95,0.0
20191106,Mettupalayam,11.3,76.95,0.0
20191107,Mettupalayam,11.3,76.95,17.138444900512695
20191108,Mettupalayam,11.3,76.95,8.569222450256348
20191109,Mettupalayam,11.3,76.95,8.569222450256348
20191110,Mettupalayam,11.3,76.95,17.138444900512695
20191111,Mettupalayam,11.3,76.95,28.03983497619629
20191112,Mettupalayam,11.3,76.95,7.791604995727539
20191113,Mettupalayam,11.3,76.95,1.6771248579025269
20191114,Mettupalayam,11.3,76.95,9.650552749633789
20191115,Mettupalayam,11.3,76.95,36.729095458984375
20191116,Mettupalayam,11.3,76.95,0.0
20191117,Mettupalayam,11.3,76.95,0.0
20191118,Mettupalayam,11.3,76.95,0.0
20191119,Mettupalayam,11.3,76.95,0.0
20191120,Mettupalayam,11.3,76.95,40.239986419677734
20191121,Mettupalayam,11.3,76.95,0.0
20191122,Mettupalayam,11.3,76.95,0.0
20191123,Mettupalayam,11.3,76.95,0.0
20191124,Mettupalayam,11.3,76.95,0.0
20191125,Mettupalayam,11.3,76.95,0.0
20191126,Mettupalayam,11.3,76.95,0.0
20191127,Mettupalayam,11.3,76.95,0.0
20191128,Mettupalayam,11.3,76.95,0.0
20191129,Mettupalayam,11.3,76.95,23.296361923217773
20191130,Mettupalayam,11.3,76.95,0.0
20191201,Mettupalayam,11.3,76.95,0.0
20191202,Mettupalayam,11.3,76.95,41.512943267822266
20191203,Mettupalayam,11.3,76.95,0.0
20191204,Mettupalayam,11.3,76.95,0.0
20191205,Mettupalayam,11.3,76.95,0.0
20191206,Mettupalayam,11.3,76.95,17.020566940307617
20191207,Mettupalayam,11.3,76.95,0.0
20191208,Mettupalayam,11.3,76.95,0.0
20191209,Mettupalayam,11.3,76.95,0.0
20191210,Mettupalayam,11.3,76.95,0.0
20191211,Mettupalayam,11.3,76.95,0.0
20191212,Mettupalayam,11.3,76.95,0.0
20191213,Mettupalayam,11.3,76.95,0.0
20191214,Mettupalayam,11.3,76.95,0.0
20191215,Mettupalayam,11.3,76.95,11.151165008544922
20191216,Mettupalayam,11.3,76.95,0.0
20191217,Mettupalayam,11.3,76.95,0.0
20191218,Mettupalayam,11.3,76.95,0.0
20191219,Mettupalayam,11.3,76.95,0.0
20191220,Mettupalayam,11.3,76.95,0.0
20191221,Mettupalayam,11.3,76.95,0.0
20191222,Mettupalayam,11.3,76.95,0.0
20191223,Mettupalayam,11.3,76.95,0.0
20191224,Mettupalayam,11.3,76.95,0.0
20191225,Mettupalayam,11.3,76.95,0.0
20191226,Mettupalayam,11.3,76.95,0.0
20191227,Mettupalayam,11.3,76.95,0.0
20191228,Mettupalayam,11.3,76.95,0.0
20191229,Mettupalayam,11.3,76.95,0.0
20191230,Mettupalayam,11.3,76.95,0.0
20191231,Mettupalayam,11.3,76.95,0.0
20200101,Mettupalayam,11.3,76.95,0.0
20200102,Mettupalayam,11.3,76.95,0.0
20200103,Mettupalayam,11.3,76.95,0.0
20200104,Mettupalayam,11.3,76.95,0.0
20200105,Mettupalayam,11.3,76.95,0.0
20200106,Mettupalayam,11.3,76.95,6.1494221687316895
20200107,Mettupalayam,11.3,76.95,0.0
20200108,Mettupalayam,11.3,76.95,0.0
20200109,Mettupalayam,11.3,76.95,0.0
20200110,Mettupalayam,11.3,76.95,0.0
20200111,Mettupalayam,11.3,76.95,0.0
20200112,Mettupalayam,11.3,76.95,0.0
20200113,Mettupalayam,11.3,76.95,0.0
20200114,Mettupalayam,11.3,76.95,0.0
20200115,Mettupalayam,11.3,76.95,0.0
20200116,Mettupalayam,11.3,76.95,0.0
20200117,Mettupalayam,11.3,76.95,0.0
20200118,Mettupalayam,11.3,76.95,0.0
20200119,Mettupalayam,11.3,76.95,0.0
20200120,Mettupalayam,11.3,76.95,0.0
20200121,Mettupalayam,11.3,76.95,0.0
20200122,Mettupalayam,11.3,76.95,0.0
20200123,Mettupalayam,11.3,76.95,5.670821666717529
20200124,Mettupalayam,11.3,76.95,0.0
20200125,Mettupalayam,11.3,76.95,0.0
20200126,Mettupalayam,11.3,76.95,0.0
20200127,Mettupalayam,11.3,76.95,0.0
20200128,Mettupalayam,11.3,76.95,0.0
20200129,Mettupalayam,11.3,76.95,0.0
20200130,Mettupalayam,11.3,76.95,0.0
20200131,Mettupalayam,11.3,76.95,4.909739017486572
20200201,Mettupalayam,11.3,76.95,0.0
20200202,Mettupalayam,11.3,76.95,0.0
20200203,Mettupalayam,11.3,76.95,0.0
20200204,Mettupalayam,11.3,76.95,0.0
20200205,Mettupalayam,11.3,76.95,0.0
20200206,Mettupalayam,11.3,76.95,0.0
20200207,Mettupalayam,11.3,76.95,0.0
20200208,Mettupalayam,11.3,76.95,0.0
20200209,Mettupalayam,11.3,76.95,0.0
20200210,Mettupalayam,11.3,76.95,0.0
20200211,Mettupalayam,11.3,76.95,0.0
20200212,Mettupalayam,11.3,76.95,4.263781547546387
20200213,Mettupalayam,11.3,76.95,0.0
20200214,Mettupalayam,11.3,76.95,0.0
20200215,Mettupalayam,11.3,76.95,0.0
20200216,Mettupalayam,11.3,76.95,0.0
20200217,Mettupalayam,11.3,76.95,0.0
20200218,Mettupalayam,11.3,76.95,0.0
20200219,Mettupalayam,11.3,76.95,0.0
20200220,Mettupalayam,11.3,76.95,6.49441385269165
20200221,Mettupalayam,11.3,76.95,0.0
20200222,Mettupalayam,11.3,76.95,0.0
20200223,Mettupalayam,11.3,76.95,0.0
20200224,Mettupalayam,11.3,76.95,0.0
20200225,Mettupalayam,11.3,76.95,0.0
20200226,Mettupalayam,11.3,76.95,0.0
20200227,Mettupalayam,11.3,76.95,0.0
20200228,Mettupalayam,11.3,76.95,0.0
20200229,Mettupalayam,11.3,76.95,0.0
20200301,Mettupalayam,11.3,76.95,0.0
20200302,Mettupalayam,11.3,76.95,0.0
20200303,Mettupalayam,11.3,76.95,0.0
20200304,Mettupalayam,11.3,76.95,0.0
20200305,Mettupalayam,11.3,76.95,0.0
20200306,Mettupalayam,11.3,76.95,0.0
20200307,Mettupalayam,11.3,76.95,0.0
20200308,Mettupalayam,11.3,76.95,0.0
20200309,Mettupalayam,11.3,76.95,0.0
20200310,Mettupalayam,11.3,76.95,0.0
20200311,Mettupalayam,11.3,76.95,0.0
20200312,Mettupalayam,11.3,76.95,0.0
20200313,Mettupalayam,11.3,76.95,0.0
20200314,Mettupalayam,11.3,76.95,0.0
20200315,Mettupalayam,11.3,76.95,0.0
20200316,Mettupalayam,11.3,76.95,0.0
20200317,Mettupalayam,11.3,76.95,0.0
20200318,Mettupalayam,11.3,76.95,0.0
20200319,Mettupalayam,11.3,76.95,0.0
20200320,Mettupalayam,11.3,76.95,6.2354278564453125
20200321,Mettupalayam,11.3,76.95,0.0
20200322,Mettupalayam,11.3,76.95,0.0
20200323,Mettupalayam,11.3,76.95,12.229016304016113
20200324,Mettupalayam,11.3,76.95,0.0
20200325,Mettupalayam,11.3,76.95,6.114508152008057
20200326,Mettupalayam,11.3,76.95,0.0
20200327,Mettupalayam,11.3,76.95,0.0
20200328,Mettupalayam,11.3,76.95,0.0
20200329,Mettupalayam,11.3,76.95,0.0
20200330,Mettupalayam,11.3,76.95,0.0
20200331,Mettupalayam,11.3,76.95,0.0
20200401,Mettupalayam,11.3,76.95,0.0
20200402,Mettupalayam,11.3,76.95,0.0
20200403,Mettupalayam,11.3,76.95,0.0
20200404,Mettupalayam,11.3,76.95,0.0
20200405,Mettupalayam,11.3,76.95,2.7767651081085205
20200406,Mettupalayam,11.3,76.95,0.0
20200407,Mettupalayam,11.3,76.95,6.223626136779785
20200408,Mettupalayam,11.3,76.95,3.1118130683898926
20200409,Mettupalayam,11.3,76.95,3.1118130683898926
20200410,Mettupalayam,11.3,76.95,0.0
20200411,Mettupalayam,11.3,76.95,0.0
20200412,Mettupalayam,11.3,76.95,0.0
20200413,Mettupalayam,11.3,76.95,0.0
20200414,Mettupalayam,11.3,76.95,0.0
20200415,Mettupalayam,11.3,76.95,0.0
20200416,Mettupalayam,11.3,76.95,0.0
20200417,Mettupalayam,11.3,76.95,0.0
20200418,Mettupalayam,11.3,76.95,2.141505241394043
20200419,Mettupalayam,11.3,76.95,2.141505241394043
20200420,Mettupalayam,11.3,76.95,0.0
20200421,Mettupalayam,11.3,76.95,0.0
20200422,Mettupalayam,11.3,76.95,0.0
20200423,Mettupalayam,11.3,76.95,0.0
20200424,Mettupalayam,11.3,76.95,2.784656047821045
20200425,Mettupalayam,11.3,76.95,8.353967666625977
20200426,Mettupalayam,11.3,76.95,8.890364646911621
20200427,Mettupalayam,11.3,76.95,8.890364646911621
20200428,Mettupalayam,11.3,76.95,8.890364646911621
20200429,Mettupalayam,11.3,76.95,4.4451823234558105
20200430,Mettupalayam,11.3,76.95,0.0
20200501,Mettupalayam,11.3,76.95,1.2724536657333374
20200502,Mettupalayam,11.3,76.95,1.2724536657333374
20200503,Mettupalayam,11.3,76.95,1.2724536657333374
20200504,Mettupalayam,11.3,76.95,0.0
20200505,Mettupalayam,11.3,76.95,0.0
20200506,Mettupalayam,11.3,76.95,2.8991589546203613
20200507,Mettupalayam,11.3,76.95,1.4495794773101807
20200508,Mettupalayam,11.3,76.95,0.0
20200509,Mettupalayam,11.3,76.95,0.0
20200510,Mettupalayam,11.3,76.95,1.4495794773101807
20200511,Mettupalayam,11.3,76.95,0.0
20200512,Mettupalayam,11.3,76.95,2.440579414367676
20200513,Mettupalayam,11.3,76.95,0.0
20200514,Mettupalayam,11.3,76.95,7.321738243103027
20200515,Mettupalayam,11.3,76.95,0.0
20200516,Mettupalayam,11.3,76.95,8.352055549621582
20200517,Mettupalayam,11.3,76.95,6.264041900634766
20200518,Mettupalayam,11.3,76.95,0.0
20200519,Mettupalayam,11.3,76.95,0.0
20200520,Mettupalayam,11.3,76.95,2.0880138874053955
20200521,Mettupalayam,11.3,76.95,2.6128413677215576
20200522,Mettupalayam,11.3,76.95,1.8678771257400513
20200523,Mettupalayam,11.3,76.95,4.92019510269165
20200524,Mettupalayam,11.3,76.95,2.288822889328003
20200525,Mettupalayam,11.3,76.95,4.352487087249756
20200526,Mettupalayam,11.3,76.95,0.0
20200527,Mettupalayam,11.3,76.95,8.372867584228516
20200528,Mettupalayam,11.3,76.95,11.163823127746582
20200529,Mettupalayam,11.3,76.95,0.0
20200530,Mettupalayam,11.3,76.95,0.0
20200531,Mettupalayam,11.3,76.95,0.0
20200601,Mettupalayam,11.3,76.95,0.688904881477356
20200602,Mettupalayam,11.3,76.95,0.5087538957595825
20200603,Mettupalayam,11.3,76.95,0.6289127469062805
20200604,Mettupalayam,11.3,76.95,0.5632542371749878
20200605,Mettupalayam,11.3,76.95,0.4346920847892761
20200606,Mettupalayam,11.3,76.95,3.445221424102783
20200607,Mettupalayam,11.3,76.95,0.0
20200608,Mettupalayam,11.3,76.95,0.0
20200609,Mettupalayam,11.3,76.95,0.0
20200610,Mettupalayam,11.3,76.95,3.445221424102783
20200611,Mettupalayam,11.3,76.95,0.7772236466407776
20200612,Mettupalayam,11.3,76.95,0.3945678770542145
20200613,Mettupalayam,11.3,76.95,0.41770267486572266
20200614,Mettupalayam,11.3,76.95,0.8872090578079224
20200615,Mettupalayam,11.3,76.95,0.1893026977777481
20200616,Mettupalayam,11.3,76.95,0.0
20200617,Mettupalayam,11.3,76.95,0.0
20200618,Mettupalayam,11.3,76.95,3.7579243183135986
20200619,Mettupalayam,11.3,76.95,0.0
20200620,Mettupalayam,11.3,76.95,0.0
20200621,Mettupalayam,11.3,76.95,1.1140912771224976
20200622,Mettupalayam,11.3,76.95,0.0
20200623,Mettupalayam,11.3,76.95,1.1140912771224976
20200624,Mettupalayam,11.3,76.95,1.1140912771224976
20200625,Mettupalayam,11.3,76.95,2.228182554244995
20200626,Mettupalayam,11.3,76.95,0.0
20200627,Mettupalayam,11.3,76.95,0.0
20200628,Mettupalayam,11.3,76.95,4.2782301902771
20200629,Mettupalayam,11.3,76.95,1.4260767698287964
20200630,Mettupalayam,11.3,76.95,1.4260767698287964
20200701,Mettupalayam,11.3,76.95,0.0
20200702,Mettupalayam,11.3,76.95,1.0405850410461426
20200703,Mettupalayam,11.3,76.95,2.081170082092285
20200704,Mettupalayam,11.3,76.95,3.121755361557007
20200705,Mettupalayam,11.3,76.95,0.0
20200706,Mettupalayam,11.3,76.95,0.9305815696716309
20200707,Mettupalayam,11.3,76.95,0.9305815696716309
20200708,Mettupalayam,11.3,76.95,2.7917447090148926
20200709,Mettupalayam,11.3,76.95,1.8611631393432617
20200710,Mettupalayam,11.3,76.95,1.8611631393432617
20200711,Mettupalayam,11.3,76.95,1.3437577486038208
20200712,Mettupalayam,11.3,76.95,0.0
20200713,Mettupalayam,11.3,76.95,0.6718788743019104
20200714,Mettupalayam,11.3,76.95,0.6718788743019104
20200715,Mettupalayam,11.3,76.95,2.6875154972076416
20200716,Mettupalayam,11.3,76.95,0.4266617000102997
20200717,Mettupalayam,11.3,76.95,0.38008055090904236
20200718,Mettupalayam,11.3,76.95,3.2648932933807373
20200719,Mettupalayam,11.3,76.95,1.9335343837738037
20200720,Mettupalayam,11.3,76.95,1.1305879354476929
20200721,Mettupalayam,11.3,76.95,0.0
20200722,Mettupalayam,11.3,76.95,0.0
20200723,Mettupalayam,11.3,76.95,4.6800761222839355
20200724,Mettupalayam,11.3,76.95,3.510056972503662
20200725,Mettupalayam,11.3,76.95,2.3400380611419678
20200726,Mettupalayam,11.3,76.95,0.0
20200727,Mettupalayam,11.3,76.95,2.244795322418213
20200728,Mettupalayam,11.3,76.95,3.3671929836273193
20200729,Mettupalayam,11.3,76.95,2.244795322418213
20200730,Mettupalayam,11.3,76.95,0.0
20200731,Mettupalayam,11.3,76.95,3.3671929836273193
20200801,Mettupalayam,11.3,76.95,5.300788879394531
20200802,Mettupalayam,11.3,76.95,5.300788879394531
20200803,Mettupalayam,11.3,76.95,2.6503944396972656
20200804,Mettupalayam,11.3,76.95,2.6503944396972656
20200805,Mettupalayam,11.3,76.95,0.0
20200806,Mettupalayam,11.3,76.95,0.0
20200807,Mettupalayam,11.3,76.95,0.0
20200808,Mettupalayam,11.3,76.95,7.593551158905029
20200809,Mettupalayam,11.3,76.95,5.695163249969482
20200810,Mettupalayam,11.3,76.95,0.0
20200811,Mettupalayam,11.3,76.95,1.346514344215393
20200812,Mettupalayam,11.3,76.95,0.0
20200813,Mettupalayam,11.3,76.95,1.346514344215393
20200814,Mettupalayam,11.3,76.95,1.346514344215393
20200815,Mettupalayam,11.3,76.95,0.0
20200816,Mettupalayam,11.3,76.95,2.4491758346557617
20200817,Mettupalayam,11.3,76.95,0.0
20200818,Mettupalayam,11.3,76.95,0.0
20200819,Mettupalayam,11.3,76.95,0.0
20200820,Mettupalayam,11.3,76.95,1.2245879173278809
20200821,Mettupalayam,11.3,76.95,1.6567527055740356
20200822,Mettupalayam,11.3,76.95,1.6567527055740356
20200823,Mettupalayam,11.3,76.95,4.970257759094238
20200824,Mettupalayam,11.3,76.95,4.970257759094238
20200825,Mettupalayam,11.3,76.95,1.6567527055740356
20200826,Mettupalayam,11.3,76.95,2.8973512649536133
20200827,Mettupalayam,11.3,76.95,0.0
20200828,Mettupalayam,11.3,76.95,0.0
20200829,Mettupalayam,11.3,76.95,0.0
20200830,Mettupalayam,11.3,76.95,2.8973512649536133
20200831,Mettupalayam,11.3,76.95,1.9315675497055054
20200901,Mettupalayam,11.3,76.95,5.914739608764648
20200902,Mettupalayam,11.3,76.95,3.943159818649292
20200903,Mettupalayam,11.3,76.95,3.943159818649292
20200904,Mettupalayam,11.3,76.95,3.943159818649292
20200905,Mettupalayam,11.3,76.95,3.943159818649292
20200906,Mettupalayam,11.3,76.95,8.722188949584961
20200907,Mettupalayam,11.3,76.95,0.0
20200908,Mettupalayam,11.3,76.95,5.814792633056641
20200909,Mettupalayam,11.3,76.95,11.629585266113281
20200910,Mettupalayam,11.3,76.95,5.814792633056641
20200911,Mettupalayam,11.3,76.95,2.450369119644165
20200912,Mettupalayam,11.3,76.95,2.450369119644165
20200913,Mettupalayam,11.3,76.95,9.80147647857666
20200914,Mettupalayam,11.3,76.95,0.0
20200915,Mettupalayam,11.3,76.95,4.90073823928833
20200916,Mettupalayam,11.3,76.95,0.8840806484222412
20200917,Mettupalayam,11.3,76.95,0.6621347665786743
20200918,Mettupalayam,11.3,76.95,0.9514148235321045
20200919,Mettupalayam,11.3,76.95,2.015465497970581
20200920,Mettupalayam,11.3,76.95,1.213037371635437
20200921,Mettupalayam,11.3,76.95,0.0
20200922,Mettupalayam,11.3,76.95,0.0
20200923,Mettupalayam,11.3,76.95,0.0
20200924,Mettupalayam,11.3,76.95,0.0
20200925,Mettupalayam,11.3,76.95,7.655513286590576
20200926,Mettupalayam,11.3,76.95,4.730871677398682
20200927,Mettupalayam,11.3,76.95,7.096307277679443
20200928,Mettupalayam,11.3,76.95,7.096307277679443
20200929,Mettupalayam,11.3,76.95,9.461743354797363
20200930,Mettupalayam,11.3,76.95,2.365435838699341
20201001,Mettupalayam,11.3,76.95,0.0
20201002,Mettupalayam,11.3,76.95,4.614457130432129
20201003,Mettupalayam,11.3,76.95,0.0
20201004,Mettupalayam,11.3,76.95,0.0
20201005,Mettupalayam,11.3,76.95,0.0
20201006,Mettupalayam,11.3,76.95,0.0
20201007,Mettupalayam,11.3,76.95,10.90626335144043
20201008,Mettupalayam,11.3,76.95,10.90626335144043
20201009,Mettupalayam,11.3,76.95,5.453131675720215
20201010,Mettupalayam,11.3,76.95,5.453131675720215
20201011,Mettupalayam,11.3,76.95,0.0
20201012,Mettupalayam,11.3,76.95,15.547958374023438
20201013,Mettupalayam,11.3,76.95,0.0
20201014,Mettupalayam,11.3,76.95,0.0
20201015,Mettupalayam,11.3,76.95,0.0
20201016,Mettupalayam,11.3,76.95,0.0
20201017,Mettupalayam,11.3,76.95,20.132890701293945
20201018,Mettupalayam,11.3,76.95,6.710963726043701
20201019,Mettupalayam,11.3,76.95,0.0
20201020,Mettupalayam,11.3,76.95,6.710963726043701
20201021,Mettupalayam,11.3,76.95,14.073711395263672
20201022,Mettupalayam,11.3,76.95,0.0
20201023,Mettupalayam,11.3,76.95,0.0
20201024,Mettupalayam,11.3,76.95,0.0
20201025,Mettupalayam,11.3,76.95,9.38247299194336
20201026,Mettupalayam,11.3,76.95,0.2964819669723511
20201027,Mettupalayam,11.3,76.95,0.14279529452323914
20201028,Mettupalayam,11.3,76.95,0.03324167802929878
20201029,Mettupalayam,11.3,76.95,0.06658758968114853
20201030,Mettupalayam,11.3,76.95,0.11689435690641403
20201031,Mettupalayam,11.3,76.95,0.02881753444671631
20201101,Mettupalayam,11.3,76.95,0.0
20201102,Mettupalayam,11.3,76.95,9.540080070495605
20201103,Mettupalayam,11.3,76.95,4.770040035247803
20201104,Mettupalayam,11.3,76.95,9.540080070495605
20201105,Mettupalayam,11.3,76.95,14.31011962890625
20201106,Mettupalayam,11.3,76.95,0.0
20201107,Mettupalayam,11.3,76.95,0.0
20201108,Mettupalayam,11.3,76.95,0.0
20201109,Mettupalayam,11.3,76.95,0.0
20201110,Mettupalayam,11.3,76.95,0.0
20201111,Mettupalayam,11.3,76.95,0.0
20201112,Mettupalayam,11.3,76.95,0.0
20201113,Mettupalayam,11.3,76.95,0.0
20201114,Mettupalayam,11.3,76.95,0.0
20201115,Mettupalayam,11.3,76.95,16.71538734436035
20201116,Mettupalayam,11.3,76.95,43.16065216064453
20201117,Mettupalayam,11.3,76.95,21.580326080322266
20201118,Mettupalayam,11.3,76.95,0.0
20201119,Mettupalayam,11.3,76.95,0.0
20201120,Mettupalayam,11.3,76.95,0.0
20201121,Mettupalayam,11.3,76.95,0.0
20201122,Mettupalayam,11.3,76.95,0.0
20201123,Mettupalayam,11.3,76.95,33.648799896240234
20201124,Mettupalayam,11.3,76.95,33.648799896240234
20201125,Mettupalayam,11.3,76.95,0.0
20201126,Mettupalayam,11.3,76.95,9.170892715454102
20201127,Mettupalayam,11.3,76.95,0.0
20201128,Mettupalayam,11.3,76.95,0.0
20201129,Mettupalayam,11.3,76.95,0.0
20201130,Mettupalayam,11.3,76.95,0.0
20201201,Mettupalayam,11.3,76.95,0.0
20201202,Mettupalayam,11.3,76.95,0.0
20201203,Mettupalayam,11.3,76.95,41.18154525756836
20201204,Mettupalayam,11.3,76.95,8.236309051513672
20201205,Mettupalayam,11.3,76.95,0.0
20201206,Mettupalayam,11.3,76.95,20.13800621032715
20201207,Mettupalayam,11.3,76.95,0.0
20201208,Mettupalayam,11.3,76.95,20.13800621032715
20201209,Mettupalayam,11.3,76.95,0.0
20201210,Mettupalayam,11.3,76.95,0.0
20201211,Mettupalayam,11.3,76.95,0.0
20201212,Mettupalayam,11.3,76.95,0.0
20201213,Mettupalayam,11.3,76.95,0.0
20201214,Mettupalayam,11.3,76.95,0.0
20201215,Mettupalayam,11.3,76.95,0.0
20201216,Mettupalayam,11.3,76.95,0.0
20201217,Mettupalayam,11.3,76.95,0.0
20201218,Mettupalayam,11.3,76.95,0.0
20201219,Mettupalayam,11.3,76.95,9.351882934570312
20201220,Mettupalayam,11.3,76.95,0.0
20201221,Mettupalayam,11.3,76.95,0.0
20201222,Mettupalayam,11.3,76.95,0.0
20201223,Mettupalayam,11.3,76.95,0.0
20201224,Mettupalayam,11.3,76.95,0.0
20201225,Mettupalayam,11.3,76.95,0.0
20201226,Mettupalayam,11.3,76.95,0.0
20201227,Mettupalayam,11.3,76.95,0.0
20201228,Mettupalayam,11.3,76.95,0.0
20201229,Mettupalayam,11.3,76.95,0.0
20201230,Mettupalayam,11.3,76.95,0.0
20201231,Mettupalayam,11.3,76.95,0.0
20210101,Mettupalayam,11.3,76.95,27.75883674621582
20210102,Mettupalayam,11.3,76.95,0.0
20210103,Mettupalayam,11.3,76.95,0.0
20210104,Mettupalayam,11.3,76.95,0.0
20210105,Mettupalayam,11.3,76.95,0.0
20210106,Mettupalayam,11.3,76.95,29.666112899780273
20210107,Mettupalayam,11.3,76.95,14.833056449890137
20210108,Mettupalayam,11.3,76.95,0.0
20210109,Mettupalayam,11.3,76.95,14.833056449890137
20210110,Mettupalayam,11.3,76.95,14.833056449890137
20210111,Mettupalayam,11.3,76.95,36.55848693847656
20210112,Mettupalayam,11.3,76.95,0.0
20210113,Mettupalayam,11.3,76.95,0.0
20210114,Mettupalayam,11.3,76.95,0.0
20210115,Mettupalayam,11.3,76.95,0.0
20210116,Mettupalayam,11.3,76.95,0.0
20210117,Mettupalayam,11.3,76.95,0.0
20210118,Mettupalayam,11.3,76.95,0.0
20210119,Mettupalayam,11.3,76.95,0.0
20210120,Mettupalayam,11.3,76.95,0.0
20210121,Mettupalayam,11.3,76.95,0.0
20210122,Mettupalayam,11.3,76.95,0.0
20210123,Mettupalayam,11.3,76.95,0.0
20210124,Mettupalayam,11.3,76.95,0.0
20210125,Mettupalayam,11.3,76.95,0.0
20210126,Mettupalayam,11.3,76.95,0.0
20210127,Mettupalayam,11.3,76.95,0.0
20210128,Mettupalayam,11.3,76.95,0.0
20210129,Mettupalayam,11.3,76.95,0.0
20210130,Mettupalayam,11.3,76.95,0.0
20210131,Mettupalayam,11.3,76.95,0.0
20210201,Mettupalayam,11.3,76.95,0.0
20210202,Mettupalayam,11.3,76.95,0.0
20210203,Mettupalayam,11.3,76.95,5.326691627502441
20210204,Mettupalayam,11.3,76.95,0.0
20210205,Mettupalayam,11.3,76.95,0.0
20210206,Mettupalayam,11.3,76.95,0.0
20210207,Mettupalayam,11.3,76.95,0.0
20210208,Mettupalayam,11.3,76.95,0.0
20210209,Mettupalayam,11.3,76.95,0.0
20210210,Mettupalayam,11.3,76.95,0.0
20210211,Mettupalayam,11.3,76.95,0.0
20210212,Mettupalayam,11.3,76.95,0.0
20210213,Mettupalayam,11.3,76.95,5.48425817489624
20210214,Mettupalayam,11.3,76.95,0.0
20210215,Mettupalayam,11.3,76.95,0.0
20210216,Mettupalayam,11.3,76.95,0.0
20210217,Mettupalayam,11.3,76.95,0.0
20210218,Mettupalayam,11.3,76.95,0.0
20210219,Mettupalayam,11.3,76.95,0.0
20210220,Mettupalayam,11.3,76.95,3.791731357574463
20210221,Mettupalayam,11.3,76.95,0.0
20210222,Mettupalayam,11.3,76.95,0.0
20210223,Mettupalayam,11.3,76.95,0.0
20210224,Mettupalayam,11.3,76.95,0.0
20210225,Mettupalayam,11.3,76.95,0.0
20210226,Mettupalayam,11.3,76.95,0.0
20210227,Mettupalayam,11.3,76.95,0.0
20210228,Mettupalayam,11.3,76.95,0.0
20210301,Mettupalayam,11.3,76.95,0.0
20210302,Mettupalayam,11.3,76.95,0.0
20210303,Mettupalayam,11.3,76.95,0.0
20210304,Mettupalayam,11.3,76.95,0.0
20210305,Mettupalayam,11.3,76.95,0.0
20210306,Mettupalayam,11.3,76.95,0.0
20210307,Mettupalayam,11.3,76.95,0.0
20210308,Mettupalayam,11.3,76.95,0.0
20210309,Mettupalayam,11.3,76.95,0.0
20210310,Mettupalayam,11.3,76.95,15.754471778869629
20210311,Mettupalayam,11.3,76.95,0.0
20210312,Mettupalayam,11.3,76.95,0.0
20210313,Mettupalayam,11.3,76.95,0.0
20210314,Mettupalayam,11.3,76.95,0.0
20210315,Mettupalayam,11.3,76.95,0.0
20210316,Mettupalayam,11.3,76.95,0.0
20210317,Mettupalayam,11.3,76.95,0.0
20210318,Mettupalayam,11.3,76.95,0.0
20210319,Mettupalayam,11.3,76.95,0.0
20210320,Mettupalayam,11.3,76.95,0.0
20210321,Mettupalayam,11.3,76.95,9.0961275100708
20210322,Mettupalayam,11.3,76.95,0.0
20210323,Mettupalayam,11.3,76.95,0.0
20210324,Mettupalayam,11.3,76.95,0.0
20210325,Mettupalayam,11.3,76.95,9.0961275100708
20210326,Mettupalayam,11.3,76.95,0.0
20210327,Mettupalayam,11.3,76.95,0.0
20210328,Mettupalayam,11.3,76.95,0.0
20210329,Mettupalayam,11.3,76.95,0.0
20210330,Mettupalayam,11.3,76.95,0.0
20210331,Mettupalayam,11.3,76.95,0.0
20210401,Mettupalayam,11.3,76.95,0.0
20210402,Mettupalayam,11.3,76.95,0.0
20210403,Mettupalayam,11.3,76.95,0.0
20210404,Mettupalayam,11.3,76.95,0.7180585861206055
20210405,Mettupalayam,11.3,76.95,0.7180585861206055
20210406,Mettupalayam,11.3,76.95,0.0
20210407,Mettupalayam,11.3,76.95,0.0
20210408,Mettupalayam,11.3,76.95,0.0
20210409,Mettupalayam,11.3,76.95,0.0
20210410,Mettupalayam,11.3,76.95,0.0
20210411,Mettupalayam,11.3,76.95,0.0
20210412,Mettupalayam,11.3,76.95,7.7500505447387695
20210413,Mettupalayam,11.3,76.95,2.58335018157959
20210414,Mettupalayam,11.3,76.95,7.7500505447387695
20210415,Mettupalayam,11.3,76.95,2.58335018157959
20210416,Mettupalayam,11.3,76.95,2.192397117614746
20210417,Mettupalayam,11.3,76.95,2.192397117614746
20210418,Mettupalayam,11.3,76.95,4.384794235229492
20210419,Mettupalayam,11.3,76.95,4.384794235229492
20210420,Mettupalayam,11.3,76.95,6.577191352844238
20210421,Mettupalayam,11.3,76.95,3.1868155002593994
20210422,Mettupalayam,11.3,76.95,0.0
20210423,Mettupalayam,11.3,76.95,3.1868155002593994
20210424,Mettupalayam,11.3,76.95,3.1868155002593994
20210425,Mettupalayam,11.3,76.95,9.560446739196777
20210426,Mettupalayam,11.3,76.95,0.0
20210427,Mettupalayam,11.3,76.95,0.9724724888801575
20210428,Mettupalayam,11.3,76.95,0.0
20210429,Mettupalayam,11.3,76.95,0.9724724888801575
20210430,Mettupalayam,11.3,76.95,0.0
20210501,Mettupalayam,11.3,76.95,2.9308362007141113
20210502,Mettupalayam,11.3,76.95,5.861672401428223
20210503,Mettupalayam,11.3,76.95,2.9308362007141113
20210504,Mettupalayam,11.3,76.95,2.9308362007141113
20210505,Mettupalayam,11.3,76.95,0.0
20210506,Mettupalayam,11.3,76.95,4.595559120178223
20210507,Mettupalayam,11.3,76.95,0.0
20210508,Mettupalayam,11.3,76.95,0.0
20210509,Mettupalayam,11.3,76.95,0.0
20210510,Mettupalayam,11.3,76.95,4.595559120178223
20210511,Mettupalayam,11.3,76.95,9.751422882080078
20210512,Mettupalayam,11.3,76.95,19.502845764160156
20210513,Mettupalayam,11.3,76.95,9.751422882080078
20210514,Mettupalayam,11.3,76.95,4.875711441040039
20210515,Mettupalayam,11.3,76.95,19.502845764160156
20210516,Mettupalayam,11.3,76.95,0.0
20210517,Mettupalayam,11.3,76.95,0.0
20210518,Mettupalayam,11.3,76.95,0.0
20210519,Mettupalayam,11.3,76.95,14.661590576171875
20210520,Mettupalayam,11.3,76.95,21.992385864257812
20210521,Mettupalayam,11.3,76.95,0.0
20210522,Mettupalayam,11.3,76.95,4.630537033081055
20210523,Mettupalayam,11.3,76.95,0.0
20210524,Mettupalayam,11.3,76.95,0.0
20210525,Mettupalayam,11.3,76.95,9.26107406616211
20210526,Mettupalayam,11.3,76.95,0.0
20210527,Mettupalayam,11.3,76.95,0.0
20210528,Mettupalayam,11.3,76.95,0.0
20210529,Mettupalayam,11.3,76.95,0.0
20210530,Mettupalayam,11.3,76.95,0.0
20210531,Mettupalayam,11.3,76.95,0.0
20210601,Mettupalayam,11.3,76.95,0.0
20210602,Mettupalayam,11.3,76.95,6.254610061645508
20210603,Mettupalayam,11.3,76.95,3.127305030822754
20210604,Mettupalayam,11.3,76.95,6.254610061645508
20210605,Mettupalayam,11.3,76.95,6.254610061645508
20210606,Mettupalayam,11.3,76.95,0.0
20210607,Mettupalayam,11.3,76.95,0.0
20210608,Mettupalayam,11.3,76.95,4.814435005187988
20210609,Mettupalayam,11.3,76.95,0.0
20210610,Mettupalayam,11.3,76.95,0.0
20210611,Mettupalayam,11.3,76.95,0.0
20210612,Mettupalayam,11.3,76.95,1.8726969957351685
20210613,Mettupalayam,11.3,76.95,1.8726969957351685
20210614,Mettupalayam,11.3,76.95,0.0
20210615,Mettupalayam,11.3,76.95,0.0
20210616,Mettupalayam,11.3,76.95,0.0
20210617,Mettupalayam,11.3,76.95,0.0
20210618,Mettupalayam,11.3,76.95,0.0
20210619,Mettupalayam,11.3,76.95,0.0
20210620,Mettupalayam,11.3,76.95,0.0
20210621,Mettupalayam,11.3,76.95,1.0808693170547485
20210622,Mettupalayam,11.3,76.95,2.161738634109497
20210623,Mettupalayam,11.3,76.95,2.161738634109497
20210624,Mettupalayam,11.3,76.95,1.0808693170547485
20210625,Mettupalayam,11.3,76.95,0.0
20210626,Mettupalayam,11.3,76.95,0.0
20210627,Mettupalayam,11.3,76.95,2.16058349609375
20210628,Mettupalayam,11.3,76.95,0.0
20210629,Mettupalayam,11.3,76.95,0.0
20210630,Mettupalayam,11.3,76.95,0.0
20210701,Mettupalayam,11.3,76.95,3.864839792251587
20210702,Mettupalayam,11.3,76.95,1.2882798910140991
20210703,Mettupalayam,11.3,76.95,0.0
20210704,Mettupalayam,11.3,76.95,5.1531195640563965
20210705,Mettupalayam,11.3,76.95,0.0
20210706,Mettupalayam,11.3,76.95,0.0
20210707,Mettupalayam,11.3,76.95,1.0818763971328735
20210708,Mettupalayam,11.3,76.95,1.0818763971328735
20210709,Mettupalayam,11.3,76.95,2.163752794265747
20210710,Mettupalayam,11.3,76.95,0.5409381985664368
20210711,Mettupalayam,11.3,76.95,0.0
20210712,Mettupalayam,11.3,76.95,0.0
20210713,Mettupalayam,11.3,76.95,0.0
20210714,Mettupalayam,11.3,76.95,2.078901529312134
20210715,Mettupalayam,11.3,76.95,3.4648361206054688
20210716,Mettupalayam,11.3,76.95,0.8105853199958801
20210717,Mettupalayam,11.3,76.95,1.6211706399917603
20210718,Mettupalayam,11.3,76.95,1.6211706399917603
20210719,Mettupalayam,11.3,76.95,0.0
20210720,Mettupalayam,11.3,76.95,0.8105853199958801
20210721,Mettupalayam,11.3,76.95,0.0
20210722,Mettupalayam,11.3,76.95,0.0
20210723,Mettupalayam,11.3,76.95,2.130380392074585
20210724,Mettupalayam,11.3,76.95,0.0
20210725,Mettupalayam,11.3,76.95,1.0651901960372925
20210726,Mettupalayam,11.3,76.95,0.0
20210727,Mettupalayam,11.3,76.95,0.0
20210728,Mettupalayam,11.3,76.95,0.0
20210729,Mettupalayam,11.3,76.95,0.0
20210730,Mettupalayam,11.3,76.95,0.0
20210731,Mettupalayam,11.3,76.95,0.0
20210801,Mettupalayam,11.3,76.95,0.0
20210802,Mettupalayam,11.3,76.95,0.0
20210803,Mettupalayam,11.3,76.95,0.0
20210804,Mettupalayam,11.3,76.95,0.0
20210805,Mettupalayam,11.3,76.95,0.0
20210806,Mettupalayam,11.3,76.95,0.0
20210807,Mettupalayam,11.3,76.95,7.922510147094727
20210808,Mettupalayam,11.3,76.95,2.640836715698242
20210809,Mettupalayam,11.3,76.95,0.0
20210810,Mettupalayam,11.3,76.95,0.0
20210811,Mettupalayam,11.3,76.95,4.092625141143799
20210812,Mettupalayam,11.3,76.95,4.092625141143799
20210813,Mettupalayam,11.3,76.95,2.7284164428710938
20210814,Mettupalayam,11.3,76.95,1.3642082214355469
20210815,Mettupalayam,11.3,76.95,1.3642082214355469
20210816,Mettupalayam,11.3,76.95,2.1674859523773193
20210817,Mettupalayam,11.3,76.95,6.502458095550537
20210818,Mettupalayam,11.3,76.95,0.0
20210819,Mettupalayam,11.3,76.95,2.1674859523773193
20210820,Mettupalayam,11.3,76.95,2.1674859523773193
20210821,Mettupalayam,11.3,76.95,5.939592361450195
20210822,Mettupalayam,11.3,76.95,1.4848980903625488
20210823,Mettupalayam,11.3,76.95,2.9697961807250977
20210824,Mettupalayam,11.3,76.95,0.0
20210825,Mettupalayam,11.3,76.95,1.4848980903625488
20210826,Mettupalayam,11.3,76.95,2.824319362640381
20210827,Mettupalayam,11.3,76.95,8.4729585647583
20210828,Mettupalayam,11.3,76.95,5.648638725280762
20210829,Mettupalayam,11.3,76.95,2.824319362640381
20210830,Mettupalayam,11.3,76.95,0.0
20210831,Mettupalayam,11.3,76.95,2.824319362640381
20210901,Mettupalayam,11.3,76.95,0.0
20210902,Mettupalayam,11.3,76.95,7.956221103668213
20210903,Mettupalayam,11.3,76.95,0.0
20210904,Mettupalayam,11.3,76.95,2.2732059955596924
20210905,Mettupalayam,11.3,76.95,3.9781105518341064
20210906,Mettupalayam,11.3,76.95,1.7423452138900757
20210907,Mettupalayam,11.3,76.95,0.0
20210908,Mettupalayam,11.3,76.95,0.0
20210909,Mettupalayam,11.3,76.95,0.0
20210910,Mettupalayam,11.3,76.95,0.0
20210911,Mettupalayam,11.3,76.95,7.590695858001709
20210912,Mettupalayam,11.3,76.95,0.0
20210913,Mettupalayam,11.3,76.95,0.0
20210914,Mettupalayam,11.3,76.95,0.0
20210915,Mettupalayam,11.3,76.95,0.0
20210916,Mettupalayam,11.3,76.95,1.914686679840088
20210917,Mettupalayam,11.3,76.95,3.829373359680176
20210918,Mettupalayam,11.3,76.95,1.914686679840088
20210919,Mettupalayam,11.3,76.95,1.914686679840088
20210920,Mettupalayam,11.3,76.95,3.829373359680176
20210921,Mettupalayam,11.3,76.95,0.0
20210922,Mettupalayam,11.3,76.95,0.0
20210923,Mettupalayam,11.3,76.95,5.518427848815918
20210924,Mettupalayam,11.3,76.95,7.357903957366943
20210925,Mettupalayam,11.3,76.95,1.8394759893417358
20210926,Mettupalayam,11.3,76.95,3.7102298736572266
20210927,Mettupalayam,11.3,76.95,3.7102298736572266
20210928,Mettupalayam,11.3,76.95,0.0
20210929,Mettupalayam,11.3,76.95,0.0
20210930,Mettupalayam,11.3,76.95,7.420459747314453
20211001,Mettupalayam,11.3,76.95,20.18984603881836
20211002,Mettupalayam,11.3,76.95,20.18984603881836
20211003,Mettupalayam,11.3,76.95,0.0
20211004,Mettupalayam,11.3,76.95,10.09492301940918
20211005,Mettupalayam,11.3,76.95,0.0
20211006,Mettupalayam,11.3,76.95,0.0
20211007,Mettupalayam,11.3,76.95,7.121819496154785
20211008,Mettupalayam,11.3,76.95,21.365459442138672
20211009,Mettupalayam,11.3,76.95,0.0
20211010,Mettupalayam,11.3,76.95,21.365459442138672
20211011,Mettupalayam,11.3,76.95,23.216135025024414
20211012,Mettupalayam,11.3,76.95,7.738711357116699
20211013,Mettupalayam,11.3,76.95,0.0
20211014,Mettupalayam,11.3,76.95,7.738711357116699
20211015,Mettupalayam,11.3,76.95,0.0
20211016,Mettupalayam,11.3,76.95,28.738096237182617
20211017,Mettupalayam,11.3,76.95,7.184524059295654
20211018,Mettupalayam,11.3,76.95,21.553569793701172
20211019,Mettupalayam,11.3,76.95,7.184524059295654
20211020,Mettupalayam,11.3,76.95,21.553569793701172
20211021,Mettupalayam,11.3,76.95,17.29722785949707
20211022,Mettupalayam,11.3,76.95,0.0
20211023,Mettupalayam,11.3,76.95,25.94584083557129
20211024,Mettupalayam,11.3,76.95,25.94584083557129
20211025,Mettupalayam,11.3,76.95,17.29722785949707
20211026,Mettupalayam,11.3,76.95,0.0
20211027,Mettupalayam,11.3,76.95,8.079238891601562
20211028,Mettupalayam,11.3,76.95,0.0
20211029,Mettupalayam,11.3,76.95,0.0
20211030,Mettupalayam,11.3,76.95,0.0
20211031,Mettupalayam,11.3,76.95,32.31695556640625
20211101,Mettupalayam,11.3,76.95,32.942108154296875
20211102,Mettupalayam,11.3,76.95,16.471054077148438
20211103,Mettupalayam,11.3,76.95,0.0
20211104,Mettupalayam,11.3,76.95,8.235527038574219
20211105,Mettupalayam,11.3,76.95,16.471054077148438
20211106,Mettupalayam,11.3,76.95,41.24399185180664
20211107,Mettupalayam,11.3,76.95,0.0
20211108,Mettupalayam,11.3,76.95,8.248798370361328
20211109,Mettupalayam,11.3,76.95,0.0
20211110,Mettupalayam,11.3,76.95,0.0
20211111,Mettupalayam,11.3,76.95,14.632776260375977
20211112,Mettupalayam,11.3,76.95,7.316388130187988
20211113,Mettupalayam,11.3,76.95,0.0
20211114,Mettupalayam,11.3,76.95,14.632776260375977
20211115,Mettupalayam,11.3,76.95,14.632776260375977
20211116,Mettupalayam,11.3,76.95,26.20892906188965
20211117,Mettupalayam,11.3,76.95,26.20892906188965
20211118,Mettupalayam,11.3,76.95,52.4178581237793
20211119,Mettupalayam,11.3,76.95,26.20892906188965
20211120,Mettupalayam,11.3,76.95,13.104464530944824
20211121,Mettupalayam,11.3,76.95,0.0
20211122,Mettupalayam,11.3,76.95,10.03138542175293
20211123,Mettupalayam,11.3,76.95,20.06277084350586
20211124,Mettupalayam,11.3,76.95,10.03138542175293
20211125,Mettupalayam,11.3,76.95,30.094154357910156
20211126,Mettupalayam,11.3,76.95,36.75490951538086
20211127,Mettupalayam,11.3,76.95,0.0
20211128,Mettupalayam,11.3,76.95,0.0
20211129,Mettupalayam,11.3,76.95,9.188727378845215
20211130,Mettupalayam,11.3,76.95,9.188727378845215
20211201,Mettupalayam,11.3,76.95,31.280109405517578
20211202,Mettupalayam,11.3,76.95,0.0
20211203,Mettupalayam,11.3,76.95,0.0
20211204,Mettupalayam,11.3,76.95,0.0
20211205,Mettupalayam,11.3,76.95,0.0
20211206,Mettupalayam,11.3,76.95,0.0
20211207,Mettupalayam,11.3,76.95,0.0
20211208,Mettupalayam,11.3,76.95,0.0
20211209,Mettupalayam,11.3,76.95,4.627622127532959
20211210,Mettupalayam,11.3,76.95,0.0
20211211,Mettupalayam,11.3,76.95,0.0
20211212,Mettupalayam,11.3,76.95,0.0
20211213,Mettupalayam,11.3,76.95,0.0
20211214,Mettupalayam,11.3,76.95,5.73214054107666
20211215,Mettupalayam,11.3,76.95,0.0
20211216,Mettupalayam,11.3,76.95,0.0
20211217,Mettupalayam,11.3,76.95,0.0
20211218,Mettupalayam,11.3,76.95,0.0
20211219,Mettupalayam,11.3,76.95,0.0
20211220,Mettupalayam,11.3,76.95,0.0
20211221,Mettupalayam,11.3,76.95,0.0
20211222,Mettupalayam,11.3,76.95,0.0
20211223,Mettupalayam,11.3,76.95,0.0
20211224,Mettupalayam,11.3,76.95,0.0
20211225,Mettupalayam,11.3,76.95,0.0
20211226,Mettupalayam,11.3,76.95,0.0
20211227,Mettupalayam,11.3,76.95,0.0
20211228,Mettupalayam,11.3,76.95,0.0
20211229,Mettupalayam,11.3,76.95,0.0
20211230,Mettupalayam,11.3,76.95,0.0
20211231,Mettupalayam,11.3,76.95,0.0
20220101,Mettupalayam,11.3,76.95,12.65793228149414
20220102,Mettupalayam,11.3,76.95,0.0
20220103,Mettupalayam,11.3,76.95,0.0
20220104,Mettupalayam,11.3,76.95,0.0
20220105,Mettupalayam,11.3,76.95,0.0
20220106,Mettupalayam,11.3,76.95,0.0
20220107,Mettupalayam,11.3,76.95,0.0
20220108,Mettupalayam,11.3,76.95,5.019021987915039
20220109,Mettupalayam,11.3,76.95,0.0
20220110,Mettupalayam,11.3,76.95,0.0
20220111,Mettupalayam,11.3,76.95,0.0
20220112,Mettupalayam,11.3,76.95,0.0
20220113,Mettupalayam,11.3,76.95,0.0
20220114,Mettupalayam,11.3,76.95,0.0
20220115,Mettupalayam,11.3,76.95,0.0
20220116,Mettupalayam,11.3,76.95,7.168349742889404
20220117,Mettupalayam,11.3,76.95,0.0
20220118,Mettupalayam,11.3,76.95,0.0
20220119,Mettupalayam,11.3,76.95,0.0
20220120,Mettupalayam,11.3,76.95,0.0
20220121,Mettupalayam,11.3,76.95,0.0
20220122,Mettupalayam,11.3,76.95,0.0
20220123,Mettupalayam,11.3,76.95,0.0
20220124,Mettupalayam,11.3,76.95,0.0
20220125,Mettupalayam,11.3,76.95,4.6914381980896
20220126,Mettupalayam,11.3,76.95,0.0
20220127,Mettupalayam,11.3,76.95,0.0
20220128,Mettupalayam,11.3,76.95,0.0
20220129,Mettupalayam,11.3,76.95,0.0
20220130,Mettupalayam,11.3,76.95,0.0
20220131,Mettupalayam,11.3,76.95,0.0
20220201,Mettupalayam,11.3,76.95,0.0
20220202,Mettupalayam,11.3,76.95,0.0
20220203,Mettupalayam,11.3,76.95,0.0
20220204,Mettupalayam,11.3,76.95,0.0
20220205,Mettupalayam,11.3,76.95,0.0
20220206,Mettupalayam,11.3,76.95,0.0
20220207,Mettupalayam,11.3,76.95,11.896472930908203
20220208,Mettupalayam,11.3,76.95,0.0
20220209,Mettupalayam,11.3,76.95,0.0
20220210,Mettupalayam,11.3,76.95,0.0
20220211,Mettupalayam,11.3,76.95,0.0
20220212,Mettupalayam,11.3,76.95,0.0
20220213,Mettupalayam,11.3,76.95,0.0
20220214,Mettupalayam,11.3,76.95,0.0
20220215,Mettupalayam,11.3,76.95,0.0
20220216,Mettupalayam,11.3,76.95,2.6922824382781982
20220217,Mettupalayam,11.3,76.95,0.0
20220218,Mettupalayam,11.3,76.95,0.0
20220219,Mettupalayam,11.3,76.95,0.0
20220220,Mettupalayam,11.3,76.95,0.0
20220221,Mettupalayam,11.3,76.95,0.0
20220222,Mettupalayam,11.3,76.95,2.575483798980713
20220223,Mettupalayam,11.3,76.95,0.0
20220224,Mettupalayam,11.3,76.95,0.0
20220225,Mettupalayam,11.3,76.95,0.0
20220226,Mettupalayam,11.3,76.95,0.0
20220227,Mettupalayam,11.3,76.95,0.0
20220228,Mettupalayam,11.3,76.95,0.0
20220301,Mettupalayam,11.3,76.95,0.0
20220302,Mettupalayam,11.3,76.95,0.0
20220303,Mettupalayam,11.3,76.95,0.0
20220304,Mettupalayam,11.3,76.95,0.0
20220305,Mettupalayam,11.3,76.95,9.037776947021484
20220306,Mettupalayam,11.3,76.95,0.0
20220307,Mettupalayam,11.3,76.95,6.790526866912842
20220308,Mettupalayam,11.3,76.95,0.0
20220309,Mettupalayam,11.3,76.95,0.0
20220310,Mettupalayam,11.3,76.95,0.0
20220311,Mettupalayam,11.3,76.95,0.0
20220312,Mettupalayam,11.3,76.95,0.0
20220313,Mettupalayam,11.3,76.95,8.455072402954102
20220314,Mettupalayam,11.3,76.95,0.0
20220315,Mettupalayam,11.3,76.95,0.0
20220316,Mettupalayam,11.3,76.95,0.0
20220317,Mettupalayam,11.3,76.95,0.0
20220318,Mettupalayam,11.3,76.95,0.0
20220319,Mettupalayam,11.3,76.95,0.0
20220320,Mettupalayam,11.3,76.95,3.800560474395752
20220321,Mettupalayam,11.3,76.95,0.0
20220322,Mettupalayam,11.3,76.95,0.0
20220323,Mettupalayam,11.3,76.95,0.0
20220324,Mettupalayam,11.3,76.95,0.0
20220325,Mettupalayam,11.3,76.95,0.0
20220326,Mettupalayam,11.3,76.95,0.0
20220327,Mettupalayam,11.3,76.95,0.0
20220328,Mettupalayam,11.3,76.95,0.0
20220329,Mettupalayam,11.3,76.95,0.0
20220330,Mettupalayam,11.3,76.95,0.0
20220331,Mettupalayam,11.3,76.95,0.0
20220401,Mettupalayam,11.3,76.95,2.7661380767822266
20220402,Mettupalayam,11.3,76.95,0.0
20220403,Mettupalayam,11.3,76.95,0.0
20220404,Mettupalayam,11.3,76.95,0.0
20220405,Mettupalayam,11.3,76.95,0.0
20220406,Mettupalayam,11.3,76.95,0.0
20220407,Mettupalayam,11.3,76.95,0.0
20220408,Mettupalayam,11.3,76.95,7.334409236907959
20220409,Mettupalayam,11.3,76.95,22.00322723388672
20220410,Mettupalayam,11.3,76.95,0.0
20220411,Mettupalayam,11.3,76.95,7.410858631134033
20220412,Mettupalayam,11.3,76.95,14.821717262268066
20220413,Mettupalayam,11.3,76.95,11.116288185119629
20220414,Mettupalayam,11.3,76.95,11.116288185119629
20220415,Mettupalayam,11.3,76.95,7.410858631134033
20220416,Mettupalayam,11.3,76.95,0.0
20220417,Mettupalayam,11.3,76.95,3.826856851577759
20220418,Mettupalayam,11.3,76.95,3.826856851577759
20220419,Mettupalayam,11.3,76.95,0.0
20220420,Mettupalayam,11.3,76.95,0.0
20220421,Mettupalayam,11.3,76.95,3.7502944469451904
20220422,Mettupalayam,11.3,76.95,3.7502944469451904
20220423,Mettupalayam,11.3,76.95,7.500588893890381
20220424,Mettupalayam,11.3,76.95,0.0
20220425,Mettupalayam,11.3,76.95,0.0
20220426,Mettupalayam,11.3,76.95,0.0
20220427,Mettupalayam,11.3,76.95,0.0
20220428,Mettupalayam,11.3,76.95,0.0
20220429,Mettupalayam,11.3,76.95,2.1075942516326904
20220430,Mettupalayam,11.3,76.95,0.0
20220501,Mettupalayam,11.3,76.95,4.483150482177734
20220502,Mettupalayam,11.3,76.95,10.247201919555664
20220503,Mettupalayam,11.3,76.95,4.483150482177734
20220504,Mettupalayam,11.3,76.95,8.966300964355469
20220505,Mettupalayam,11.3,76.95,0.0
20220506,Mettupalayam,11.3,76.95,0.0
20220507,Mettupalayam,11.3,76.95,2.9001314640045166
20220508,Mettupalayam,11.3,76.95,5.800262928009033
20220509,Mettupalayam,11.3,76.95,0.0
20220510,Mettupalayam,11.3,76.95,14.500657081604004
20220511,Mettupalayam,11.3,76.95,6.206580638885498
20220512,Mettupalayam,11.3,76.95,6.206580638885498
20220513,Mettupalayam,11.3,76.95,12.413161277770996
20220514,Mettupalayam,11.3,76.95,6.206580638885498
20220515,Mettupalayam,11.3,76.95,18.619741439819336
20220516,Mettupalayam,11.3,76.95,13.94405460357666
20220517,Mettupalayam,11.3,76.95,13.94405460357666
20220518,Mettupalayam,11.3,76.95,18.592071533203125
20220519,Mettupalayam,11.3,76.95,4.648017883300781
20220520,Mettupalayam,11.3,76.95,0.0
20220521,Mettupalayam,11.3,76.95,0.0
20220522,Mettupalayam,11.3,76.95,0.0
20220523,Mettupalayam,11.3,76.95,0.0
20220524,Mettupalayam,11.3,76.95,0.0
20220525,Mettupalayam,11.3,76.95,7.992142200469971
20220526,Mettupalayam,11.3,76.95,3.999046802520752
20220527,Mettupalayam,11.3,76.95,7.998093605041504
20220528,Mettupalayam,11.3,76.95,0.0
20220529,Mettupalayam,11.3,76.95,0.0
20220530,Mettupalayam,11.3,76.95,3.999046802520752
20220531,Mettupalayam,11.3,76.95,7.998093605041504
20220601,Mettupalayam,11.3,76.95,0.0
20220602,Mettupalayam,11.3,76.95,0.0
20220603,Mettupalayam,11.3,76.95,0.0
20220604,Mettupalayam,11.3,76.95,0.0
20220605,Mettupalayam,11.3,76.95,11.869019508361816
20220606,Mettupalayam,11.3,76.95,3.1759278774261475
20220607,Mettupalayam,11.3,76.95,1.5879639387130737
20220608,Mettupalayam,11.3,76.95,0.0
20220609,Mettupalayam,11.3,76.95,0.0
20220610,Mettupalayam,11.3,76.95,0.0
20220611,Mettupalayam,11.3,76.95,0.0
20220612,Mettupalayam,11.3,76.95,0.0
20220613,Mettupalayam,11.3,76.95,0.0
20220614,Mettupalayam,11.3,76.95,4.840582370758057
20220615,Mettupalayam,11.3,76.95,3.2270545959472656
20220616,Mettupalayam,11.3,76.95,1.4190621376037598
20220617,Mettupalayam,11.3,76.95,1.6653234958648682
20220618,Mettupalayam,11.3,76.95,1.779899001121521
20220619,Mettupalayam,11.3,76.95,0.9275386929512024
20220620,Mettupalayam,11.3,76.95,1.1067413091659546
20220621,Mettupalayam,11.3,76.95,2.5206384658813477
20220622,Mettupalayam,11.3,76.95,2.5206384658813477
20220623,Mettupalayam,11.3,76.95,0.0
20220624,Mettupalayam,11.3,76.95,0.0
20220625,Mettupalayam,11.3,76.95,0.840212881565094
20220626,Mettupalayam,11.3,76.95,0.0
20220627,Mettupalayam,11.3,76.95,0.0
20220628,Mettupalayam,11.3,76.95,0.0
20220629,Mettupalayam,11.3,76.95,0.0
20220630,Mettupalayam,11.3,76.95,0.0
20220701,Mettupalayam,11.3,76.95,0.0
20220702,Mettupalayam,11.3,76.95,5.06062126159668
20220703,Mettupalayam,11.3,76.95,0.0
20220704,Mettupalayam,11.3,76.95,0.0
20220705,Mettupalayam,11.3,76.95,0.0
20220706,Mettupalayam,11.3,76.95,0.0
20220707,Mettupalayam,11.3,76.95,0.0
20220708,Mettupalayam,11.3,76.95,0.0
20220709,Mettupalayam,11.3,76.95,5.483466148376465
20220710,Mettupalayam,11.3,76.95,0.0
20220711,Mettupalayam,11.3,76.95,0.0
20220712,Mettupalayam,11.3,76.95,0.0
20220713,Mettupalayam,11.3,76.95,0.0
20220714,Mettupalayam,11.3,76.95,0.0
20220715,Mettupalayam,11.3,76.95,0.0
20220716,Mettupalayam,11.3,76.95,0.0
20220717,Mettupalayam,11.3,76.95,2.1821234226226807
20220718,Mettupalayam,11.3,76.95,2.1821234226226807
20220719,Mettupalayam,11.3,76.95,0.0
20220720,Mettupalayam,11.3,76.95,0.0
20220721,Mettupalayam,11.3,76.95,7.461062908172607
20220722,Mettupalayam,11.3,76.95,2.487020969390869
20220723,Mettupalayam,11.3,76.95,7.461062908172607
20220724,Mettupalayam,11.3,76.95,2.487020969390869
20220725,Mettupalayam,11.3,76.95,0.0
20220726,Mettupalayam,11.3,76.95,2.0019023418426514
20220727,Mettupalayam,11.3,76.95,2.0019023418426514
20220728,Mettupalayam,11.3,76.95,2.0019023418426514
20220729,Mettupalayam,11.3,76.95,0.0
20220730,Mettupalayam,11.3,76.95,2.0019023418426514
20220731,Mettupalayam,11.3,76.95,6.005706787109375
20220801,Mettupalayam,11.3,76.95,2.9263436794281006
20220802,Mettupalayam,11.3,76.95,2.9263436794281006
20220803,Mettupalayam,11.3,76.95,8.779031753540039
20220804,Mettupalayam,11.3,76.95,8.779031753540039
20220805,Mettupalayam,11.3,76.95,2.9263436794281006
20220806,Mettupalayam,11.3,76.95,0.0
20220807,Mettupalayam,11.3,76.95,0.0
20220808,Mettupalayam,11.3,76.95,0.0
20220809,Mettupalayam,11.3,76.95,0.0
20220810,Mettupalayam,11.3,76.95,0.0
20220811,Mettupalayam,11.3,76.95,0.0
20220812,Mettupalayam,11.3,76.95,0.0
20220813,Mettupalayam,11.3,76.95,0.0
20220814,Mettupalayam,11.3,76.95,0.0
20220815,Mettupalayam,11.3,76.95,0.0
20220816,Mettupalayam,11.3,76.95,0.0
20220817,Mettupalayam,11.3,76.95,0.0
20220818,Mettupalayam,11.3,76.95,0.0
20220819,Mettupalayam,11.3,76.95,4.428703308105469
20220820,Mettupalayam,11.3,76.95,0.0
20220821,Mettupalayam,11.3,76.95,2.77070689201355
20220822,Mettupalayam,11.3,76.95,8.31212043762207
20220823,Mettupalayam,11.3,76.95,5.5414137840271
20220824,Mettupalayam,11.3,76.95,5.5414137840271
20220825,Mettupalayam,11.3,76.95,5.5414137840271
20220826,Mettupalayam,11.3,76.95,12.197139739990234
20220827,Mettupalayam,11.3,76.95,4.065713405609131
20220828,Mettupalayam,11.3,76.95,12.197139739990234
20220829,Mettupalayam,11.3,76.95,4.065713405609131
20220830,Mettupalayam,11.3,76.95,0.0
20220831,Mettupalayam,11.3,76.95,8.131426811218262
20220901,Mettupalayam,11.3,76.95,4.8628830909729
20220902,Mettupalayam,11.3,76.95,0.0
20220903,Mettupalayam,11.3,76.95,0.0
20220904,Mettupalayam,11.3,76.95,9.7257661819458
20220905,Mettupalayam,11.3,76.95,2.43144154548645
20220906,Mettupalayam,11.3,76.95,8.032470703125
20220907,Mettupalayam,11.3,76.95,8.032470703125
20220908,Mettupalayam,11.3,76.95,0.0
20220909,Mettupalayam,11.3,76.95,0.0
20220910,Mettupalayam,11.3,76.95,4.0162353515625
20220911,Mettupalayam,11.3,76.95,0.0
20220912,Mettupalayam,11.3,76.95,0.0
20220913,Mettupalayam,11.3,76.95,0.0
20220914,Mettupalayam,11.3,76.95,1.9191856384277344
20220915,Mettupalayam,11.3,76.95,0.0
20220916,Mettupalayam,11.3,76.95,0.0
20220917,Mettupalayam,11.3,76.95,0.0
20220918,Mettupalayam,11.3,76.95,0.9221668243408203
20220919,Mettupalayam,11.3,76.95,0.9221668243408203
20220920,Mettupalayam,11.3,76.95,0.0
20220921,Mettupalayam,11.3,76.95,0.0
20220922,Mettupalayam,11.3,76.95,0.0
20220923,Mettupalayam,11.3,76.95,0.0
20220924,Mettupalayam,11.3,76.95,1.533996820449829
20220925,Mettupalayam,11.3,76.95,1.533996820449829
20220926,Mettupalayam,11.3,76.95,3.344599723815918
20220927,Mettupalayam,11.3,76.95,0.0
20220928,Mettupalayam,11.3,76.95,1.6430619955062866
20220929,Mettupalayam,11.3,76.95,4.085018634796143
20220930,Mettupalayam,11.3,76.95,0.05137164518237114
20221001,Mettupalayam,11.3,76.95,0.0
20221002,Mettupalayam,11.3,76.95,10.541414260864258
20221003,Mettupalayam,11.3,76.95,0.0
20221004,Mettupalayam,11.3,76.95,5.270707130432129
20221005,Mettupalayam,11.3,76.95,5.270707130432129
20221006,Mettupalayam,11.3,76.95,9.793647766113281
20221007,Mettupalayam,11.3,76.95,0.0
20221008,Mettupalayam,11.3,76.95,4.896823883056641
20221009,Mettupalayam,11.3,76.95,14.690472602844238
20221010,Mettupalayam,11.3,76.95,14.690472602844238
20221011,Mettupalayam,11.3,76.95,19.583263397216797
20221012,Mettupalayam,11.3,76.95,0.0
20221013,Mettupalayam,11.3,76.95,4.895815849304199
20221014,Mettupalayam,11.3,76.95,14.687447547912598
20221015,Mettupalayam,11.3,76.95,14.687447547912598
20221016,Mettupalayam,11.3,76.95,11.42728328704834
20221017,Mettupalayam,11.3,76.95,11.42728328704834
20221018,Mettupalayam,11.3,76.95,5.71364164352417
20221019,Mettupalayam,11.3,76.95,5.71364164352417
20221020,Mettupalayam,11.3,76.95,17.140926361083984
20221021,Mettupalayam,11.3,76.95,29.1662654876709
20221022,Mettupalayam,11.3,76.95,0.0
20221023,Mettupalayam,11.3,76.95,0.0
20221024,Mettupalayam,11.3,76.95,0.0
20221025,Mettupalayam,11.3,76.95,0.0
20221026,Mettupalayam,11.3,76.95,0.0
20221027,Mettupalayam,11.3,76.95,0.0
20221028,Mettupalayam,11.3,76.95,0.0
20221029,Mettupalayam,11.3,76.95,0.0
20221030,Mettupalayam,11.3,76.95,0.0
20221031,Mettupalayam,11.3,76.95,0.0
20221101,Mettupalayam,11.3,76.95,33.961097717285156
20221102,Mettupalayam,11.3,76.95,0.0
20221103,Mettupalayam,11.3,76.95,0.0
20221104,Mettupalayam,11.3,76.95,0.0
20221105,Mettupalayam,11.3,76.95,0.0
20221106,Mettupalayam,11.3,76.95,0.0
20221107,Mettupalayam,11.3,76.95,0.0
20221108,Mettupalayam,11.3,76.95,0.0
20221109,Mettupalayam,11.3,76.95,0.0
20221110,Mettupalayam,11.3,76.95,0.0
20221111,Mettupalayam,11.3,76.95,80.1206283569336
20221112,Mettupalayam,11.3,76.95,45.7832145690918
20221113,Mettupalayam,11.3,76.95,0.0
20221114,Mettupalayam,11.3,76.95,0.0
20221115,Mettupalayam,11.3,76.95,0.0
20221116,Mettupalayam,11.3,76.95,0.0
20221117,Mettupalayam,11.3,76.95,0.0
20221118,Mettupalayam,11.3,76.95,0.0
20221119,Mettupalayam,11.3,76.95,0.0
20221120,Mettupalayam,11.3,76.95,0.0
20221121,Mettupalayam,11.3,76.95,0.0
20221122,Mettupalayam,11.3,76.95,0.0
20221123,Mettupalayam,11.3,76.95,0.0
20221124,Mettupalayam,11.3,76.95,0.0
20221125,Mettupalayam,11.3,76.95,0.0
20221126,Mettupalayam,11.3,76.95,0.0
20221127,Mettupalayam,11.3,76.95,0.0
20221128,Mettupalayam,11.3,76.95,0.0
20221129,Mettupalayam,11.3,76.95,0.0
20221130,Mettupalayam,11.3,76.95,0.0
20221201,Mettupalayam,11.3,76.95,0.0
20221202,Mettupalayam,11.3,76.95,0.0
20221203,Mettupalayam,11.3,76.95,0.0
20221204,Mettupalayam,11.3,76.95,21.33957290649414
20221205,Mettupalayam,11.3,76.95,21.33957290649414
20221206,Mettupalayam,11.3,76.95,0.0
20221207,Mettupalayam,11.3,76.95,0.0
20221208,Mettupalayam,11.3,76.95,37.70903396606445
20221209,Mettupalayam,11.3,76.95,0.0
20221210,Mettupalayam,11.3,76.95,0.0
20221211,Mettupalayam,11.3,76.95,0.0
20221212,Mettupalayam,11.3,76.95,0.0
20221213,Mettupalayam,11.3,76.95,42.41515350341797
20221214,Mettupalayam,11.3,76.95,0.0
20221215,Mettupalayam,11.3,76.95,0.0
20221216,Mettupalayam,11.3,76.95,0.0
20221217,Mettupalayam,11.3,76.95,0.0
20221218,Mettupalayam,11.3,76.95,0.0
20221219,Mettupalayam,11.3,76.95,0.0
20221220,Mettupalayam,11.3,76.95,0.0
20221221,Mettupalayam,11.3,76.95,0.0
20221222,Mettupalayam,11.3,76.95,0.0
20221223,Mettupalayam,11.3,76.95,0.0
20221224,Mettupalayam,11.3,76.95,0.0
20221225,Mettupalayam,11.3,76.95,18.497879028320312
20221226,Mettupalayam,11.3,76.95,0.0
20221227,Mettupalayam,11.3,76.95,0.0
20221228,Mettupalayam,11.3,76.95,0.0
20221229,Mettupalayam,11.3,76.95,0.0
20221230,Mettupalayam,11.3,76.95,0.0
20221231,Mettupalayam,11.3,76.95,0.0
20230101,Mettupalayam,11.3,76.95,0.0
20230102,Mettupalayam,11.3,76.95,0.0
20230103,Mettupalayam,11.3,76.95,0.0
20230104,Mettupalayam,11.3,76.95,0.0
20230105,Mettupalayam,11.3,76.95,0.0
20230106,Mettupalayam,11.3,76.95,0.0
20230107,Mettupalayam,11.3,76.95,0.0
20230108,Mettupalayam,11.3,76.95,0.0
20230109,Mettupalayam,11.3,76.95,0.0
20230110,Mettupalayam,11.3,76.95,0.0
20230111,Mettupalayam,11.3,76.95,0.0
20230112,Mettupalayam,11.3,76.95,0.0
20230113,Mettupalayam,11.3,76.95,25.080434799194336
20230114,Mettupalayam,11.3,76.95,0.0
20230115,Mettupalayam,11.3,76.95,0.0
20230116,Mettupalayam,11.3,76.95,0.0
20230117,Mettupalayam,11.3,76.95,0.0
20230118,Mettupalayam,11.3,76.95,0.0
20230119,Mettupalayam,11.3,76.95,0.0
20230120,Mettupalayam,11.3,76.95,0.0
20230121,Mettupalayam,11.3,76.95,0.0
20230122,Mettupalayam,11.3,76.95,0.0
20230123,Mettupalayam,11.3,76.95,0.0
20230124,Mettupalayam,11.3,76.95,0.0
20230125,Mettupalayam,11.3,76.95,0.0
20230126,Mettupalayam,11.3,76.95,0.0
20230127,Mettupalayam,11.3,76.95,0.0
20230128,Mettupalayam,11.3,76.95,0.0
20230129,Mettupalayam,11.3,76.95,0.0
20230130,Mettupalayam,11.3,76.95,0.0
20230131,Mettupalayam,11.3,76.95,0.0
20230201,Mettupalayam,11.3,76.95,0.0
20230202,Mettupalayam,11.3,76.95,0.0
20230203,Mettupalayam,11.3,76.95,11.896668434143066
20230204,Mettupalayam,11.3,76.95,0.0
20230205,Mettupalayam,11.3,76.95,0.0
20230206,Mettupalayam,11.3,76.95,0.0
20230207,Mettupalayam,11.3,76.95,0.0
20230208,Mettupalayam,11.3,76.95,0.0
20230209,Mettupalayam,11.3,76.95,0.0
20230210,Mettupalayam,11.3,76.95,0.0
20230211,Mettupalayam,11.3,76.95,0.0
20230212,Mettupalayam,11.3,76.95,0.0
20230213,Mettupalayam,11.3,76.95,4.612954616546631
20230214,Mettupalayam,11.3,76.95,0.0
20230215,Mettupalayam,11.3,76.95,0.0
20230216,Mettupalayam,11.3,76.95,0.0
20230217,Mettupalayam,11.3,76.95,0.0
20230218,Mettupalayam,11.3,76.95,3.7865378856658936
20230219,Mettupalayam,11.3,76.95,0.0
20230220,Mettupalayam,11.3,76.95,0.0
20230221,Mettupalayam,11.3,76.95,0.0
20230222,Mettupalayam,11.3,76.95,0.0
20230223,Mettupalayam,11.3,76.95,0.0
20230224,Mettupalayam,11.3,76.95,0.0
20230225,Mettupalayam,11.3,76.95,0.0
20230226,Mettupalayam,11.3,76.95,0.0
20230227,Mettupalayam,11.3,76.95,0.0
20230228,Mettupalayam,11.3,76.95,0.0
20230301,Mettupalayam,11.3,76.95,0.0
20230302,Mettupalayam,11.3,76.95,0.0
20230303,Mettupalayam,11.3,76.95,0.0
20230304,Mettupalayam,11.3,76.95,0.0
20230305,Mettupalayam,11.3,76.95,0.0
20230306,Mettupalayam,11.3,76.95,0.0
20230307,Mettupalayam,11.3,76.95,0.0
20230308,Mettupalayam,11.3,76.95,0.0
20230309,Mettupalayam,11.3,76.95,0.0
20230310,Mettupalayam,11.3,76.95,0.0
20230311,Mettupalayam,11.3,76.95,0.0
20230312,Mettupalayam,11.3,76.95,0.0
20230313,Mettupalayam,11.3,76.95,0.0
20230314,Mettupalayam,11.3,76.95,0.0
20230315,Mettupalayam,11.3,76.95,5.896114349365234
20230316,Mettupalayam,11.3,76.95,0.0
20230317,Mettupalayam,11.3,76.95,0.0
20230318,Mettupalayam,11.3,76.95,0.0
20230319,Mettupalayam,11.3,76.95,0.0
20230320,Mettupalayam,11.3,76.95,0.0
20230321,Mettupalayam,11.3,76.95,0.0
20230322,Mettupalayam,11.3,76.95,0.0
20230323,Mettupalayam,11.3,76.95,0.0
20230324,Mettupalayam,11.3,76.95,12.436118125915527
20230325,Mettupalayam,11.3,76.95,0.0
20230326,Mettupalayam,11.3,76.95,12.625311851501465
20230327,Mettupalayam,11.3,76.95,0.0
20230328,Mettupalayam,11.3,76.95,0.0
20230329,Mettupalayam,11.3,76.95,0.0
20230330,Mettupalayam,11.3,76.95,0.0
20230331,Mettupalayam,11.3,76.95,0.0
20230401,Mettupalayam,11.3,76.95,5.465054512023926
20230402,Mettupalayam,11.3,76.95,0.0
20230403,Mettupalayam,11.3,76.95,0.0
20230404,Mettupalayam,11.3,76.95,0.0
20230405,Mettupalayam,11.3,76.95,0.0
20230406,Mettupalayam,11.3,76.95,0.0
20230407,Mettupalayam,11.3,76.95,0.0
20230408,Mettupalayam,11.3,76.95,0.0
20230409,Mettupalayam,11.3,76.95,0.0
20230410,Mettupalayam,11.3,76.95,0.0
20230411,Mettupalayam,11.3,76.95,0.0
20230412,Mettupalayam,11.3,76.95,0.0
20230413,Mettupalayam,11.3,76.95,0.0
20230414,Mettupalayam,11.3,76.95,0.0
20230415,Mettupalayam,11.3,76.95,0.0
20230416,Mettupalayam,11.3,76.95,0.0
20230417,Mettupalayam,11.3,76.95,0.0
20230418,Mettupalayam,11.3,76.95,0.0
20230419,Mettupalayam,11.3,76.95,0.0
20230420,Mettupalayam,11.3,76.95,0.0
20230421,Mettupalayam,11.3,76.95,1.1819381713867188
20230422,Mettupalayam,11.3,76.95,1.1819381713867188
20230423,Mettupalayam,11.3,76.95,2.3638763427734375
20230424,Mettupalayam,11.3,76.95,0.0
20230425,Mettupalayam,11.3,76.95,2.3638763427734375
20230426,Mettupalayam,11.3,76.95,0.0
20230427,Mettupalayam,11.3,76.95,0.0
20230428,Mettupalayam,11.3,76.95,0.0
20230429,Mettupalayam,11.3,76.95,10.64307689666748
20230430,Mettupalayam,11.3,76.95,0.0
20230501,Mettupalayam,11.3,76.95,15.929983139038086
20230502,Mettupalayam,11.3,76.95,10.619989395141602
20230503,Mettupalayam,11.3,76.95,5.309994697570801
20230504,Mettupalayam,11.3,76.95,5.309994697570801
20230505,Mettupalayam,11.3,76.95,0.0
20230506,Mettupalayam,11.3,76.95,9.49056339263916
20230507,Mettupalayam,11.3,76.95,4.74528169631958
20230508,Mettupalayam,11.3,76.95,4.74528169631958
20230509,Mettupalayam,11.3,76.95,9.49056339263916
20230510,Mettupalayam,11.3,76.95,4.74528169631958
20230511,Mettupalayam,11.3,76.95,14.702384948730469
20230512,Mettupalayam,11.3,76.95,0.0
20230513,Mettupalayam,11.3,76.95,0.0
20230514,Mettupalayam,11.3,76.95,0.0
20230515,Mettupalayam,11.3,76.95,0.0
20230516,Mettupalayam,11.3,76.95,0.0
20230517,Mettupalayam,11.3,76.95,0.0
20230518,Mettupalayam,11.3,76.95,2.9914162158966064
20230519,Mettupalayam,11.3,76.95,2.9914162158966064
20230520,Mettupalayam,11.3,76.95,2.9914162158966064
20230521,Mettupalayam,11.3,76.95,20.08343505859375
20230522,Mettupalayam,11.3,76.95,0.0
20230523,Mettupalayam,11.3,76.95,0.0
20230524,Mettupalayam,11.3,76.95,0.0
20230525,Mettupalayam,11.3,76.95,0.0
20230526,Mettupalayam,11.3,76.95,3.9915049076080322
20230527,Mettupalayam,11.3,76.95,0.0
20230528,Mettupalayam,11.3,76.95,3.9915049076080322
20230529,Mettupalayam,11.3,76.95,7.9830098152160645
20230530,Mettupalayam,11.3,76.95,7.9830098152160645
20230531,Mettupalayam,11.3,76.95,7.983011245727539
20230601,Mettupalayam,11.3,76.95,0.0
20230602,Mettupalayam,11.3,76.95,2.5864126682281494
20230603,Mettupalayam,11.3,76.95,5.172825336456299
20230604,Mettupalayam,11.3,76.95,0.0
20230605,Mettupalayam,11.3,76.95,2.5864126682281494
20230606,Mettupalayam,11.3,76.95,0.0
20230607,Mettupalayam,11.3,76.95,3.910525321960449
20230608,Mettupalayam,11.3,76.95,0.0
20230609,Mettupalayam,11.3,76.95,0.0
20230610,Mettupalayam,11.3,76.95,0.0
20230611,Mettupalayam,11.3,76.95,0.0
20230612,Mettupalayam,11.3,76.95,0.0
20230613,Mettupalayam,11.3,76.95,4.833266258239746
20230614,Mettupalayam,11.3,76.95,4.833266258239746
20230615,Mettupalayam,11.3,76.95,0.0
20230616,Mettupalayam,11.3,76.95,0.0
20230617,Mettupalayam,11.3,76.95,1.4676766395568848
20230618,Mettupalayam,11.3,76.95,1.4676766395568848
20230619,Mettupalayam,11.3,76.95,1.4676766395568848
20230620,Mettupalayam,11.3,76.95,2.9353532791137695
20230621,Mettupalayam,11.3,76.95,5.04539155960083
20230622,Mettupalayam,11.3,76.95,0.0
20230623,Mettupalayam,11.3,76.95,0.0
20230624,Mettupalayam,11.3,76.95,1.6817972660064697
20230625,Mettupalayam,11.3,76.95,5.04539155960083
20230626,Mettupalayam,11.3,76.95,2.8025131225585938
20230627,Mettupalayam,11.3,76.95,5.6050262451171875
20230628,Mettupalayam,11.3,76.95,0.0
20230629,Mettupalayam,11.3,76.95,0.0
20230630,Mettupalayam,11.3,76.95,0.0
20230701,Mettupalayam,11.3,76.95,0.9195951819419861
20230702,Mettupalayam,11.3,76.95,0.0
20230703,Mettupalayam,11.3,76.95,1.8391903638839722
20230704,Mettupalayam,11.3,76.95,1.8391903638839722
20230705,Mettupalayam,11.3,76.95,0.9195951819419861
20230706,Mettupalayam,11.3,76.95,1.9623557329177856
20230707,Mettupalayam,11.3,76.95,0.0
20230708,Mettupalayam,11.3,76.95,0.0
20230709,Mettupalayam,11.3,76.95,0.9811778664588928
20230710,Mettupalayam,11.3,76.95,2.9435336589813232
20230711,Mettupalayam,11.3,76.95,1.7507350444793701
20230712,Mettupalayam,11.3,76.95,0.8753675222396851
20230713,Mettupalayam,11.3,76.95,0.8753675222396851
20230714,Mettupalayam,11.3,76.95,0.0
20230715,Mettupalayam,11.3,76.95,0.8753675222396851
20230716,Mettupalayam,11.3,76.95,0.9967424273490906
20230717,Mettupalayam,11.3,76.95,0.0
20230718,Mettupalayam,11.3,76.95,0.0
20230719,Mettupalayam,11.3,76.95,0.0
20230720,Mettupalayam,11.3,76.95,0.0
20230721,Mettupalayam,11.3,76.95,1.3627969026565552
20230722,Mettupalayam,11.3,76.95,0.0
20230723,Mettupalayam,11.3,76.95,2.7255938053131104
20230724,Mettupalayam,11.3,76.95,0.0
20230725,Mettupalayam,11.3,76.95,0.0
20230726,Mettupalayam,11.3,76.95,0.0
20230727,Mettupalayam,11.3,76.95,0.0
20230728,Mettupalayam,11.3,76.95,0.0
20230729,Mettupalayam,11.3,76.95,0.0
20230730,Mettupalayam,11.3,76.95,0.0
20230731,Mettupalayam,11.3,76.95,0.0
20230801,Mettupalayam,11.3,76.95,0.3997456133365631
20230802,Mettupalayam,11.3,76.95,0.0
20230803,Mettupalayam,11.3,76.95,0.0
20230804,Mettupalayam,11.3,76.95,0.3997456133365631
20230805,Mettupalayam,11.3,76.95,0.0
20230806,Mettupalayam,11.3,76.95,0.0
20230807,Mettupalayam,11.3,76.95,0.0
20230808,Mettupalayam,11.3,76.95,0.0
20230809,Mettupalayam,11.3,76.95,3.8636200428009033
20230810,Mettupalayam,11.3,76.95,3.8636200428009033
20230811,Mettupalayam,11.3,76.95,3.536818265914917
20230812,Mettupalayam,11.3,76.95,0.7073636054992676
20230813,Mettupalayam,11.3,76.95,0.0
20230814,Mettupalayam,11.3,76.95,0.0
20230815,Mettupalayam,11.3,76.95,0.0
20230816,Mettupalayam,11.3,76.95,0.0
20230817,Mettupalayam,11.3,76.95,1.2475160360336304
20230818,Mettupalayam,11.3,76.95,0.0
20230819,Mettupalayam,11.3,76.95,0.0
20230820,Mettupalayam,11.3,76.95,0.0
20230821,Mettupalayam,11.3,76.95,0.0
20230822,Mettupalayam,11.3,76.95,1.7084099054336548
20230823,Mettupalayam,11.3,76.95,0.0
20230824,Mettupalayam,11.3,76.95,0.0
20230825,Mettupalayam,11.3,76.95,0.0
20230826,Mettupalayam,11.3,76.95,0.0
20230827,Mettupalayam,11.3,76.95,6.543867588043213
20230828,Mettupalayam,11.3,76.95,0.0
20230829,Mettupalayam,11.3,76.95,4.362578392028809
20230830,Mettupalayam,11.3,76.95,6.543867588043213
20230831,Mettupalayam,11.3,76.95,4.362578392028809
20230901,Mettupalayam,11.3,76.95,2.9767770767211914
20230902,Mettupalayam,11.3,76.95,0.0
20230903,Mettupalayam,11.3,76.95,4.465165615081787
20230904,Mettupalayam,11.3,76.95,0.0
20230905,Mettupalayam,11.3,76.95,0.0
20230906,Mettupalayam,11.3,76.95,2.057319402694702
20230907,Mettupalayam,11.3,76.95,0.0
20230908,Mettupalayam,11.3,76.95,0.0
20230909,Mettupalayam,11.3,76.95,2.057319402694702
20230910,Mettupalayam,11.3,76.95,0.0
20230911,Mettupalayam,11.3,76.95,0.0
20230912,Mettupalayam,11.3,76.95,3.4794535636901855
20230913,Mettupalayam,11.3,76.95,1.7397267818450928
20230914,Mettupalayam,11.3,76.95,0.0
20230915,Mettupalayam,11.3,76.95,0.0
20230916,Mettupalayam,11.3,76.95,0.0
20230917,Mettupalayam,11.3,76.95,2.463491678237915
20230918,Mettupalayam,11.3,76.95,2.463491678237915
20230919,Mettupalayam,11.3,76.95,2.463491678237915
20230920,Mettupalayam,11.3,76.95,4.92698335647583
20230921,Mettupalayam,11.3,76.95,0.0
20230922,Mettupalayam,11.3,76.95,0.0
20230923,Mettupalayam,11.3,76.95,3.3424439430236816
20230924,Mettupalayam,11.3,76.95,3.3424439430236816
20230925,Mettupalayam,11.3,76.95,10.027331352233887
20230926,Mettupalayam,11.3,76.95,0.0
20230927,Mettupalayam,11.3,76.95,4.838245391845703
20230928,Mettupalayam,11.3,76.95,4.838245391845703
20230929,Mettupalayam,11.3,76.95,0.0
20230930,Mettupalayam,11.3,76.95,0.0
20231001,Mettupalayam,11.3,76.95,0.0
20231002,Mettupalayam,11.3,76.95,0.0
20231003,Mettupalayam,11.3,76.95,0.0
20231004,Mettupalayam,11.3,76.95,0.0
20231005,Mettupalayam,11.3,76.95,0.0
20231006,Mettupalayam,11.3,76.95,0.0
20231007,Mettupalayam,11.3,76.95,0.0
20231008,Mettupalayam,11.3,76.95,9.364579200744629
20231009,Mettupalayam,11.3,76.95,9.364579200744629
20231010,Mettupalayam,11.3,76.95,9.364579200744629
20231011,Mettupalayam,11.3,76.95,8.656171798706055
20231012,Mettupalayam,11.3,76.95,8.656171798706055
20231013,Mettupalayam,11.3,76.95,0.0
20231014,Mettupalayam,11.3,76.95,25.968515396118164
20231015,Mettupalayam,11.3,76.95,0.0
20231016,Mettupalayam,11.3,76.95,19.228466033935547
20231017,Mettupalayam,11.3,76.95,0.0
20231018,Mettupalayam,11.3,76.95,0.0
20231019,Mettupalayam,11.3,76.95,0.0
20231020,Mettupalayam,11.3,76.95,0.0
20231021,Mettupalayam,11.3,76.95,0.0
20231022,Mettupalayam,11.3,76.95,0.0
20231023,Mettupalayam,11.3,76.95,0.0
20231024,Mettupalayam,11.3,76.95,0.0
20231025,Mettupalayam,11.3,76.95,0.0
20231026,Mettupalayam,11.3,76.95,0.0
20231027,Mettupalayam,11.3,76.95,0.0
20231028,Mettupalayam,11.3,76.95,9.672986030578613
20231029,Mettupalayam,11.3,76.95,19.345972061157227
20231030,Mettupalayam,11.3,76.95,9.672986030578613
20231031,Mettupalayam,11.3,76.95,0.0
20231101,Mettupalayam,11.3,76.95,27.98958969116211
20231102,Mettupalayam,11.3,76.95,27.98958969116211
20231103,Mettupalayam,11.3,76.95,41.9843864440918
20231104,Mettupalayam,11.3,76.95,55.97917938232422
20231105,Mettupalayam,11.3,76.95,13.994794845581055
20231106,Mettupalayam,11.3,76.95,22.60548210144043
20231107,Mettupalayam,11.3,76.95,22.60548210144043
20231108,Mettupalayam,11.3,76.95,22.60548210144043
20231109,Mettupalayam,11.3,76.95,11.302741050720215
20231110,Mettupalayam,11.3,76.95,0.0
20231111,Mettupalayam,11.3,76.95,0.0
20231112,Mettupalayam,11.3,76.95,0.0
20231113,Mettupalayam,11.3,76.95,0.0
20231114,Mettupalayam,11.3,76.95,0.0
20231115,Mettupalayam,11.3,76.95,0.0
20231116,Mettupalayam,11.3,76.95,0.0
20231117,Mettupalayam,11.3,76.95,0.0
20231118,Mettupalayam,11.3,76.95,0.0
20231119,Mettupalayam,11.3,76.95,0.0
20231120,Mettupalayam,11.3,76.95,0.0
20231121,Mettupalayam,11.3,76.95,24.461122512817383
20231122,Mettupalayam,11.3,76.95,32.614830017089844
20231123,Mettupalayam,11.3,76.95,16.307415008544922
20231124,Mettupalayam,11.3,76.95,0.0
20231125,Mettupalayam,11.3,76.95,0.0
20231126,Mettupalayam,11.3,76.95,0.0
20231127,Mettupalayam,11.3,76.95,0.0
20231128,Mettupalayam,11.3,76.95,0.0
20231129,Mettupalayam,11.3,76.95,38.8341064453125
20231130,Mettupalayam,11.3,76.95,0.0
20231201,Mettupalayam,11.3,76.95,0.0
20231202,Mettupalayam,11.3,76.95,0.0
20231203,Mettupalayam,11.3,76.95,2.7600362300872803
20231204,Mettupalayam,11.3,76.95,13.800180435180664
20231205,Mettupalayam,11.3,76.95,2.7600362300872803
20231206,Mettupalayam,11.3,76.95,0.0
20231207,Mettupalayam,11.3,76.95,11.464308738708496
20231208,Mettupalayam,11.3,76.95,22.928617477416992
20231209,Mettupalayam,11.3,76.95,0.0
20231210,Mettupalayam,11.3,76.95,11.464308738708496
20231211,Mettupalayam,11.3,76.95,0.0
20231212,Mettupalayam,11.3,76.95,0.0
20231213,Mettupalayam,11.3,76.95,0.0
20231214,Mettupalayam,11.3,76.95,0.0
20231215,Mettupalayam,11.3,76.95,0.0
20231216,Mettupalayam,11.3,76.95,0.0
20231217,Mettupalayam,11.3,76.95,0.0
20231218,Mettupalayam,11.3,76.95,0.0
20231219,Mettupalayam,11.3,76.95,0.0
20231220,Mettupalayam,11.3,76.95,0.0
20231221,Mettupalayam,11.3,76.95,0.0
20231222,Mettupalayam,11.3,76.95,0.0
20231223,Mettupalayam,11.3,76.95,0.0
20231224,Mettupalayam,11.3,76.95,0.0
20231225,Mettupalayam,11.3,76.95,0.0
20231226,Mettupalayam,11.3,76.95,0.0
20231227,Mettupalayam,11.3,76.95,0.0
20231228,Mettupalayam,11.3,76.95,0.0
20231229,Mettupalayam,11.3,76.95,5.538076877593994
20231230,Mettupalayam,11.3,76.95,5.538076877593994
20231231,Mettupalayam,11.3,76.95,0.0
20190101,Pollachi,10.662,77.0065,0.0
20190102,Pollachi,10.662,77.0065,0.0
20190103,Pollachi,10.662,77.0065,0.0
20190104,Pollachi,10.662,77.0065,0.0
20190105,Pollachi,10.662,77.0065,0.0
20190106,Pollachi,10.662,77.0065,0.0
20190107,Pollachi,10.662,77.0065,0.0
20190108,Pollachi,10.662,77.0065,0.0
20190109,Pollachi,10.662,77.0065,0.0
20190110,Pollachi,10.662,77.0065,0.0
20190111,Pollachi,10.662,77.0065,0.0
20190112,Pollachi,10.662,77.0065,0.0
20190113,Pollachi,10.662,77.0065,1.4316258430480957
20190114,Pollachi,10.662,77.0065,0.0
20190115,Pollachi,10.662,77.0065,1.4316258430480957
20190116,Pollachi,10.662,77.0065,0.0
20190117,Pollachi,10.662,77.0065,0.0
20190118,Pollachi,10.662,77.0065,0.0
20190119,Pollachi,10.662,77.0065,0.0
20190120,Pollachi,10.662,77.0065,0.0
20190121,Pollachi,10.662,77.0065,0.0
20190122,Pollachi,10.662,77.0065,0.0
20190123,Pollachi,10.662,77.0065,0.0
20190124,Pollachi,10.662,77.0065,0.0
20190125,Pollachi,10.662,77.0065,0.0
20190126,Pollachi,10.662,77.0065,0.0
20190127,Pollachi,10.662,77.0065,0.0
20190128,Pollachi,10.662,77.0065,0.0
20190129,Pollachi,10.662,77.0065,0.0
20190130,Pollachi,10.662,77.0065,0.0
20190131,Pollachi,10.662,77.0065,0.0
20190201,Pollachi,10.662,77.0065,0.0
20190202,Pollachi,10.662,77.0065,0.0
20190203,Pollachi,10.662,77.0065,0.0
20190204,Pollachi,10.662,77.0065,0.0
20190205,Pollachi,10.662,77.0065,0.0
20190206,Pollachi,10.662,77.0065,0.0
20190207,Pollachi,10.662,77.0065,0.0
20190208,Pollachi,10.662,77.0065,0.0
20190209,Pollachi,10.662,77.0065,0.0
20190210,Pollachi,10.662,77.0065,0.0
20190211,Pollachi,10.662,77.0065,0.0
20190212,Pollachi,10.662,77.0065,0.0
20190213,Pollachi,10.662,77.0065,0.0
20190214,Pollachi,10.662,77.0065,0.0
20190215,Pollachi,10.662,77.0065,0.0
20190216,Pollachi,10.662,77.0065,0.0
20190217,Pollachi,10.662,77.0065,0.0
20190218,Pollachi,10.662,77.0065,0.0
20190219,Pollachi,10.662,77.0065,0.0
20190220,Pollachi,10.662,77.0065,0.0
20190221,Pollachi,10.662,77.0065,0.0
20190222,Pollachi,10.662,77.0065,0.0
20190223,Pollachi,10.662,77.0065,0.0
20190224,Pollachi,10.662,77.0065,0.0
20190225,Pollachi,10.662,77.0065,0.0
20190226,Pollachi,10.662,77.0065,0.0
20190227,Pollachi,10.662,77.0065,0.0
20190228,Pollachi,10.662,77.0065,0.0
20190301,Pollachi,10.662,77.0065,0.0
20190302,Pollachi,10.662,77.0065,0.0
20190303,Pollachi,10.662,77.0065,0.0
20190304,Pollachi,10.662,77.0065,0.0
20190305,Pollachi,10.662,77.0065,0.0
20190306,Pollachi,10.662,77.0065,0.0
20190307,Pollachi,10.662,77.0065,0.0
20190308,Pollachi,10.662,77.0065,0.0
20190309,Pollachi,10.662,77.0065,9.93409252166748
20190310,Pollachi,10.662,77.0065,0.0
20190311,Pollachi,10.662,77.0065,0.0
20190312,Pollachi,10.662,77.0065,0.0
20190313,Pollachi,10.662,77.0065,0.0
20190314,Pollachi,10.662,77.0065,0.0
20190315,Pollachi,10.662,77.0065,0.0
20190316,Pollachi,10.662,77.0065,0.0
20190317,Pollachi,10.662,77.0065,0.0
20190318,Pollachi,10.662,77.0065,0.0
20190319,Pollachi,10.662,77.0065,0.0
20190320,Pollachi,10.662,77.0065,0.0
20190321,Pollachi,10.662,77.0065,0.0
20190322,Pollachi,10.662,77.0065,0.0
20190323,Pollachi,10.662,77.0065,0.0
20190324,Pollachi,10.662,77.0065,0.0
20190325,Pollachi,10.662,77.0065,0.0
20190326,Pollachi,10.662,77.0065,0.0
20190327,Pollachi,10.662,77.0065,0.0
20190328,Pollachi,10.662,77.0065,0.0
20190329,Pollachi,10.662,77.0065,0.0
20190330,Pollachi,10.662,77.0065,0.0
20190331,Pollachi,10.662,77.0065,0.0
20190401,Pollachi,10.662,77.0065,0.0
20190402,Pollachi,10.662,77.0065,0.0
20190403,Pollachi,10.662,77.0065,0.0
20190404,Pollachi,10.662,77.0065,0.0
20190405,Pollachi,10.662,77.0065,0.0
20190406,Pollachi,10.662,77.0065,0.0
20190407,Pollachi,10.662,77.0065,0.0
20190408,Pollachi,10.662,77.0065,0.0
20190409,Pollachi,10.662,77.0065,0.0
20190410,Pollachi,10.662,77.0065,0.0
20190411,Pollachi,10.662,77.0065,0.0
20190412,Pollachi,10.662,77.0065,0.0
20190413,Pollachi,10.662,77.0065,0.0
20190414,Pollachi,10.662,77.0065,0.0
20190415,Pollachi,10.662,77.0065,0.0
20190416,Pollachi,10.662,77.0065,6.4945549964904785
20190417,Pollachi,10.662,77.0065,6.4945549964904785
20190418,Pollachi,10.662,77.0065,12.989109992980957
20190419,Pollachi,10.662,77.0065,12.989109992980957
20190420,Pollachi,10.662,77.0065,19.48366355895996
20190421,Pollachi,10.662,77.0065,0.5266748666763306
20190422,Pollachi,10.662,77.0065,0.7087291479110718
20190423,Pollachi,10.662,77.0065,0.3761153221130371
20190424,Pollachi,10.662,77.0065,0.05601399391889572
20190425,Pollachi,10.662,77.0065,0.06125161796808243
20190426,Pollachi,10.662,77.0065,0.0
20190427,Pollachi,10.662,77.0065,4.561472415924072
20190428,Pollachi,10.662,77.0065,0.0
20190429,Pollachi,10.662,77.0065,0.0
20190430,Pollachi,10.662,77.0065,9.122944831848145
20190501,Pollachi,10.662,77.0065,0.0
20190502,Pollachi,10.662,77.0065,0.0
20190503,Pollachi,10.662,77.0065,0.0
20190504,Pollachi,10.662,77.0065,0.0
20190505,Pollachi,10.662,77.0065,0.0
20190506,Pollachi,10.662,77.0065,0.0
20190507,Pollachi,10.662,77.0065,0.0
20190508,Pollachi,10.662,77.0065,0.0
20190509,Pollachi,10.662,77.0065,0.0
20190510,Pollachi,10.662,77.0065,3.474555253982544
20190511,Pollachi,10.662,77.0065,0.0
20190512,Pollachi,10.662,77.0065,0.0
20190513,Pollachi,10.662,77.0065,0.0
20190514,Pollachi,10.662,77.0065,0.0
20190515,Pollachi,10.662,77.0065,5.408975601196289
20190516,Pollachi,10.662,77.0065,0.0
20190517,Pollachi,10.662,77.0065,9.741683959960938
20190518,Pollachi,10.662,77.0065,0.0
20190519,Pollachi,10.662,77.0065,0.0
20190520,Pollachi,10.662,77.0065,0.0
20190521,Pollachi,10.662,77.0065,0.0
20190522,Pollachi,10.662,77.0065,0.0
20190523,Pollachi,10.662,77.0065,2.0323777198791504
20190524,Pollachi,10.662,77.0065,2.0323777198791504
20190525,Pollachi,10.662,77.0065,2.0323777198791504
20190526,Pollachi,10.662,77.0065,5.259453296661377
20190527,Pollachi,10.662,77.0065,0.0
20190528,Pollachi,10.662,77.0065,5.259453296661377
20190529,Pollachi,10.662,77.0065,5.259453296661377
20190530,Pollachi,10.662,77.0065,10.518906593322754
20190531,Pollachi,10.662,77.0065,5.259453296661377
20190601,Pollachi,10.662,77.0065,0.0
20190602,Pollachi,10.662,77.0065,12.52008056640625
20190603,Pollachi,10.662,77.0065,8.346719741821289
20190604,Pollachi,10.662,77.0065,12.52008056640625
20190605,Pollachi,10.662,77.0065,12.52008056640625
20190606,Pollachi,10.662,77.0065,0.0
20190607,Pollachi,10.662,77.0065,5.247819900512695
20190608,Pollachi,10.662,77.0065,0.0
20190609,Pollachi,10.662,77.0065,5.247819900512695
20190610,Pollachi,10.662,77.0065,10.49563980102539
20190611,Pollachi,10.662,77.0065,4.467798233032227
20190612,Pollachi,10.662,77.0065,3.343345880508423
20190613,Pollachi,10.662,77.0065,2.574366569519043
20190614,Pollachi,10.662,77.0065,2.0027503967285156
20190615,Pollachi,10.662,77.0065,3.2358062267303467
20190616,Pollachi,10.662,77.0065,0.0
20190617,Pollachi,10.662,77.0065,0.0
20190618,Pollachi,10.662,77.0065,0.0
20190619,Pollachi,10.662,77.0065,0.0
20190620,Pollachi,10.662,77.0065,0.0
20190621,Pollachi,10.662,77.0065,13.023225784301758
20190622,Pollachi,10.662,77.0065,6.511612892150879
20190623,Pollachi,10.662,77.0065,0.0
20190624,Pollachi,10.662,77.0065,0.0
20190625,Pollachi,10.662,77.0065,6.511612892150879
20190626,Pollachi,10.662,77.0065,2.8055872917175293
20190627,Pollachi,10.662,77.0065,2.8055872917175293
20190628,Pollachi,10.662,77.0065,0.0
20190629,Pollachi,10.662,77.0065,0.0
20190630,Pollachi,10.662,77.0065,14.027937889099121
20190701,Pollachi,10.662,77.0065,0.0
20190702,Pollachi,10.662,77.0065,0.0
20190703,Pollachi,10.662,77.0065,0.0
20190704,Pollachi,10.662,77.0065,0.0
20190705,Pollachi,10.662,77.0065,0.0
20190706,Pollachi,10.662,77.0065,2.10196590423584
20190707,Pollachi,10.662,77.0065,0.0
20190708,Pollachi,10.662,77.0065,0.0
20190709,Pollachi,10.662,77.0065,2.10196590423584
20190710,Pollachi,10.662,77.0065,2.10196590423584
20190711,Pollachi,10.662,77.0065,0.0
20190712,Pollachi,10.662,77.0065,0.0
20190713,Pollachi,10.662,77.0065,3.323887348175049
20190714,Pollachi,10.662,77.0065,1.6619436740875244
20190715,Pollachi,10.662,77.0065,1.6619436740875244
20190716,Pollachi,10.662,77.0065,0.0
20190717,Pollachi,10.662,77.0065,4.131241321563721
20190718,Pollachi,10.662,77.0065,12.393723487854004
20190719,Pollachi,10.662,77.0065,4.131241321563721
20190720,Pollachi,10.662,77.0065,0.0
20190721,Pollachi,10.662,77.0065,0.0
20190722,Pollachi,10.662,77.0065,7.441748142242432
20190723,Pollachi,10.662,77.0065,0.0
20190724,Pollachi,10.662,77.0065,0.0
20190725,Pollachi,10.662,77.0065,8.504855155944824
20190726,Pollachi,10.662,77.0065,9.264674186706543
20190727,Pollachi,10.662,77.0065,0.0
20190728,Pollachi,10.662,77.0065,0.0
20190729,Pollachi,10.662,77.0065,0.0
20190730,Pollachi,10.662,77.0065,6.948505878448486
20190731,Pollachi,10.662,77.0065,0.0
20190801,Pollachi,10.662,77.0065,0.0
20190802,Pollachi,10.662,77.0065,13.935239791870117
20190803,Pollachi,10.662,77.0065,0.0
20190804,Pollachi,10.662,77.0065,0.0
20190805,Pollachi,10.662,77.0065,0.0
20190806,Pollachi,10.662,77.0065,0.0
20190807,Pollachi,10.662,77.0065,0.0
20190808,Pollachi,10.662,77.0065,163.75511169433594
20190809,Pollachi,10.662,77.0065,0.0
20190810,Pollachi,10.662,77.0065,0.0
20190811,Pollachi,10.662,77.0065,0.0
20190812,Pollachi,10.662,77.0065,0.0
20190813,Pollachi,10.662,77.0065,0.0
20190814,Pollachi,10.662,77.0065,0.0
20190815,Pollachi,10.662,77.0065,0.0
20190816,Pollachi,10.662,77.0065,21.155208587646484
20190817,Pollachi,10.662,77.0065,10.577604293823242
20190818,Pollachi,10.662,77.0065,0.0
20190819,Pollachi,10.662,77.0065,10.577604293823242
20190820,Pollachi,10.662,77.0065,31.732812881469727
20190821,Pollachi,10.662,77.0065,23.948150634765625
20190822,Pollachi,10.662,77.0065,35.92222595214844
20190823,Pollachi,10.662,77.0065,0.0
20190824,Pollachi,10.662,77.0065,0.0
20190825,Pollachi,10.662,77.0065,0.0
20190826,Pollachi,10.662,77.0065,0.0
20190827,Pollachi,10.662,77.0065,0.0
20190828,Pollachi,10.662,77.0065,0.0
20190829,Pollachi,10.662,77.0065,0.0
20190830,Pollachi,10.662,77.0065,0.0
20190831,Pollachi,10.662,77.0065,0.0
20190901,Pollachi,10.662,77.0065,3.216301918029785
20190902,Pollachi,10.662,77.0065,9.648906707763672
20190903,Pollachi,10.662,77.0065,6.43260383605957
20190904,Pollachi,10.662,77.0065,3.216301918029785
20190905,Pollachi,10.662,77.0065,0.0
20190906,Pollachi,10.662,77.0065,0.0
20190907,Pollachi,10.662,77.0065,0.0
20190908,Pollachi,10.662,77.0065,0.0
20190909,Pollachi,10.662,77.0065,0.0
20190910,Pollachi,10.662,77.0065,12.38636302947998
20190911,Pollachi,10.662,77.0065,8.868681907653809
20190912,Pollachi,10.662,77.0065,2.9562273025512695
20190913,Pollachi,10.662,77.0065,11.824909210205078
20190914,Pollachi,10.662,77.0065,5.912454605102539
20190915,Pollachi,10.662,77.0065,8.868681907653809
20190916,Pollachi,10.662,77.0065,3.6722681522369385
20190917,Pollachi,10.662,77.0065,7.344536304473877
20190918,Pollachi,10.662,77.0065,7.344536304473877
20190919,Pollachi,10.662,77.0065,7.344536304473877
20190920,Pollachi,10.662,77.0065,3.6722681522369385
20190921,Pollachi,10.662,77.0065,2.1376781463623047
20190922,Pollachi,10.662,77.0065,6.413033962249756
20190923,Pollachi,10.662,77.0065,8.550712585449219
20190924,Pollachi,10.662,77.0065,0.0
20190925,Pollachi,10.662,77.0065,4.275356292724609
20190926,Pollachi,10.662,77.0065,0.0
20190927,Pollachi,10.662,77.0065,0.0
20190928,Pollachi,10.662,77.0065,0.0
20190929,Pollachi,10.662,77.0065,0.0
20190930,Pollachi,10.662,77.0065,21.530807495117188
20191001,Pollachi,10.662,77.0065,6.438806056976318
20191002,Pollachi,10.662,77.0065,0.0
20191003,Pollachi,10.662,77.0065,0.0
20191004,Pollachi,10.662,77.0065,0.0
20191005,Pollachi,10.662,77.0065,6.438806056976318
20191006,Pollachi,10.662,77.0065,0.0
20191007,Pollachi,10.662,77.0065,0.0
20191008,Pollachi,10.662,77.0065,0.0
20191009,Pollachi,10.662,77.0065,0.0
20191010,Pollachi,10.662,77.0065,0.0
20191011,Pollachi,10.662,77.0065,10.290718078613281
20191012,Pollachi,10.662,77.0065,10.290718078613281
20191013,Pollachi,10.662,77.0065,5.145359039306641
20191014,Pollachi,10.662,77.0065,5.145359039306641
20191015,Pollachi,10.662,77.0065,0.0
20191016,Pollachi,10.662,77.0065,0.0
20191017,Pollachi,10.662,77.0065,12.404101371765137
20191018,Pollachi,10.662,77.0065,12.404101371765137
20191019,Pollachi,10.662,77.0065,0.0
20191020,Pollachi,10.662,77.0065,18.606151580810547
20191021,Pollachi,10.662,77.0065,32.05717849731445
20191022,Pollachi,10.662,77.0065,0.0
20191023,Pollachi,10.662,77.0065,21.371450424194336
20191024,Pollachi,10.662,77.0065,0.0
20191025,Pollachi,10.662,77.0065,0.0
20191026,Pollachi,10.662,77.0065,0.0
20191027,Pollachi,10.662,77.0065,0.0
20191028,Pollachi,10.662,77.0065,0.0
20191029,Pollachi,10.662,77.0065,13.591936111450195
20191030,Pollachi,10.662,77.0065,13.591936111450195
20191031,Pollachi,10.662,77.0065,0.0
20191101,Pollachi,10.662,77.0065,0.0
20191102,Pollachi,10.662,77.0065,0.0
20191103,Pollachi,10.662,77.0065,32.594181060791016
20191104,Pollachi,10.662,77.0065,0.0
20191105,Pollachi,10.662,77.0065,0.0
20191106,Pollachi,10.662,77.0065,0.0
20191107,Pollachi,10.662,77.0065,12.413100242614746
20191108,Pollachi,10.662,77.0065,12.413100242614746
20191109,Pollachi,10.662,77.0065,12.413100242614746
20191110,Pollachi,10.662,77.0065,6.206550121307373
20191111,Pollachi,10.662,77.0065,17.82772445678711
20191112,Pollachi,10.662,77.0065,4.498548984527588
20191113,Pollachi,10.662,77.0065,0.8801708817481995
20191114,Pollachi,10.662,77.0065,7.863929271697998
20191115,Pollachi,10.662,77.0065,21.748838424682617
20191116,Pollachi,10.662,77.0065,0.0
20191117,Pollachi,10.662,77.0065,0.0
20191118,Pollachi,10.662,77.0065,0.0
20191119,Pollachi,10.662,77.0065,0.0
20191120,Pollachi,10.662,77.0065,0.0
20191121,Pollachi,10.662,77.0065,0.0
20191122,Pollachi,10.662,77.0065,0.0
20191123,Pollachi,10.662,77.0065,0.0
20191124,Pollachi,10.662,77.0065,0.0
20191125,Pollachi,10.662,77.0065,0.0
20191126,Pollachi,10.662,77.0065,0.0
20191127,Pollachi,10.662,77.0065,0.0
20191128,Pollachi,10.662,77.0065,0.0
20191129,Pollachi,10.662,77.0065,0.0
20191130,Pollachi,10.662,77.0065,0.0
20191201,Pollachi,10.662,77.0065,7.573452472686768
20191202,Pollachi,10.662,77.0065,0.0
20191203,Pollachi,10.662,77.0065,0.0
20191204,Pollachi,10.662,77.0065,0.0
20191205,Pollachi,10.662,77.0065,0.0
20191206,Pollachi,10.662,77.0065,0.0
20191207,Pollachi,10.662,77.0065,0.0
20191208,Pollachi,10.662,77.0065,0.0
20191209,Pollachi,10.662,77.0065,0.0
20191210,Pollachi,10.662,77.0065,0.0
20191211,Pollachi,10.662,77.0065,0.0
20191212,Pollachi,10.662,77.0065,0.0
20191213,Pollachi,10.662,77.0065,5.524248123168945
20191214,Pollachi,10.662,77.0065,10.118309020996094
20191215,Pollachi,10.662,77.0065,0.0
20191216,Pollachi,10.662,77.0065,0.0
20191217,Pollachi,10.662,77.0065,5.890434741973877
20191218,Pollachi,10.662,77.0065,0.0
20191219,Pollachi,10.662,77.0065,0.0
20191220,Pollachi,10.662,77.0065,0.0
20191221,Pollachi,10.662,77.0065,0.0
20191222,Pollachi,10.662,77.0065,0.0
20191223,Pollachi,10.662,77.0065,0.0
20191224,Pollachi,10.662,77.0065,0.0
20191225,Pollachi,10.662,77.0065,5.29323673248291
20191226,Pollachi,10.662,77.0065,0.0
20191227,Pollachi,10.662,77.0065,0.0
20191228,Pollachi,10.662,77.0065,0.0
20191229,Pollachi,10.662,77.0065,0.0
20191230,Pollachi,10.662,77.0065,0.0
20191231,Pollachi,10.662,77.0065,0.0
20200101,Pollachi,10.662,77.0065,0.0
20200102,Pollachi,10.662,77.0065,0.0
20200103,Pollachi,10.662,77.0065,0.0
20200104,Pollachi,10.662,77.0065,0.0
20200105,Pollachi,10.662,77.0065,0.0
20200106,Pollachi,10.662,77.0065,0.0
20200107,Pollachi,10.662,77.0065,0.0
20200108,Pollachi,10.662,77.0065,0.0
20200109,Pollachi,10.662,77.0065,0.0
20200110,Pollachi,10.662,77.0065,0.0
20200111,Pollachi,10.662,77.0065,0.0
20200112,Pollachi,10.662,77.0065,0.0
20200113,Pollachi,10.662,77.0065,0.0
20200114,Pollachi,10.662,77.0065,0.0
20200115,Pollachi,10.662,77.0065,0.0
20200116,Pollachi,10.662,77.0065,0.0
20200117,Pollachi,10.662,77.0065,0.0
20200118,Pollachi,10.662,77.0065,0.0
20200119,Pollachi,10.662,77.0065,0.0
20200120,Pollachi,10.662,77.0065,0.0
20200121,Pollachi,10.662,77.0065,0.0
20200122,Pollachi,10.662,77.0065,0.0
20200123,Pollachi,10.662,77.0065,0.0
20200124,Pollachi,10.662,77.0065,0.0
20200125,Pollachi,10.662,77.0065,0.0
20200126,Pollachi,10.662,77.0065,0.0
20200127,Pollachi,10.662,77.0065,0.0
20200128,Pollachi,10.662,77.0065,0.0
20200129,Pollachi,10.662,77.0065,0.0
20200130,Pollachi,10.662,77.0065,0.0
20200131,Pollachi,10.662,77.0065,0.0
20200201,Pollachi,10.662,77.0065,0.0
20200202,Pollachi,10.662,77.0065,0.0
20200203,Pollachi,10.662,77.0065,0.0
20200204,Pollachi,10.662,77.0065,0.0
20200205,Pollachi,10.662,77.0065,0.0
20200206,Pollachi,10.662,77.0065,0.0
20200207,Pollachi,10.662,77.0065,0.0
20200208,Pollachi,10.662,77.0065,0.0
20200209,Pollachi,10.662,77.0065,0.0
20200210,Pollachi,10.662,77.0065,0.0
20200211,Pollachi,10.662,77.0065,0.0
20200212,Pollachi,10.662,77.0065,0.0
20200213,Pollachi,10.662,77.0065,0.0
20200214,Pollachi,10.662,77.0065,0.0
20200215,Pollachi,10.662,77.0065,0.0
20200216,Pollachi,10.662,77.0065,0.0
20200217,Pollachi,10.662,77.0065,0.0
20200218,Pollachi,10.662,77.0065,0.0
20200219,Pollachi,10.662,77.0065,0.0
20200220,Pollachi,10.662,77.0065,0.0
20200221,Pollachi,10.662,77.0065,0.0
20200222,Pollachi,10.662,77.0065,0.0
20200223,Pollachi,10.662,77.0065,0.0
20200224,Pollachi,10.662,77.0065,0.0
20200225,Pollachi,10.662,77.0065,0.0
20200226,Pollachi,10.662,77.0065,0.0
20200227,Pollachi,10.662,77.0065,0.0
20200228,Pollachi,10.662,77.0065,0.0
20200229,Pollachi,10.662,77.0065,0.0
20200301,Pollachi,10.662,77.0065,0.0
20200302,Pollachi,10.662,77.0065,0.0
20200303,Pollachi,10.662,77.0065,0.0
20200304,Pollachi,10.662,77.0065,0.0
20200305,Pollachi,10.662,77.0065,0.0
20200306,Pollachi,10.662,77.0065,0.0
20200307,Pollachi,10.662,77.0065,0.0
20200308,Pollachi,10.662,77.0065,0.0
20200309,Pollachi,10.662,77.0065,7.282458305358887
20200310,Pollachi,10.662,77.0065,0.0
20200311,Pollachi,10.662,77.0065,0.0
20200312,Pollachi,10.662,77.0065,4.989263534545898
20200313,Pollachi,10.662,77.0065,0.0
20200314,Pollachi,10.662,77.0065,0.0
20200315,Pollachi,10.662,77.0065,0.0
20200316,Pollachi,10.662,77.0065,0.0
20200317,Pollachi,10.662,77.0065,0.0
20200318,Pollachi,10.662,77.0065,0.0
20200319,Pollachi,10.662,77.0065,0.0
20200320,Pollachi,10.662,77.0065,1.2209556102752686
20200321,Pollachi,10.662,77.0065,3.0051162242889404
20200322,Pollachi,10.662,77.0065,0.0
20200323,Pollachi,10.662,77.0065,3.0051162242889404
20200324,Pollachi,10.662,77.0065,0.0
20200325,Pollachi,10.662,77.0065,0.0
20200326,Pollachi,10.662,77.0065,0.0
20200327,Pollachi,10.662,77.0065,0.0
20200328,Pollachi,10.662,77.0065,0.0
20200329,Pollachi,10.662,77.0065,0.0
20200330,Pollachi,10.662,77.0065,0.0
20200331,Pollachi,10.662,77.0065,0.0
20200401,Pollachi,10.662,77.0065,0.0
20200402,Pollachi,10.662,77.0065,0.0
20200403,Pollachi,10.662,77.0065,0.0
20200404,Pollachi,10.662,77.0065,0.0
20200405,Pollachi,10.662,77.0065,3.5118906497955322
20200406,Pollachi,10.662,77.0065,3.606515884399414
20200407,Pollachi,10.662,77.0065,7.213031768798828
20200408,Pollachi,10.662,77.0065,0.0
20200409,Pollachi,10.662,77.0065,0.0
20200410,Pollachi,10.662,77.0065,0.0
20200411,Pollachi,10.662,77.0065,0.0
20200412,Pollachi,10.662,77.0065,0.0
20200413,Pollachi,10.662,77.0065,0.0
20200414,Pollachi,10.662,77.0065,0.0
20200415,Pollachi,10.662,77.0065,0.0
20200416,Pollachi,10.662,77.0065,0.0
20200417,Pollachi,10.662,77.0065,0.0
20200418,Pollachi,10.662,77.0065,0.0
20200419,Pollachi,10.662,77.0065,0.0
20200420,Pollachi,10.662,77.0065,0.0
20200421,Pollachi,10.662,77.0065,0.0
20200422,Pollachi,10.662,77.0065,4.464576244354248
20200423,Pollachi,10.662,77.0065,0.0
20200424,Pollachi,10.662,77.0065,0.0
20200425,Pollachi,10.662,77.0065,8.929152488708496
20200426,Pollachi,10.662,77.0065,8.103645324707031
20200427,Pollachi,10.662,77.0065,0.0
20200428,Pollachi,10.662,77.0065,12.155467987060547
20200429,Pollachi,10.662,77.0065,4.051822662353516
20200430,Pollachi,10.662,77.0065,4.051822662353516
20200501,Pollachi,10.662,77.0065,0.0
20200502,Pollachi,10.662,77.0065,1.9440879821777344
20200503,Pollachi,10.662,77.0065,0.0
20200504,Pollachi,10.662,77.0065,0.0
20200505,Pollachi,10.662,77.0065,0.0
20200506,Pollachi,10.662,77.0065,2.166194200515747
20200507,Pollachi,10.662,77.0065,2.166194200515747
20200508,Pollachi,10.662,77.0065,0.0
20200509,Pollachi,10.662,77.0065,2.166194200515747
20200510,Pollachi,10.662,77.0065,6.498582363128662
20200511,Pollachi,10.662,77.0065,2.623624324798584
20200512,Pollachi,10.662,77.0065,0.0
20200513,Pollachi,10.662,77.0065,5.247248649597168
20200514,Pollachi,10.662,77.0065,7.870872497558594
20200515,Pollachi,10.662,77.0065,2.623624324798584
20200516,Pollachi,10.662,77.0065,3.5042784214019775
20200517,Pollachi,10.662,77.0065,5.256417751312256
20200518,Pollachi,10.662,77.0065,0.0
20200519,Pollachi,10.662,77.0065,0.0
20200520,Pollachi,10.662,77.0065,1.7521392107009888
20200521,Pollachi,10.662,77.0065,2.286301851272583
20200522,Pollachi,10.662,77.0065,1.5448246002197266
20200523,Pollachi,10.662,77.0065,3.1284501552581787
20200524,Pollachi,10.662,77.0065,1.099550724029541
20200525,Pollachi,10.662,77.0065,2.5972628593444824
20200526,Pollachi,10.662,77.0065,0.0
20200527,Pollachi,10.662,77.0065,5.197580814361572
20200528,Pollachi,10.662,77.0065,7.796370506286621
20200529,Pollachi,10.662,77.0065,0.0
20200530,Pollachi,10.662,77.0065,2.598790407180786
20200531,Pollachi,10.662,77.0065,2.598790407180786
20200601,Pollachi,10.662,77.0065,5.189462184906006
20200602,Pollachi,10.662,77.0065,4.14048433303833
20200603,Pollachi,10.662,77.0065,6.957488536834717
20200604,Pollachi,10.662,77.0065,5.511298656463623
20200605,Pollachi,10.662,77.0065,3.872001886367798
20200606,Pollachi,10.662,77.0065,7.218175888061523
20200607,Pollachi,10.662,77.0065,0.0
20200608,Pollachi,10.662,77.0065,0.0
20200609,Pollachi,10.662,77.0065,0.0
20200610,Pollachi,10.662,77.0065,7.218175888061523
20200611,Pollachi,10.662,77.0065,2.001553773880005
20200612,Pollachi,10.662,77.0065,1.6418092250823975
20200613,Pollachi,10.662,77.0065,0.4953118562698364
20200614,Pollachi,10.662,77.0065,3.2283496856689453
20200615,Pollachi,10.662,77.0065,0.5942957997322083
20200616,Pollachi,10.662,77.0065,12.529420852661133
20200617,Pollachi,10.662,77.0065,0.0
20200618,Pollachi,10.662,77.0065,0.0
20200619,Pollachi,10.662,77.0065,0.0
20200620,Pollachi,10.662,77.0065,0.0
20200621,Pollachi,10.662,77.0065,11.082042694091797
20200622,Pollachi,10.662,77.0065,0.0
20200623,Pollachi,10.662,77.0065,5.541021347045898
20200624,Pollachi,10.662,77.0065,16.623064041137695
20200625,Pollachi,10.662,77.0065,16.623064041137695
20200626,Pollachi,10.662,77.0065,0.0
20200627,Pollachi,10.662,77.0065,0.0
20200628,Pollachi,10.662,77.0065,7.842936038970947
20200629,Pollachi,10.662,77.0065,15.685872077941895
20200630,Pollachi,10.662,77.0065,0.0
20200701,Pollachi,10.662,77.0065,0.0
20200702,Pollachi,10.662,77.0065,5.973273277282715
20200703,Pollachi,10.662,77.0065,0.0
20200704,Pollachi,10.662,77.0065,5.973273277282715
20200705,Pollachi,10.662,77.0065,2.9866366386413574
20200706,Pollachi,10.662,77.0065,4.117888450622559
20200707,Pollachi,10.662,77.0065,0.0
20200708,Pollachi,10.662,77.0065,4.117888450622559
20200709,Pollachi,10.662,77.0065,8.235776901245117
20200710,Pollachi,10.662,77.0065,4.117888450622559
20200711,Pollachi,10.662,77.0065,2.2795040607452393
20200712,Pollachi,10.662,77.0065,0.0
20200713,Pollachi,10.662,77.0065,4.5590081214904785
20200714,Pollachi,10.662,77.0065,4.5590081214904785
20200715,Pollachi,10.662,77.0065,6.838512420654297
20200716,Pollachi,10.662,77.0065,1.190439224243164
20200717,Pollachi,10.662,77.0065,2.5199906826019287
20200718,Pollachi,10.662,77.0065,8.843194961547852
20200719,Pollachi,10.662,77.0065,10.194790840148926
20200720,Pollachi,10.662,77.0065,6.641293048858643
20200721,Pollachi,10.662,77.0065,4.810766220092773
20200722,Pollachi,10.662,77.0065,9.621532440185547
20200723,Pollachi,10.662,77.0065,14.43229866027832
20200724,Pollachi,10.662,77.0065,9.621532440185547
20200725,Pollachi,10.662,77.0065,0.0
20200726,Pollachi,10.662,77.0065,0.0
20200727,Pollachi,10.662,77.0065,0.0
20200728,Pollachi,10.662,77.0065,21.332763671875
20200729,Pollachi,10.662,77.0065,17.066211700439453
20200730,Pollachi,10.662,77.0065,0.0
20200731,Pollachi,10.662,77.0065,8.533105850219727
20200801,Pollachi,10.662,77.0065,10.98644733428955
20200802,Pollachi,10.662,77.0065,0.0
20200803,Pollachi,10.662,77.0065,0.0
20200804,Pollachi,10.662,77.0065,43.9457893371582
20200805,Pollachi,10.662,77.0065,0.0
20200806,Pollachi,10.662,77.0065,0.0
20200807,Pollachi,10.662,77.0065,0.0
20200808,Pollachi,10.662,77.0065,24.193464279174805
20200809,Pollachi,10.662,77.0065,24.193464279174805
20200810,Pollachi,10.662,77.0065,0.0
20200811,Pollachi,10.662,77.0065,0.0
20200812,Pollachi,10.662,77.0065,0.0
20200813,Pollachi,10.662,77.0065,5.354243278503418
20200814,Pollachi,10.662,77.0065,5.354243278503418
20200815,Pollachi,10.662,77.0065,0.0
20200816,Pollachi,10.662,77.0065,8.646427154541016
20200817,Pollachi,10.662,77.0065,0.0
20200818,Pollachi,10.662,77.0065,0.0
20200819,Pollachi,10.662,77.0065,0.0
20200820,Pollachi,10.662,77.0065,2.8821425437927246
20200821,Pollachi,10.662,77.0065,6.927889347076416
20200822,Pollachi,10.662,77.0065,0.0
20200823,Pollachi,10.662,77.0065,10.391834259033203
20200824,Pollachi,10.662,77.0065,6.927889347076416
20200825,Pollachi,10.662,77.0065,3.463944673538208
20200826,Pollachi,10.662,77.0065,3.134378433227539
20200827,Pollachi,10.662,77.0065,0.0
20200828,Pollachi,10.662,77.0065,0.0
20200829,Pollachi,10.662,77.0065,0.0
20200830,Pollachi,10.662,77.0065,0.0
20200831,Pollachi,10.662,77.0065,12.537513732910156
20200901,Pollachi,10.662,77.0065,19.218969345092773
20200902,Pollachi,10.662,77.0065,9.609484672546387
20200903,Pollachi,10.662,77.0065,9.609484672546387
20200904,Pollachi,10.662,77.0065,9.609484672546387
20200905,Pollachi,10.662,77.0065,4.804742336273193
20200906,Pollachi,10.662,77.0065,12.45032024383545
20200907,Pollachi,10.662,77.0065,0.0
20200908,Pollachi,10.662,77.0065,6.225160121917725
20200909,Pollachi,10.662,77.0065,18.675479888916016
20200910,Pollachi,10.662,77.0065,0.0
20200911,Pollachi,10.662,77.0065,0.0
20200912,Pollachi,10.662,77.0065,3.2627105712890625
20200913,Pollachi,10.662,77.0065,16.313552856445312
20200914,Pollachi,10.662,77.0065,0.0
20200915,Pollachi,10.662,77.0065,0.0
20200916,Pollachi,10.662,77.0065,0.5412342548370361
20200917,Pollachi,10.662,77.0065,0.7241644263267517
20200918,Pollachi,10.662,77.0065,0.7549928426742554
20200919,Pollachi,10.662,77.0065,2.8171463012695312
20200920,Pollachi,10.662,77.0065,1.4986909627914429
20200921,Pollachi,10.662,77.0065,0.0
20200922,Pollachi,10.662,77.0065,0.0
20200923,Pollachi,10.662,77.0065,0.0
20200924,Pollachi,10.662,77.0065,0.0
20200925,Pollachi,10.662,77.0065,5.652717590332031
20200926,Pollachi,10.662,77.0065,5.252378463745117
20200927,Pollachi,10.662,77.0065,5.252378463745117
20200928,Pollachi,10.662,77.0065,5.252378463745117
20200929,Pollachi,10.662,77.0065,7.878568172454834
20200930,Pollachi,10.662,77.0065,0.0
20201001,Pollachi,10.662,77.0065,0.0
20201002,Pollachi,10.662,77.0065,0.0
20201003,Pollachi,10.662,77.0065,0.0
20201004,Pollachi,10.662,77.0065,0.0
20201005,Pollachi,10.662,77.0065,0.0
20201006,Pollachi,10.662,77.0065,0.0
20201007,Pollachi,10.662,77.0065,10.833151817321777
20201008,Pollachi,10.662,77.0065,10.833151817321777
20201009,Pollachi,10.662,77.0065,10.833151817321777
20201010,Pollachi,10.662,77.0065,5.416575908660889
20201011,Pollachi,10.662,77.0065,6.570736408233643
20201012,Pollachi,10.662,77.0065,0.0
20201013,Pollachi,10.662,77.0065,0.0
20201014,Pollachi,10.662,77.0065,6.570736408233643
20201015,Pollachi,10.662,77.0065,0.0
20201016,Pollachi,10.662,77.0065,0.0
20201017,Pollachi,10.662,77.0065,21.46333122253418
20201018,Pollachi,10.662,77.0065,0.0
20201019,Pollachi,10.662,77.0065,0.0
20201020,Pollachi,10.662,77.0065,0.0
20201021,Pollachi,10.662,77.0065,12.492528915405273
20201022,Pollachi,10.662,77.0065,0.0
20201023,Pollachi,10.662,77.0065,0.0
20201024,Pollachi,10.662,77.0065,0.0
20201025,Pollachi,10.662,77.0065,0.0
20201026,Pollachi,10.662,77.0065,1.501906394958496
20201027,Pollachi,10.662,77.0065,1.809874415397644
20201028,Pollachi,10.662,77.0065,0.9624460935592651
20201029,Pollachi,10.662,77.0065,0.7108318209648132
20201030,Pollachi,10.662,77.0065,0.8558667898178101
20201031,Pollachi,10.662,77.0065,0.17443181574344635
20201101,Pollachi,10.662,77.0065,0.0
20201102,Pollachi,10.662,77.0065,7.025017738342285
20201103,Pollachi,10.662,77.0065,3.5125088691711426
20201104,Pollachi,10.662,77.0065,7.025017738342285
20201105,Pollachi,10.662,77.0065,7.025017738342285
20201106,Pollachi,10.662,77.0065,0.0
20201107,Pollachi,10.662,77.0065,0.0
20201108,Pollachi,10.662,77.0065,0.0
20201109,Pollachi,10.662,77.0065,0.0
20201110,Pollachi,10.662,77.0065,0.0
20201111,Pollachi,10.662,77.0065,0.0
20201112,Pollachi,10.662,77.0065,0.0
20201113,Pollachi,10.662,77.0065,10.234692573547363
20201114,Pollachi,10.662,77.0065,0.0
20201115,Pollachi,10.662,77.0065,10.234692573547363
20201116,Pollachi,10.662,77.0065,34.41149139404297
20201117,Pollachi,10.662,77.0065,25.808618545532227
20201118,Pollachi,10.662,77.0065,0.0
20201119,Pollachi,10.662,77.0065,0.0
20201120,Pollachi,10.662,77.0065,0.0
20201121,Pollachi,10.662,77.0065,0.0
20201122,Pollachi,10.662,77.0065,0.0
20201123,Pollachi,10.662,77.0065,14.677557945251465
20201124,Pollachi,10.662,77.0065,14.677557945251465
20201125,Pollachi,10.662,77.0065,14.677557945251465
20201126,Pollachi,10.662,77.0065,0.0
20201127,Pollachi,10.662,77.0065,0.0
20201128,Pollachi,10.662,77.0065,0.0
20201129,Pollachi,10.662,77.0065,16.87830924987793
20201130,Pollachi,10.662,77.0065,0.0
20201201,Pollachi,10.662,77.0065,0.0
20201202,Pollachi,10.662,77.0065,9.968006134033203
20201203,Pollachi,10.662,77.0065,19.936012268066406
20201204,Pollachi,10.662,77.0065,9.968006134033203
20201205,Pollachi,10.662,77.0065,0.0
20201206,Pollachi,10.662,77.0065,0.0
20201207,Pollachi,10.662,77.0065,20.278614044189453
20201208,Pollachi,10.662,77.0065,0.0
20201209,Pollachi,10.662,77.0065,0.0
20201210,Pollachi,10.662,77.0065,0.0
20201211,Pollachi,10.662,77.0065,0.0
20201212,Pollachi,10.662,77.0065,0.0
20201213,Pollachi,10.662,77.0065,0.0
20201214,Pollachi,10.662,77.0065,0.0
20201215,Pollachi,10.662,77.0065,0.0
20201216,Pollachi,10.662,77.0065,0.0
20201217,Pollachi,10.662,77.0065,0.0
20201218,Pollachi,10.662,77.0065,0.0
20201219,Pollachi,10.662,77.0065,10.99878215789795
20201220,Pollachi,10.662,77.0065,0.0
20201221,Pollachi,10.662,77.0065,0.0
20201222,Pollachi,10.662,77.0065,0.0
20201223,Pollachi,10.662,77.0065,0.0
20201224,Pollachi,10.662,77.0065,0.0
20201225,Pollachi,10.662,77.0065,0.0
20201226,Pollachi,10.662,77.0065,0.0
20201227,Pollachi,10.662,77.0065,0.0
20201228,Pollachi,10.662,77.0065,0.0
20201229,Pollachi,10.662,77.0065,0.0
20201230,Pollachi,10.662,77.0065,0.0
20201231,Pollachi,10.662,77.0065,6.914850234985352
20210101,Pollachi,10.662,77.0065,0.0
20210102,Pollachi,10.662,77.0065,0.0
20210103,Pollachi,10.662,77.0065,0.0
20210104,Pollachi,10.662,77.0065,0.0
20210105,Pollachi,10.662,77.0065,8.330283164978027
20210106,Pollachi,10.662,77.0065,5.394559860229492
20210107,Pollachi,10.662,77.0065,0.0
20210108,Pollachi,10.662,77.0065,0.0
20210109,Pollachi,10.662,77.0065,5.394559860229492
20210110,Pollachi,10.662,77.0065,2.697279930114746
20210111,Pollachi,10.662,77.0065,2.4630706310272217
20210112,Pollachi,10.662,77.0065,1.4778423309326172
20210113,Pollachi,10.662,77.0065,0.49261409044265747
20210114,Pollachi,10.662,77.0065,0.0
20210115,Pollachi,10.662,77.0065,0.0
20210116,Pollachi,10.662,77.0065,0.0
20210117,Pollachi,10.662,77.0065,0.0
20210118,Pollachi,10.662,77.0065,0.0
20210119,Pollachi,10.662,77.0065,0.0
20210120,Pollachi,10.662,77.0065,0.0
20210121,Pollachi,10.662,77.0065,0.0
20210122,Pollachi,10.662,77.0065,0.0
20210123,Pollachi,10.662,77.0065,0.0
20210124,Pollachi,10.662,77.0065,0.0
20210125,Pollachi,10.662,77.0065,0.0
20210126,Pollachi,10.662,77.0065,0.0
20210127,Pollachi,10.662,77.0065,0.0
20210128,Pollachi,10.662,77.0065,0.0
20210129,Pollachi,10.662,77.0065,0.0
20210130,Pollachi,10.662,77.0065,0.0
20210131,Pollachi,10.662,77.0065,0.0
20210201,Pollachi,10.662,77.0065,0.0
20210202,Pollachi,10.662,77.0065,0.0
20210203,Pollachi,10.662,77.0065,0.0
20210204,Pollachi,10.662,77.0065,0.0
20210205,Pollachi,10.662,77.0065,0.0
20210206,Pollachi,10.662,77.0065,0.0
20210207,Pollachi,10.662,77.0065,0.0
20210208,Pollachi,10.662,77.0065,0.0
20210209,Pollachi,10.662,77.0065,0.0
20210210,Pollachi,10.662,77.0065,0.0
20210211,Pollachi,10.662,77.0065,0.0
20210212,Pollachi,10.662,77.0065,0.0
20210213,Pollachi,10.662,77.0065,0.0
20210214,Pollachi,10.662,77.0065,0.0
20210215,Pollachi,10.662,77.0065,0.0
20210216,Pollachi,10.662,77.0065,0.0
20210217,Pollachi,10.662,77.0065,0.0
20210218,Pollachi,10.662,77.0065,0.0
20210219,Pollachi,10.662,77.0065,0.0
20210220,Pollachi,10.662,77.0065,0.0
20210221,Pollachi,10.662,77.0065,0.0
20210222,Pollachi,10.662,77.0065,0.0
20210223,Pollachi,10.662,77.0065,0.0
20210224,Pollachi,10.662,77.0065,0.0
20210225,Pollachi,10.662,77.0065,0.0
20210226,Pollachi,10.662,77.0065,0.0
20210227,Pollachi,10.662,77.0065,0.0
20210228,Pollachi,10.662,77.0065,0.0
20210301,Pollachi,10.662,77.0065,0.0
20210302,Pollachi,10.662,77.0065,0.0
20210303,Pollachi,10.662,77.0065,0.0
20210304,Pollachi,10.662,77.0065,0.0
20210305,Pollachi,10.662,77.0065,0.0
20210306,Pollachi,10.662,77.0065,0.0
20210307,Pollachi,10.662,77.0065,0.0
20210308,Pollachi,10.662,77.0065,0.0
20210309,Pollachi,10.662,77.0065,0.0
20210310,Pollachi,10.662,77.0065,7.5581207275390625
20210311,Pollachi,10.662,77.0065,0.0
20210312,Pollachi,10.662,77.0065,0.0
20210313,Pollachi,10.662,77.0065,0.0
20210314,Pollachi,10.662,77.0065,0.0
20210315,Pollachi,10.662,77.0065,0.0
20210316,Pollachi,10.662,77.0065,0.0
20210317,Pollachi,10.662,77.0065,0.0
20210318,Pollachi,10.662,77.0065,0.0
20210319,Pollachi,10.662,77.0065,0.0
20210320,Pollachi,10.662,77.0065,3.7788431644439697
20210321,Pollachi,10.662,77.0065,11.705427169799805
20210322,Pollachi,10.662,77.0065,0.0
20210323,Pollachi,10.662,77.0065,0.0
20210324,Pollachi,10.662,77.0065,0.0
20210325,Pollachi,10.662,77.0065,5.852713584899902
20210326,Pollachi,10.662,77.0065,0.0
20210327,Pollachi,10.662,77.0065,0.0
20210328,Pollachi,10.662,77.0065,12.522652626037598
20210329,Pollachi,10.662,77.0065,0.0
20210330,Pollachi,10.662,77.0065,0.0
20210331,Pollachi,10.662,77.0065,0.0
20210401,Pollachi,10.662,77.0065,0.0
20210402,Pollachi,10.662,77.0065,0.0
20210403,Pollachi,10.662,77.0065,0.0
20210404,Pollachi,10.662,77.0065,0.0
20210405,Pollachi,10.662,77.0065,0.0
20210406,Pollachi,10.662,77.0065,0.0
20210407,Pollachi,10.662,77.0065,0.0
20210408,Pollachi,10.662,77.0065,0.0
20210409,Pollachi,10.662,77.0065,0.0
20210410,Pollachi,10.662,77.0065,0.0
20210411,Pollachi,10.662,77.0065,2.552898645401001
20210412,Pollachi,10.662,77.0065,5.105797290802002
20210413,Pollachi,10.662,77.0065,5.105797290802002
20210414,Pollachi,10.662,77.0065,10.211594581604004
20210415,Pollachi,10.662,77.0065,5.105797290802002
20210416,Pollachi,10.662,77.0065,4.211956977844238
20210417,Pollachi,10.662,77.0065,0.0
20210418,Pollachi,10.662,77.0065,0.0
20210419,Pollachi,10.662,77.0065,2.105978488922119
20210420,Pollachi,10.662,77.0065,8.423913955688477
20210421,Pollachi,10.662,77.0065,0.0
20210422,Pollachi,10.662,77.0065,0.0
20210423,Pollachi,10.662,77.0065,0.0
20210424,Pollachi,10.662,77.0065,15.279796600341797
20210425,Pollachi,10.662,77.0065,0.0
20210426,Pollachi,10.662,77.0065,1.35178804397583
20210427,Pollachi,10.662,77.0065,4.05536413192749
20210428,Pollachi,10.662,77.0065,0.0
20210429,Pollachi,10.662,77.0065,0.0
20210430,Pollachi,10.662,77.0065,0.0
20210501,Pollachi,10.662,77.0065,0.0
20210502,Pollachi,10.662,77.0065,3.4211976528167725
20210503,Pollachi,10.662,77.0065,6.842395305633545
20210504,Pollachi,10.662,77.0065,10.263592720031738
20210505,Pollachi,10.662,77.0065,0.0
20210506,Pollachi,10.662,77.0065,0.0
20210507,Pollachi,10.662,77.0065,6.8050618171691895
20210508,Pollachi,10.662,77.0065,0.0
20210509,Pollachi,10.662,77.0065,0.0
20210510,Pollachi,10.662,77.0065,6.8050618171691895
20210511,Pollachi,10.662,77.0065,0.0
20210512,Pollachi,10.662,77.0065,11.048049926757812
20210513,Pollachi,10.662,77.0065,16.57207489013672
20210514,Pollachi,10.662,77.0065,5.524024963378906
20210515,Pollachi,10.662,77.0065,22.096099853515625
20210516,Pollachi,10.662,77.0065,0.0
20210517,Pollachi,10.662,77.0065,0.0
20210518,Pollachi,10.662,77.0065,0.0
20210519,Pollachi,10.662,77.0065,22.698909759521484
20210520,Pollachi,10.662,77.0065,15.13260555267334
20210521,Pollachi,10.662,77.0065,4.851851463317871
20210522,Pollachi,10.662,77.0065,4.851851463317871
20210523,Pollachi,10.662,77.0065,0.0
20210524,Pollachi,10.662,77.0065,0.0
20210525,Pollachi,10.662,77.0065,0.0
20210526,Pollachi,10.662,77.0065,0.0
20210527,Pollachi,10.662,77.0065,0.0
20210528,Pollachi,10.662,77.0065,0.0
20210529,Pollachi,10.662,77.0065,0.0
20210530,Pollachi,10.662,77.0065,0.0
20210531,Pollachi,10.662,77.0065,0.0
20210601,Pollachi,10.662,77.0065,0.0
20210602,Pollachi,10.662,77.0065,0.0
20210603,Pollachi,10.662,77.0065,16.069692611694336
20210604,Pollachi,10.662,77.0065,16.069692611694336
20210605,Pollachi,10.662,77.0065,24.10453987121582
20210606,Pollachi,10.662,77.0065,0.0
20210607,Pollachi,10.662,77.0065,0.0
20210608,Pollachi,10.662,77.0065,0.0
20210609,Pollachi,10.662,77.0065,0.0
20210610,Pollachi,10.662,77.0065,0.0
20210611,Pollachi,10.662,77.0065,4.370682239532471
20210612,Pollachi,10.662,77.0065,8.741364479064941
20210613,Pollachi,10.662,77.0065,0.0
20210614,Pollachi,10.662,77.0065,0.0
20210615,Pollachi,10.662,77.0065,0.0
20210616,Pollachi,10.662,77.0065,0.0
20210617,Pollachi,10.662,77.0065,0.0
20210618,Pollachi,10.662,77.0065,14.09449291229248
20210619,Pollachi,10.662,77.0065,0.0
20210620,Pollachi,10.662,77.0065,0.0
20210621,Pollachi,10.662,77.0065,0.0
20210622,Pollachi,10.662,77.0065,13.819246292114258
20210623,Pollachi,10.662,77.0065,13.819246292114258
20210624,Pollachi,10.662,77.0065,0.0
20210625,Pollachi,10.662,77.0065,0.0
20210626,Pollachi,10.662,77.0065,0.0
20210627,Pollachi,10.662,77.0065,0.0
20210628,Pollachi,10.662,77.0065,0.0
20210629,Pollachi,10.662,77.0065,9.795333862304688
20210630,Pollachi,10.662,77.0065,4.897666931152344
20210701,Pollachi,10.662,77.0065,8.16182804107666
20210702,Pollachi,10.662,77.0065,2.720609188079834
20210703,Pollachi,10.662,77.0065,0.0
20210704,Pollachi,10.662,77.0065,8.16182804107666
20210705,Pollachi,10.662,77.0065,0.0
20210706,Pollachi,10.662,77.0065,2.5102014541625977
20210707,Pollachi,10.662,77.0065,5.020402908325195
20210708,Pollachi,10.662,77.0065,5.020402908325195
20210709,Pollachi,10.662,77.0065,2.5102014541625977
20210710,Pollachi,10.662,77.0065,2.5102014541625977
20210711,Pollachi,10.662,77.0065,0.0
20210712,Pollachi,10.662,77.0065,0.0
20210713,Pollachi,10.662,77.0065,0.0
20210714,Pollachi,10.662,77.0065,7.047865390777588
20210715,Pollachi,10.662,77.0065,7.047865390777588
20210716,Pollachi,10.662,77.0065,0.0
20210717,Pollachi,10.662,77.0065,9.269887924194336
20210718,Pollachi,10.662,77.0065,9.269887924194336
20210719,Pollachi,10.662,77.0065,0.0
20210720,Pollachi,10.662,77.0065,0.0
20210721,Pollachi,10.662,77.0065,0.0
20210722,Pollachi,10.662,77.0065,5.934286117553711
20210723,Pollachi,10.662,77.0065,0.0
20210724,Pollachi,10.662,77.0065,0.0
20210725,Pollachi,10.662,77.0065,0.0
20210726,Pollachi,10.662,77.0065,0.0
20210727,Pollachi,10.662,77.0065,0.0
20210728,Pollachi,10.662,77.0065,0.0
20210729,Pollachi,10.662,77.0065,0.0
20210730,Pollachi,10.662,77.0065,0.0
20210731,Pollachi,10.662,77.0065,0.0
20210801,Pollachi,10.662,77.0065,0.0
20210802,Pollachi,10.662,77.0065,0.0
20210803,Pollachi,10.662,77.0065,0.0
20210804,Pollachi,10.662,77.0065,0.0
20210805,Pollachi,10.662,77.0065,0.0
20210806,Pollachi,10.662,77.0065,0.0
20210807,Pollachi,10.662,77.0065,0.0
20210808,Pollachi,10.662,77.0065,27.96435546875
20210809,Pollachi,10.662,77.0065,0.0
20210810,Pollachi,10.662,77.0065,0.0
20210811,Pollachi,10.662,77.0065,8.816940307617188
20210812,Pollachi,10.662,77.0065,0.0
20210813,Pollachi,10.662,77.0065,8.816940307617188
20210814,Pollachi,10.662,77.0065,17.633880615234375
20210815,Pollachi,10.662,77.0065,0.0
20210816,Pollachi,10.662,77.0065,14.67535400390625
20210817,Pollachi,10.662,77.0065,22.013029098510742
20210818,Pollachi,10.662,77.0065,14.67535400390625
20210819,Pollachi,10.662,77.0065,0.0
20210820,Pollachi,10.662,77.0065,0.0
20210821,Pollachi,10.662,77.0065,11.408835411071777
20210822,Pollachi,10.662,77.0065,11.408835411071777
20210823,Pollachi,10.662,77.0065,22.817670822143555
20210824,Pollachi,10.662,77.0065,0.0
20210825,Pollachi,10.662,77.0065,0.0
20210826,Pollachi,10.662,77.0065,14.632140159606934
20210827,Pollachi,10.662,77.0065,21.948211669921875
20210828,Pollachi,10.662,77.0065,7.316070079803467
20210829,Pollachi,10.662,77.0065,14.632140159606934
20210830,Pollachi,10.662,77.0065,0.0
20210831,Pollachi,10.662,77.0065,0.0
20210901,Pollachi,10.662,77.0065,6.713826656341553
20210902,Pollachi,10.662,77.0065,10.07073974609375
20210903,Pollachi,10.662,77.0065,0.0
20210904,Pollachi,10.662,77.0065,3.836472749710083
20210905,Pollachi,10.662,77.0065,10.07073974609375
20210906,Pollachi,10.662,77.0065,1.267920970916748
20210907,Pollachi,10.662,77.0065,0.0
20210908,Pollachi,10.662,77.0065,0.0
20210909,Pollachi,10.662,77.0065,0.0
20210910,Pollachi,10.662,77.0065,0.0
20210911,Pollachi,10.662,77.0065,0.0
20210912,Pollachi,10.662,77.0065,0.0
20210913,Pollachi,10.662,77.0065,0.0
20210914,Pollachi,10.662,77.0065,0.0
20210915,Pollachi,10.662,77.0065,15.282407760620117
20210916,Pollachi,10.662,77.0065,1.7210395336151123
20210917,Pollachi,10.662,77.0065,3.4420790672302246
20210918,Pollachi,10.662,77.0065,1.7210395336151123
20210919,Pollachi,10.662,77.0065,3.4420790672302246
20210920,Pollachi,10.662,77.0065,3.4420790672302246
20210921,Pollachi,10.662,77.0065,0.0
20210922,Pollachi,10.662,77.0065,0.0
20210923,Pollachi,10.662,77.0065,5.156839847564697
20210924,Pollachi,10.662,77.0065,5.156839847564697
20210925,Pollachi,10.662,77.0065,1.7189465761184692
20210926,Pollachi,10.662,77.0065,7.471294403076172
20210927,Pollachi,10.662,77.0065,3.735647201538086
20210928,Pollachi,10.662,77.0065,0.0
20210929,Pollachi,10.662,77.0065,3.735647201538086
20210930,Pollachi,10.662,77.0065,7.471294403076172
20211001,Pollachi,10.662,77.0065,20.018247604370117
20211002,Pollachi,10.662,77.0065,13.345499038696289
20211003,Pollachi,10.662,77.0065,6.6727495193481445
20211004,Pollachi,10.662,77.0065,6.6727495193481445
20211005,Pollachi,10.662,77.0065,6.6727495193481445
20211006,Pollachi,10.662,77.0065,0.0
20211007,Pollachi,10.662,77.0065,0.0
20211008,Pollachi,10.662,77.0065,22.637765884399414
20211009,Pollachi,10.662,77.0065,0.0
20211010,Pollachi,10.662,77.0065,0.0
20211011,Pollachi,10.662,77.0065,8.522061347961426
20211012,Pollachi,10.662,77.0065,0.0
20211013,Pollachi,10.662,77.0065,0.0
20211014,Pollachi,10.662,77.0065,25.566184997558594
20211015,Pollachi,10.662,77.0065,0.0
20211016,Pollachi,10.662,77.0065,33.171058654785156
20211017,Pollachi,10.662,77.0065,22.114038467407227
20211018,Pollachi,10.662,77.0065,5.528509616851807
20211019,Pollachi,10.662,77.0065,5.528509616851807
20211020,Pollachi,10.662,77.0065,16.585529327392578
20211021,Pollachi,10.662,77.0065,15.71453857421875
20211022,Pollachi,10.662,77.0065,0.0
20211023,Pollachi,10.662,77.0065,15.71453857421875
20211024,Pollachi,10.662,77.0065,23.571805953979492
20211025,Pollachi,10.662,77.0065,0.0
20211026,Pollachi,10.662,77.0065,0.0
20211027,Pollachi,10.662,77.0065,6.715110778808594
20211028,Pollachi,10.662,77.0065,6.715110778808594
20211029,Pollachi,10.662,77.0065,0.0
20211030,Pollachi,10.662,77.0065,13.430221557617188
20211031,Pollachi,10.662,77.0065,26.860443115234375
20211101,Pollachi,10.662,77.0065,17.94887924194336
20211102,Pollachi,10.662,77.0065,17.94887924194336
20211103,Pollachi,10.662,77.0065,0.0
20211104,Pollachi,10.662,77.0065,11.965920448303223
20211105,Pollachi,10.662,77.0065,11.965920448303223
20211106,Pollachi,10.662,77.0065,22.346515655517578
20211107,Pollachi,10.662,77.0065,7.448838710784912
20211108,Pollachi,10.662,77.0065,0.0
20211109,Pollachi,10.662,77.0065,7.448838710784912
20211110,Pollachi,10.662,77.0065,7.448838710784912
20211111,Pollachi,10.662,77.0065,0.0
20211112,Pollachi,10.662,77.0065,0.0
20211113,Pollachi,10.662,77.0065,0.0
20211114,Pollachi,10.662,77.0065,8.655759811401367
20211115,Pollachi,10.662,77.0065,17.311519622802734
20211116,Pollachi,10.662,77.0065,26.464616775512695
20211117,Pollachi,10.662,77.0065,17.643075942993164
20211118,Pollachi,10.662,77.0065,35.28615188598633
20211119,Pollachi,10.662,77.0065,0.0
20211120,Pollachi,10.662,77.0065,0.0
20211121,Pollachi,10.662,77.0065,0.0
20211122,Pollachi,10.662,77.0065,8.091046333312988
20211123,Pollachi,10.662,77.0065,8.091046333312988
20211124,Pollachi,10.662,77.0065,8.091046333312988
20211125,Pollachi,10.662,77.0065,24.27313804626465
20211126,Pollachi,10.662,77.0065,19.09310531616211
20211127,Pollachi,10.662,77.0065,9.546552658081055
20211128,Pollachi,10.662,77.0065,0.0
20211129,Pollachi,10.662,77.0065,9.546552658081055
20211130,Pollachi,10.662,77.0065,19.09310531616211
20211201,Pollachi,10.662,77.0065,17.181163787841797
20211202,Pollachi,10.662,77.0065,0.0
20211203,Pollachi,10.662,77.0065,0.0
20211204,Pollachi,10.662,77.0065,17.181163787841797
20211205,Pollachi,10.662,77.0065,17.181163787841797
20211206,Pollachi,10.662,77.0065,0.0
20211207,Pollachi,10.662,77.0065,0.0
20211208,Pollachi,10.662,77.0065,0.0
20211209,Pollachi,10.662,77.0065,0.0
20211210,Pollachi,10.662,77.0065,0.0
20211211,Pollachi,10.662,77.0065,0.0
20211212,Pollachi,10.662,77.0065,0.0
20211213,Pollachi,10.662,77.0065,0.0
20211214,Pollachi,10.662,77.0065,0.0
20211215,Pollachi,10.662,77.0065,0.0
20211216,Pollachi,10.662,77.0065,0.0
20211217,Pollachi,10.662,77.0065,0.0
20211218,Pollachi,10.662,77.0065,0.0
20211219,Pollachi,10.662,77.0065,0.0
20211220,Pollachi,10.662,77.0065,0.0
20211221,Pollachi,10.662,77.0065,0.0
20211222,Pollachi,10.662,77.0065,0.0
20211223,Pollachi,10.662,77.0065,0.0
20211224,Pollachi,10.662,77.0065,0.0
20211225,Pollachi,10.662,77.0065,0.0
20211226,Pollachi,10.662,77.0065,0.0
20211227,Pollachi,10.662,77.0065,0.0
20211228,Pollachi,10.662,77.0065,0.0
20211229,Pollachi,10.662,77.0065,0.0
20211230,Pollachi,10.662,77.0065,0.0
20211231,Pollachi,10.662,77.0065,0.0
20220101,Pollachi,10.662,77.0065,4.468990802764893
20220102,Pollachi,10.662,77.0065,0.0
20220103,Pollachi,10.662,77.0065,0.0
20220104,Pollachi,10.662,77.0065,0.0
20220105,Pollachi,10.662,77.0065,0.0
20220106,Pollachi,10.662,77.0065,0.0
20220107,Pollachi,10.662,77.0065,1.028825044631958
20220108,Pollachi,10.662,77.0065,0.0
20220109,Pollachi,10.662,77.0065,0.0
20220110,Pollachi,10.662,77.0065,0.0
20220111,Pollachi,10.662,77.0065,0.0
20220112,Pollachi,10.662,77.0065,0.0
20220113,Pollachi,10.662,77.0065,0.0
20220114,Pollachi,10.662,77.0065,0.0
20220115,Pollachi,10.662,77.0065,0.0
20220116,Pollachi,10.662,77.0065,0.0
20220117,Pollachi,10.662,77.0065,0.0
20220118,Pollachi,10.662,77.0065,0.0
20220119,Pollachi,10.662,77.0065,0.0
20220120,Pollachi,10.662,77.0065,0.0
20220121,Pollachi,10.662,77.0065,0.0
20220122,Pollachi,10.662,77.0065,0.0
20220123,Pollachi,10.662,77.0065,0.0
20220124,Pollachi,10.662,77.0065,0.0
20220125,Pollachi,10.662,77.0065,0.0
20220126,Pollachi,10.662,77.0065,0.0
20220127,Pollachi,10.662,77.0065,0.0
20220128,Pollachi,10.662,77.0065,0.0
20220129,Pollachi,10.662,77.0065,0.0
20220130,Pollachi,10.662,77.0065,0.0
20220131,Pollachi,10.662,77.0065,0.0
20220201,Pollachi,10.662,77.0065,0.0
20220202,Pollachi,10.662,77.0065,0.0
20220203,Pollachi,10.662,77.0065,0.0
20220204,Pollachi,10.662,77.0065,0.0
20220205,Pollachi,10.662,77.0065,0.0
20220206,Pollachi,10.662,77.0065,0.0
20220207,Pollachi,10.662,77.0065,0.0
20220208,Pollachi,10.662,77.0065,0.0
20220209,Pollachi,10.662,77.0065,0.0
20220210,Pollachi,10.662,77.0065,0.0
20220211,Pollachi,10.662,77.0065,0.0
20220212,Pollachi,10.662,77.0065,0.0
20220213,Pollachi,10.662,77.0065,0.0
20220214,Pollachi,10.662,77.0065,0.0
20220215,Pollachi,10.662,77.0065,0.0
20220216,Pollachi,10.662,77.0065,0.0
20220217,Pollachi,10.662,77.0065,0.0
20220218,Pollachi,10.662,77.0065,0.0
20220219,Pollachi,10.662,77.0065,0.0
20220220,Pollachi,10.662,77.0065,0.0
20220221,Pollachi,10.662,77.0065,0.0
20220222,Pollachi,10.662,77.0065,0.0
20220223,Pollachi,10.662,77.0065,0.0
20220224,Pollachi,10.662,77.0065,0.0
20220225,Pollachi,10.662,77.0065,0.0
20220226,Pollachi,10.662,77.0065,0.0
20220227,Pollachi,10.662,77.0065,0.0
20220228,Pollachi,10.662,77.0065,0.0
20220301,Pollachi,10.662,77.0065,0.0
20220302,Pollachi,10.662,77.0065,0.0
20220303,Pollachi,10.662,77.0065,0.0
20220304,Pollachi,10.662,77.0065,0.0
20220305,Pollachi,10.662,77.0065,0.0
20220306,Pollachi,10.662,77.0065,0.0
20220307,Pollachi,10.662,77.0065,0.0
20220308,Pollachi,10.662,77.0065,15.267817497253418
20220309,Pollachi,10.662,77.0065,0.0
20220310,Pollachi,10.662,77.0065,0.0
20220311,Pollachi,10.662,77.0065,0.0
20220312,Pollachi,10.662,77.0065,0.0
20220313,Pollachi,10.662,77.0065,0.0
20220314,Pollachi,10.662,77.0065,0.0
20220315,Pollachi,10.662,77.0065,0.0
20220316,Pollachi,10.662,77.0065,0.0
20220317,Pollachi,10.662,77.0065,8.063652992248535
20220318,Pollachi,10.662,77.0065,0.0
20220319,Pollachi,10.662,77.0065,0.0
20220320,Pollachi,10.662,77.0065,0.0
20220321,Pollachi,10.662,77.0065,0.0
20220322,Pollachi,10.662,77.0065,0.0
20220323,Pollachi,10.662,77.0065,0.0
20220324,Pollachi,10.662,77.0065,0.0
20220325,Pollachi,10.662,77.0065,0.0
20220326,Pollachi,10.662,77.0065,0.0
20220327,Pollachi,10.662,77.0065,0.0
20220328,Pollachi,10.662,77.0065,0.0
20220329,Pollachi,10.662,77.0065,0.0
20220330,Pollachi,10.662,77.0065,0.0
20220331,Pollachi,10.662,77.0065,0.0
20220401,Pollachi,10.662,77.0065,0.0
20220402,Pollachi,10.662,77.0065,0.0
20220403,Pollachi,10.662,77.0065,0.0
20220404,Pollachi,10.662,77.0065,0.0
20220405,Pollachi,10.662,77.0065,0.0
20220406,Pollachi,10.662,77.0065,9.55725383758545
20220407,Pollachi,10.662,77.0065,0.0
20220408,Pollachi,10.662,77.0065,14.335880279541016
20220409,Pollachi,10.662,77.0065,14.335880279541016
20220410,Pollachi,10.662,77.0065,4.778626918792725
20220411,Pollachi,10.662,77.0065,8.494938850402832
20220412,Pollachi,10.662,77.0065,8.494938850402832
20220413,Pollachi,10.662,77.0065,12.74240779876709
20220414,Pollachi,10.662,77.0065,12.74240779876709
20220415,Pollachi,10.662,77.0065,4.247469425201416
20220416,Pollachi,10.662,77.0065,0.0
20220417,Pollachi,10.662,77.0065,0.0
20220418,Pollachi,10.662,77.0065,0.0
20220419,Pollachi,10.662,77.0065,0.0
20220420,Pollachi,10.662,77.0065,0.0
20220421,Pollachi,10.662,77.0065,5.513811111450195
20220422,Pollachi,10.662,77.0065,5.513811111450195
20220423,Pollachi,10.662,77.0065,16.541433334350586
20220424,Pollachi,10.662,77.0065,0.0
20220425,Pollachi,10.662,77.0065,0.0
20220426,Pollachi,10.662,77.0065,0.0
20220427,Pollachi,10.662,77.0065,0.0
20220428,Pollachi,10.662,77.0065,0.0
20220429,Pollachi,10.662,77.0065,3.228630304336548
20220430,Pollachi,10.662,77.0065,0.0
20220501,Pollachi,10.662,77.0065,4.408846378326416
20220502,Pollachi,10.662,77.0065,0.0
20220503,Pollachi,10.662,77.0065,4.408846378326416
20220504,Pollachi,10.662,77.0065,13.22653865814209
20220505,Pollachi,10.662,77.0065,0.0
20220506,Pollachi,10.662,77.0065,0.0
20220507,Pollachi,10.662,77.0065,2.1914689540863037
20220508,Pollachi,10.662,77.0065,6.574408054351807
20220509,Pollachi,10.662,77.0065,2.1914689540863037
20220510,Pollachi,10.662,77.0065,13.148816108703613
20220511,Pollachi,10.662,77.0065,0.0
20220512,Pollachi,10.662,77.0065,0.0
20220513,Pollachi,10.662,77.0065,0.0
20220514,Pollachi,10.662,77.0065,0.0
20220515,Pollachi,10.662,77.0065,7.728421688079834
20220516,Pollachi,10.662,77.0065,3.772540807723999
20220517,Pollachi,10.662,77.0065,15.090163230895996
20220518,Pollachi,10.662,77.0065,18.862703323364258
20220519,Pollachi,10.662,77.0065,7.545081615447998
20220520,Pollachi,10.662,77.0065,0.0
20220521,Pollachi,10.662,77.0065,0.0
20220522,Pollachi,10.662,77.0065,0.0
20220523,Pollachi,10.662,77.0065,0.0
20220524,Pollachi,10.662,77.0065,9.954111099243164
20220525,Pollachi,10.662,77.0065,9.954111099243164
20220526,Pollachi,10.662,77.0065,5.427620887756348
20220527,Pollachi,10.662,77.0065,0.0
20220528,Pollachi,10.662,77.0065,0.0
20220529,Pollachi,10.662,77.0065,0.0
20220530,Pollachi,10.662,77.0065,0.0
20220531,Pollachi,10.662,77.0065,0.0
20220601,Pollachi,10.662,77.0065,0.0
20220602,Pollachi,10.662,77.0065,0.0
20220603,Pollachi,10.662,77.0065,8.529012680053711
20220604,Pollachi,10.662,77.0065,0.0
20220605,Pollachi,10.662,77.0065,25.5870361328125
20220606,Pollachi,10.662,77.0065,6.111286163330078
20220607,Pollachi,10.662,77.0065,3.055643081665039
20220608,Pollachi,10.662,77.0065,0.0
20220609,Pollachi,10.662,77.0065,3.055643081665039
20220610,Pollachi,10.662,77.0065,3.055643081665039
20220611,Pollachi,10.662,77.0065,0.0
20220612,Pollachi,10.662,77.0065,0.0
20220613,Pollachi,10.662,77.0065,0.0
20220614,Pollachi,10.662,77.0065,18.94599151611328
20220615,Pollachi,10.662,77.0065,18.94599151611328
20220616,Pollachi,10.662,77.0065,3.752263307571411
20220617,Pollachi,10.662,77.0065,7.47215461730957
20220618,Pollachi,10.662,77.0065,5.5691609382629395
20220619,Pollachi,10.662,77.0065,3.9656622409820557
20220620,Pollachi,10.662,77.0065,3.4946064949035645
20220621,Pollachi,10.662,77.0065,6.43026876449585
20220622,Pollachi,10.662,77.0065,6.43026876449585
20220623,Pollachi,10.662,77.0065,6.43026876449585
20220624,Pollachi,10.662,77.0065,0.0
20220625,Pollachi,10.662,77.0065,19.290807723999023
20220626,Pollachi,10.662,77.0065,0.0
20220627,Pollachi,10.662,77.0065,0.0
20220628,Pollachi,10.662,77.0065,0.0
20220629,Pollachi,10.662,77.0065,0.0
20220630,Pollachi,10.662,77.0065,0.0
20220701,Pollachi,10.662,77.0065,0.0
20220702,Pollachi,10.662,77.0065,0.0
20220703,Pollachi,10.662,77.0065,0.0
20220704,Pollachi,10.662,77.0065,23.28079605102539
20220705,Pollachi,10.662,77.0065,0.0
20220706,Pollachi,10.662,77.0065,6.713820457458496
20220707,Pollachi,10.662,77.0065,0.0
20220708,Pollachi,10.662,77.0065,0.0
20220709,Pollachi,10.662,77.0065,6.713820457458496
20220710,Pollachi,10.662,77.0065,6.713820457458496
20220711,Pollachi,10.662,77.0065,0.0
20220712,Pollachi,10.662,77.0065,0.0
20220713,Pollachi,10.662,77.0065,0.0
20220714,Pollachi,10.662,77.0065,0.0
20220715,Pollachi,10.662,77.0065,0.0
20220716,Pollachi,10.662,77.0065,0.0
20220717,Pollachi,10.662,77.0065,17.65311050415039
20220718,Pollachi,10.662,77.0065,0.0
20220719,Pollachi,10.662,77.0065,5.884369373321533
20220720,Pollachi,10.662,77.0065,5.884369373321533
20220721,Pollachi,10.662,77.0065,23.067590713500977
20220722,Pollachi,10.662,77.0065,15.37839412689209
20220723,Pollachi,10.662,77.0065,0.0
20220724,Pollachi,10.662,77.0065,0.0
20220725,Pollachi,10.662,77.0065,15.37839412689209
20220726,Pollachi,10.662,77.0065,9.499398231506348
20220727,Pollachi,10.662,77.0065,0.0
20220728,Pollachi,10.662,77.0065,9.499398231506348
20220729,Pollachi,10.662,77.0065,9.499398231506348
20220730,Pollachi,10.662,77.0065,9.499398231506348
20220731,Pollachi,10.662,77.0065,18.998796463012695
20220801,Pollachi,10.662,77.0065,6.742774486541748
20220802,Pollachi,10.662,77.0065,0.0
20220803,Pollachi,10.662,77.0065,26.971097946166992
20220804,Pollachi,10.662,77.0065,26.971097946166992
20220805,Pollachi,10.662,77.0065,6.742774486541748
20220806,Pollachi,10.662,77.0065,0.0
20220807,Pollachi,10.662,77.0065,0.0
20220808,Pollachi,10.662,77.0065,11.663719177246094
20220809,Pollachi,10.662,77.0065,0.0
20220810,Pollachi,10.662,77.0065,0.0
20220811,Pollachi,10.662,77.0065,0.0
20220812,Pollachi,10.662,77.0065,0.0
20220813,Pollachi,10.662,77.0065,0.0
20220814,Pollachi,10.662,77.0065,6.041873455047607
20220815,Pollachi,10.662,77.0065,0.0
20220816,Pollachi,10.662,77.0065,0.0
20220817,Pollachi,10.662,77.0065,11.110669136047363
20220818,Pollachi,10.662,77.0065,11.110669136047363
20220819,Pollachi,10.662,77.0065,0.0
20220820,Pollachi,10.662,77.0065,5.555334568023682
20220821,Pollachi,10.662,77.0065,10.37525749206543
20220822,Pollachi,10.662,77.0065,20.75051498413086
20220823,Pollachi,10.662,77.0065,20.75051498413086
20220824,Pollachi,10.662,77.0065,0.0
20220825,Pollachi,10.662,77.0065,20.75051498413086
20220826,Pollachi,10.662,77.0065,40.750179290771484
20220827,Pollachi,10.662,77.0065,0.0
20220828,Pollachi,10.662,77.0065,30.562633514404297
20220829,Pollachi,10.662,77.0065,20.375089645385742
20220830,Pollachi,10.662,77.0065,20.375089645385742
20220831,Pollachi,10.662,77.0065,10.187544822692871
20220901,Pollachi,10.662,77.0065,3.821471691131592
20220902,Pollachi,10.662,77.0065,3.821471691131592
20220903,Pollachi,10.662,77.0065,0.0
20220904,Pollachi,10.662,77.0065,15.285886764526367
20220905,Pollachi,10.662,77.0065,11.464415550231934
20220906,Pollachi,10.662,77.0065,4.331737995147705
20220907,Pollachi,10.662,77.0065,8.66347599029541
20220908,Pollachi,10.662,77.0065,8.66347599029541
20220909,Pollachi,10.662,77.0065,4.331737995147705
20220910,Pollachi,10.662,77.0065,0.0
20220911,Pollachi,10.662,77.0065,1.4745408296585083
20220912,Pollachi,10.662,77.0065,0.0
20220913,Pollachi,10.662,77.0065,0.0
20220914,Pollachi,10.662,77.0065,0.0
20220915,Pollachi,10.662,77.0065,0.0
20220916,Pollachi,10.662,77.0065,0.0
20220917,Pollachi,10.662,77.0065,0.0
20220918,Pollachi,10.662,77.0065,3.3961408138275146
20220919,Pollachi,10.662,77.0065,0.0
20220920,Pollachi,10.662,77.0065,0.0
20220921,Pollachi,10.662,77.0065,0.0
20220922,Pollachi,10.662,77.0065,0.0
20220923,Pollachi,10.662,77.0065,0.0
20220924,Pollachi,10.662,77.0065,0.0
20220925,Pollachi,10.662,77.0065,1.7123544216156006
20220926,Pollachi,10.662,77.0065,1.4305835962295532
20220927,Pollachi,10.662,77.0065,0.9409853219985962
20220928,Pollachi,10.662,77.0065,0.37264102697372437
20220929,Pollachi,10.662,77.0065,2.4033830165863037
20220930,Pollachi,10.662,77.0065,0.17155079543590546
20221001,Pollachi,10.662,77.0065,4.575267791748047
20221002,Pollachi,10.662,77.0065,0.0
20221003,Pollachi,10.662,77.0065,0.0
20221004,Pollachi,10.662,77.0065,0.0
20221005,Pollachi,10.662,77.0065,4.575267791748047
20221006,Pollachi,10.662,77.0065,3.5965404510498047
20221007,Pollachi,10.662,77.0065,0.0
20221008,Pollachi,10.662,77.0065,10.789620399475098
20221009,Pollachi,10.662,77.0065,14.386161804199219
20221010,Pollachi,10.662,77.0065,7.193080902099609
20221011,Pollachi,10.662,77.0065,14.353059768676758
20221012,Pollachi,10.662,77.0065,3.5882649421691895
20221013,Pollachi,10.662,77.0065,0.0
20221014,Pollachi,10.662,77.0065,10.764795303344727
20221015,Pollachi,10.662,77.0065,10.764795303344727
20221016,Pollachi,10.662,77.0065,8.725403785705566
20221017,Pollachi,10.662,77.0065,8.725403785705566
20221018,Pollachi,10.662,77.0065,0.0
20221019,Pollachi,10.662,77.0065,0.0
20221020,Pollachi,10.662,77.0065,17.450807571411133
20221021,Pollachi,10.662,77.0065,6.054806232452393
20221022,Pollachi,10.662,77.0065,0.0
20221023,Pollachi,10.662,77.0065,0.0
20221024,Pollachi,10.662,77.0065,3.0274031162261963
20221025,Pollachi,10.662,77.0065,0.0
20221026,Pollachi,10.662,77.0065,0.0
20221027,Pollachi,10.662,77.0065,0.0
20221028,Pollachi,10.662,77.0065,0.0
20221029,Pollachi,10.662,77.0065,0.0
20221030,Pollachi,10.662,77.0065,0.0
20221031,Pollachi,10.662,77.0065,0.0
20221101,Pollachi,10.662,77.0065,0.0
20221102,Pollachi,10.662,77.0065,0.0
20221103,Pollachi,10.662,77.0065,0.0
20221104,Pollachi,10.662,77.0065,0.0
20221105,Pollachi,10.662,77.0065,0.0
20221106,Pollachi,10.662,77.0065,0.0
20221107,Pollachi,10.662,77.0065,0.0
20221108,Pollachi,10.662,77.0065,0.0
20221109,Pollachi,10.662,77.0065,0.0
20221110,Pollachi,10.662,77.0065,0.0
20221111,Pollachi,10.662,77.0065,57.70408630371094
20221112,Pollachi,10.662,77.0065,32.9737663269043
20221113,Pollachi,10.662,77.0065,0.0
20221114,Pollachi,10.662,77.0065,0.0
20221115,Pollachi,10.662,77.0065,0.0
20221116,Pollachi,10.662,77.0065,0.0
20221117,Pollachi,10.662,77.0065,0.0
20221118,Pollachi,10.662,77.0065,0.0
20221119,Pollachi,10.662,77.0065,0.0
20221120,Pollachi,10.662,77.0065,0.0
20221121,Pollachi,10.662,77.0065,0.0
20221122,Pollachi,10.662,77.0065,0.0
20221123,Pollachi,10.662,77.0065,0.0
20221124,Pollachi,10.662,77.0065,0.0
20221125,Pollachi,10.662,77.0065,0.0
20221126,Pollachi,10.662,77.0065,0.0
20221127,Pollachi,10.662,77.0065,0.0
20221128,Pollachi,10.662,77.0065,0.0
20221129,Pollachi,10.662,77.0065,0.0
20221130,Pollachi,10.662,77.0065,19.564180374145508
20221201,Pollachi,10.662,77.0065,0.0
20221202,Pollachi,10.662,77.0065,0.0
20221203,Pollachi,10.662,77.0065,0.0
20221204,Pollachi,10.662,77.0065,34.20530700683594
20221205,Pollachi,10.662,77.0065,0.0
20221206,Pollachi,10.662,77.0065,0.0
20221207,Pollachi,10.662,77.0065,17.379182815551758
20221208,Pollachi,10.662,77.0065,26.068777084350586
20221209,Pollachi,10.662,77.0065,8.689591407775879
20221210,Pollachi,10.662,77.0065,0.0
20221211,Pollachi,10.662,77.0065,0.0
20221212,Pollachi,10.662,77.0065,0.0
20221213,Pollachi,10.662,77.0065,23.546106338500977
20221214,Pollachi,10.662,77.0065,0.0
20221215,Pollachi,10.662,77.0065,0.0
20221216,Pollachi,10.662,77.0065,0.0
20221217,Pollachi,10.662,77.0065,0.0
20221218,Pollachi,10.662,77.0065,0.0
20221219,Pollachi,10.662,77.0065,0.0
20221220,Pollachi,10.662,77.0065,0.0
20221221,Pollachi,10.662,77.0065,0.0
20221222,Pollachi,10.662,77.0065,0.0
20221223,Pollachi,10.662,77.0065,0.0
20221224,Pollachi,10.662,77.0065,0.0
20221225,Pollachi,10.662,77.0065,12.82685375213623
20221226,Pollachi,10.662,77.0065,0.0
20221227,Pollachi,10.662,77.0065,0.0
20221228,Pollachi,10.662,77.0065,0.0
20221229,Pollachi,10.662,77.0065,0.0
20221230,Pollachi,10.662,77.0065,0.0
20221231,Pollachi,10.662,77.0065,0.0
20230101,Pollachi,10.662,77.0065,0.0
20230102,Pollachi,10.662,77.0065,0.0
20230103,Pollachi,10.662,77.0065,0.0
20230104,Pollachi,10.662,77.0065,0.0
20230105,Pollachi,10.662,77.0065,0.0
20230106,Pollachi,10.662,77.0065,0.0
20230107,Pollachi,10.662,77.0065,0.0
20230108,Pollachi,10.662,77.0065,0.0
20230109,Pollachi,10.662,77.0065,0.0
20230110,Pollachi,10.662,77.0065,0.0
20230111,Pollachi,10.662,77.0065,0.0
20230112,Pollachi,10.662,77.0065,0.0
20230113,Pollachi,10.662,77.0065,3.3211328983306885
20230114,Pollachi,10.662,77.0065,1.1070443391799927
20230115,Pollachi,10.662,77.0065,0.0
20230116,Pollachi,10.662,77.0065,0.0
20230117,Pollachi,10.662,77.0065,0.0
20230118,Pollachi,10.662,77.0065,0.0
20230119,Pollachi,10.662,77.0065,0.0
20230120,Pollachi,10.662,77.0065,0.0
20230121,Pollachi,10.662,77.0065,0.0
20230122,Pollachi,10.662,77.0065,0.0
20230123,Pollachi,10.662,77.0065,0.0
20230124,Pollachi,10.662,77.0065,0.0
20230125,Pollachi,10.662,77.0065,0.0
20230126,Pollachi,10.662,77.0065,0.0
20230127,Pollachi,10.662,77.0065,0.0
20230128,Pollachi,10.662,77.0065,0.0
20230129,Pollachi,10.662,77.0065,0.0
20230130,Pollachi,10.662,77.0065,0.0
20230131,Pollachi,10.662,77.0065,0.0
20230201,Pollachi,10.662,77.0065,1.915009617805481
20230202,Pollachi,10.662,77.0065,3.830019235610962
20230203,Pollachi,10.662,77.0065,0.0
20230204,Pollachi,10.662,77.0065,0.0
20230205,Pollachi,10.662,77.0065,0.0
20230206,Pollachi,10.662,77.0065,1.642694354057312
20230207,Pollachi,10.662,77.0065,0.0
20230208,Pollachi,10.662,77.0065,0.0
20230209,Pollachi,10.662,77.0065,0.0
20230210,Pollachi,10.662,77.0065,0.0
20230211,Pollachi,10.662,77.0065,0.0
20230212,Pollachi,10.662,77.0065,0.0
20230213,Pollachi,10.662,77.0065,0.0
20230214,Pollachi,10.662,77.0065,0.0
20230215,Pollachi,10.662,77.0065,0.0
20230216,Pollachi,10.662,77.0065,0.0
20230217,Pollachi,10.662,77.0065,0.0
20230218,Pollachi,10.662,77.0065,0.0
20230219,Pollachi,10.662,77.0065,0.0
20230220,Pollachi,10.662,77.0065,0.0
20230221,Pollachi,10.662,77.0065,0.0
20230222,Pollachi,10.662,77.0065,0.0
20230223,Pollachi,10.662,77.0065,0.0
20230224,Pollachi,10.662,77.0065,0.0
20230225,Pollachi,10.662,77.0065,0.0
20230226,Pollachi,10.662,77.0065,0.0
20230227,Pollachi,10.662,77.0065,0.0
20230228,Pollachi,10.662,77.0065,0.0
20230301,Pollachi,10.662,77.0065,0.0
20230302,Pollachi,10.662,77.0065,0.0
20230303,Pollachi,10.662,77.0065,0.0
20230304,Pollachi,10.662,77.0065,0.0
20230305,Pollachi,10.662,77.0065,0.0
20230306,Pollachi,10.662,77.0065,0.0
20230307,Pollachi,10.662,77.0065,0.0
20230308,Pollachi,10.662,77.0065,0.0
20230309,Pollachi,10.662,77.0065,0.0
20230310,Pollachi,10.662,77.0065,0.0
20230311,Pollachi,10.662,77.0065,0.0
20230312,Pollachi,10.662,77.0065,0.0
20230313,Pollachi,10.662,77.0065,0.0
20230314,Pollachi,10.662,77.0065,0.0
20230315,Pollachi,10.662,77.0065,0.0
20230316,Pollachi,10.662,77.0065,0.0
20230317,Pollachi,10.662,77.0065,0.0
20230318,Pollachi,10.662,77.0065,0.0
20230319,Pollachi,10.662,77.0065,0.0
20230320,Pollachi,10.662,77.0065,0.0
20230321,Pollachi,10.662,77.0065,0.0
20230322,Pollachi,10.662,77.0065,0.0
20230323,Pollachi,10.662,77.0065,4.6800432205200195
20230324,Pollachi,10.662,77.0065,9.360086441040039
20230325,Pollachi,10.662,77.0065,0.0
20230326,Pollachi,10.662,77.0065,0.0
20230327,Pollachi,10.662,77.0065,0.0
20230328,Pollachi,10.662,77.0065,0.0
20230329,Pollachi,10.662,77.0065,0.0
20230330,Pollachi,10.662,77.0065,15.86047649383545
20230331,Pollachi,10.662,77.0065,0.0
20230401,Pollachi,10.662,77.0065,0.0
20230402,Pollachi,10.662,77.0065,0.0
20230403,Pollachi,10.662,77.0065,0.0
20230404,Pollachi,10.662,77.0065,0.0
20230405,Pollachi,10.662,77.0065,0.0
20230406,Pollachi,10.662,77.0065,0.0
20230407,Pollachi,10.662,77.0065,0.0
20230408,Pollachi,10.662,77.0065,0.0
20230409,Pollachi,10.662,77.0065,0.0
20230410,Pollachi,10.662,77.0065,0.0
20230411,Pollachi,10.662,77.0065,0.0
20230412,Pollachi,10.662,77.0065,0.0
20230413,Pollachi,10.662,77.0065,0.0
20230414,Pollachi,10.662,77.0065,0.0
20230415,Pollachi,10.662,77.0065,0.0
20230416,Pollachi,10.662,77.0065,0.0
20230417,Pollachi,10.662,77.0065,0.0
20230418,Pollachi,10.662,77.0065,0.0
20230419,Pollachi,10.662,77.0065,0.0
20230420,Pollachi,10.662,77.0065,0.0
20230421,Pollachi,10.662,77.0065,0.0
20230422,Pollachi,10.662,77.0065,0.0
20230423,Pollachi,10.662,77.0065,3.076328754425049
20230424,Pollachi,10.662,77.0065,0.0
20230425,Pollachi,10.662,77.0065,6.152657508850098
20230426,Pollachi,10.662,77.0065,6.729029178619385
20230427,Pollachi,10.662,77.0065,3.3645145893096924
20230428,Pollachi,10.662,77.0065,3.3645145893096924
20230429,Pollachi,10.662,77.0065,10.093544006347656
20230430,Pollachi,10.662,77.0065,6.729029178619385
20230501,Pollachi,10.662,77.0065,8.3213472366333
20230502,Pollachi,10.662,77.0065,8.3213472366333
20230503,Pollachi,10.662,77.0065,8.3213472366333
20230504,Pollachi,10.662,77.0065,4.16067361831665
20230505,Pollachi,10.662,77.0065,4.16067361831665
20230506,Pollachi,10.662,77.0065,11.127138137817383
20230507,Pollachi,10.662,77.0065,3.709045886993408
20230508,Pollachi,10.662,77.0065,3.709045886993408
20230509,Pollachi,10.662,77.0065,7.418091773986816
20230510,Pollachi,10.662,77.0065,0.0
20230511,Pollachi,10.662,77.0065,9.285712242126465
20230512,Pollachi,10.662,77.0065,0.0
20230513,Pollachi,10.662,77.0065,0.0
20230514,Pollachi,10.662,77.0065,0.0
20230515,Pollachi,10.662,77.0065,0.0
20230516,Pollachi,10.662,77.0065,0.0
20230517,Pollachi,10.662,77.0065,4.337467193603516
20230518,Pollachi,10.662,77.0065,4.337467193603516
20230519,Pollachi,10.662,77.0065,0.0
20230520,Pollachi,10.662,77.0065,0.0
20230521,Pollachi,10.662,77.0065,4.88218355178833
20230522,Pollachi,10.662,77.0065,0.0
20230523,Pollachi,10.662,77.0065,4.88218355178833
20230524,Pollachi,10.662,77.0065,0.0
20230525,Pollachi,10.662,77.0065,0.0
20230526,Pollachi,10.662,77.0065,0.0
20230527,Pollachi,10.662,77.0065,6.966827869415283
20230528,Pollachi,10.662,77.0065,0.0
20230529,Pollachi,10.662,77.0065,13.933655738830566
20230530,Pollachi,10.662,77.0065,13.933655738830566
20230531,Pollachi,10.662,77.0065,6.966829299926758
20230601,Pollachi,10.662,77.0065,0.0
20230602,Pollachi,10.662,77.0065,0.0
20230603,Pollachi,10.662,77.0065,7.485525131225586
20230604,Pollachi,10.662,77.0065,7.485525131225586
20230605,Pollachi,10.662,77.0065,14.971050262451172
20230606,Pollachi,10.662,77.0065,0.0
20230607,Pollachi,10.662,77.0065,0.0
20230608,Pollachi,10.662,77.0065,0.0
20230609,Pollachi,10.662,77.0065,0.0
20230610,Pollachi,10.662,77.0065,0.0
20230611,Pollachi,10.662,77.0065,0.0
20230612,Pollachi,10.662,77.0065,36.05369567871094
20230613,Pollachi,10.662,77.0065,0.0
20230614,Pollachi,10.662,77.0065,0.0
20230615,Pollachi,10.662,77.0065,0.0
20230616,Pollachi,10.662,77.0065,0.0
20230617,Pollachi,10.662,77.0065,0.0
20230618,Pollachi,10.662,77.0065,0.0
20230619,Pollachi,10.662,77.0065,0.0
20230620,Pollachi,10.662,77.0065,44.425567626953125
20230621,Pollachi,10.662,77.0065,58.236995697021484
20230622,Pollachi,10.662,77.0065,0.0
20230623,Pollachi,10.662,77.0065,0.0
20230624,Pollachi,10.662,77.0065,0.0
20230625,Pollachi,10.662,77.0065,0.0
20230626,Pollachi,10.662,77.0065,0.0
20230627,Pollachi,10.662,77.0065,0.0
20230628,Pollachi,10.662,77.0065,0.0
20230629,Pollachi,10.662,77.0065,0.0
20230630,Pollachi,10.662,77.0065,0.0
20230701,Pollachi,10.662,77.0065,0.0
20230702,Pollachi,10.662,77.0065,5.010971546173096
20230703,Pollachi,10.662,77.0065,5.010971546173096
20230704,Pollachi,10.662,77.0065,5.010971546173096
20230705,Pollachi,10.662,77.0065,0.0
20230706,Pollachi,10.662,77.0065,4.492931842803955
20230707,Pollachi,10.662,77.0065,0.0
20230708,Pollachi,10.662,77.0065,0.0
20230709,Pollachi,10.662,77.0065,0.0
20230710,Pollachi,10.662,77.0065,13.478795051574707
20230711,Pollachi,10.662,77.0065,3.671797513961792
20230712,Pollachi,10.662,77.0065,0.0
20230713,Pollachi,10.662,77.0065,7.343595027923584
20230714,Pollachi,10.662,77.0065,0.0
20230715,Pollachi,10.662,77.0065,0.0
20230716,Pollachi,10.662,77.0065,0.0
20230717,Pollachi,10.662,77.0065,0.0
20230718,Pollachi,10.662,77.0065,0.0
20230719,Pollachi,10.662,77.0065,0.0
20230720,Pollachi,10.662,77.0065,0.0
20230721,Pollachi,10.662,77.0065,8.667016983032227
20230722,Pollachi,10.662,77.0065,0.0
20230723,Pollachi,10.662,77.0065,0.0
20230724,Pollachi,10.662,77.0065,5.778010845184326
20230725,Pollachi,10.662,77.0065,0.0
20230726,Pollachi,10.662,77.0065,7.4082794189453125
20230727,Pollachi,10.662,77.0065,0.0
20230728,Pollachi,10.662,77.0065,0.0
20230729,Pollachi,10.662,77.0065,0.0
20230730,Pollachi,10.662,77.0065,0.0
20230731,Pollachi,10.662,77.0065,0.0
20230801,Pollachi,10.662,77.0065,0.0
20230802,Pollachi,10.662,77.0065,0.0
20230803,Pollachi,10.662,77.0065,0.0
20230804,Pollachi,10.662,77.0065,0.0
20230805,Pollachi,10.662,77.0065,0.0
20230806,Pollachi,10.662,77.0065,5.121452808380127
20230807,Pollachi,10.662,77.0065,0.0
20230808,Pollachi,10.662,77.0065,5.121452808380127
20230809,Pollachi,10.662,77.0065,10.242905616760254
20230810,Pollachi,10.662,77.0065,10.242905616760254
20230811,Pollachi,10.662,77.0065,13.675824165344238
20230812,Pollachi,10.662,77.0065,3.4189560413360596
20230813,Pollachi,10.662,77.0065,0.0
20230814,Pollachi,10.662,77.0065,3.4189560413360596
20230815,Pollachi,10.662,77.0065,0.0
20230816,Pollachi,10.662,77.0065,0.0
20230817,Pollachi,10.662,77.0065,0.0
20230818,Pollachi,10.662,77.0065,0.0
20230819,Pollachi,10.662,77.0065,0.0
20230820,Pollachi,10.662,77.0065,0.0
20230821,Pollachi,10.662,77.0065,0.0
20230822,Pollachi,10.662,77.0065,7.5270771980285645
20230823,Pollachi,10.662,77.0065,0.0
20230824,Pollachi,10.662,77.0065,0.0
20230825,Pollachi,10.662,77.0065,0.0
20230826,Pollachi,10.662,77.0065,0.0
20230827,Pollachi,10.662,77.0065,11.408029556274414
20230828,Pollachi,10.662,77.0065,0.0
20230829,Pollachi,10.662,77.0065,17.112043380737305
20230830,Pollachi,10.662,77.0065,0.0
20230831,Pollachi,10.662,77.0065,17.112043380737305
20230901,Pollachi,10.662,77.0065,7.172517776489258
20230902,Pollachi,10.662,77.0065,3.586258888244629
20230903,Pollachi,10.662,77.0065,0.0
20230904,Pollachi,10.662,77.0065,0.0
20230905,Pollachi,10.662,77.0065,0.0
20230906,Pollachi,10.662,77.0065,0.0
20230907,Pollachi,10.662,77.0065,1.3358056545257568
20230908,Pollachi,10.662,77.0065,0.0
20230909,Pollachi,10.662,77.0065,0.0
20230910,Pollachi,10.662,77.0065,0.0
20230911,Pollachi,10.662,77.0065,0.0
20230912,Pollachi,10.662,77.0065,4.780925273895264
20230913,Pollachi,10.662,77.0065,0.0
20230914,Pollachi,10.662,77.0065,0.0
20230915,Pollachi,10.662,77.0065,0.0
20230916,Pollachi,10.662,77.0065,0.0
20230917,Pollachi,10.662,77.0065,4.51648473739624
20230918,Pollachi,10.662,77.0065,9.03296947479248
20230919,Pollachi,10.662,77.0065,4.51648473739624
20230920,Pollachi,10.662,77.0065,0.0
20230921,Pollachi,10.662,77.0065,0.0
20230922,Pollachi,10.662,77.0065,0.0
20230923,Pollachi,10.662,77.0065,0.0
20230924,Pollachi,10.662,77.0065,6.7093682289123535
20230925,Pollachi,10.662,77.0065,6.7093682289123535
20230926,Pollachi,10.662,77.0065,0.0
20230927,Pollachi,10.662,77.0065,0.0
20230928,Pollachi,10.662,77.0065,9.096121788024902
20230929,Pollachi,10.662,77.0065,0.0
20230930,Pollachi,10.662,77.0065,0.0
20231001,Pollachi,10.662,77.0065,0.0
20231002,Pollachi,10.662,77.0065,0.0
20231003,Pollachi,10.662,77.0065,0.0
20231004,Pollachi,10.662,77.0065,0.0
20231005,Pollachi,10.662,77.0065,0.0
20231006,Pollachi,10.662,77.0065,0.0
20231007,Pollachi,10.662,77.0065,0.0
20231008,Pollachi,10.662,77.0065,5.331865310668945
20231009,Pollachi,10.662,77.0065,15.995595932006836
20231010,Pollachi,10.662,77.0065,5.331865310668945
20231011,Pollachi,10.662,77.0065,18.8527889251709
20231012,Pollachi,10.662,77.0065,9.42639446258545
20231013,Pollachi,10.662,77.0065,0.0
20231014,Pollachi,10.662,77.0065,28.279184341430664
20231015,Pollachi,10.662,77.0065,9.42639446258545
20231016,Pollachi,10.662,77.0065,19.368324279785156
20231017,Pollachi,10.662,77.0065,0.0
20231018,Pollachi,10.662,77.0065,0.0
20231019,Pollachi,10.662,77.0065,0.0
20231020,Pollachi,10.662,77.0065,0.0
20231021,Pollachi,10.662,77.0065,0.0
20231022,Pollachi,10.662,77.0065,0.0
20231023,Pollachi,10.662,77.0065,0.0
20231024,Pollachi,10.662,77.0065,0.0
20231025,Pollachi,10.662,77.0065,0.0
20231026,Pollachi,10.662,77.0065,0.0
20231027,Pollachi,10.662,77.0065,0.0
20231028,Pollachi,10.662,77.0065,0.0
20231029,Pollachi,10.662,77.0065,14.823549270629883
20231030,Pollachi,10.662,77.0065,14.823549270629883
20231031,Pollachi,10.662,77.0065,0.0
20231101,Pollachi,10.662,77.0065,12.048463821411133
20231102,Pollachi,10.662,77.0065,0.0
20231103,Pollachi,10.662,77.0065,12.048463821411133
20231104,Pollachi,10.662,77.0065,24.096927642822266
20231105,Pollachi,10.662,77.0065,12.048463821411133
20231106,Pollachi,10.662,77.0065,6.777862071990967
20231107,Pollachi,10.662,77.0065,13.555724143981934
20231108,Pollachi,10.662,77.0065,13.555724143981934
20231109,Pollachi,10.662,77.0065,0.0
20231110,Pollachi,10.662,77.0065,0.0
20231111,Pollachi,10.662,77.0065,0.0
20231112,Pollachi,10.662,77.0065,0.0
20231113,Pollachi,10.662,77.0065,0.0
20231114,Pollachi,10.662,77.0065,0.0
20231115,Pollachi,10.662,77.0065,0.0
20231116,Pollachi,10.662,77.0065,0.0
20231117,Pollachi,10.662,77.0065,0.0
20231118,Pollachi,10.662,77.0065,0.0
20231119,Pollachi,10.662,77.0065,0.0
20231120,Pollachi,10.662,77.0065,0.0
20231121,Pollachi,10.662,77.0065,12.771747589111328
20231122,Pollachi,10.662,77.0065,19.157623291015625
20231123,Pollachi,10.662,77.0065,6.385873794555664
20231124,Pollachi,10.662,77.0065,0.0
20231125,Pollachi,10.662,77.0065,0.0
20231126,Pollachi,10.662,77.0065,0.0
20231127,Pollachi,10.662,77.0065,0.0
20231128,Pollachi,10.662,77.0065,0.0
20231129,Pollachi,10.662,77.0065,11.362685203552246
20231130,Pollachi,10.662,77.0065,0.0
20231201,Pollachi,10.662,77.0065,0.0
20231202,Pollachi,10.662,77.0065,0.0
20231203,Pollachi,10.662,77.0065,0.0
20231204,Pollachi,10.662,77.0065,20.469318389892578
20231205,Pollachi,10.662,77.0065,8.187726974487305
20231206,Pollachi,10.662,77.0065,0.0
20231207,Pollachi,10.662,77.0065,0.0
20231208,Pollachi,10.662,77.0065,15.812777519226074
20231209,Pollachi,10.662,77.0065,7.906388759613037
20231210,Pollachi,10.662,77.0065,0.0
20231211,Pollachi,10.662,77.0065,0.0
20231212,Pollachi,10.662,77.0065,0.0
20231213,Pollachi,10.662,77.0065,1.9793671369552612
20231214,Pollachi,10.662,77.0065,0.0
20231215,Pollachi,10.662,77.0065,0.0
20231216,Pollachi,10.662,77.0065,0.0
20231217,Pollachi,10.662,77.0065,19.75617790222168
20231218,Pollachi,10.662,77.0065,0.0
20231219,Pollachi,10.662,77.0065,0.0
20231220,Pollachi,10.662,77.0065,0.0
20231221,Pollachi,10.662,77.0065,0.0
20231222,Pollachi,10.662,77.0065,0.0
20231223,Pollachi,10.662,77.0065,0.0
20231224,Pollachi,10.662,77.0065,0.0
20231225,Pollachi,10.662,77.0065,0.0
20231226,Pollachi,10.662,77.0065,0.0
20231227,Pollachi,10.662,77.0065,0.0
20231228,Pollachi,10.662,77.0065,0.0
20231229,Pollachi,10.662,77.0065,0.0
20231230,Pollachi,10.662,77.0065,0.0
20231231,Pollachi,10.662,77.0065,0.0
20190101,Sulur_Plains,11.0261,77.1261,0.0
20190102,Sulur_Plains,11.0261,77.1261,0.0
20190103,Sulur_Plains,11.0261,77.1261,0.0
20190104,Sulur_Plains,11.0261,77.1261,0.0
20190105,Sulur_Plains,11.0261,77.1261,0.0
20190106,Sulur_Plains,11.0261,77.1261,0.0
20190107,Sulur_Plains,11.0261,77.1261,0.0
20190108,Sulur_Plains,11.0261,77.1261,0.0
20190109,Sulur_Plains,11.0261,77.1261,0.0
20190110,Sulur_Plains,11.0261,77.1261,0.0
20190111,Sulur_Plains,11.0261,77.1261,0.0
20190112,Sulur_Plains,11.0261,77.1261,0.0
20190113,Sulur_Plains,11.0261,77.1261,0.0
20190114,Sulur_Plains,11.0261,77.1261,0.0
20190115,Sulur_Plains,11.0261,77.1261,1.3973342180252075
20190116,Sulur_Plains,11.0261,77.1261,0.0
20190117,Sulur_Plains,11.0261,77.1261,0.0
20190118,Sulur_Plains,11.0261,77.1261,0.0
20190119,Sulur_Plains,11.0261,77.1261,0.0
20190120,Sulur_Plains,11.0261,77.1261,0.0
20190121,Sulur_Plains,11.0261,77.1261,0.0
20190122,Sulur_Plains,11.0261,77.1261,0.0
20190123,Sulur_Plains,11.0261,77.1261,0.0
20190124,Sulur_Plains,11.0261,77.1261,0.0
20190125,Sulur_Plains,11.0261,77.1261,0.0
20190126,Sulur_Plains,11.0261,77.1261,0.0
20190127,Sulur_Plains,11.0261,77.1261,0.0
20190128,Sulur_Plains,11.0261,77.1261,0.0
20190129,Sulur_Plains,11.0261,77.1261,0.0
20190130,Sulur_Plains,11.0261,77.1261,0.0
20190131,Sulur_Plains,11.0261,77.1261,0.0
20190201,Sulur_Plains,11.0261,77.1261,0.0
20190202,Sulur_Plains,11.0261,77.1261,0.0
20190203,Sulur_Plains,11.0261,77.1261,0.0
20190204,Sulur_Plains,11.0261,77.1261,0.0
20190205,Sulur_Plains,11.0261,77.1261,0.0
20190206,Sulur_Plains,11.0261,77.1261,0.0
20190207,Sulur_Plains,11.0261,77.1261,0.0
20190208,Sulur_Plains,11.0261,77.1261,0.0
20190209,Sulur_Plains,11.0261,77.1261,0.0
20190210,Sulur_Plains,11.0261,77.1261,0.0
20190211,Sulur_Plains,11.0261,77.1261,0.0
20190212,Sulur_Plains,11.0261,77.1261,0.0
20190213,Sulur_Plains,11.0261,77.1261,0.0
20190214,Sulur_Plains,11.0261,77.1261,0.0
20190215,Sulur_Plains,11.0261,77.1261,0.0
20190216,Sulur_Plains,11.0261,77.1261,0.0
20190217,Sulur_Plains,11.0261,77.1261,0.0
20190218,Sulur_Plains,11.0261,77.1261,0.0
20190219,Sulur_Plains,11.0261,77.1261,0.0
20190220,Sulur_Plains,11.0261,77.1261,0.0
20190221,Sulur_Plains,11.0261,77.1261,0.0
20190222,Sulur_Plains,11.0261,77.1261,0.0
20190223,Sulur_Plains,11.0261,77.1261,0.0
20190224,Sulur_Plains,11.0261,77.1261,0.0
20190225,Sulur_Plains,11.0261,77.1261,0.0
20190226,Sulur_Plains,11.0261,77.1261,0.0
20190227,Sulur_Plains,11.0261,77.1261,0.0
20190228,Sulur_Plains,11.0261,77.1261,0.0
20190301,Sulur_Plains,11.0261,77.1261,3.912379264831543
20190302,Sulur_Plains,11.0261,77.1261,0.0
20190303,Sulur_Plains,11.0261,77.1261,0.0
20190304,Sulur_Plains,11.0261,77.1261,0.0
20190305,Sulur_Plains,11.0261,77.1261,0.0
20190306,Sulur_Plains,11.0261,77.1261,0.0
20190307,Sulur_Plains,11.0261,77.1261,0.0
20190308,Sulur_Plains,11.0261,77.1261,0.0
20190309,Sulur_Plains,11.0261,77.1261,3.5925612449645996
20190310,Sulur_Plains,11.0261,77.1261,0.0
20190311,Sulur_Plains,11.0261,77.1261,0.0
20190312,Sulur_Plains,11.0261,77.1261,0.0
20190313,Sulur_Plains,11.0261,77.1261,0.0
20190314,Sulur_Plains,11.0261,77.1261,0.0
20190315,Sulur_Plains,11.0261,77.1261,0.0
20190316,Sulur_Plains,11.0261,77.1261,0.0
20190317,Sulur_Plains,11.0261,77.1261,0.0
20190318,Sulur_Plains,11.0261,77.1261,0.0
20190319,Sulur_Plains,11.0261,77.1261,0.0
20190320,Sulur_Plains,11.0261,77.1261,0.0
20190321,Sulur_Plains,11.0261,77.1261,0.0
20190322,Sulur_Plains,11.0261,77.1261,0.0
20190323,Sulur_Plains,11.0261,77.1261,0.0
20190324,Sulur_Plains,11.0261,77.1261,0.0
20190325,Sulur_Plains,11.0261,77.1261,0.0
20190326,Sulur_Plains,11.0261,77.1261,0.0
20190327,Sulur_Plains,11.0261,77.1261,0.0
20190328,Sulur_Plains,11.0261,77.1261,0.0
20190329,Sulur_Plains,11.0261,77.1261,0.0
20190330,Sulur_Plains,11.0261,77.1261,0.0
20190331,Sulur_Plains,11.0261,77.1261,0.0
20190401,Sulur_Plains,11.0261,77.1261,0.0
20190402,Sulur_Plains,11.0261,77.1261,0.0
20190403,Sulur_Plains,11.0261,77.1261,0.0
20190404,Sulur_Plains,11.0261,77.1261,0.0
20190405,Sulur_Plains,11.0261,77.1261,0.0
20190406,Sulur_Plains,11.0261,77.1261,0.0
20190407,Sulur_Plains,11.0261,77.1261,0.0
20190408,Sulur_Plains,11.0261,77.1261,0.0
20190409,Sulur_Plains,11.0261,77.1261,0.0
20190410,Sulur_Plains,11.0261,77.1261,0.0
20190411,Sulur_Plains,11.0261,77.1261,0.0
20190412,Sulur_Plains,11.0261,77.1261,0.0
20190413,Sulur_Plains,11.0261,77.1261,0.0
20190414,Sulur_Plains,11.0261,77.1261,0.0
20190415,Sulur_Plains,11.0261,77.1261,0.0
20190416,Sulur_Plains,11.0261,77.1261,0.0
20190417,Sulur_Plains,11.0261,77.1261,7.528005123138428
20190418,Sulur_Plains,11.0261,77.1261,7.528005123138428
20190419,Sulur_Plains,11.0261,77.1261,7.528005123138428
20190420,Sulur_Plains,11.0261,77.1261,3.764002561569214
20190421,Sulur_Plains,11.0261,77.1261,0.2100575864315033
20190422,Sulur_Plains,11.0261,77.1261,0.5657606720924377
20190423,Sulur_Plains,11.0261,77.1261,0.1657615751028061
20190424,Sulur_Plains,11.0261,77.1261,0.014718100428581238
20190425,Sulur_Plains,11.0261,77.1261,0.016539571806788445
20190426,Sulur_Plains,11.0261,77.1261,0.8633643388748169
20190427,Sulur_Plains,11.0261,77.1261,1.7267286777496338
20190428,Sulur_Plains,11.0261,77.1261,0.8633643388748169
20190429,Sulur_Plains,11.0261,77.1261,0.0
20190430,Sulur_Plains,11.0261,77.1261,2.5900931358337402
20190501,Sulur_Plains,11.0261,77.1261,3.298415422439575
20190502,Sulur_Plains,11.0261,77.1261,0.0
20190503,Sulur_Plains,11.0261,77.1261,0.0
20190504,Sulur_Plains,11.0261,77.1261,0.0
20190505,Sulur_Plains,11.0261,77.1261,0.0
20190506,Sulur_Plains,11.0261,77.1261,6.772191524505615
20190507,Sulur_Plains,11.0261,77.1261,0.0
20190508,Sulur_Plains,11.0261,77.1261,0.0
20190509,Sulur_Plains,11.0261,77.1261,0.0
20190510,Sulur_Plains,11.0261,77.1261,0.0
20190511,Sulur_Plains,11.0261,77.1261,2.656639337539673
20190512,Sulur_Plains,11.0261,77.1261,0.0
20190513,Sulur_Plains,11.0261,77.1261,2.656639337539673
20190514,Sulur_Plains,11.0261,77.1261,0.0
20190515,Sulur_Plains,11.0261,77.1261,5.313278675079346
20190516,Sulur_Plains,11.0261,77.1261,0.0
20190517,Sulur_Plains,11.0261,77.1261,9.366195678710938
20190518,Sulur_Plains,11.0261,77.1261,0.0
20190519,Sulur_Plains,11.0261,77.1261,0.0
20190520,Sulur_Plains,11.0261,77.1261,0.0
20190521,Sulur_Plains,11.0261,77.1261,0.0
20190522,Sulur_Plains,11.0261,77.1261,0.0
20190523,Sulur_Plains,11.0261,77.1261,1.5609877109527588
20190524,Sulur_Plains,11.0261,77.1261,3.1219754219055176
20190525,Sulur_Plains,11.0261,77.1261,4.682962894439697
20190526,Sulur_Plains,11.0261,77.1261,3.243471145629883
20190527,Sulur_Plains,11.0261,77.1261,0.0
20190528,Sulur_Plains,11.0261,77.1261,3.243471145629883
20190529,Sulur_Plains,11.0261,77.1261,3.243471145629883
20190530,Sulur_Plains,11.0261,77.1261,6.486942291259766
20190531,Sulur_Plains,11.0261,77.1261,3.243471145629883
20190601,Sulur_Plains,11.0261,77.1261,0.0
20190602,Sulur_Plains,11.0261,77.1261,4.026292324066162
20190603,Sulur_Plains,11.0261,77.1261,2.684195041656494
20190604,Sulur_Plains,11.0261,77.1261,4.026292324066162
20190605,Sulur_Plains,11.0261,77.1261,5.368390083312988
20190606,Sulur_Plains,11.0261,77.1261,0.0
20190607,Sulur_Plains,11.0261,77.1261,1.6908199787139893
20190608,Sulur_Plains,11.0261,77.1261,0.0
20190609,Sulur_Plains,11.0261,77.1261,1.6908199787139893
20190610,Sulur_Plains,11.0261,77.1261,0.0
20190611,Sulur_Plains,11.0261,77.1261,0.43997296690940857
20190612,Sulur_Plains,11.0261,77.1261,0.37381622195243835
20190613,Sulur_Plains,11.0261,77.1261,0.38655805587768555
20190614,Sulur_Plains,11.0261,77.1261,0.21197625994682312
20190615,Sulur_Plains,11.0261,77.1261,0.27529066801071167
20190616,Sulur_Plains,11.0261,77.1261,0.0
20190617,Sulur_Plains,11.0261,77.1261,1.632656216621399
20190618,Sulur_Plains,11.0261,77.1261,0.0
20190619,Sulur_Plains,11.0261,77.1261,0.0
20190620,Sulur_Plains,11.0261,77.1261,0.0
20190621,Sulur_Plains,11.0261,77.1261,2.2355551719665527
20190622,Sulur_Plains,11.0261,77.1261,0.0
20190623,Sulur_Plains,11.0261,77.1261,0.0
20190624,Sulur_Plains,11.0261,77.1261,0.0
20190625,Sulur_Plains,11.0261,77.1261,1.1177775859832764
20190626,Sulur_Plains,11.0261,77.1261,0.6176124811172485
20190627,Sulur_Plains,11.0261,77.1261,0.0
20190628,Sulur_Plains,11.0261,77.1261,0.0
20190629,Sulur_Plains,11.0261,77.1261,0.0
20190630,Sulur_Plains,11.0261,77.1261,1.235224962234497
20190701,Sulur_Plains,11.0261,77.1261,0.0
20190702,Sulur_Plains,11.0261,77.1261,0.0
20190703,Sulur_Plains,11.0261,77.1261,0.0
20190704,Sulur_Plains,11.0261,77.1261,0.0
20190705,Sulur_Plains,11.0261,77.1261,0.0
20190706,Sulur_Plains,11.0261,77.1261,0.0
20190707,Sulur_Plains,11.0261,77.1261,0.0
20190708,Sulur_Plains,11.0261,77.1261,0.0
20190709,Sulur_Plains,11.0261,77.1261,0.0
20190710,Sulur_Plains,11.0261,77.1261,0.0
20190711,Sulur_Plains,11.0261,77.1261,0.5477637052536011
20190712,Sulur_Plains,11.0261,77.1261,0.0
20190713,Sulur_Plains,11.0261,77.1261,0.0
20190714,Sulur_Plains,11.0261,77.1261,0.5477637052536011
20190715,Sulur_Plains,11.0261,77.1261,0.0
20190716,Sulur_Plains,11.0261,77.1261,1.6588163375854492
20190717,Sulur_Plains,11.0261,77.1261,0.0
20190718,Sulur_Plains,11.0261,77.1261,1.6588163375854492
20190719,Sulur_Plains,11.0261,77.1261,0.8294081687927246
20190720,Sulur_Plains,11.0261,77.1261,0.0
20190721,Sulur_Plains,11.0261,77.1261,0.0
20190722,Sulur_Plains,11.0261,77.1261,1.115125298500061
20190723,Sulur_Plains,11.0261,77.1261,0.0
20190724,Sulur_Plains,11.0261,77.1261,0.0
20190725,Sulur_Plains,11.0261,77.1261,2.5488579273223877
20190726,Sulur_Plains,11.0261,77.1261,1.8380037546157837
20190727,Sulur_Plains,11.0261,77.1261,0.0
20190728,Sulur_Plains,11.0261,77.1261,0.0
20190729,Sulur_Plains,11.0261,77.1261,0.0
20190730,Sulur_Plains,11.0261,77.1261,1.8380037546157837
20190731,Sulur_Plains,11.0261,77.1261,0.0
20190801,Sulur_Plains,11.0261,77.1261,0.0
20190802,Sulur_Plains,11.0261,77.1261,1.2074767351150513
20190803,Sulur_Plains,11.0261,77.1261,0.0
20190804,Sulur_Plains,11.0261,77.1261,1.2074767351150513
20190805,Sulur_Plains,11.0261,77.1261,1.2074767351150513
20190806,Sulur_Plains,11.0261,77.1261,0.0
20190807,Sulur_Plains,11.0261,77.1261,9.026851654052734
20190808,Sulur_Plains,11.0261,77.1261,22.567129135131836
20190809,Sulur_Plains,11.0261,77.1261,4.513425827026367
20190810,Sulur_Plains,11.0261,77.1261,0.0
20190811,Sulur_Plains,11.0261,77.1261,0.0
20190812,Sulur_Plains,11.0261,77.1261,0.0
20190813,Sulur_Plains,11.0261,77.1261,0.0
20190814,Sulur_Plains,11.0261,77.1261,0.0
20190815,Sulur_Plains,11.0261,77.1261,0.0
20190816,Sulur_Plains,11.0261,77.1261,5.779162883758545
20190817,Sulur_Plains,11.0261,77.1261,2.8895814418792725
20190818,Sulur_Plains,11.0261,77.1261,5.779162883758545
20190819,Sulur_Plains,11.0261,77.1261,5.779162883758545
20190820,Sulur_Plains,11.0261,77.1261,8.668744087219238
20190821,Sulur_Plains,11.0261,77.1261,13.800200462341309
20190822,Sulur_Plains,11.0261,77.1261,6.900100231170654
20190823,Sulur_Plains,11.0261,77.1261,0.0
20190824,Sulur_Plains,11.0261,77.1261,0.0
20190825,Sulur_Plains,11.0261,77.1261,0.0
20190826,Sulur_Plains,11.0261,77.1261,0.0
20190827,Sulur_Plains,11.0261,77.1261,0.0
20190828,Sulur_Plains,11.0261,77.1261,0.0
20190829,Sulur_Plains,11.0261,77.1261,4.862642288208008
20190830,Sulur_Plains,11.0261,77.1261,0.0
20190831,Sulur_Plains,11.0261,77.1261,9.725284576416016
20190901,Sulur_Plains,11.0261,77.1261,0.0
20190902,Sulur_Plains,11.0261,77.1261,3.323772668838501
20190903,Sulur_Plains,11.0261,77.1261,6.647545337677002
20190904,Sulur_Plains,11.0261,77.1261,0.0
20190905,Sulur_Plains,11.0261,77.1261,0.0
20190906,Sulur_Plains,11.0261,77.1261,0.0
20190907,Sulur_Plains,11.0261,77.1261,0.0
20190908,Sulur_Plains,11.0261,77.1261,0.0
20190909,Sulur_Plains,11.0261,77.1261,0.0
20190910,Sulur_Plains,11.0261,77.1261,0.0
20190911,Sulur_Plains,11.0261,77.1261,5.848928451538086
20190912,Sulur_Plains,11.0261,77.1261,3.8992857933044434
20190913,Sulur_Plains,11.0261,77.1261,5.848928451538086
20190914,Sulur_Plains,11.0261,77.1261,1.9496428966522217
20190915,Sulur_Plains,11.0261,77.1261,5.848928451538086
20190916,Sulur_Plains,11.0261,77.1261,6.561023712158203
20190917,Sulur_Plains,11.0261,77.1261,9.841535568237305
20190918,Sulur_Plains,11.0261,77.1261,0.0
20190919,Sulur_Plains,11.0261,77.1261,9.841535568237305
20190920,Sulur_Plains,11.0261,77.1261,0.0
20190921,Sulur_Plains,11.0261,77.1261,0.0
20190922,Sulur_Plains,11.0261,77.1261,5.782433986663818
20190923,Sulur_Plains,11.0261,77.1261,7.709911823272705
20190924,Sulur_Plains,11.0261,77.1261,1.9274779558181763
20190925,Sulur_Plains,11.0261,77.1261,3.8549559116363525
20190926,Sulur_Plains,11.0261,77.1261,0.0
20190927,Sulur_Plains,11.0261,77.1261,9.627503395080566
20190928,Sulur_Plains,11.0261,77.1261,0.0
20190929,Sulur_Plains,11.0261,77.1261,0.0
20190930,Sulur_Plains,11.0261,77.1261,0.0
20191001,Sulur_Plains,11.0261,77.1261,4.8412275314331055
20191002,Sulur_Plains,11.0261,77.1261,0.0
20191003,Sulur_Plains,11.0261,77.1261,0.0
20191004,Sulur_Plains,11.0261,77.1261,2.4206137657165527
20191005,Sulur_Plains,11.0261,77.1261,0.0
20191006,Sulur_Plains,11.0261,77.1261,0.0
20191007,Sulur_Plains,11.0261,77.1261,0.0
20191008,Sulur_Plains,11.0261,77.1261,2.4950132369995117
20191009,Sulur_Plains,11.0261,77.1261,2.4950132369995117
20191010,Sulur_Plains,11.0261,77.1261,0.0
20191011,Sulur_Plains,11.0261,77.1261,2.4848899841308594
20191012,Sulur_Plains,11.0261,77.1261,7.454670429229736
20191013,Sulur_Plains,11.0261,77.1261,4.969779968261719
20191014,Sulur_Plains,11.0261,77.1261,2.4848899841308594
20191015,Sulur_Plains,11.0261,77.1261,9.939559936523438
20191016,Sulur_Plains,11.0261,77.1261,15.147761344909668
20191017,Sulur_Plains,11.0261,77.1261,3.786940336227417
20191018,Sulur_Plains,11.0261,77.1261,3.786940336227417
20191019,Sulur_Plains,11.0261,77.1261,0.0
20191020,Sulur_Plains,11.0261,77.1261,7.573880672454834
20191021,Sulur_Plains,11.0261,77.1261,31.051212310791016
20191022,Sulur_Plains,11.0261,77.1261,12.42048454284668
20191023,Sulur_Plains,11.0261,77.1261,18.630725860595703
20191024,Sulur_Plains,11.0261,77.1261,0.0
20191025,Sulur_Plains,11.0261,77.1261,0.0
20191026,Sulur_Plains,11.0261,77.1261,0.0
20191027,Sulur_Plains,11.0261,77.1261,0.0
20191028,Sulur_Plains,11.0261,77.1261,0.0
20191029,Sulur_Plains,11.0261,77.1261,32.402469635009766
20191030,Sulur_Plains,11.0261,77.1261,0.0
20191031,Sulur_Plains,11.0261,77.1261,0.0
20191101,Sulur_Plains,11.0261,77.1261,0.0
20191102,Sulur_Plains,11.0261,77.1261,0.0
20191103,Sulur_Plains,11.0261,77.1261,18.499435424804688
20191104,Sulur_Plains,11.0261,77.1261,0.0
20191105,Sulur_Plains,11.0261,77.1261,0.0
20191106,Sulur_Plains,11.0261,77.1261,0.0
20191107,Sulur_Plains,11.0261,77.1261,7.521186351776123
20191108,Sulur_Plains,11.0261,77.1261,3.7605931758880615
20191109,Sulur_Plains,11.0261,77.1261,7.521186351776123
20191110,Sulur_Plains,11.0261,77.1261,7.521186351776123
20191111,Sulur_Plains,11.0261,77.1261,13.576966285705566
20191112,Sulur_Plains,11.0261,77.1261,4.189420223236084
20191113,Sulur_Plains,11.0261,77.1261,0.9433780312538147
20191114,Sulur_Plains,11.0261,77.1261,6.845945358276367
20191115,Sulur_Plains,11.0261,77.1261,20.02811622619629
20191116,Sulur_Plains,11.0261,77.1261,0.0
20191117,Sulur_Plains,11.0261,77.1261,0.0
20191118,Sulur_Plains,11.0261,77.1261,0.0
20191119,Sulur_Plains,11.0261,77.1261,0.0
20191120,Sulur_Plains,11.0261,77.1261,17.85393714904785
20191121,Sulur_Plains,11.0261,77.1261,13.593947410583496
20191122,Sulur_Plains,11.0261,77.1261,0.0
20191123,Sulur_Plains,11.0261,77.1261,0.0
20191124,Sulur_Plains,11.0261,77.1261,0.0
20191125,Sulur_Plains,11.0261,77.1261,0.0
20191126,Sulur_Plains,11.0261,77.1261,0.0
20191127,Sulur_Plains,11.0261,77.1261,0.0
20191128,Sulur_Plains,11.0261,77.1261,0.0
20191129,Sulur_Plains,11.0261,77.1261,0.0
20191130,Sulur_Plains,11.0261,77.1261,20.3908748626709
20191201,Sulur_Plains,11.0261,77.1261,0.0
20191202,Sulur_Plains,11.0261,77.1261,0.0
20191203,Sulur_Plains,11.0261,77.1261,0.0
20191204,Sulur_Plains,11.0261,77.1261,0.0
20191205,Sulur_Plains,11.0261,77.1261,0.0
20191206,Sulur_Plains,11.0261,77.1261,0.0
20191207,Sulur_Plains,11.0261,77.1261,6.610779762268066
20191208,Sulur_Plains,11.0261,77.1261,0.0
20191209,Sulur_Plains,11.0261,77.1261,0.0
20191210,Sulur_Plains,11.0261,77.1261,0.0
20191211,Sulur_Plains,11.0261,77.1261,0.0
20191212,Sulur_Plains,11.0261,77.1261,0.0
20191213,Sulur_Plains,11.0261,77.1261,0.0
20191214,Sulur_Plains,11.0261,77.1261,7.086921691894531
20191215,Sulur_Plains,11.0261,77.1261,0.0
20191216,Sulur_Plains,11.0261,77.1261,0.0
20191217,Sulur_Plains,11.0261,77.1261,0.0
20191218,Sulur_Plains,11.0261,77.1261,0.0
20191219,Sulur_Plains,11.0261,77.1261,0.0
20191220,Sulur_Plains,11.0261,77.1261,0.0
20191221,Sulur_Plains,11.0261,77.1261,0.0
20191222,Sulur_Plains,11.0261,77.1261,0.0
20191223,Sulur_Plains,11.0261,77.1261,0.0
20191224,Sulur_Plains,11.0261,77.1261,0.0
20191225,Sulur_Plains,11.0261,77.1261,7.971612930297852
20191226,Sulur_Plains,11.0261,77.1261,0.0
20191227,Sulur_Plains,11.0261,77.1261,0.0
20191228,Sulur_Plains,11.0261,77.1261,0.0
20191229,Sulur_Plains,11.0261,77.1261,0.0
20191230,Sulur_Plains,11.0261,77.1261,0.0
20191231,Sulur_Plains,11.0261,77.1261,0.0
20200101,Sulur_Plains,11.0261,77.1261,0.0
20200102,Sulur_Plains,11.0261,77.1261,0.0
20200103,Sulur_Plains,11.0261,77.1261,0.0
20200104,Sulur_Plains,11.0261,77.1261,0.0
20200105,Sulur_Plains,11.0261,77.1261,0.0
20200106,Sulur_Plains,11.0261,77.1261,0.0
20200107,Sulur_Plains,11.0261,77.1261,0.0
20200108,Sulur_Plains,11.0261,77.1261,0.0
20200109,Sulur_Plains,11.0261,77.1261,0.0
20200110,Sulur_Plains,11.0261,77.1261,0.0
20200111,Sulur_Plains,11.0261,77.1261,0.0
20200112,Sulur_Plains,11.0261,77.1261,0.0
20200113,Sulur_Plains,11.0261,77.1261,0.0
20200114,Sulur_Plains,11.0261,77.1261,0.0
20200115,Sulur_Plains,11.0261,77.1261,0.0
20200116,Sulur_Plains,11.0261,77.1261,0.0
20200117,Sulur_Plains,11.0261,77.1261,0.0
20200118,Sulur_Plains,11.0261,77.1261,0.0
20200119,Sulur_Plains,11.0261,77.1261,0.0
20200120,Sulur_Plains,11.0261,77.1261,0.0
20200121,Sulur_Plains,11.0261,77.1261,0.0
20200122,Sulur_Plains,11.0261,77.1261,0.0
20200123,Sulur_Plains,11.0261,77.1261,0.0
20200124,Sulur_Plains,11.0261,77.1261,0.0
20200125,Sulur_Plains,11.0261,77.1261,0.0
20200126,Sulur_Plains,11.0261,77.1261,0.0
20200127,Sulur_Plains,11.0261,77.1261,0.0
20200128,Sulur_Plains,11.0261,77.1261,0.0
20200129,Sulur_Plains,11.0261,77.1261,0.0
20200130,Sulur_Plains,11.0261,77.1261,0.0
20200131,Sulur_Plains,11.0261,77.1261,0.0
20200201,Sulur_Plains,11.0261,77.1261,0.0
20200202,Sulur_Plains,11.0261,77.1261,0.0
20200203,Sulur_Plains,11.0261,77.1261,0.0
20200204,Sulur_Plains,11.0261,77.1261,0.0
20200205,Sulur_Plains,11.0261,77.1261,0.0
20200206,Sulur_Plains,11.0261,77.1261,0.0
20200207,Sulur_Plains,11.0261,77.1261,0.0
20200208,Sulur_Plains,11.0261,77.1261,0.0
20200209,Sulur_Plains,11.0261,77.1261,0.0
20200210,Sulur_Plains,11.0261,77.1261,0.0
20200211,Sulur_Plains,11.0261,77.1261,0.0
20200212,Sulur_Plains,11.0261,77.1261,0.0
20200213,Sulur_Plains,11.0261,77.1261,0.0
20200214,Sulur_Plains,11.0261,77.1261,0.0
20200215,Sulur_Plains,11.0261,77.1261,0.0
20200216,Sulur_Plains,11.0261,77.1261,0.0
20200217,Sulur_Plains,11.0261,77.1261,0.0
20200218,Sulur_Plains,11.0261,77.1261,0.0
20200219,Sulur_Plains,11.0261,77.1261,0.0
20200220,Sulur_Plains,11.0261,77.1261,0.0
20200221,Sulur_Plains,11.0261,77.1261,0.0
20200222,Sulur_Plains,11.0261,77.1261,0.0
20200223,Sulur_Plains,11.0261,77.1261,3.308030843734741
20200224,Sulur_Plains,11.0261,77.1261,0.0
20200225,Sulur_Plains,11.0261,77.1261,0.0
20200226,Sulur_Plains,11.0261,77.1261,0.0
20200227,Sulur_Plains,11.0261,77.1261,0.0
20200228,Sulur_Plains,11.0261,77.1261,0.0
20200229,Sulur_Plains,11.0261,77.1261,0.0
20200301,Sulur_Plains,11.0261,77.1261,0.0
20200302,Sulur_Plains,11.0261,77.1261,0.0
20200303,Sulur_Plains,11.0261,77.1261,0.0
20200304,Sulur_Plains,11.0261,77.1261,0.0
20200305,Sulur_Plains,11.0261,77.1261,0.0
20200306,Sulur_Plains,11.0261,77.1261,0.0
20200307,Sulur_Plains,11.0261,77.1261,0.0
20200308,Sulur_Plains,11.0261,77.1261,0.0
20200309,Sulur_Plains,11.0261,77.1261,6.952104568481445
20200310,Sulur_Plains,11.0261,77.1261,0.0
20200311,Sulur_Plains,11.0261,77.1261,0.0
20200312,Sulur_Plains,11.0261,77.1261,0.0
20200313,Sulur_Plains,11.0261,77.1261,0.0
20200314,Sulur_Plains,11.0261,77.1261,0.0
20200315,Sulur_Plains,11.0261,77.1261,0.0
20200316,Sulur_Plains,11.0261,77.1261,0.0
20200317,Sulur_Plains,11.0261,77.1261,0.0
20200318,Sulur_Plains,11.0261,77.1261,0.0
20200319,Sulur_Plains,11.0261,77.1261,0.0
20200320,Sulur_Plains,11.0261,77.1261,2.8602147102355957
20200321,Sulur_Plains,11.0261,77.1261,2.400698661804199
20200322,Sulur_Plains,11.0261,77.1261,0.0
20200323,Sulur_Plains,11.0261,77.1261,2.400698661804199
20200324,Sulur_Plains,11.0261,77.1261,0.0
20200325,Sulur_Plains,11.0261,77.1261,0.0
20200326,Sulur_Plains,11.0261,77.1261,0.0
20200327,Sulur_Plains,11.0261,77.1261,0.0
20200328,Sulur_Plains,11.0261,77.1261,0.0
20200329,Sulur_Plains,11.0261,77.1261,0.0
20200330,Sulur_Plains,11.0261,77.1261,0.0
20200331,Sulur_Plains,11.0261,77.1261,0.0
20200401,Sulur_Plains,11.0261,77.1261,0.0
20200402,Sulur_Plains,11.0261,77.1261,0.0
20200403,Sulur_Plains,11.0261,77.1261,0.0
20200404,Sulur_Plains,11.0261,77.1261,0.0
20200405,Sulur_Plains,11.0261,77.1261,1.8446404933929443
20200406,Sulur_Plains,11.0261,77.1261,0.0
20200407,Sulur_Plains,11.0261,77.1261,4.598254203796387
20200408,Sulur_Plains,11.0261,77.1261,2.2991271018981934
20200409,Sulur_Plains,11.0261,77.1261,0.0
20200410,Sulur_Plains,11.0261,77.1261,0.0
20200411,Sulur_Plains,11.0261,77.1261,0.0
20200412,Sulur_Plains,11.0261,77.1261,0.0
20200413,Sulur_Plains,11.0261,77.1261,0.0
20200414,Sulur_Plains,11.0261,77.1261,0.0
20200415,Sulur_Plains,11.0261,77.1261,0.0
20200416,Sulur_Plains,11.0261,77.1261,0.0
20200417,Sulur_Plains,11.0261,77.1261,0.0
20200418,Sulur_Plains,11.0261,77.1261,0.0
20200419,Sulur_Plains,11.0261,77.1261,0.0
20200420,Sulur_Plains,11.0261,77.1261,0.0
20200421,Sulur_Plains,11.0261,77.1261,0.0
20200422,Sulur_Plains,11.0261,77.1261,0.0
20200423,Sulur_Plains,11.0261,77.1261,0.0
20200424,Sulur_Plains,11.0261,77.1261,1.5768003463745117
20200425,Sulur_Plains,11.0261,77.1261,3.1536006927490234
20200426,Sulur_Plains,11.0261,77.1261,7.346085548400879
20200427,Sulur_Plains,11.0261,77.1261,0.0
20200428,Sulur_Plains,11.0261,77.1261,11.01912784576416
20200429,Sulur_Plains,11.0261,77.1261,3.6730427742004395
20200430,Sulur_Plains,11.0261,77.1261,0.0
20200501,Sulur_Plains,11.0261,77.1261,0.0
20200502,Sulur_Plains,11.0261,77.1261,1.5415700674057007
20200503,Sulur_Plains,11.0261,77.1261,0.0
20200504,Sulur_Plains,11.0261,77.1261,0.0
20200505,Sulur_Plains,11.0261,77.1261,0.0
20200506,Sulur_Plains,11.0261,77.1261,2.718657970428467
20200507,Sulur_Plains,11.0261,77.1261,2.718657970428467
20200508,Sulur_Plains,11.0261,77.1261,0.0
20200509,Sulur_Plains,11.0261,77.1261,0.0
20200510,Sulur_Plains,11.0261,77.1261,0.0
20200511,Sulur_Plains,11.0261,77.1261,3.0136301517486572
20200512,Sulur_Plains,11.0261,77.1261,0.0
20200513,Sulur_Plains,11.0261,77.1261,1.5068150758743286
20200514,Sulur_Plains,11.0261,77.1261,3.0136301517486572
20200515,Sulur_Plains,11.0261,77.1261,0.0
20200516,Sulur_Plains,11.0261,77.1261,3.5528392791748047
20200517,Sulur_Plains,11.0261,77.1261,5.329258918762207
20200518,Sulur_Plains,11.0261,77.1261,0.0
20200519,Sulur_Plains,11.0261,77.1261,1.7764196395874023
20200520,Sulur_Plains,11.0261,77.1261,1.7764196395874023
20200521,Sulur_Plains,11.0261,77.1261,2.1330933570861816
20200522,Sulur_Plains,11.0261,77.1261,1.4138365983963013
20200523,Sulur_Plains,11.0261,77.1261,3.192894697189331
20200524,Sulur_Plains,11.0261,77.1261,1.1943857669830322
20200525,Sulur_Plains,11.0261,77.1261,2.899393320083618
20200526,Sulur_Plains,11.0261,77.1261,0.0
20200527,Sulur_Plains,11.0261,77.1261,2.833536386489868
20200528,Sulur_Plains,11.0261,77.1261,8.500609397888184
20200529,Sulur_Plains,11.0261,77.1261,0.0
20200530,Sulur_Plains,11.0261,77.1261,0.0
20200531,Sulur_Plains,11.0261,77.1261,0.0
20200601,Sulur_Plains,11.0261,77.1261,1.5555328130722046
20200602,Sulur_Plains,11.0261,77.1261,1.0737404823303223
20200603,Sulur_Plains,11.0261,77.1261,1.5504302978515625
20200604,Sulur_Plains,11.0261,77.1261,1.1076878309249878
20200605,Sulur_Plains,11.0261,77.1261,0.863939106464386
20200606,Sulur_Plains,11.0261,77.1261,1.9797511100769043
20200607,Sulur_Plains,11.0261,77.1261,0.0
20200608,Sulur_Plains,11.0261,77.1261,0.0
20200609,Sulur_Plains,11.0261,77.1261,0.0
20200610,Sulur_Plains,11.0261,77.1261,1.9797511100769043
20200611,Sulur_Plains,11.0261,77.1261,0.40095779299736023
20200612,Sulur_Plains,11.0261,77.1261,0.3686419725418091
20200613,Sulur_Plains,11.0261,77.1261,0.13377368450164795
20200614,Sulur_Plains,11.0261,77.1261,0.640002429485321
20200615,Sulur_Plains,11.0261,77.1261,0.1510027050971985
20200616,Sulur_Plains,11.0261,77.1261,0.0
20200617,Sulur_Plains,11.0261,77.1261,0.8051577806472778
20200618,Sulur_Plains,11.0261,77.1261,0.8051577806472778
20200619,Sulur_Plains,11.0261,77.1261,0.0
20200620,Sulur_Plains,11.0261,77.1261,0.0
20200621,Sulur_Plains,11.0261,77.1261,1.1842527389526367
20200622,Sulur_Plains,11.0261,77.1261,0.0
20200623,Sulur_Plains,11.0261,77.1261,0.0
20200624,Sulur_Plains,11.0261,77.1261,2.3685054779052734
20200625,Sulur_Plains,11.0261,77.1261,1.1842527389526367
20200626,Sulur_Plains,11.0261,77.1261,0.0
20200627,Sulur_Plains,11.0261,77.1261,0.0
20200628,Sulur_Plains,11.0261,77.1261,3.4179253578186035
20200629,Sulur_Plains,11.0261,77.1261,0.0
20200630,Sulur_Plains,11.0261,77.1261,0.0
20200701,Sulur_Plains,11.0261,77.1261,0.0
20200702,Sulur_Plains,11.0261,77.1261,0.9414052963256836
20200703,Sulur_Plains,11.0261,77.1261,0.9414052963256836
20200704,Sulur_Plains,11.0261,77.1261,1.8828105926513672
20200705,Sulur_Plains,11.0261,77.1261,0.4707026481628418
20200706,Sulur_Plains,11.0261,77.1261,1.6515320539474487
20200707,Sulur_Plains,11.0261,77.1261,0.0
20200708,Sulur_Plains,11.0261,77.1261,0.0
20200709,Sulur_Plains,11.0261,77.1261,1.6515320539474487
20200710,Sulur_Plains,11.0261,77.1261,0.0
20200711,Sulur_Plains,11.0261,77.1261,1.0399198532104492
20200712,Sulur_Plains,11.0261,77.1261,0.0
20200713,Sulur_Plains,11.0261,77.1261,1.0399198532104492
20200714,Sulur_Plains,11.0261,77.1261,1.0399198532104492
20200715,Sulur_Plains,11.0261,77.1261,1.5598797798156738
20200716,Sulur_Plains,11.0261,77.1261,0.20006991922855377
20200717,Sulur_Plains,11.0261,77.1261,0.2227904349565506
20200718,Sulur_Plains,11.0261,77.1261,2.0518336296081543
20200719,Sulur_Plains,11.0261,77.1261,1.6885058879852295
20200720,Sulur_Plains,11.0261,77.1261,0.8119175434112549
20200721,Sulur_Plains,11.0261,77.1261,0.0
20200722,Sulur_Plains,11.0261,77.1261,1.2428102493286133
20200723,Sulur_Plains,11.0261,77.1261,4.971240997314453
20200724,Sulur_Plains,11.0261,77.1261,1.2428102493286133
20200725,Sulur_Plains,11.0261,77.1261,1.2428102493286133
20200726,Sulur_Plains,11.0261,77.1261,0.0
20200727,Sulur_Plains,11.0261,77.1261,1.2160600423812866
20200728,Sulur_Plains,11.0261,77.1261,4.8642401695251465
20200729,Sulur_Plains,11.0261,77.1261,2.4321200847625732
20200730,Sulur_Plains,11.0261,77.1261,0.0
20200731,Sulur_Plains,11.0261,77.1261,2.4321200847625732
20200801,Sulur_Plains,11.0261,77.1261,6.28897762298584
20200802,Sulur_Plains,11.0261,77.1261,0.0
20200803,Sulur_Plains,11.0261,77.1261,0.0
20200804,Sulur_Plains,11.0261,77.1261,6.28897762298584
20200805,Sulur_Plains,11.0261,77.1261,0.0
20200806,Sulur_Plains,11.0261,77.1261,3.3688035011291504
20200807,Sulur_Plains,11.0261,77.1261,0.0
20200808,Sulur_Plains,11.0261,77.1261,6.737607002258301
20200809,Sulur_Plains,11.0261,77.1261,3.3688035011291504
20200810,Sulur_Plains,11.0261,77.1261,0.0
20200811,Sulur_Plains,11.0261,77.1261,0.0
20200812,Sulur_Plains,11.0261,77.1261,0.0
20200813,Sulur_Plains,11.0261,77.1261,0.0
20200814,Sulur_Plains,11.0261,77.1261,3.988386631011963
20200815,Sulur_Plains,11.0261,77.1261,1.3294621706008911
20200816,Sulur_Plains,11.0261,77.1261,1.367497205734253
20200817,Sulur_Plains,11.0261,77.1261,0.0
20200818,Sulur_Plains,11.0261,77.1261,0.0
20200819,Sulur_Plains,11.0261,77.1261,0.0
20200820,Sulur_Plains,11.0261,77.1261,1.367497205734253
20200821,Sulur_Plains,11.0261,77.1261,1.4547605514526367
20200822,Sulur_Plains,11.0261,77.1261,1.4547605514526367
20200823,Sulur_Plains,11.0261,77.1261,2.9095211029052734
20200824,Sulur_Plains,11.0261,77.1261,2.9095211029052734
20200825,Sulur_Plains,11.0261,77.1261,2.9095211029052734
20200826,Sulur_Plains,11.0261,77.1261,2.761251926422119
20200827,Sulur_Plains,11.0261,77.1261,0.0
20200828,Sulur_Plains,11.0261,77.1261,0.0
20200829,Sulur_Plains,11.0261,77.1261,0.0
20200830,Sulur_Plains,11.0261,77.1261,1.3806259632110596
20200831,Sulur_Plains,11.0261,77.1261,4.1418776512146
20200901,Sulur_Plains,11.0261,77.1261,9.364500999450684
20200902,Sulur_Plains,11.0261,77.1261,4.682250499725342
20200903,Sulur_Plains,11.0261,77.1261,2.341125249862671
20200904,Sulur_Plains,11.0261,77.1261,2.341125249862671
20200905,Sulur_Plains,11.0261,77.1261,2.341125249862671
20200906,Sulur_Plains,11.0261,77.1261,7.687004089355469
20200907,Sulur_Plains,11.0261,77.1261,0.0
20200908,Sulur_Plains,11.0261,77.1261,3.8435020446777344
20200909,Sulur_Plains,11.0261,77.1261,11.530506134033203
20200910,Sulur_Plains,11.0261,77.1261,0.0
20200911,Sulur_Plains,11.0261,77.1261,2.2058420181274414
20200912,Sulur_Plains,11.0261,77.1261,2.2058420181274414
20200913,Sulur_Plains,11.0261,77.1261,11.029210090637207
20200914,Sulur_Plains,11.0261,77.1261,0.0
20200915,Sulur_Plains,11.0261,77.1261,0.0
20200916,Sulur_Plains,11.0261,77.1261,0.864864706993103
20200917,Sulur_Plains,11.0261,77.1261,0.666461169719696
20200918,Sulur_Plains,11.0261,77.1261,1.0357003211975098
20200919,Sulur_Plains,11.0261,77.1261,3.0150468349456787
20200920,Sulur_Plains,11.0261,77.1261,1.3155598640441895
20200921,Sulur_Plains,11.0261,77.1261,0.0
20200922,Sulur_Plains,11.0261,77.1261,1.2709351778030396
20200923,Sulur_Plains,11.0261,77.1261,0.0
20200924,Sulur_Plains,11.0261,77.1261,0.0
20200925,Sulur_Plains,11.0261,77.1261,1.2709351778030396
20200926,Sulur_Plains,11.0261,77.1261,3.3335843086242676
20200927,Sulur_Plains,11.0261,77.1261,5.0003767013549805
20200928,Sulur_Plains,11.0261,77.1261,5.0003767013549805
20200929,Sulur_Plains,11.0261,77.1261,6.667168617248535
20200930,Sulur_Plains,11.0261,77.1261,1.6667921543121338
20201001,Sulur_Plains,11.0261,77.1261,0.0
20201002,Sulur_Plains,11.0261,77.1261,0.0
20201003,Sulur_Plains,11.0261,77.1261,0.0
20201004,Sulur_Plains,11.0261,77.1261,0.0
20201005,Sulur_Plains,11.0261,77.1261,0.0
20201006,Sulur_Plains,11.0261,77.1261,0.0
20201007,Sulur_Plains,11.0261,77.1261,3.6950809955596924
20201008,Sulur_Plains,11.0261,77.1261,7.390161991119385
20201009,Sulur_Plains,11.0261,77.1261,11.085243225097656
20201010,Sulur_Plains,11.0261,77.1261,3.6950809955596924
20201011,Sulur_Plains,11.0261,77.1261,0.0
20201012,Sulur_Plains,11.0261,77.1261,0.0
20201013,Sulur_Plains,11.0261,77.1261,0.0
20201014,Sulur_Plains,11.0261,77.1261,0.0
20201015,Sulur_Plains,11.0261,77.1261,0.0
20201016,Sulur_Plains,11.0261,77.1261,0.0
20201017,Sulur_Plains,11.0261,77.1261,6.835612773895264
20201018,Sulur_Plains,11.0261,77.1261,4.557075023651123
20201019,Sulur_Plains,11.0261,77.1261,0.0
20201020,Sulur_Plains,11.0261,77.1261,9.114150047302246
20201021,Sulur_Plains,11.0261,77.1261,10.972599029541016
20201022,Sulur_Plains,11.0261,77.1261,0.0
20201023,Sulur_Plains,11.0261,77.1261,0.0
20201024,Sulur_Plains,11.0261,77.1261,0.0
20201025,Sulur_Plains,11.0261,77.1261,5.486299514770508
20201026,Sulur_Plains,11.0261,77.1261,0.8961908221244812
20201027,Sulur_Plains,11.0261,77.1261,0.64311683177948
20201028,Sulur_Plains,11.0261,77.1261,0.26299765706062317
20201029,Sulur_Plains,11.0261,77.1261,0.2728726863861084
20201030,Sulur_Plains,11.0261,77.1261,0.4446549117565155
20201031,Sulur_Plains,11.0261,77.1261,0.045949023216962814
20201101,Sulur_Plains,11.0261,77.1261,0.0
20201102,Sulur_Plains,11.0261,77.1261,5.755362510681152
20201103,Sulur_Plains,11.0261,77.1261,5.755362510681152
20201104,Sulur_Plains,11.0261,77.1261,5.755362510681152
20201105,Sulur_Plains,11.0261,77.1261,5.755362510681152
20201106,Sulur_Plains,11.0261,77.1261,0.0
20201107,Sulur_Plains,11.0261,77.1261,14.135082244873047
20201108,Sulur_Plains,11.0261,77.1261,0.0
20201109,Sulur_Plains,11.0261,77.1261,0.0
20201110,Sulur_Plains,11.0261,77.1261,0.0
20201111,Sulur_Plains,11.0261,77.1261,0.0
20201112,Sulur_Plains,11.0261,77.1261,0.0
20201113,Sulur_Plains,11.0261,77.1261,5.646245956420898
20201114,Sulur_Plains,11.0261,77.1261,0.0
20201115,Sulur_Plains,11.0261,77.1261,11.292491912841797
20201116,Sulur_Plains,11.0261,77.1261,32.302093505859375
20201117,Sulur_Plains,11.0261,77.1261,16.151046752929688
20201118,Sulur_Plains,11.0261,77.1261,0.0
20201119,Sulur_Plains,11.0261,77.1261,0.0
20201120,Sulur_Plains,11.0261,77.1261,0.0
20201121,Sulur_Plains,11.0261,77.1261,0.0
20201122,Sulur_Plains,11.0261,77.1261,7.300293445587158
20201123,Sulur_Plains,11.0261,77.1261,7.300293445587158
20201124,Sulur_Plains,11.0261,77.1261,7.300293445587158
20201125,Sulur_Plains,11.0261,77.1261,21.900880813598633
20201126,Sulur_Plains,11.0261,77.1261,0.0
20201127,Sulur_Plains,11.0261,77.1261,0.0
20201128,Sulur_Plains,11.0261,77.1261,0.0
20201129,Sulur_Plains,11.0261,77.1261,0.0
20201130,Sulur_Plains,11.0261,77.1261,0.0
20201201,Sulur_Plains,11.0261,77.1261,4.815203666687012
20201202,Sulur_Plains,11.0261,77.1261,9.630407333374023
20201203,Sulur_Plains,11.0261,77.1261,33.706424713134766
20201204,Sulur_Plains,11.0261,77.1261,4.815203666687012
20201205,Sulur_Plains,11.0261,77.1261,0.0
20201206,Sulur_Plains,11.0261,77.1261,0.0
20201207,Sulur_Plains,11.0261,77.1261,0.0
20201208,Sulur_Plains,11.0261,77.1261,0.0
20201209,Sulur_Plains,11.0261,77.1261,0.0
20201210,Sulur_Plains,11.0261,77.1261,0.0
20201211,Sulur_Plains,11.0261,77.1261,0.0
20201212,Sulur_Plains,11.0261,77.1261,0.0
20201213,Sulur_Plains,11.0261,77.1261,0.0
20201214,Sulur_Plains,11.0261,77.1261,0.0
20201215,Sulur_Plains,11.0261,77.1261,0.0
20201216,Sulur_Plains,11.0261,77.1261,0.0
20201217,Sulur_Plains,11.0261,77.1261,0.0
20201218,Sulur_Plains,11.0261,77.1261,0.0
20201219,Sulur_Plains,11.0261,77.1261,0.0
20201220,Sulur_Plains,11.0261,77.1261,0.0
20201221,Sulur_Plains,11.0261,77.1261,0.0
20201222,Sulur_Plains,11.0261,77.1261,0.0
20201223,Sulur_Plains,11.0261,77.1261,0.0
20201224,Sulur_Plains,11.0261,77.1261,0.0
20201225,Sulur_Plains,11.0261,77.1261,0.0
20201226,Sulur_Plains,11.0261,77.1261,0.0
20201227,Sulur_Plains,11.0261,77.1261,0.0
20201228,Sulur_Plains,11.0261,77.1261,0.0
20201229,Sulur_Plains,11.0261,77.1261,0.0
20201230,Sulur_Plains,11.0261,77.1261,0.0
20201231,Sulur_Plains,11.0261,77.1261,0.0
20210101,Sulur_Plains,11.0261,77.1261,0.0
20210102,Sulur_Plains,11.0261,77.1261,0.0
20210103,Sulur_Plains,11.0261,77.1261,0.0
20210104,Sulur_Plains,11.0261,77.1261,0.0
20210105,Sulur_Plains,11.0261,77.1261,0.0
20210106,Sulur_Plains,11.0261,77.1261,4.605338096618652
20210107,Sulur_Plains,11.0261,77.1261,3.070225477218628
20210108,Sulur_Plains,11.0261,77.1261,0.0
20210109,Sulur_Plains,11.0261,77.1261,0.0
20210110,Sulur_Plains,11.0261,77.1261,4.605338096618652
20210111,Sulur_Plains,11.0261,77.1261,1.4318039417266846
20210112,Sulur_Plains,11.0261,77.1261,0.4772679805755615
20210113,Sulur_Plains,11.0261,77.1261,0.4772679805755615
20210114,Sulur_Plains,11.0261,77.1261,0.0
20210115,Sulur_Plains,11.0261,77.1261,0.0
20210116,Sulur_Plains,11.0261,77.1261,0.0
20210117,Sulur_Plains,11.0261,77.1261,0.0
20210118,Sulur_Plains,11.0261,77.1261,0.0
20210119,Sulur_Plains,11.0261,77.1261,0.0
20210120,Sulur_Plains,11.0261,77.1261,0.0
20210121,Sulur_Plains,11.0261,77.1261,0.0
20210122,Sulur_Plains,11.0261,77.1261,0.0
20210123,Sulur_Plains,11.0261,77.1261,0.0
20210124,Sulur_Plains,11.0261,77.1261,0.0
20210125,Sulur_Plains,11.0261,77.1261,0.0
20210126,Sulur_Plains,11.0261,77.1261,0.0
20210127,Sulur_Plains,11.0261,77.1261,0.0
20210128,Sulur_Plains,11.0261,77.1261,0.0
20210129,Sulur_Plains,11.0261,77.1261,0.0
20210130,Sulur_Plains,11.0261,77.1261,0.0
20210131,Sulur_Plains,11.0261,77.1261,0.0
20210201,Sulur_Plains,11.0261,77.1261,0.0
20210202,Sulur_Plains,11.0261,77.1261,0.0
20210203,Sulur_Plains,11.0261,77.1261,0.0
20210204,Sulur_Plains,11.0261,77.1261,0.0
20210205,Sulur_Plains,11.0261,77.1261,0.0
20210206,Sulur_Plains,11.0261,77.1261,0.0
20210207,Sulur_Plains,11.0261,77.1261,0.0
20210208,Sulur_Plains,11.0261,77.1261,0.0
20210209,Sulur_Plains,11.0261,77.1261,0.0
20210210,Sulur_Plains,11.0261,77.1261,0.0
20210211,Sulur_Plains,11.0261,77.1261,0.0
20210212,Sulur_Plains,11.0261,77.1261,0.0
20210213,Sulur_Plains,11.0261,77.1261,0.0
20210214,Sulur_Plains,11.0261,77.1261,0.0
20210215,Sulur_Plains,11.0261,77.1261,2.8072690963745117
20210216,Sulur_Plains,11.0261,77.1261,0.0
20210217,Sulur_Plains,11.0261,77.1261,0.0
20210218,Sulur_Plains,11.0261,77.1261,0.0
20210219,Sulur_Plains,11.0261,77.1261,0.0
20210220,Sulur_Plains,11.0261,77.1261,2.5537946224212646
20210221,Sulur_Plains,11.0261,77.1261,0.0
20210222,Sulur_Plains,11.0261,77.1261,0.0
20210223,Sulur_Plains,11.0261,77.1261,0.0
20210224,Sulur_Plains,11.0261,77.1261,0.0
20210225,Sulur_Plains,11.0261,77.1261,0.0
20210226,Sulur_Plains,11.0261,77.1261,0.0
20210227,Sulur_Plains,11.0261,77.1261,0.0
20210228,Sulur_Plains,11.0261,77.1261,0.0
20210301,Sulur_Plains,11.0261,77.1261,0.0
20210302,Sulur_Plains,11.0261,77.1261,0.0
20210303,Sulur_Plains,11.0261,77.1261,0.0
20210304,Sulur_Plains,11.0261,77.1261,0.0
20210305,Sulur_Plains,11.0261,77.1261,0.0
20210306,Sulur_Plains,11.0261,77.1261,0.0
20210307,Sulur_Plains,11.0261,77.1261,0.0
20210308,Sulur_Plains,11.0261,77.1261,0.0
20210309,Sulur_Plains,11.0261,77.1261,0.0
20210310,Sulur_Plains,11.0261,77.1261,12.039159774780273
20210311,Sulur_Plains,11.0261,77.1261,0.0
20210312,Sulur_Plains,11.0261,77.1261,0.0
20210313,Sulur_Plains,11.0261,77.1261,0.0
20210314,Sulur_Plains,11.0261,77.1261,0.0
20210315,Sulur_Plains,11.0261,77.1261,0.0
20210316,Sulur_Plains,11.0261,77.1261,0.0
20210317,Sulur_Plains,11.0261,77.1261,0.0
20210318,Sulur_Plains,11.0261,77.1261,0.0
20210319,Sulur_Plains,11.0261,77.1261,0.0
20210320,Sulur_Plains,11.0261,77.1261,3.0926923751831055
20210321,Sulur_Plains,11.0261,77.1261,11.218696594238281
20210322,Sulur_Plains,11.0261,77.1261,0.0
20210323,Sulur_Plains,11.0261,77.1261,0.0
20210324,Sulur_Plains,11.0261,77.1261,0.0
20210325,Sulur_Plains,11.0261,77.1261,0.0
20210326,Sulur_Plains,11.0261,77.1261,0.0
20210327,Sulur_Plains,11.0261,77.1261,0.0
20210328,Sulur_Plains,11.0261,77.1261,0.0
20210329,Sulur_Plains,11.0261,77.1261,0.0
20210330,Sulur_Plains,11.0261,77.1261,0.0
20210331,Sulur_Plains,11.0261,77.1261,0.0
20210401,Sulur_Plains,11.0261,77.1261,1.160284399986267
20210402,Sulur_Plains,11.0261,77.1261,0.0
20210403,Sulur_Plains,11.0261,77.1261,0.0
20210404,Sulur_Plains,11.0261,77.1261,0.0
20210405,Sulur_Plains,11.0261,77.1261,0.0
20210406,Sulur_Plains,11.0261,77.1261,0.0
20210407,Sulur_Plains,11.0261,77.1261,0.0
20210408,Sulur_Plains,11.0261,77.1261,0.0
20210409,Sulur_Plains,11.0261,77.1261,0.0
20210410,Sulur_Plains,11.0261,77.1261,0.0
20210411,Sulur_Plains,11.0261,77.1261,0.0
20210412,Sulur_Plains,11.0261,77.1261,4.401779651641846
20210413,Sulur_Plains,11.0261,77.1261,2.9345200061798096
20210414,Sulur_Plains,11.0261,77.1261,5.869040012359619
20210415,Sulur_Plains,11.0261,77.1261,2.9345200061798096
20210416,Sulur_Plains,11.0261,77.1261,1.3358051776885986
20210417,Sulur_Plains,11.0261,77.1261,1.3358051776885986
20210418,Sulur_Plains,11.0261,77.1261,0.0
20210419,Sulur_Plains,11.0261,77.1261,2.6716103553771973
20210420,Sulur_Plains,11.0261,77.1261,2.6716103553771973
20210421,Sulur_Plains,11.0261,77.1261,0.0
20210422,Sulur_Plains,11.0261,77.1261,0.0
20210423,Sulur_Plains,11.0261,77.1261,0.0
20210424,Sulur_Plains,11.0261,77.1261,9.66586971282959
20210425,Sulur_Plains,11.0261,77.1261,3.221956253051758
20210426,Sulur_Plains,11.0261,77.1261,0.0
20210427,Sulur_Plains,11.0261,77.1261,2.402064085006714
20210428,Sulur_Plains,11.0261,77.1261,0.0
20210429,Sulur_Plains,11.0261,77.1261,0.0
20210430,Sulur_Plains,11.0261,77.1261,0.0
20210501,Sulur_Plains,11.0261,77.1261,0.0
20210502,Sulur_Plains,11.0261,77.1261,2.3661463260650635
20210503,Sulur_Plains,11.0261,77.1261,2.3661463260650635
20210504,Sulur_Plains,11.0261,77.1261,4.732292652130127
20210505,Sulur_Plains,11.0261,77.1261,0.0
20210506,Sulur_Plains,11.0261,77.1261,0.0
20210507,Sulur_Plains,11.0261,77.1261,1.9800928831100464
20210508,Sulur_Plains,11.0261,77.1261,0.0
20210509,Sulur_Plains,11.0261,77.1261,0.0
20210510,Sulur_Plains,11.0261,77.1261,3.9601857662200928
20210511,Sulur_Plains,11.0261,77.1261,0.0
20210512,Sulur_Plains,11.0261,77.1261,5.121658802032471
20210513,Sulur_Plains,11.0261,77.1261,15.36497688293457
20210514,Sulur_Plains,11.0261,77.1261,0.0
20210515,Sulur_Plains,11.0261,77.1261,20.486635208129883
20210516,Sulur_Plains,11.0261,77.1261,0.0
20210517,Sulur_Plains,11.0261,77.1261,0.0
20210518,Sulur_Plains,11.0261,77.1261,0.0
20210519,Sulur_Plains,11.0261,77.1261,20.3197078704834
20210520,Sulur_Plains,11.0261,77.1261,13.54647159576416
20210521,Sulur_Plains,11.0261,77.1261,5.189859390258789
20210522,Sulur_Plains,11.0261,77.1261,0.0
20210523,Sulur_Plains,11.0261,77.1261,0.0
20210524,Sulur_Plains,11.0261,77.1261,0.0
20210525,Sulur_Plains,11.0261,77.1261,5.189859390258789
20210526,Sulur_Plains,11.0261,77.1261,0.0
20210527,Sulur_Plains,11.0261,77.1261,0.0
20210528,Sulur_Plains,11.0261,77.1261,0.0
20210529,Sulur_Plains,11.0261,77.1261,0.0
20210530,Sulur_Plains,11.0261,77.1261,0.0
20210531,Sulur_Plains,11.0261,77.1261,0.0
20210601,Sulur_Plains,11.0261,77.1261,0.0
20210602,Sulur_Plains,11.0261,77.1261,2.3083531856536865
20210603,Sulur_Plains,11.0261,77.1261,2.3083531856536865
20210604,Sulur_Plains,11.0261,77.1261,6.9250593185424805
20210605,Sulur_Plains,11.0261,77.1261,4.616706371307373
20210606,Sulur_Plains,11.0261,77.1261,0.0
20210607,Sulur_Plains,11.0261,77.1261,0.0
20210608,Sulur_Plains,11.0261,77.1261,2.8929247856140137
20210609,Sulur_Plains,11.0261,77.1261,0.0
20210610,Sulur_Plains,11.0261,77.1261,0.0
20210611,Sulur_Plains,11.0261,77.1261,0.0
20210612,Sulur_Plains,11.0261,77.1261,2.448850631713867
20210613,Sulur_Plains,11.0261,77.1261,0.0
20210614,Sulur_Plains,11.0261,77.1261,0.0
20210615,Sulur_Plains,11.0261,77.1261,0.0
20210616,Sulur_Plains,11.0261,77.1261,0.0
20210617,Sulur_Plains,11.0261,77.1261,0.0
20210618,Sulur_Plains,11.0261,77.1261,1.5249398946762085
20210619,Sulur_Plains,11.0261,77.1261,0.7624699473381042
20210620,Sulur_Plains,11.0261,77.1261,0.0
20210621,Sulur_Plains,11.0261,77.1261,0.0
20210622,Sulur_Plains,11.0261,77.1261,1.804520845413208
20210623,Sulur_Plains,11.0261,77.1261,1.804520845413208
20210624,Sulur_Plains,11.0261,77.1261,0.0
20210625,Sulur_Plains,11.0261,77.1261,0.0
20210626,Sulur_Plains,11.0261,77.1261,0.0
20210627,Sulur_Plains,11.0261,77.1261,0.0
20210628,Sulur_Plains,11.0261,77.1261,0.0
20210629,Sulur_Plains,11.0261,77.1261,1.6095259189605713
20210630,Sulur_Plains,11.0261,77.1261,0.0
20210701,Sulur_Plains,11.0261,77.1261,2.5896170139312744
20210702,Sulur_Plains,11.0261,77.1261,0.0
20210703,Sulur_Plains,11.0261,77.1261,0.0
20210704,Sulur_Plains,11.0261,77.1261,2.5896170139312744
20210705,Sulur_Plains,11.0261,77.1261,0.0
20210706,Sulur_Plains,11.0261,77.1261,0.0
20210707,Sulur_Plains,11.0261,77.1261,0.4485556483268738
20210708,Sulur_Plains,11.0261,77.1261,0.8971112966537476
20210709,Sulur_Plains,11.0261,77.1261,0.8971112966537476
20210710,Sulur_Plains,11.0261,77.1261,0.4485556483268738
20210711,Sulur_Plains,11.0261,77.1261,0.5661662817001343
20210712,Sulur_Plains,11.0261,77.1261,0.0
20210713,Sulur_Plains,11.0261,77.1261,0.0
20210714,Sulur_Plains,11.0261,77.1261,0.5661662817001343
20210715,Sulur_Plains,11.0261,77.1261,1.6984988451004028
20210716,Sulur_Plains,11.0261,77.1261,0.5453452467918396
20210717,Sulur_Plains,11.0261,77.1261,1.6360357999801636
20210718,Sulur_Plains,11.0261,77.1261,1.0906904935836792
20210719,Sulur_Plains,11.0261,77.1261,0.0
20210720,Sulur_Plains,11.0261,77.1261,0.5453452467918396
20210721,Sulur_Plains,11.0261,77.1261,0.0
20210722,Sulur_Plains,11.0261,77.1261,0.0
20210723,Sulur_Plains,11.0261,77.1261,0.0
20210724,Sulur_Plains,11.0261,77.1261,0.0
20210725,Sulur_Plains,11.0261,77.1261,0.0
20210726,Sulur_Plains,11.0261,77.1261,0.0
20210727,Sulur_Plains,11.0261,77.1261,0.0
20210728,Sulur_Plains,11.0261,77.1261,0.0
20210729,Sulur_Plains,11.0261,77.1261,0.0
20210730,Sulur_Plains,11.0261,77.1261,0.0
20210731,Sulur_Plains,11.0261,77.1261,0.0
20210801,Sulur_Plains,11.0261,77.1261,0.0
20210802,Sulur_Plains,11.0261,77.1261,0.0
20210803,Sulur_Plains,11.0261,77.1261,0.0
20210804,Sulur_Plains,11.0261,77.1261,0.0
20210805,Sulur_Plains,11.0261,77.1261,0.0
20210806,Sulur_Plains,11.0261,77.1261,0.0
20210807,Sulur_Plains,11.0261,77.1261,3.3192596435546875
20210808,Sulur_Plains,11.0261,77.1261,3.3192596435546875
20210809,Sulur_Plains,11.0261,77.1261,0.0
20210810,Sulur_Plains,11.0261,77.1261,0.0
20210811,Sulur_Plains,11.0261,77.1261,1.8834701776504517
20210812,Sulur_Plains,11.0261,77.1261,1.8834701776504517
20210813,Sulur_Plains,11.0261,77.1261,1.8834701776504517
20210814,Sulur_Plains,11.0261,77.1261,3.7669403553009033
20210815,Sulur_Plains,11.0261,77.1261,0.0
20210816,Sulur_Plains,11.0261,77.1261,0.0
20210817,Sulur_Plains,11.0261,77.1261,8.159531593322754
20210818,Sulur_Plains,11.0261,77.1261,5.439687252044678
20210819,Sulur_Plains,11.0261,77.1261,0.0
20210820,Sulur_Plains,11.0261,77.1261,0.0
20210821,Sulur_Plains,11.0261,77.1261,7.724216461181641
20210822,Sulur_Plains,11.0261,77.1261,1.9310541152954102
20210823,Sulur_Plains,11.0261,77.1261,5.7931623458862305
20210824,Sulur_Plains,11.0261,77.1261,0.0
20210825,Sulur_Plains,11.0261,77.1261,0.0
20210826,Sulur_Plains,11.0261,77.1261,2.9268295764923096
20210827,Sulur_Plains,11.0261,77.1261,5.853659152984619
20210828,Sulur_Plains,11.0261,77.1261,8.780489921569824
20210829,Sulur_Plains,11.0261,77.1261,2.9268295764923096
20210830,Sulur_Plains,11.0261,77.1261,0.0
20210831,Sulur_Plains,11.0261,77.1261,0.0
20210901,Sulur_Plains,11.0261,77.1261,3.659367561340332
20210902,Sulur_Plains,11.0261,77.1261,7.318735122680664
20210903,Sulur_Plains,11.0261,77.1261,0.0
20210904,Sulur_Plains,11.0261,77.1261,0.0
20210905,Sulur_Plains,11.0261,77.1261,5.48905086517334
20210906,Sulur_Plains,11.0261,77.1261,0.0
20210907,Sulur_Plains,11.0261,77.1261,0.0
20210908,Sulur_Plains,11.0261,77.1261,0.0
20210909,Sulur_Plains,11.0261,77.1261,0.0
20210910,Sulur_Plains,11.0261,77.1261,0.0
20210911,Sulur_Plains,11.0261,77.1261,0.0
20210912,Sulur_Plains,11.0261,77.1261,0.0
20210913,Sulur_Plains,11.0261,77.1261,0.0
20210914,Sulur_Plains,11.0261,77.1261,0.0
20210915,Sulur_Plains,11.0261,77.1261,7.873447895050049
20210916,Sulur_Plains,11.0261,77.1261,2.893472194671631
20210917,Sulur_Plains,11.0261,77.1261,2.893472194671631
20210918,Sulur_Plains,11.0261,77.1261,0.0
20210919,Sulur_Plains,11.0261,77.1261,4.340208530426025
20210920,Sulur_Plains,11.0261,77.1261,1.4467360973358154
20210921,Sulur_Plains,11.0261,77.1261,0.0
20210922,Sulur_Plains,11.0261,77.1261,0.0
20210923,Sulur_Plains,11.0261,77.1261,3.0903728008270264
20210924,Sulur_Plains,11.0261,77.1261,4.635559558868408
20210925,Sulur_Plains,11.0261,77.1261,1.5451864004135132
20210926,Sulur_Plains,11.0261,77.1261,3.2584238052368164
20210927,Sulur_Plains,11.0261,77.1261,3.2584238052368164
20210928,Sulur_Plains,11.0261,77.1261,0.0
20210929,Sulur_Plains,11.0261,77.1261,0.0
20210930,Sulur_Plains,11.0261,77.1261,6.516847610473633
20211001,Sulur_Plains,11.0261,77.1261,11.83317756652832
20211002,Sulur_Plains,11.0261,77.1261,7.8887858390808105
20211003,Sulur_Plains,11.0261,77.1261,7.8887858390808105
20211004,Sulur_Plains,11.0261,77.1261,11.83317756652832
20211005,Sulur_Plains,11.0261,77.1261,3.9443929195404053
20211006,Sulur_Plains,11.0261,77.1261,0.0
20211007,Sulur_Plains,11.0261,77.1261,7.767810344696045
20211008,Sulur_Plains,11.0261,77.1261,15.53562068939209
20211009,Sulur_Plains,11.0261,77.1261,0.0
20211010,Sulur_Plains,11.0261,77.1261,7.767810344696045
20211011,Sulur_Plains,11.0261,77.1261,14.644309043884277
20211012,Sulur_Plains,11.0261,77.1261,0.0
20211013,Sulur_Plains,11.0261,77.1261,0.0
20211014,Sulur_Plains,11.0261,77.1261,4.881436347961426
20211015,Sulur_Plains,11.0261,77.1261,9.762872695922852
20211016,Sulur_Plains,11.0261,77.1261,20.122783660888672
20211017,Sulur_Plains,11.0261,77.1261,10.061391830444336
20211018,Sulur_Plains,11.0261,77.1261,10.061391830444336
20211019,Sulur_Plains,11.0261,77.1261,5.030695915222168
20211020,Sulur_Plains,11.0261,77.1261,10.061391830444336
20211021,Sulur_Plains,11.0261,77.1261,10.70667839050293
20211022,Sulur_Plains,11.0261,77.1261,0.0
20211023,Sulur_Plains,11.0261,77.1261,16.06001853942871
20211024,Sulur_Plains,11.0261,77.1261,16.06001853942871
20211025,Sulur_Plains,11.0261,77.1261,5.353339195251465
20211026,Sulur_Plains,11.0261,77.1261,6.0853705406188965
20211027,Sulur_Plains,11.0261,77.1261,0.0
20211028,Sulur_Plains,11.0261,77.1261,6.0853705406188965
20211029,Sulur_Plains,11.0261,77.1261,0.0
20211030,Sulur_Plains,11.0261,77.1261,6.0853705406188965
20211031,Sulur_Plains,11.0261,77.1261,24.341482162475586
20211101,Sulur_Plains,11.0261,77.1261,18.936473846435547
20211102,Sulur_Plains,11.0261,77.1261,9.468236923217773
20211103,Sulur_Plains,11.0261,77.1261,9.468236923217773
20211104,Sulur_Plains,11.0261,77.1261,4.734118461608887
20211105,Sulur_Plains,11.0261,77.1261,18.936473846435547
20211106,Sulur_Plains,11.0261,77.1261,34.35664749145508
20211107,Sulur_Plains,11.0261,77.1261,0.0
20211108,Sulur_Plains,11.0261,77.1261,0.0
20211109,Sulur_Plains,11.0261,77.1261,8.58916187286377
20211110,Sulur_Plains,11.0261,77.1261,8.58916187286377
20211111,Sulur_Plains,11.0261,77.1261,0.0
20211112,Sulur_Plains,11.0261,77.1261,0.0
20211113,Sulur_Plains,11.0261,77.1261,0.0
20211114,Sulur_Plains,11.0261,77.1261,0.0
20211115,Sulur_Plains,11.0261,77.1261,19.00885009765625
20211116,Sulur_Plains,11.0261,77.1261,16.260765075683594
20211117,Sulur_Plains,11.0261,77.1261,16.260765075683594
20211118,Sulur_Plains,11.0261,77.1261,40.651912689208984
20211119,Sulur_Plains,11.0261,77.1261,0.0
20211120,Sulur_Plains,11.0261,77.1261,16.260765075683594
20211121,Sulur_Plains,11.0261,77.1261,0.0
20211122,Sulur_Plains,11.0261,77.1261,5.708592414855957
20211123,Sulur_Plains,11.0261,77.1261,5.708592414855957
20211124,Sulur_Plains,11.0261,77.1261,11.417184829711914
20211125,Sulur_Plains,11.0261,77.1261,17.125778198242188
20211126,Sulur_Plains,11.0261,77.1261,33.48520278930664
20211127,Sulur_Plains,11.0261,77.1261,0.0
20211128,Sulur_Plains,11.0261,77.1261,0.0
20211129,Sulur_Plains,11.0261,77.1261,0.0
20211130,Sulur_Plains,11.0261,77.1261,11.161734580993652
20211201,Sulur_Plains,11.0261,77.1261,0.0
20211202,Sulur_Plains,11.0261,77.1261,0.0
20211203,Sulur_Plains,11.0261,77.1261,0.0
20211204,Sulur_Plains,11.0261,77.1261,0.0
20211205,Sulur_Plains,11.0261,77.1261,18.300405502319336
20211206,Sulur_Plains,11.0261,77.1261,0.0
20211207,Sulur_Plains,11.0261,77.1261,0.0
20211208,Sulur_Plains,11.0261,77.1261,0.0
20211209,Sulur_Plains,11.0261,77.1261,0.0
20211210,Sulur_Plains,11.0261,77.1261,0.0
20211211,Sulur_Plains,11.0261,77.1261,0.0
20211212,Sulur_Plains,11.0261,77.1261,0.0
20211213,Sulur_Plains,11.0261,77.1261,0.0
20211214,Sulur_Plains,11.0261,77.1261,0.0
20211215,Sulur_Plains,11.0261,77.1261,0.0
20211216,Sulur_Plains,11.0261,77.1261,0.0
20211217,Sulur_Plains,11.0261,77.1261,0.0
20211218,Sulur_Plains,11.0261,77.1261,0.0
20211219,Sulur_Plains,11.0261,77.1261,0.0
20211220,Sulur_Plains,11.0261,77.1261,0.0
20211221,Sulur_Plains,11.0261,77.1261,0.0
20211222,Sulur_Plains,11.0261,77.1261,0.0
20211223,Sulur_Plains,11.0261,77.1261,0.0
20211224,Sulur_Plains,11.0261,77.1261,0.0
20211225,Sulur_Plains,11.0261,77.1261,0.0
20211226,Sulur_Plains,11.0261,77.1261,0.0
20211227,Sulur_Plains,11.0261,77.1261,0.0
20211228,Sulur_Plains,11.0261,77.1261,0.0
20211229,Sulur_Plains,11.0261,77.1261,0.0
20211230,Sulur_Plains,11.0261,77.1261,0.0
20211231,Sulur_Plains,11.0261,77.1261,0.0
20220101,Sulur_Plains,11.0261,77.1261,0.0
20220102,Sulur_Plains,11.0261,77.1261,0.0
20220103,Sulur_Plains,11.0261,77.1261,0.0
20220104,Sulur_Plains,11.0261,77.1261,0.0
20220105,Sulur_Plains,11.0261,77.1261,0.0
20220106,Sulur_Plains,11.0261,77.1261,0.0
20220107,Sulur_Plains,11.0261,77.1261,0.0
20220108,Sulur_Plains,11.0261,77.1261,0.0
20220109,Sulur_Plains,11.0261,77.1261,0.0
20220110,Sulur_Plains,11.0261,77.1261,0.0
20220111,Sulur_Plains,11.0261,77.1261,0.0
20220112,Sulur_Plains,11.0261,77.1261,0.0
20220113,Sulur_Plains,11.0261,77.1261,0.0
20220114,Sulur_Plains,11.0261,77.1261,0.0
20220115,Sulur_Plains,11.0261,77.1261,0.0
20220116,Sulur_Plains,11.0261,77.1261,0.0
20220117,Sulur_Plains,11.0261,77.1261,0.0
20220118,Sulur_Plains,11.0261,77.1261,0.0
20220119,Sulur_Plains,11.0261,77.1261,0.0
20220120,Sulur_Plains,11.0261,77.1261,0.0
20220121,Sulur_Plains,11.0261,77.1261,0.0
20220122,Sulur_Plains,11.0261,77.1261,0.0
20220123,Sulur_Plains,11.0261,77.1261,0.0
20220124,Sulur_Plains,11.0261,77.1261,0.0
20220125,Sulur_Plains,11.0261,77.1261,0.0
20220126,Sulur_Plains,11.0261,77.1261,0.0
20220127,Sulur_Plains,11.0261,77.1261,0.0
20220128,Sulur_Plains,11.0261,77.1261,0.0
20220129,Sulur_Plains,11.0261,77.1261,0.0
20220130,Sulur_Plains,11.0261,77.1261,0.0
20220131,Sulur_Plains,11.0261,77.1261,0.0
20220201,Sulur_Plains,11.0261,77.1261,0.0
20220202,Sulur_Plains,11.0261,77.1261,0.0
20220203,Sulur_Plains,11.0261,77.1261,0.0
20220204,Sulur_Plains,11.0261,77.1261,0.0
20220205,Sulur_Plains,11.0261,77.1261,0.0
20220206,Sulur_Plains,11.0261,77.1261,0.0
20220207,Sulur_Plains,11.0261,77.1261,0.0
20220208,Sulur_Plains,11.0261,77.1261,0.0
20220209,Sulur_Plains,11.0261,77.1261,0.0
20220210,Sulur_Plains,11.0261,77.1261,5.1906514167785645
20220211,Sulur_Plains,11.0261,77.1261,0.0
20220212,Sulur_Plains,11.0261,77.1261,0.0
20220213,Sulur_Plains,11.0261,77.1261,0.0
20220214,Sulur_Plains,11.0261,77.1261,0.0
20220215,Sulur_Plains,11.0261,77.1261,0.0
20220216,Sulur_Plains,11.0261,77.1261,0.0
20220217,Sulur_Plains,11.0261,77.1261,0.0
20220218,Sulur_Plains,11.0261,77.1261,0.0
20220219,Sulur_Plains,11.0261,77.1261,0.0
20220220,Sulur_Plains,11.0261,77.1261,0.0
20220221,Sulur_Plains,11.0261,77.1261,0.0
20220222,Sulur_Plains,11.0261,77.1261,0.0
20220223,Sulur_Plains,11.0261,77.1261,0.0
20220224,Sulur_Plains,11.0261,77.1261,0.0
20220225,Sulur_Plains,11.0261,77.1261,0.0
20220226,Sulur_Plains,11.0261,77.1261,0.0
20220227,Sulur_Plains,11.0261,77.1261,0.0
20220228,Sulur_Plains,11.0261,77.1261,0.0
20220301,Sulur_Plains,11.0261,77.1261,0.0
20220302,Sulur_Plains,11.0261,77.1261,0.0
20220303,Sulur_Plains,11.0261,77.1261,0.0
20220304,Sulur_Plains,11.0261,77.1261,0.0
20220305,Sulur_Plains,11.0261,77.1261,5.104191303253174
20220306,Sulur_Plains,11.0261,77.1261,0.0
20220307,Sulur_Plains,11.0261,77.1261,0.0
20220308,Sulur_Plains,11.0261,77.1261,0.0
20220309,Sulur_Plains,11.0261,77.1261,0.0
20220310,Sulur_Plains,11.0261,77.1261,0.0
20220311,Sulur_Plains,11.0261,77.1261,0.0
20220312,Sulur_Plains,11.0261,77.1261,0.0
20220313,Sulur_Plains,11.0261,77.1261,5.9575324058532715
20220314,Sulur_Plains,11.0261,77.1261,0.0
20220315,Sulur_Plains,11.0261,77.1261,0.0
20220316,Sulur_Plains,11.0261,77.1261,0.0
20220317,Sulur_Plains,11.0261,77.1261,0.0
20220318,Sulur_Plains,11.0261,77.1261,0.0
20220319,Sulur_Plains,11.0261,77.1261,0.0
20220320,Sulur_Plains,11.0261,77.1261,5.167717933654785
20220321,Sulur_Plains,11.0261,77.1261,0.0
20220322,Sulur_Plains,11.0261,77.1261,0.0
20220323,Sulur_Plains,11.0261,77.1261,0.0
20220324,Sulur_Plains,11.0261,77.1261,0.0
20220325,Sulur_Plains,11.0261,77.1261,0.0
20220326,Sulur_Plains,11.0261,77.1261,0.0
20220327,Sulur_Plains,11.0261,77.1261,0.0
20220328,Sulur_Plains,11.0261,77.1261,0.0
20220329,Sulur_Plains,11.0261,77.1261,0.0
20220330,Sulur_Plains,11.0261,77.1261,0.0
20220331,Sulur_Plains,11.0261,77.1261,0.0
20220401,Sulur_Plains,11.0261,77.1261,0.0
20220402,Sulur_Plains,11.0261,77.1261,0.0
20220403,Sulur_Plains,11.0261,77.1261,0.0
20220404,Sulur_Plains,11.0261,77.1261,0.0
20220405,Sulur_Plains,11.0261,77.1261,0.0
20220406,Sulur_Plains,11.0261,77.1261,0.0
20220407,Sulur_Plains,11.0261,77.1261,0.0
20220408,Sulur_Plains,11.0261,77.1261,4.593623638153076
20220409,Sulur_Plains,11.0261,77.1261,13.780869483947754
20220410,Sulur_Plains,11.0261,77.1261,4.593623638153076
20220411,Sulur_Plains,11.0261,77.1261,5.605961322784424
20220412,Sulur_Plains,11.0261,77.1261,14.014904022216797
20220413,Sulur_Plains,11.0261,77.1261,2.802980661392212
20220414,Sulur_Plains,11.0261,77.1261,2.802980661392212
20220415,Sulur_Plains,11.0261,77.1261,5.605961322784424
20220416,Sulur_Plains,11.0261,77.1261,0.0
20220417,Sulur_Plains,11.0261,77.1261,2.9719152450561523
20220418,Sulur_Plains,11.0261,77.1261,2.9719152450561523
20220419,Sulur_Plains,11.0261,77.1261,0.0
20220420,Sulur_Plains,11.0261,77.1261,0.0
20220421,Sulur_Plains,11.0261,77.1261,2.9151997566223145
20220422,Sulur_Plains,11.0261,77.1261,2.9151997566223145
20220423,Sulur_Plains,11.0261,77.1261,8.745599746704102
20220424,Sulur_Plains,11.0261,77.1261,0.0
20220425,Sulur_Plains,11.0261,77.1261,0.0
20220426,Sulur_Plains,11.0261,77.1261,0.0
20220427,Sulur_Plains,11.0261,77.1261,0.0
20220428,Sulur_Plains,11.0261,77.1261,0.0
20220429,Sulur_Plains,11.0261,77.1261,2.4757304191589355
20220430,Sulur_Plains,11.0261,77.1261,0.0
20220501,Sulur_Plains,11.0261,77.1261,8.038962364196777
20220502,Sulur_Plains,11.0261,77.1261,0.0
20220503,Sulur_Plains,11.0261,77.1261,4.019481182098389
20220504,Sulur_Plains,11.0261,77.1261,8.038962364196777
20220505,Sulur_Plains,11.0261,77.1261,0.0
20220506,Sulur_Plains,11.0261,77.1261,0.0
20220507,Sulur_Plains,11.0261,77.1261,0.0
20220508,Sulur_Plains,11.0261,77.1261,7.069490909576416
20220509,Sulur_Plains,11.0261,77.1261,1.767372727394104
20220510,Sulur_Plains,11.0261,77.1261,10.60423755645752
20220511,Sulur_Plains,11.0261,77.1261,0.0
20220512,Sulur_Plains,11.0261,77.1261,0.0
20220513,Sulur_Plains,11.0261,77.1261,6.315432548522949
20220514,Sulur_Plains,11.0261,77.1261,6.315432548522949
20220515,Sulur_Plains,11.0261,77.1261,12.630865097045898
20220516,Sulur_Plains,11.0261,77.1261,5.738290309906006
20220517,Sulur_Plains,11.0261,77.1261,11.476580619812012
20220518,Sulur_Plains,11.0261,77.1261,17.21487045288086
20220519,Sulur_Plains,11.0261,77.1261,11.476580619812012
20220520,Sulur_Plains,11.0261,77.1261,0.0
20220521,Sulur_Plains,11.0261,77.1261,0.0
20220522,Sulur_Plains,11.0261,77.1261,0.0
20220523,Sulur_Plains,11.0261,77.1261,0.0
20220524,Sulur_Plains,11.0261,77.1261,0.0
20220525,Sulur_Plains,11.0261,77.1261,6.021725177764893
20220526,Sulur_Plains,11.0261,77.1261,4.790974140167236
20220527,Sulur_Plains,11.0261,77.1261,4.790974140167236
20220528,Sulur_Plains,11.0261,77.1261,0.0
20220529,Sulur_Plains,11.0261,77.1261,0.0
20220530,Sulur_Plains,11.0261,77.1261,0.0
20220531,Sulur_Plains,11.0261,77.1261,4.790974140167236
20220601,Sulur_Plains,11.0261,77.1261,0.0
20220602,Sulur_Plains,11.0261,77.1261,0.0
20220603,Sulur_Plains,11.0261,77.1261,0.0
20220604,Sulur_Plains,11.0261,77.1261,0.0
20220605,Sulur_Plains,11.0261,77.1261,6.837063789367676
20220606,Sulur_Plains,11.0261,77.1261,2.4626028537750244
20220607,Sulur_Plains,11.0261,77.1261,0.8208675980567932
20220608,Sulur_Plains,11.0261,77.1261,0.0
20220609,Sulur_Plains,11.0261,77.1261,0.0
20220610,Sulur_Plains,11.0261,77.1261,0.0
20220611,Sulur_Plains,11.0261,77.1261,0.0
20220612,Sulur_Plains,11.0261,77.1261,0.0
20220613,Sulur_Plains,11.0261,77.1261,0.0
20220614,Sulur_Plains,11.0261,77.1261,1.5676876306533813
20220615,Sulur_Plains,11.0261,77.1261,3.1353752613067627
20220616,Sulur_Plains,11.0261,77.1261,1.0630613565444946
20220617,Sulur_Plains,11.0261,77.1261,1.5107861757278442
20220618,Sulur_Plains,11.0261,77.1261,1.2938593626022339
20220619,Sulur_Plains,11.0261,77.1261,0.8255375623703003
20220620,Sulur_Plains,11.0261,77.1261,0.8132319450378418
20220621,Sulur_Plains,11.0261,77.1261,1.813623070716858
20220622,Sulur_Plains,11.0261,77.1261,0.6045410633087158
20220623,Sulur_Plains,11.0261,77.1261,0.6045410633087158
20220624,Sulur_Plains,11.0261,77.1261,0.0
20220625,Sulur_Plains,11.0261,77.1261,1.2090821266174316
20220626,Sulur_Plains,11.0261,77.1261,0.0
20220627,Sulur_Plains,11.0261,77.1261,0.0
20220628,Sulur_Plains,11.0261,77.1261,0.0
20220629,Sulur_Plains,11.0261,77.1261,0.0
20220630,Sulur_Plains,11.0261,77.1261,1.2997231483459473
20220701,Sulur_Plains,11.0261,77.1261,0.0
20220702,Sulur_Plains,11.0261,77.1261,0.0
20220703,Sulur_Plains,11.0261,77.1261,2.9539878368377686
20220704,Sulur_Plains,11.0261,77.1261,0.0
20220705,Sulur_Plains,11.0261,77.1261,0.0
20220706,Sulur_Plains,11.0261,77.1261,0.0
20220707,Sulur_Plains,11.0261,77.1261,1.3454924821853638
20220708,Sulur_Plains,11.0261,77.1261,0.0
20220709,Sulur_Plains,11.0261,77.1261,1.3454924821853638
20220710,Sulur_Plains,11.0261,77.1261,0.0
20220711,Sulur_Plains,11.0261,77.1261,0.0
20220712,Sulur_Plains,11.0261,77.1261,0.0
20220713,Sulur_Plains,11.0261,77.1261,0.0
20220714,Sulur_Plains,11.0261,77.1261,0.0
20220715,Sulur_Plains,11.0261,77.1261,0.0
20220716,Sulur_Plains,11.0261,77.1261,1.6675070524215698
20220717,Sulur_Plains,11.0261,77.1261,2.918137311935425
20220718,Sulur_Plains,11.0261,77.1261,0.0
20220719,Sulur_Plains,11.0261,77.1261,0.0
20220720,Sulur_Plains,11.0261,77.1261,0.0
20220721,Sulur_Plains,11.0261,77.1261,5.671080589294434
20220722,Sulur_Plains,11.0261,77.1261,5.671080589294434
20220723,Sulur_Plains,11.0261,77.1261,2.835540294647217
20220724,Sulur_Plains,11.0261,77.1261,0.0
20220725,Sulur_Plains,11.0261,77.1261,0.0
20220726,Sulur_Plains,11.0261,77.1261,0.0
20220727,Sulur_Plains,11.0261,77.1261,3.635446786880493
20220728,Sulur_Plains,11.0261,77.1261,0.0
20220729,Sulur_Plains,11.0261,77.1261,0.0
20220730,Sulur_Plains,11.0261,77.1261,1.8177233934402466
20220731,Sulur_Plains,11.0261,77.1261,3.635446786880493
20220801,Sulur_Plains,11.0261,77.1261,3.560135841369629
20220802,Sulur_Plains,11.0261,77.1261,1.7800679206848145
20220803,Sulur_Plains,11.0261,77.1261,5.340203762054443
20220804,Sulur_Plains,11.0261,77.1261,5.340203762054443
20220805,Sulur_Plains,11.0261,77.1261,1.7800679206848145
20220806,Sulur_Plains,11.0261,77.1261,4.047929763793945
20220807,Sulur_Plains,11.0261,77.1261,0.0
20220808,Sulur_Plains,11.0261,77.1261,0.0
20220809,Sulur_Plains,11.0261,77.1261,0.0
20220810,Sulur_Plains,11.0261,77.1261,0.0
20220811,Sulur_Plains,11.0261,77.1261,0.0
20220812,Sulur_Plains,11.0261,77.1261,0.0
20220813,Sulur_Plains,11.0261,77.1261,0.0
20220814,Sulur_Plains,11.0261,77.1261,0.0
20220815,Sulur_Plains,11.0261,77.1261,0.0
20220816,Sulur_Plains,11.0261,77.1261,0.0
20220817,Sulur_Plains,11.0261,77.1261,0.0
20220818,Sulur_Plains,11.0261,77.1261,6.131679534912109
20220819,Sulur_Plains,11.0261,77.1261,0.0
20220820,Sulur_Plains,11.0261,77.1261,2.0438930988311768
20220821,Sulur_Plains,11.0261,77.1261,3.172170639038086
20220822,Sulur_Plains,11.0261,77.1261,3.172170639038086
20220823,Sulur_Plains,11.0261,77.1261,9.516511917114258
20220824,Sulur_Plains,11.0261,77.1261,0.0
20220825,Sulur_Plains,11.0261,77.1261,6.344341278076172
20220826,Sulur_Plains,11.0261,77.1261,12.430521965026855
20220827,Sulur_Plains,11.0261,77.1261,6.215260982513428
20220828,Sulur_Plains,11.0261,77.1261,12.430521965026855
20220829,Sulur_Plains,11.0261,77.1261,3.107630491256714
20220830,Sulur_Plains,11.0261,77.1261,0.0
20220831,Sulur_Plains,11.0261,77.1261,3.107630491256714
20220901,Sulur_Plains,11.0261,77.1261,5.674790382385254
20220902,Sulur_Plains,11.0261,77.1261,2.837395191192627
20220903,Sulur_Plains,11.0261,77.1261,0.0
20220904,Sulur_Plains,11.0261,77.1261,5.674790382385254
20220905,Sulur_Plains,11.0261,77.1261,2.837395191192627
20220906,Sulur_Plains,11.0261,77.1261,5.078847408294678
20220907,Sulur_Plains,11.0261,77.1261,10.157694816589355
20220908,Sulur_Plains,11.0261,77.1261,0.0
20220909,Sulur_Plains,11.0261,77.1261,0.0
20220910,Sulur_Plains,11.0261,77.1261,0.0
20220911,Sulur_Plains,11.0261,77.1261,0.0
20220912,Sulur_Plains,11.0261,77.1261,0.0
20220913,Sulur_Plains,11.0261,77.1261,0.0
20220914,Sulur_Plains,11.0261,77.1261,0.0
20220915,Sulur_Plains,11.0261,77.1261,0.0
20220916,Sulur_Plains,11.0261,77.1261,0.0
20220917,Sulur_Plains,11.0261,77.1261,0.0
20220918,Sulur_Plains,11.0261,77.1261,0.7028585076332092
20220919,Sulur_Plains,11.0261,77.1261,0.0
20220920,Sulur_Plains,11.0261,77.1261,0.0
20220921,Sulur_Plains,11.0261,77.1261,0.0
20220922,Sulur_Plains,11.0261,77.1261,0.0
20220923,Sulur_Plains,11.0261,77.1261,0.0
20220924,Sulur_Plains,11.0261,77.1261,0.0
20220925,Sulur_Plains,11.0261,77.1261,2.488513469696045
20220926,Sulur_Plains,11.0261,77.1261,2.791398286819458
20220927,Sulur_Plains,11.0261,77.1261,0.5723358988761902
20220928,Sulur_Plains,11.0261,77.1261,0.6367051601409912
20220929,Sulur_Plains,11.0261,77.1261,2.350187063217163
20220930,Sulur_Plains,11.0261,77.1261,0.16344593465328217
20221001,Sulur_Plains,11.0261,77.1261,2.518770217895508
20221002,Sulur_Plains,11.0261,77.1261,2.518770217895508
20221003,Sulur_Plains,11.0261,77.1261,2.518770217895508
20221004,Sulur_Plains,11.0261,77.1261,2.518770217895508
20221005,Sulur_Plains,11.0261,77.1261,0.0
20221006,Sulur_Plains,11.0261,77.1261,5.062223434448242
20221007,Sulur_Plains,11.0261,77.1261,0.0
20221008,Sulur_Plains,11.0261,77.1261,5.062223434448242
20221009,Sulur_Plains,11.0261,77.1261,12.655559539794922
20221010,Sulur_Plains,11.0261,77.1261,12.655559539794922
20221011,Sulur_Plains,11.0261,77.1261,6.495710849761963
20221012,Sulur_Plains,11.0261,77.1261,0.0
20221013,Sulur_Plains,11.0261,77.1261,0.0
20221014,Sulur_Plains,11.0261,77.1261,9.74356746673584
20221015,Sulur_Plains,11.0261,77.1261,6.495710849761963
20221016,Sulur_Plains,11.0261,77.1261,9.04728889465332
20221017,Sulur_Plains,11.0261,77.1261,9.04728889465332
20221018,Sulur_Plains,11.0261,77.1261,0.0
20221019,Sulur_Plains,11.0261,77.1261,4.52364444732666
20221020,Sulur_Plains,11.0261,77.1261,9.04728889465332
20221021,Sulur_Plains,11.0261,77.1261,13.396766662597656
20221022,Sulur_Plains,11.0261,77.1261,0.0
20221023,Sulur_Plains,11.0261,77.1261,0.0
20221024,Sulur_Plains,11.0261,77.1261,0.0
20221025,Sulur_Plains,11.0261,77.1261,0.0
20221026,Sulur_Plains,11.0261,77.1261,0.0
20221027,Sulur_Plains,11.0261,77.1261,0.0
20221028,Sulur_Plains,11.0261,77.1261,0.0
20221029,Sulur_Plains,11.0261,77.1261,0.0
20221030,Sulur_Plains,11.0261,77.1261,0.0
20221031,Sulur_Plains,11.0261,77.1261,0.0
20221101,Sulur_Plains,11.0261,77.1261,23.193716049194336
20221102,Sulur_Plains,11.0261,77.1261,0.0
20221103,Sulur_Plains,11.0261,77.1261,0.0
20221104,Sulur_Plains,11.0261,77.1261,0.0
20221105,Sulur_Plains,11.0261,77.1261,0.0
20221106,Sulur_Plains,11.0261,77.1261,0.0
20221107,Sulur_Plains,11.0261,77.1261,0.0
20221108,Sulur_Plains,11.0261,77.1261,0.0
20221109,Sulur_Plains,11.0261,77.1261,0.0
20221110,Sulur_Plains,11.0261,77.1261,0.0
20221111,Sulur_Plains,11.0261,77.1261,47.34622573852539
20221112,Sulur_Plains,11.0261,77.1261,20.291240692138672
20221113,Sulur_Plains,11.0261,77.1261,6.763746738433838
20221114,Sulur_Plains,11.0261,77.1261,6.763746738433838
20221115,Sulur_Plains,11.0261,77.1261,0.0
20221116,Sulur_Plains,11.0261,77.1261,0.0
20221117,Sulur_Plains,11.0261,77.1261,0.0
20221118,Sulur_Plains,11.0261,77.1261,0.0
20221119,Sulur_Plains,11.0261,77.1261,4.727474689483643
20221120,Sulur_Plains,11.0261,77.1261,0.0
20221121,Sulur_Plains,11.0261,77.1261,0.0
20221122,Sulur_Plains,11.0261,77.1261,0.0
20221123,Sulur_Plains,11.0261,77.1261,0.0
20221124,Sulur_Plains,11.0261,77.1261,0.0
20221125,Sulur_Plains,11.0261,77.1261,0.0
20221126,Sulur_Plains,11.0261,77.1261,0.0
20221127,Sulur_Plains,11.0261,77.1261,0.0
20221128,Sulur_Plains,11.0261,77.1261,0.0
20221129,Sulur_Plains,11.0261,77.1261,0.0
20221130,Sulur_Plains,11.0261,77.1261,0.0
20221201,Sulur_Plains,11.0261,77.1261,0.0
20221202,Sulur_Plains,11.0261,77.1261,0.0
20221203,Sulur_Plains,11.0261,77.1261,0.0
20221204,Sulur_Plains,11.0261,77.1261,16.045442581176758
20221205,Sulur_Plains,11.0261,77.1261,16.045442581176758
20221206,Sulur_Plains,11.0261,77.1261,0.0
20221207,Sulur_Plains,11.0261,77.1261,0.0
20221208,Sulur_Plains,11.0261,77.1261,16.835365295410156
20221209,Sulur_Plains,11.0261,77.1261,5.611788749694824
20221210,Sulur_Plains,11.0261,77.1261,0.0
20221211,Sulur_Plains,11.0261,77.1261,0.0
20221212,Sulur_Plains,11.0261,77.1261,0.0
20221213,Sulur_Plains,11.0261,77.1261,0.0
20221214,Sulur_Plains,11.0261,77.1261,0.0
20221215,Sulur_Plains,11.0261,77.1261,0.0
20221216,Sulur_Plains,11.0261,77.1261,0.0
20221217,Sulur_Plains,11.0261,77.1261,0.0
20221218,Sulur_Plains,11.0261,77.1261,0.0
20221219,Sulur_Plains,11.0261,77.1261,0.0
20221220,Sulur_Plains,11.0261,77.1261,0.0
20221221,Sulur_Plains,11.0261,77.1261,0.0
20221222,Sulur_Plains,11.0261,77.1261,0.0
20221223,Sulur_Plains,11.0261,77.1261,0.0
20221224,Sulur_Plains,11.0261,77.1261,0.0
20221225,Sulur_Plains,11.0261,77.1261,11.677248001098633
20221226,Sulur_Plains,11.0261,77.1261,10.337594032287598
20221227,Sulur_Plains,11.0261,77.1261,0.0
20221228,Sulur_Plains,11.0261,77.1261,0.0
20221229,Sulur_Plains,11.0261,77.1261,0.0
20221230,Sulur_Plains,11.0261,77.1261,0.0
20221231,Sulur_Plains,11.0261,77.1261,0.0
20230101,Sulur_Plains,11.0261,77.1261,0.0
20230102,Sulur_Plains,11.0261,77.1261,0.0
20230103,Sulur_Plains,11.0261,77.1261,0.0
20230104,Sulur_Plains,11.0261,77.1261,0.0
20230105,Sulur_Plains,11.0261,77.1261,0.0
20230106,Sulur_Plains,11.0261,77.1261,0.0
20230107,Sulur_Plains,11.0261,77.1261,0.0
20230108,Sulur_Plains,11.0261,77.1261,0.0
20230109,Sulur_Plains,11.0261,77.1261,0.0
20230110,Sulur_Plains,11.0261,77.1261,0.0
20230111,Sulur_Plains,11.0261,77.1261,0.0
20230112,Sulur_Plains,11.0261,77.1261,0.0
20230113,Sulur_Plains,11.0261,77.1261,1.7570511102676392
20230114,Sulur_Plains,11.0261,77.1261,0.0
20230115,Sulur_Plains,11.0261,77.1261,0.0
20230116,Sulur_Plains,11.0261,77.1261,0.0
20230117,Sulur_Plains,11.0261,77.1261,0.0
20230118,Sulur_Plains,11.0261,77.1261,0.0
20230119,Sulur_Plains,11.0261,77.1261,0.0
20230120,Sulur_Plains,11.0261,77.1261,0.0
20230121,Sulur_Plains,11.0261,77.1261,0.0
20230122,Sulur_Plains,11.0261,77.1261,0.0
20230123,Sulur_Plains,11.0261,77.1261,0.0
20230124,Sulur_Plains,11.0261,77.1261,0.0
20230125,Sulur_Plains,11.0261,77.1261,0.0
20230126,Sulur_Plains,11.0261,77.1261,0.0
20230127,Sulur_Plains,11.0261,77.1261,0.0
20230128,Sulur_Plains,11.0261,77.1261,0.0
20230129,Sulur_Plains,11.0261,77.1261,0.0
20230130,Sulur_Plains,11.0261,77.1261,0.0
20230131,Sulur_Plains,11.0261,77.1261,0.0
20230201,Sulur_Plains,11.0261,77.1261,0.0
20230202,Sulur_Plains,11.0261,77.1261,0.0
20230203,Sulur_Plains,11.0261,77.1261,5.129211902618408
20230204,Sulur_Plains,11.0261,77.1261,0.0
20230205,Sulur_Plains,11.0261,77.1261,0.0
20230206,Sulur_Plains,11.0261,77.1261,0.0
20230207,Sulur_Plains,11.0261,77.1261,0.0
20230208,Sulur_Plains,11.0261,77.1261,0.0
20230209,Sulur_Plains,11.0261,77.1261,0.0
20230210,Sulur_Plains,11.0261,77.1261,0.0
20230211,Sulur_Plains,11.0261,77.1261,0.0
20230212,Sulur_Plains,11.0261,77.1261,0.0
20230213,Sulur_Plains,11.0261,77.1261,0.0
20230214,Sulur_Plains,11.0261,77.1261,0.0
20230215,Sulur_Plains,11.0261,77.1261,0.0
20230216,Sulur_Plains,11.0261,77.1261,0.0
20230217,Sulur_Plains,11.0261,77.1261,0.0
20230218,Sulur_Plains,11.0261,77.1261,0.0
20230219,Sulur_Plains,11.0261,77.1261,0.0
20230220,Sulur_Plains,11.0261,77.1261,0.0
20230221,Sulur_Plains,11.0261,77.1261,0.0
20230222,Sulur_Plains,11.0261,77.1261,1.7750113010406494
20230223,Sulur_Plains,11.0261,77.1261,0.0
20230224,Sulur_Plains,11.0261,77.1261,0.0
20230225,Sulur_Plains,11.0261,77.1261,0.0
20230226,Sulur_Plains,11.0261,77.1261,0.0
20230227,Sulur_Plains,11.0261,77.1261,0.0
20230228,Sulur_Plains,11.0261,77.1261,0.0
20230301,Sulur_Plains,11.0261,77.1261,0.0
20230302,Sulur_Plains,11.0261,77.1261,0.0
20230303,Sulur_Plains,11.0261,77.1261,0.0
20230304,Sulur_Plains,11.0261,77.1261,0.0
20230305,Sulur_Plains,11.0261,77.1261,0.0
20230306,Sulur_Plains,11.0261,77.1261,0.0
20230307,Sulur_Plains,11.0261,77.1261,0.0
20230308,Sulur_Plains,11.0261,77.1261,0.0
20230309,Sulur_Plains,11.0261,77.1261,0.0
20230310,Sulur_Plains,11.0261,77.1261,0.0
20230311,Sulur_Plains,11.0261,77.1261,0.0
20230312,Sulur_Plains,11.0261,77.1261,0.0
20230313,Sulur_Plains,11.0261,77.1261,0.0
20230314,Sulur_Plains,11.0261,77.1261,0.0
20230315,Sulur_Plains,11.0261,77.1261,4.267400741577148
20230316,Sulur_Plains,11.0261,77.1261,0.0
20230317,Sulur_Plains,11.0261,77.1261,3.483149766921997
20230318,Sulur_Plains,11.0261,77.1261,0.0
20230319,Sulur_Plains,11.0261,77.1261,0.0
20230320,Sulur_Plains,11.0261,77.1261,0.0
20230321,Sulur_Plains,11.0261,77.1261,0.0
20230322,Sulur_Plains,11.0261,77.1261,0.0
20230323,Sulur_Plains,11.0261,77.1261,0.0
20230324,Sulur_Plains,11.0261,77.1261,16.705350875854492
20230325,Sulur_Plains,11.0261,77.1261,0.0
20230326,Sulur_Plains,11.0261,77.1261,0.0
20230327,Sulur_Plains,11.0261,77.1261,0.0
20230328,Sulur_Plains,11.0261,77.1261,0.0
20230329,Sulur_Plains,11.0261,77.1261,0.0
20230330,Sulur_Plains,11.0261,77.1261,0.0
20230331,Sulur_Plains,11.0261,77.1261,0.0
20230401,Sulur_Plains,11.0261,77.1261,1.9211461544036865
20230402,Sulur_Plains,11.0261,77.1261,0.0
20230403,Sulur_Plains,11.0261,77.1261,0.0
20230404,Sulur_Plains,11.0261,77.1261,0.0
20230405,Sulur_Plains,11.0261,77.1261,0.0
20230406,Sulur_Plains,11.0261,77.1261,0.0
20230407,Sulur_Plains,11.0261,77.1261,0.0
20230408,Sulur_Plains,11.0261,77.1261,0.0
20230409,Sulur_Plains,11.0261,77.1261,0.0
20230410,Sulur_Plains,11.0261,77.1261,0.0
20230411,Sulur_Plains,11.0261,77.1261,0.0
20230412,Sulur_Plains,11.0261,77.1261,0.0
20230413,Sulur_Plains,11.0261,77.1261,0.0
20230414,Sulur_Plains,11.0261,77.1261,0.0
20230415,Sulur_Plains,11.0261,77.1261,0.0
20230416,Sulur_Plains,11.0261,77.1261,0.0
20230417,Sulur_Plains,11.0261,77.1261,0.0
20230418,Sulur_Plains,11.0261,77.1261,0.0
20230419,Sulur_Plains,11.0261,77.1261,0.0
20230420,Sulur_Plains,11.0261,77.1261,0.0
20230421,Sulur_Plains,11.0261,77.1261,0.0
20230422,Sulur_Plains,11.0261,77.1261,0.0
20230423,Sulur_Plains,11.0261,77.1261,3.253776788711548
20230424,Sulur_Plains,11.0261,77.1261,0.0
20230425,Sulur_Plains,11.0261,77.1261,3.253776788711548
20230426,Sulur_Plains,11.0261,77.1261,2.9948618412017822
20230427,Sulur_Plains,11.0261,77.1261,0.0
20230428,Sulur_Plains,11.0261,77.1261,2.9948618412017822
20230429,Sulur_Plains,11.0261,77.1261,5.9897236824035645
20230430,Sulur_Plains,11.0261,77.1261,5.9897236824035645
20230501,Sulur_Plains,11.0261,77.1261,7.577832221984863
20230502,Sulur_Plains,11.0261,77.1261,11.366747856140137
20230503,Sulur_Plains,11.0261,77.1261,7.577832221984863
20230504,Sulur_Plains,11.0261,77.1261,3.7889161109924316
20230505,Sulur_Plains,11.0261,77.1261,0.0
20230506,Sulur_Plains,11.0261,77.1261,8.197628021240234
20230507,Sulur_Plains,11.0261,77.1261,2.7325427532196045
20230508,Sulur_Plains,11.0261,77.1261,5.465085506439209
20230509,Sulur_Plains,11.0261,77.1261,8.197628021240234
20230510,Sulur_Plains,11.0261,77.1261,0.0
20230511,Sulur_Plains,11.0261,77.1261,7.658733367919922
20230512,Sulur_Plains,11.0261,77.1261,0.0
20230513,Sulur_Plains,11.0261,77.1261,0.0
20230514,Sulur_Plains,11.0261,77.1261,0.0
20230515,Sulur_Plains,11.0261,77.1261,0.0
20230516,Sulur_Plains,11.0261,77.1261,0.0
20230517,Sulur_Plains,11.0261,77.1261,2.279728889465332
20230518,Sulur_Plains,11.0261,77.1261,4.559457778930664
20230519,Sulur_Plains,11.0261,77.1261,2.279728889465332
20230520,Sulur_Plains,11.0261,77.1261,2.279728889465332
20230521,Sulur_Plains,11.0261,77.1261,6.075983047485352
20230522,Sulur_Plains,11.0261,77.1261,0.0
20230523,Sulur_Plains,11.0261,77.1261,0.0
20230524,Sulur_Plains,11.0261,77.1261,2.025327682495117
20230525,Sulur_Plains,11.0261,77.1261,2.025327682495117
20230526,Sulur_Plains,11.0261,77.1261,0.0
20230527,Sulur_Plains,11.0261,77.1261,0.0
20230528,Sulur_Plains,11.0261,77.1261,0.0
20230529,Sulur_Plains,11.0261,77.1261,4.683130264282227
20230530,Sulur_Plains,11.0261,77.1261,14.049391746520996
20230531,Sulur_Plains,11.0261,77.1261,9.366251945495605
20230601,Sulur_Plains,11.0261,77.1261,1.512649655342102
20230602,Sulur_Plains,11.0261,77.1261,1.512649655342102
20230603,Sulur_Plains,11.0261,77.1261,4.537949562072754
20230604,Sulur_Plains,11.0261,77.1261,1.512649655342102
20230605,Sulur_Plains,11.0261,77.1261,3.025299310684204
20230606,Sulur_Plains,11.0261,77.1261,0.0
20230607,Sulur_Plains,11.0261,77.1261,0.0
20230608,Sulur_Plains,11.0261,77.1261,0.0
20230609,Sulur_Plains,11.0261,77.1261,0.0
20230610,Sulur_Plains,11.0261,77.1261,0.0
20230611,Sulur_Plains,11.0261,77.1261,0.0
20230612,Sulur_Plains,11.0261,77.1261,2.2302510738372803
20230613,Sulur_Plains,11.0261,77.1261,2.2302510738372803
20230614,Sulur_Plains,11.0261,77.1261,0.0
20230615,Sulur_Plains,11.0261,77.1261,0.0
20230616,Sulur_Plains,11.0261,77.1261,0.0
20230617,Sulur_Plains,11.0261,77.1261,1.1836822032928467
20230618,Sulur_Plains,11.0261,77.1261,0.0
20230619,Sulur_Plains,11.0261,77.1261,0.0
20230620,Sulur_Plains,11.0261,77.1261,4.734728813171387
20230621,Sulur_Plains,11.0261,77.1261,5.546246528625488
20230622,Sulur_Plains,11.0261,77.1261,1.386561632156372
20230623,Sulur_Plains,11.0261,77.1261,0.0
20230624,Sulur_Plains,11.0261,77.1261,0.0
20230625,Sulur_Plains,11.0261,77.1261,1.386561632156372
20230626,Sulur_Plains,11.0261,77.1261,0.0
20230627,Sulur_Plains,11.0261,77.1261,2.099277973175049
20230628,Sulur_Plains,11.0261,77.1261,0.0
20230629,Sulur_Plains,11.0261,77.1261,0.0
20230630,Sulur_Plains,11.0261,77.1261,0.0
20230701,Sulur_Plains,11.0261,77.1261,0.801475465297699
20230702,Sulur_Plains,11.0261,77.1261,0.801475465297699
20230703,Sulur_Plains,11.0261,77.1261,0.0
20230704,Sulur_Plains,11.0261,77.1261,0.801475465297699
20230705,Sulur_Plains,11.0261,77.1261,0.801475465297699
20230706,Sulur_Plains,11.0261,77.1261,0.0
20230707,Sulur_Plains,11.0261,77.1261,0.0
20230708,Sulur_Plains,11.0261,77.1261,0.0
20230709,Sulur_Plains,11.0261,77.1261,0.0
20230710,Sulur_Plains,11.0261,77.1261,3.3152449131011963
20230711,Sulur_Plains,11.0261,77.1261,0.0
20230712,Sulur_Plains,11.0261,77.1261,0.4608636498451233
20230713,Sulur_Plains,11.0261,77.1261,0.9217272996902466
20230714,Sulur_Plains,11.0261,77.1261,0.0
20230715,Sulur_Plains,11.0261,77.1261,0.0
20230716,Sulur_Plains,11.0261,77.1261,0.0
20230717,Sulur_Plains,11.0261,77.1261,0.0
20230718,Sulur_Plains,11.0261,77.1261,0.0
20230719,Sulur_Plains,11.0261,77.1261,0.0
20230720,Sulur_Plains,11.0261,77.1261,0.0
20230721,Sulur_Plains,11.0261,77.1261,0.7397288680076599
20230722,Sulur_Plains,11.0261,77.1261,0.0
20230723,Sulur_Plains,11.0261,77.1261,0.7397288680076599
20230724,Sulur_Plains,11.0261,77.1261,1.4794577360153198
20230725,Sulur_Plains,11.0261,77.1261,0.0
20230726,Sulur_Plains,11.0261,77.1261,1.261084794998169
20230727,Sulur_Plains,11.0261,77.1261,0.0
20230728,Sulur_Plains,11.0261,77.1261,0.0
20230729,Sulur_Plains,11.0261,77.1261,0.0
20230730,Sulur_Plains,11.0261,77.1261,0.0
20230731,Sulur_Plains,11.0261,77.1261,0.0
20230801,Sulur_Plains,11.0261,77.1261,0.0
20230802,Sulur_Plains,11.0261,77.1261,0.0
20230803,Sulur_Plains,11.0261,77.1261,0.0
20230804,Sulur_Plains,11.0261,77.1261,0.0
20230805,Sulur_Plains,11.0261,77.1261,0.0
20230806,Sulur_Plains,11.0261,77.1261,0.0
20230807,Sulur_Plains,11.0261,77.1261,0.0
20230808,Sulur_Plains,11.0261,77.1261,0.0
20230809,Sulur_Plains,11.0261,77.1261,4.4623799324035645
20230810,Sulur_Plains,11.0261,77.1261,2.9749200344085693
20230811,Sulur_Plains,11.0261,77.1261,3.808156967163086
20230812,Sulur_Plains,11.0261,77.1261,1.269385576248169
20230813,Sulur_Plains,11.0261,77.1261,0.0
20230814,Sulur_Plains,11.0261,77.1261,0.0
20230815,Sulur_Plains,11.0261,77.1261,0.0
20230816,Sulur_Plains,11.0261,77.1261,0.0
20230817,Sulur_Plains,11.0261,77.1261,0.0
20230818,Sulur_Plains,11.0261,77.1261,0.0
20230819,Sulur_Plains,11.0261,77.1261,0.0
20230820,Sulur_Plains,11.0261,77.1261,0.0
20230821,Sulur_Plains,11.0261,77.1261,0.0
20230822,Sulur_Plains,11.0261,77.1261,0.9944924116134644
20230823,Sulur_Plains,11.0261,77.1261,0.9944924116134644
20230824,Sulur_Plains,11.0261,77.1261,0.0
20230825,Sulur_Plains,11.0261,77.1261,0.0
20230826,Sulur_Plains,11.0261,77.1261,0.0
20230827,Sulur_Plains,11.0261,77.1261,2.4608981609344482
20230828,Sulur_Plains,11.0261,77.1261,0.0
20230829,Sulur_Plains,11.0261,77.1261,7.382694721221924
20230830,Sulur_Plains,11.0261,77.1261,4.9217963218688965
20230831,Sulur_Plains,11.0261,77.1261,4.9217963218688965
20230901,Sulur_Plains,11.0261,77.1261,10.335884094238281
20230902,Sulur_Plains,11.0261,77.1261,0.0
20230903,Sulur_Plains,11.0261,77.1261,0.0
20230904,Sulur_Plains,11.0261,77.1261,0.0
20230905,Sulur_Plains,11.0261,77.1261,0.0
20230906,Sulur_Plains,11.0261,77.1261,0.0
20230907,Sulur_Plains,11.0261,77.1261,0.0
20230908,Sulur_Plains,11.0261,77.1261,0.0
20230909,Sulur_Plains,11.0261,77.1261,0.0
20230910,Sulur_Plains,11.0261,77.1261,0.0
20230911,Sulur_Plains,11.0261,77.1261,0.0
20230912,Sulur_Plains,11.0261,77.1261,5.335684299468994
20230913,Sulur_Plains,11.0261,77.1261,0.0
20230914,Sulur_Plains,11.0261,77.1261,0.0
20230915,Sulur_Plains,11.0261,77.1261,0.0
20230916,Sulur_Plains,11.0261,77.1261,0.0
20230917,Sulur_Plains,11.0261,77.1261,4.263937950134277
20230918,Sulur_Plains,11.0261,77.1261,8.527875900268555
20230919,Sulur_Plains,11.0261,77.1261,0.0
20230920,Sulur_Plains,11.0261,77.1261,0.0
20230921,Sulur_Plains,11.0261,77.1261,3.9789011478424072
20230922,Sulur_Plains,11.0261,77.1261,1.9894505739212036
20230923,Sulur_Plains,11.0261,77.1261,3.9789011478424072
20230924,Sulur_Plains,11.0261,77.1261,0.0
20230925,Sulur_Plains,11.0261,77.1261,3.9789011478424072
20230926,Sulur_Plains,11.0261,77.1261,0.0
20230927,Sulur_Plains,11.0261,77.1261,5.890776634216309
20230928,Sulur_Plains,11.0261,77.1261,0.0
20230929,Sulur_Plains,11.0261,77.1261,0.0
20230930,Sulur_Plains,11.0261,77.1261,0.0
20231001,Sulur_Plains,11.0261,77.1261,0.0
20231002,Sulur_Plains,11.0261,77.1261,0.0
20231003,Sulur_Plains,11.0261,77.1261,0.0
20231004,Sulur_Plains,11.0261,77.1261,0.0
20231005,Sulur_Plains,11.0261,77.1261,0.0
20231006,Sulur_Plains,11.0261,77.1261,0.0
20231007,Sulur_Plains,11.0261,77.1261,0.0
20231008,Sulur_Plains,11.0261,77.1261,0.0
20231009,Sulur_Plains,11.0261,77.1261,22.5084228515625
20231010,Sulur_Plains,11.0261,77.1261,0.0
20231011,Sulur_Plains,11.0261,77.1261,31.08422088623047
20231012,Sulur_Plains,11.0261,77.1261,0.0
20231013,Sulur_Plains,11.0261,77.1261,0.0
20231014,Sulur_Plains,11.0261,77.1261,15.542110443115234
20231015,Sulur_Plains,11.0261,77.1261,0.0
20231016,Sulur_Plains,11.0261,77.1261,17.984682083129883
20231017,Sulur_Plains,11.0261,77.1261,0.0
20231018,Sulur_Plains,11.0261,77.1261,0.0
20231019,Sulur_Plains,11.0261,77.1261,0.0
20231020,Sulur_Plains,11.0261,77.1261,0.0
20231021,Sulur_Plains,11.0261,77.1261,0.0
20231022,Sulur_Plains,11.0261,77.1261,0.0
20231023,Sulur_Plains,11.0261,77.1261,0.0
20231024,Sulur_Plains,11.0261,77.1261,0.0
20231025,Sulur_Plains,11.0261,77.1261,0.0
20231026,Sulur_Plains,11.0261,77.1261,0.0
20231027,Sulur_Plains,11.0261,77.1261,0.0
20231028,Sulur_Plains,11.0261,77.1261,0.0
20231029,Sulur_Plains,11.0261,77.1261,9.1931791305542
20231030,Sulur_Plains,11.0261,77.1261,9.1931791305542
20231031,Sulur_Plains,11.0261,77.1261,0.0
20231101,Sulur_Plains,11.0261,77.1261,11.318123817443848
20231102,Sulur_Plains,11.0261,77.1261,11.318123817443848
20231103,Sulur_Plains,11.0261,77.1261,22.636247634887695
20231104,Sulur_Plains,11.0261,77.1261,45.27249526977539
20231105,Sulur_Plains,11.0261,77.1261,11.318123817443848
20231106,Sulur_Plains,11.0261,77.1261,11.968384742736816
20231107,Sulur_Plains,11.0261,77.1261,5.984192371368408
20231108,Sulur_Plains,11.0261,77.1261,11.968384742736816
20231109,Sulur_Plains,11.0261,77.1261,5.984192371368408
20231110,Sulur_Plains,11.0261,77.1261,0.0
20231111,Sulur_Plains,11.0261,77.1261,0.0
20231112,Sulur_Plains,11.0261,77.1261,0.0
20231113,Sulur_Plains,11.0261,77.1261,0.0
20231114,Sulur_Plains,11.0261,77.1261,0.0
20231115,Sulur_Plains,11.0261,77.1261,0.0
20231116,Sulur_Plains,11.0261,77.1261,0.0
20231117,Sulur_Plains,11.0261,77.1261,0.0
20231118,Sulur_Plains,11.0261,77.1261,0.0
20231119,Sulur_Plains,11.0261,77.1261,0.0
20231120,Sulur_Plains,11.0261,77.1261,0.0
20231121,Sulur_Plains,11.0261,77.1261,14.466328620910645
20231122,Sulur_Plains,11.0261,77.1261,21.699493408203125
20231123,Sulur_Plains,11.0261,77.1261,14.466328620910645
20231124,Sulur_Plains,11.0261,77.1261,0.0
20231125,Sulur_Plains,11.0261,77.1261,0.0
20231126,Sulur_Plains,11.0261,77.1261,0.0
20231127,Sulur_Plains,11.0261,77.1261,0.0
20231128,Sulur_Plains,11.0261,77.1261,0.0
20231129,Sulur_Plains,11.0261,77.1261,0.0
20231130,Sulur_Plains,11.0261,77.1261,0.0
20231201,Sulur_Plains,11.0261,77.1261,0.0
20231202,Sulur_Plains,11.0261,77.1261,2.45957350730896
20231203,Sulur_Plains,11.0261,77.1261,2.45957350730896
20231204,Sulur_Plains,11.0261,77.1261,7.378720283508301
20231205,Sulur_Plains,11.0261,77.1261,2.45957350730896
20231206,Sulur_Plains,11.0261,77.1261,0.0
20231207,Sulur_Plains,11.0261,77.1261,0.0
20231208,Sulur_Plains,11.0261,77.1261,16.719688415527344
20231209,Sulur_Plains,11.0261,77.1261,5.5732293128967285
20231210,Sulur_Plains,11.0261,77.1261,0.0
20231211,Sulur_Plains,11.0261,77.1261,0.0
20231212,Sulur_Plains,11.0261,77.1261,0.0
20231213,Sulur_Plains,11.0261,77.1261,0.0
20231214,Sulur_Plains,11.0261,77.1261,0.0
20231215,Sulur_Plains,11.0261,77.1261,0.0
20231216,Sulur_Plains,11.0261,77.1261,0.0
20231217,Sulur_Plains,11.0261,77.1261,8.914022445678711
20231218,Sulur_Plains,11.0261,77.1261,0.0
20231219,Sulur_Plains,11.0261,77.1261,0.0
20231220,Sulur_Plains,11.0261,77.1261,0.0
20231221,Sulur_Plains,11.0261,77.1261,0.0
20231222,Sulur_Plains,11.0261,77.1261,0.0
20231223,Sulur_Plains,11.0261,77.1261,0.0
20231224,Sulur_Plains,11.0261,77.1261,0.0
20231225,Sulur_Plains,11.0261,77.1261,0.0
20231226,Sulur_Plains,11.0261,77.1261,0.0
20231227,Sulur_Plains,11.0261,77.1261,0.0
20231228,Sulur_Plains,11.0261,77.1261,0.0
20231229,Sulur_Plains,11.0261,77.1261,0.0
20231230,Sulur_Plains,11.0261,77.1261,0.0
20231231,Sulur_Plains,11.0261,77.1261,0.0
20190101,Valparai_Hill,10.3273,76.9536,0.0
20190102,Valparai_Hill,10.3273,76.9536,0.0
20190103,Valparai_Hill,10.3273,76.9536,0.0
20190104,Valparai_Hill,10.3273,76.9536,0.0
20190105,Valparai_Hill,10.3273,76.9536,0.0
20190106,Valparai_Hill,10.3273,76.9536,0.0
20190107,Valparai_Hill,10.3273,76.9536,0.0
20190108,Valparai_Hill,10.3273,76.9536,0.0
20190109,Valparai_Hill,10.3273,76.9536,0.0
20190110,Valparai_Hill,10.3273,76.9536,0.0
20190111,Valparai_Hill,10.3273,76.9536,0.0
20190112,Valparai_Hill,10.3273,76.9536,0.0
20190113,Valparai_Hill,10.3273,76.9536,0.0
20190114,Valparai_Hill,10.3273,76.9536,0.0
20190115,Valparai_Hill,10.3273,76.9536,4.579305171966553
20190116,Valparai_Hill,10.3273,76.9536,0.0
20190117,Valparai_Hill,10.3273,76.9536,0.0
20190118,Valparai_Hill,10.3273,76.9536,0.0
20190119,Valparai_Hill,10.3273,76.9536,0.0
20190120,Valparai_Hill,10.3273,76.9536,3.7898471355438232
20190121,Valparai_Hill,10.3273,76.9536,3.37892484664917
20190122,Valparai_Hill,10.3273,76.9536,0.0
20190123,Valparai_Hill,10.3273,76.9536,0.0
20190124,Valparai_Hill,10.3273,76.9536,0.0
20190125,Valparai_Hill,10.3273,76.9536,0.0
20190126,Valparai_Hill,10.3273,76.9536,0.0
20190127,Valparai_Hill,10.3273,76.9536,0.0
20190128,Valparai_Hill,10.3273,76.9536,0.0
20190129,Valparai_Hill,10.3273,76.9536,0.0
20190130,Valparai_Hill,10.3273,76.9536,0.0
20190131,Valparai_Hill,10.3273,76.9536,0.0
20190201,Valparai_Hill,10.3273,76.9536,0.0
20190202,Valparai_Hill,10.3273,76.9536,0.0
20190203,Valparai_Hill,10.3273,76.9536,0.0
20190204,Valparai_Hill,10.3273,76.9536,0.0
20190205,Valparai_Hill,10.3273,76.9536,0.0
20190206,Valparai_Hill,10.3273,76.9536,0.0
20190207,Valparai_Hill,10.3273,76.9536,0.0
20190208,Valparai_Hill,10.3273,76.9536,0.0
20190209,Valparai_Hill,10.3273,76.9536,10.891005516052246
20190210,Valparai_Hill,10.3273,76.9536,0.0
20190211,Valparai_Hill,10.3273,76.9536,0.0
20190212,Valparai_Hill,10.3273,76.9536,0.0
20190213,Valparai_Hill,10.3273,76.9536,0.0
20190214,Valparai_Hill,10.3273,76.9536,0.0
20190215,Valparai_Hill,10.3273,76.9536,0.0
20190216,Valparai_Hill,10.3273,76.9536,0.0
20190217,Valparai_Hill,10.3273,76.9536,0.0
20190218,Valparai_Hill,10.3273,76.9536,0.0
20190219,Valparai_Hill,10.3273,76.9536,0.0
20190220,Valparai_Hill,10.3273,76.9536,0.0
20190221,Valparai_Hill,10.3273,76.9536,0.0
20190222,Valparai_Hill,10.3273,76.9536,0.0
20190223,Valparai_Hill,10.3273,76.9536,0.0
20190224,Valparai_Hill,10.3273,76.9536,0.0
20190225,Valparai_Hill,10.3273,76.9536,0.0
20190226,Valparai_Hill,10.3273,76.9536,0.0
20190227,Valparai_Hill,10.3273,76.9536,0.0
20190228,Valparai_Hill,10.3273,76.9536,0.0
20190301,Valparai_Hill,10.3273,76.9536,0.0
20190302,Valparai_Hill,10.3273,76.9536,0.0
20190303,Valparai_Hill,10.3273,76.9536,0.0
20190304,Valparai_Hill,10.3273,76.9536,0.0
20190305,Valparai_Hill,10.3273,76.9536,0.0
20190306,Valparai_Hill,10.3273,76.9536,0.0
20190307,Valparai_Hill,10.3273,76.9536,0.0
20190308,Valparai_Hill,10.3273,76.9536,0.0
20190309,Valparai_Hill,10.3273,76.9536,21.244354248046875
20190310,Valparai_Hill,10.3273,76.9536,0.0
20190311,Valparai_Hill,10.3273,76.9536,0.0
20190312,Valparai_Hill,10.3273,76.9536,0.0
20190313,Valparai_Hill,10.3273,76.9536,0.0
20190314,Valparai_Hill,10.3273,76.9536,0.0
20190315,Valparai_Hill,10.3273,76.9536,0.0
20190316,Valparai_Hill,10.3273,76.9536,0.0
20190317,Valparai_Hill,10.3273,76.9536,0.0
20190318,Valparai_Hill,10.3273,76.9536,0.0
20190319,Valparai_Hill,10.3273,76.9536,0.0
20190320,Valparai_Hill,10.3273,76.9536,0.0
20190321,Valparai_Hill,10.3273,76.9536,0.0
20190322,Valparai_Hill,10.3273,76.9536,0.0
20190323,Valparai_Hill,10.3273,76.9536,0.0
20190324,Valparai_Hill,10.3273,76.9536,0.0
20190325,Valparai_Hill,10.3273,76.9536,0.0
20190326,Valparai_Hill,10.3273,76.9536,0.0
20190327,Valparai_Hill,10.3273,76.9536,0.0
20190328,Valparai_Hill,10.3273,76.9536,0.0
20190329,Valparai_Hill,10.3273,76.9536,0.0
20190330,Valparai_Hill,10.3273,76.9536,0.0
20190331,Valparai_Hill,10.3273,76.9536,0.0
20190401,Valparai_Hill,10.3273,76.9536,0.0
20190402,Valparai_Hill,10.3273,76.9536,0.0
20190403,Valparai_Hill,10.3273,76.9536,0.0
20190404,Valparai_Hill,10.3273,76.9536,0.0
20190405,Valparai_Hill,10.3273,76.9536,0.0
20190406,Valparai_Hill,10.3273,76.9536,0.0
20190407,Valparai_Hill,10.3273,76.9536,0.0
20190408,Valparai_Hill,10.3273,76.9536,0.0
20190409,Valparai_Hill,10.3273,76.9536,5.2922539710998535
20190410,Valparai_Hill,10.3273,76.9536,0.0
20190411,Valparai_Hill,10.3273,76.9536,0.0
20190412,Valparai_Hill,10.3273,76.9536,0.0
20190413,Valparai_Hill,10.3273,76.9536,0.0
20190414,Valparai_Hill,10.3273,76.9536,0.0
20190415,Valparai_Hill,10.3273,76.9536,0.0
20190416,Valparai_Hill,10.3273,76.9536,6.98792028427124
20190417,Valparai_Hill,10.3273,76.9536,13.97584056854248
20190418,Valparai_Hill,10.3273,76.9536,20.963760375976562
20190419,Valparai_Hill,10.3273,76.9536,20.963760375976562
20190420,Valparai_Hill,10.3273,76.9536,20.963760375976562
20190421,Valparai_Hill,10.3273,76.9536,2.049935817718506
20190422,Valparai_Hill,10.3273,76.9536,2.1319093704223633
20190423,Valparai_Hill,10.3273,76.9536,1.5455771684646606
20190424,Valparai_Hill,10.3273,76.9536,0.3897894620895386
20190425,Valparai_Hill,10.3273,76.9536,0.299385666847229
20190426,Valparai_Hill,10.3273,76.9536,0.0
20190427,Valparai_Hill,10.3273,76.9536,2.90053391456604
20190428,Valparai_Hill,10.3273,76.9536,2.90053391456604
20190429,Valparai_Hill,10.3273,76.9536,2.90053391456604
20190430,Valparai_Hill,10.3273,76.9536,5.80106782913208
20190501,Valparai_Hill,10.3273,76.9536,0.0
20190502,Valparai_Hill,10.3273,76.9536,2.222721576690674
20190503,Valparai_Hill,10.3273,76.9536,0.0
20190504,Valparai_Hill,10.3273,76.9536,0.0
20190505,Valparai_Hill,10.3273,76.9536,2.222721576690674
20190506,Valparai_Hill,10.3273,76.9536,2.738713502883911
20190507,Valparai_Hill,10.3273,76.9536,0.0
20190508,Valparai_Hill,10.3273,76.9536,0.0
20190509,Valparai_Hill,10.3273,76.9536,0.0
20190510,Valparai_Hill,10.3273,76.9536,5.477427005767822
20190511,Valparai_Hill,10.3273,76.9536,0.0
20190512,Valparai_Hill,10.3273,76.9536,0.0
20190513,Valparai_Hill,10.3273,76.9536,0.0
20190514,Valparai_Hill,10.3273,76.9536,0.0
20190515,Valparai_Hill,10.3273,76.9536,0.0
20190516,Valparai_Hill,10.3273,76.9536,2.2526192665100098
20190517,Valparai_Hill,10.3273,76.9536,2.2526192665100098
20190518,Valparai_Hill,10.3273,76.9536,2.2526192665100098
20190519,Valparai_Hill,10.3273,76.9536,2.2526192665100098
20190520,Valparai_Hill,10.3273,76.9536,0.0
20190521,Valparai_Hill,10.3273,76.9536,0.0
20190522,Valparai_Hill,10.3273,76.9536,0.0
20190523,Valparai_Hill,10.3273,76.9536,3.5515880584716797
20190524,Valparai_Hill,10.3273,76.9536,3.5515880584716797
20190525,Valparai_Hill,10.3273,76.9536,1.7757940292358398
20190526,Valparai_Hill,10.3273,76.9536,2.8509411811828613
20190527,Valparai_Hill,10.3273,76.9536,0.0
20190528,Valparai_Hill,10.3273,76.9536,5.701882362365723
20190529,Valparai_Hill,10.3273,76.9536,5.701882362365723
20190530,Valparai_Hill,10.3273,76.9536,5.701882362365723
20190531,Valparai_Hill,10.3273,76.9536,8.552823066711426
20190601,Valparai_Hill,10.3273,76.9536,0.0
20190602,Valparai_Hill,10.3273,76.9536,0.0
20190603,Valparai_Hill,10.3273,76.9536,0.0
20190604,Valparai_Hill,10.3273,76.9536,12.279322624206543
20190605,Valparai_Hill,10.3273,76.9536,24.558645248413086
20190606,Valparai_Hill,10.3273,76.9536,0.0
20190607,Valparai_Hill,10.3273,76.9536,11.484246253967285
20190608,Valparai_Hill,10.3273,76.9536,5.742123126983643
20190609,Valparai_Hill,10.3273,76.9536,5.742123126983643
20190610,Valparai_Hill,10.3273,76.9536,5.742123126983643
20190611,Valparai_Hill,10.3273,76.9536,5.330751419067383
20190612,Valparai_Hill,10.3273,76.9536,3.5763485431671143
20190613,Valparai_Hill,10.3273,76.9536,2.0276572704315186
20190614,Valparai_Hill,10.3273,76.9536,1.5540724992752075
20190615,Valparai_Hill,10.3273,76.9536,3.78696346282959
20190616,Valparai_Hill,10.3273,76.9536,0.0
20190617,Valparai_Hill,10.3273,76.9536,0.0
20190618,Valparai_Hill,10.3273,76.9536,0.0
20190619,Valparai_Hill,10.3273,76.9536,0.0
20190620,Valparai_Hill,10.3273,76.9536,0.0
20190621,Valparai_Hill,10.3273,76.9536,25.98247528076172
20190622,Valparai_Hill,10.3273,76.9536,0.0
20190623,Valparai_Hill,10.3273,76.9536,0.0
20190624,Valparai_Hill,10.3273,76.9536,0.0
20190625,Valparai_Hill,10.3273,76.9536,8.6608247756958
20190626,Valparai_Hill,10.3273,76.9536,0.0
20190627,Valparai_Hill,10.3273,76.9536,0.0
20190628,Valparai_Hill,10.3273,76.9536,0.0
20190629,Valparai_Hill,10.3273,76.9536,0.0
20190630,Valparai_Hill,10.3273,76.9536,21.2196102142334
20190701,Valparai_Hill,10.3273,76.9536,0.0
20190702,Valparai_Hill,10.3273,76.9536,0.0
20190703,Valparai_Hill,10.3273,76.9536,0.0
20190704,Valparai_Hill,10.3273,76.9536,0.0
20190705,Valparai_Hill,10.3273,76.9536,0.0
20190706,Valparai_Hill,10.3273,76.9536,0.0
20190707,Valparai_Hill,10.3273,76.9536,0.0
20190708,Valparai_Hill,10.3273,76.9536,0.0
20190709,Valparai_Hill,10.3273,76.9536,18.524147033691406
20190710,Valparai_Hill,10.3273,76.9536,9.262073516845703
20190711,Valparai_Hill,10.3273,76.9536,5.325286865234375
20190712,Valparai_Hill,10.3273,76.9536,5.325286865234375
20190713,Valparai_Hill,10.3273,76.9536,0.0
20190714,Valparai_Hill,10.3273,76.9536,15.975860595703125
20190715,Valparai_Hill,10.3273,76.9536,5.325286865234375
20190716,Valparai_Hill,10.3273,76.9536,18.68061065673828
20190717,Valparai_Hill,10.3273,76.9536,0.0
20190718,Valparai_Hill,10.3273,76.9536,18.68061065673828
20190719,Valparai_Hill,10.3273,76.9536,18.68061065673828
20190720,Valparai_Hill,10.3273,76.9536,0.0
20190721,Valparai_Hill,10.3273,76.9536,0.0
20190722,Valparai_Hill,10.3273,76.9536,38.38139343261719
20190723,Valparai_Hill,10.3273,76.9536,0.0
20190724,Valparai_Hill,10.3273,76.9536,0.0
20190725,Valparai_Hill,10.3273,76.9536,21.932226181030273
20190726,Valparai_Hill,10.3273,76.9536,24.0913143157959
20190727,Valparai_Hill,10.3273,76.9536,6.022828578948975
20190728,Valparai_Hill,10.3273,76.9536,6.022828578948975
20190729,Valparai_Hill,10.3273,76.9536,6.022828578948975
20190730,Valparai_Hill,10.3273,76.9536,0.0
20190731,Valparai_Hill,10.3273,76.9536,0.0
20190801,Valparai_Hill,10.3273,76.9536,0.0
20190802,Valparai_Hill,10.3273,76.9536,9.996593475341797
20190803,Valparai_Hill,10.3273,76.9536,4.998296737670898
20190804,Valparai_Hill,10.3273,76.9536,4.998296737670898
20190805,Valparai_Hill,10.3273,76.9536,14.994890213012695
20190806,Valparai_Hill,10.3273,76.9536,0.0
20190807,Valparai_Hill,10.3273,76.9536,39.440773010253906
20190808,Valparai_Hill,10.3273,76.9536,118.32231140136719
20190809,Valparai_Hill,10.3273,76.9536,39.440773010253906
20190810,Valparai_Hill,10.3273,76.9536,0.0
20190811,Valparai_Hill,10.3273,76.9536,0.0
20190812,Valparai_Hill,10.3273,76.9536,0.0
20190813,Valparai_Hill,10.3273,76.9536,0.0
20190814,Valparai_Hill,10.3273,76.9536,0.0
20190815,Valparai_Hill,10.3273,76.9536,0.0
20190816,Valparai_Hill,10.3273,76.9536,25.983478546142578
20190817,Valparai_Hill,10.3273,76.9536,12.991739273071289
20190818,Valparai_Hill,10.3273,76.9536,12.991739273071289
20190819,Valparai_Hill,10.3273,76.9536,12.991739273071289
20190820,Valparai_Hill,10.3273,76.9536,51.966957092285156
20190821,Valparai_Hill,10.3273,76.9536,16.53385353088379
20190822,Valparai_Hill,10.3273,76.9536,33.06770706176758
20190823,Valparai_Hill,10.3273,76.9536,0.0
20190824,Valparai_Hill,10.3273,76.9536,0.0
20190825,Valparai_Hill,10.3273,76.9536,16.53385353088379
20190826,Valparai_Hill,10.3273,76.9536,0.0
20190827,Valparai_Hill,10.3273,76.9536,0.0
20190828,Valparai_Hill,10.3273,76.9536,0.0
20190829,Valparai_Hill,10.3273,76.9536,35.05126190185547
20190830,Valparai_Hill,10.3273,76.9536,0.0
20190831,Valparai_Hill,10.3273,76.9536,0.0
20190901,Valparai_Hill,10.3273,76.9536,7.305330753326416
20190902,Valparai_Hill,10.3273,76.9536,7.305330753326416
20190903,Valparai_Hill,10.3273,76.9536,14.610661506652832
20190904,Valparai_Hill,10.3273,76.9536,3.652665376663208
20190905,Valparai_Hill,10.3273,76.9536,0.0
20190906,Valparai_Hill,10.3273,76.9536,0.0
20190907,Valparai_Hill,10.3273,76.9536,0.0
20190908,Valparai_Hill,10.3273,76.9536,0.0
20190909,Valparai_Hill,10.3273,76.9536,0.0
20190910,Valparai_Hill,10.3273,76.9536,24.877443313598633
20190911,Valparai_Hill,10.3273,76.9536,14.48516845703125
20190912,Valparai_Hill,10.3273,76.9536,14.48516845703125
20190913,Valparai_Hill,10.3273,76.9536,14.48516845703125
20190914,Valparai_Hill,10.3273,76.9536,9.656778335571289
20190915,Valparai_Hill,10.3273,76.9536,14.48516845703125
20190916,Valparai_Hill,10.3273,76.9536,6.021100997924805
20190917,Valparai_Hill,10.3273,76.9536,18.06330108642578
20190918,Valparai_Hill,10.3273,76.9536,6.021100997924805
20190919,Valparai_Hill,10.3273,76.9536,12.04220199584961
20190920,Valparai_Hill,10.3273,76.9536,0.0
20190921,Valparai_Hill,10.3273,76.9536,8.473297119140625
20190922,Valparai_Hill,10.3273,76.9536,8.473297119140625
20190923,Valparai_Hill,10.3273,76.9536,16.94659423828125
20190924,Valparai_Hill,10.3273,76.9536,4.2366485595703125
20190925,Valparai_Hill,10.3273,76.9536,8.473297119140625
20190926,Valparai_Hill,10.3273,76.9536,0.0
20190927,Valparai_Hill,10.3273,76.9536,0.0
20190928,Valparai_Hill,10.3273,76.9536,0.0
20190929,Valparai_Hill,10.3273,76.9536,0.0
20190930,Valparai_Hill,10.3273,76.9536,18.787220001220703
20191001,Valparai_Hill,10.3273,76.9536,16.399993896484375
20191002,Valparai_Hill,10.3273,76.9536,0.0
20191003,Valparai_Hill,10.3273,76.9536,0.0
20191004,Valparai_Hill,10.3273,76.9536,8.199996948242188
20191005,Valparai_Hill,10.3273,76.9536,8.199996948242188
20191006,Valparai_Hill,10.3273,76.9536,8.991545677185059
20191007,Valparai_Hill,10.3273,76.9536,0.0
20191008,Valparai_Hill,10.3273,76.9536,8.991545677185059
20191009,Valparai_Hill,10.3273,76.9536,0.0
20191010,Valparai_Hill,10.3273,76.9536,0.0
20191011,Valparai_Hill,10.3273,76.9536,10.673747062683105
20191012,Valparai_Hill,10.3273,76.9536,5.336873531341553
20191013,Valparai_Hill,10.3273,76.9536,5.336873531341553
20191014,Valparai_Hill,10.3273,76.9536,5.336873531341553
20191015,Valparai_Hill,10.3273,76.9536,5.336873531341553
20191016,Valparai_Hill,10.3273,76.9536,19.140295028686523
20191017,Valparai_Hill,10.3273,76.9536,4.785073757171631
20191018,Valparai_Hill,10.3273,76.9536,4.785073757171631
20191019,Valparai_Hill,10.3273,76.9536,0.0
20191020,Valparai_Hill,10.3273,76.9536,9.570147514343262
20191021,Valparai_Hill,10.3273,76.9536,35.410160064697266
20191022,Valparai_Hill,10.3273,76.9536,0.0
20191023,Valparai_Hill,10.3273,76.9536,11.803386688232422
20191024,Valparai_Hill,10.3273,76.9536,0.0
20191025,Valparai_Hill,10.3273,76.9536,0.0
20191026,Valparai_Hill,10.3273,76.9536,0.0
20191027,Valparai_Hill,10.3273,76.9536,0.0
20191028,Valparai_Hill,10.3273,76.9536,13.48245620727539
20191029,Valparai_Hill,10.3273,76.9536,26.96491241455078
20191030,Valparai_Hill,10.3273,76.9536,0.0
20191031,Valparai_Hill,10.3273,76.9536,0.0
20191101,Valparai_Hill,10.3273,76.9536,0.0
20191102,Valparai_Hill,10.3273,76.9536,0.0
20191103,Valparai_Hill,10.3273,76.9536,26.388986587524414
20191104,Valparai_Hill,10.3273,76.9536,0.0
20191105,Valparai_Hill,10.3273,76.9536,0.0
20191106,Valparai_Hill,10.3273,76.9536,0.0
20191107,Valparai_Hill,10.3273,76.9536,14.884096145629883
20191108,Valparai_Hill,10.3273,76.9536,14.884096145629883
20191109,Valparai_Hill,10.3273,76.9536,22.326143264770508
20191110,Valparai_Hill,10.3273,76.9536,7.442048072814941
20191111,Valparai_Hill,10.3273,76.9536,19.358381271362305
20191112,Valparai_Hill,10.3273,76.9536,4.732120037078857
20191113,Valparai_Hill,10.3273,76.9536,0.25551649928092957
20191114,Valparai_Hill,10.3273,76.9536,7.038453578948975
20191115,Valparai_Hill,10.3273,76.9536,20.36733627319336
20191116,Valparai_Hill,10.3273,76.9536,0.0
20191117,Valparai_Hill,10.3273,76.9536,0.0
20191118,Valparai_Hill,10.3273,76.9536,0.0
20191119,Valparai_Hill,10.3273,76.9536,0.0
20191120,Valparai_Hill,10.3273,76.9536,0.0
20191121,Valparai_Hill,10.3273,76.9536,0.0
20191122,Valparai_Hill,10.3273,76.9536,0.0
20191123,Valparai_Hill,10.3273,76.9536,0.0
20191124,Valparai_Hill,10.3273,76.9536,0.0
20191125,Valparai_Hill,10.3273,76.9536,0.0
20191126,Valparai_Hill,10.3273,76.9536,0.0
20191127,Valparai_Hill,10.3273,76.9536,0.0
20191128,Valparai_Hill,10.3273,76.9536,0.0
20191129,Valparai_Hill,10.3273,76.9536,0.0
20191130,Valparai_Hill,10.3273,76.9536,33.69928741455078
20191201,Valparai_Hill,10.3273,76.9536,10.32201099395752
20191202,Valparai_Hill,10.3273,76.9536,10.32201099395752
20191203,Valparai_Hill,10.3273,76.9536,0.0
20191204,Valparai_Hill,10.3273,76.9536,0.0
20191205,Valparai_Hill,10.3273,76.9536,0.0
20191206,Valparai_Hill,10.3273,76.9536,0.0
20191207,Valparai_Hill,10.3273,76.9536,0.0
20191208,Valparai_Hill,10.3273,76.9536,0.0
20191209,Valparai_Hill,10.3273,76.9536,0.0
20191210,Valparai_Hill,10.3273,76.9536,0.0
20191211,Valparai_Hill,10.3273,76.9536,0.0
20191212,Valparai_Hill,10.3273,76.9536,0.0
20191213,Valparai_Hill,10.3273,76.9536,0.0
20191214,Valparai_Hill,10.3273,76.9536,27.611970901489258
20191215,Valparai_Hill,10.3273,76.9536,0.0
20191216,Valparai_Hill,10.3273,76.9536,0.0
20191217,Valparai_Hill,10.3273,76.9536,0.0
20191218,Valparai_Hill,10.3273,76.9536,0.0
20191219,Valparai_Hill,10.3273,76.9536,5.300113677978516
20191220,Valparai_Hill,10.3273,76.9536,0.0
20191221,Valparai_Hill,10.3273,76.9536,0.0
20191222,Valparai_Hill,10.3273,76.9536,0.0
20191223,Valparai_Hill,10.3273,76.9536,12.507083892822266
20191224,Valparai_Hill,10.3273,76.9536,0.0
20191225,Valparai_Hill,10.3273,76.9536,0.0
20191226,Valparai_Hill,10.3273,76.9536,0.0
20191227,Valparai_Hill,10.3273,76.9536,0.0
20191228,Valparai_Hill,10.3273,76.9536,0.0
20191229,Valparai_Hill,10.3273,76.9536,0.0
20191230,Valparai_Hill,10.3273,76.9536,0.0
20191231,Valparai_Hill,10.3273,76.9536,0.0
20200101,Valparai_Hill,10.3273,76.9536,4.799107551574707
20200102,Valparai_Hill,10.3273,76.9536,0.0
20200103,Valparai_Hill,10.3273,76.9536,0.0
20200104,Valparai_Hill,10.3273,76.9536,0.0
20200105,Valparai_Hill,10.3273,76.9536,0.0
20200106,Valparai_Hill,10.3273,76.9536,0.0
20200107,Valparai_Hill,10.3273,76.9536,6.711795806884766
20200108,Valparai_Hill,10.3273,76.9536,0.0
20200109,Valparai_Hill,10.3273,76.9536,0.0
20200110,Valparai_Hill,10.3273,76.9536,0.0
20200111,Valparai_Hill,10.3273,76.9536,0.0
20200112,Valparai_Hill,10.3273,76.9536,0.0
20200113,Valparai_Hill,10.3273,76.9536,0.0
20200114,Valparai_Hill,10.3273,76.9536,0.0
20200115,Valparai_Hill,10.3273,76.9536,0.0
20200116,Valparai_Hill,10.3273,76.9536,0.0
20200117,Valparai_Hill,10.3273,76.9536,0.0
20200118,Valparai_Hill,10.3273,76.9536,0.0
20200119,Valparai_Hill,10.3273,76.9536,0.0
20200120,Valparai_Hill,10.3273,76.9536,0.0
20200121,Valparai_Hill,10.3273,76.9536,0.0
20200122,Valparai_Hill,10.3273,76.9536,0.0
20200123,Valparai_Hill,10.3273,76.9536,5.770669460296631
20200124,Valparai_Hill,10.3273,76.9536,0.0
20200125,Valparai_Hill,10.3273,76.9536,0.0
20200126,Valparai_Hill,10.3273,76.9536,0.0
20200127,Valparai_Hill,10.3273,76.9536,0.0
20200128,Valparai_Hill,10.3273,76.9536,0.0
20200129,Valparai_Hill,10.3273,76.9536,0.0
20200130,Valparai_Hill,10.3273,76.9536,0.0
20200131,Valparai_Hill,10.3273,76.9536,0.0
20200201,Valparai_Hill,10.3273,76.9536,0.0
20200202,Valparai_Hill,10.3273,76.9536,0.0
20200203,Valparai_Hill,10.3273,76.9536,0.0
20200204,Valparai_Hill,10.3273,76.9536,0.0
20200205,Valparai_Hill,10.3273,76.9536,0.0
20200206,Valparai_Hill,10.3273,76.9536,0.0
20200207,Valparai_Hill,10.3273,76.9536,0.0
20200208,Valparai_Hill,10.3273,76.9536,0.0
20200209,Valparai_Hill,10.3273,76.9536,0.0
20200210,Valparai_Hill,10.3273,76.9536,0.0
20200211,Valparai_Hill,10.3273,76.9536,0.0
20200212,Valparai_Hill,10.3273,76.9536,0.0
20200213,Valparai_Hill,10.3273,76.9536,0.0
20200214,Valparai_Hill,10.3273,76.9536,0.0
20200215,Valparai_Hill,10.3273,76.9536,0.0
20200216,Valparai_Hill,10.3273,76.9536,0.0
20200217,Valparai_Hill,10.3273,76.9536,0.0
20200218,Valparai_Hill,10.3273,76.9536,3.4431161880493164
20200219,Valparai_Hill,10.3273,76.9536,0.0
20200220,Valparai_Hill,10.3273,76.9536,0.0
20200221,Valparai_Hill,10.3273,76.9536,3.8495006561279297
20200222,Valparai_Hill,10.3273,76.9536,0.0
20200223,Valparai_Hill,10.3273,76.9536,0.0
20200224,Valparai_Hill,10.3273,76.9536,0.0
20200225,Valparai_Hill,10.3273,76.9536,0.0
20200226,Valparai_Hill,10.3273,76.9536,0.0
20200227,Valparai_Hill,10.3273,76.9536,0.0
20200228,Valparai_Hill,10.3273,76.9536,0.0
20200229,Valparai_Hill,10.3273,76.9536,0.0
20200301,Valparai_Hill,10.3273,76.9536,0.0
20200302,Valparai_Hill,10.3273,76.9536,0.0
20200303,Valparai_Hill,10.3273,76.9536,0.0
20200304,Valparai_Hill,10.3273,76.9536,0.0
20200305,Valparai_Hill,10.3273,76.9536,0.0
20200306,Valparai_Hill,10.3273,76.9536,0.0
20200307,Valparai_Hill,10.3273,76.9536,0.0
20200308,Valparai_Hill,10.3273,76.9536,0.0
20200309,Valparai_Hill,10.3273,76.9536,25.865522384643555
20200310,Valparai_Hill,10.3273,76.9536,0.0
20200311,Valparai_Hill,10.3273,76.9536,0.0
20200312,Valparai_Hill,10.3273,76.9536,0.0
20200313,Valparai_Hill,10.3273,76.9536,0.0
20200314,Valparai_Hill,10.3273,76.9536,0.0
20200315,Valparai_Hill,10.3273,76.9536,0.0
20200316,Valparai_Hill,10.3273,76.9536,0.0
20200317,Valparai_Hill,10.3273,76.9536,0.0
20200318,Valparai_Hill,10.3273,76.9536,0.0
20200319,Valparai_Hill,10.3273,76.9536,0.0
20200320,Valparai_Hill,10.3273,76.9536,0.0
20200321,Valparai_Hill,10.3273,76.9536,7.785091876983643
20200322,Valparai_Hill,10.3273,76.9536,0.0
20200323,Valparai_Hill,10.3273,76.9536,15.570183753967285
20200324,Valparai_Hill,10.3273,76.9536,0.0
20200325,Valparai_Hill,10.3273,76.9536,0.0
20200326,Valparai_Hill,10.3273,76.9536,0.0
20200327,Valparai_Hill,10.3273,76.9536,0.0
20200328,Valparai_Hill,10.3273,76.9536,0.0
20200329,Valparai_Hill,10.3273,76.9536,0.0
20200330,Valparai_Hill,10.3273,76.9536,0.0
20200331,Valparai_Hill,10.3273,76.9536,0.0
20200401,Valparai_Hill,10.3273,76.9536,0.0
20200402,Valparai_Hill,10.3273,76.9536,0.0
20200403,Valparai_Hill,10.3273,76.9536,0.0
20200404,Valparai_Hill,10.3273,76.9536,0.0
20200405,Valparai_Hill,10.3273,76.9536,6.882411003112793
20200406,Valparai_Hill,10.3273,76.9536,0.0
20200407,Valparai_Hill,10.3273,76.9536,10.08945083618164
20200408,Valparai_Hill,10.3273,76.9536,0.0
20200409,Valparai_Hill,10.3273,76.9536,5.04472541809082
20200410,Valparai_Hill,10.3273,76.9536,0.0
20200411,Valparai_Hill,10.3273,76.9536,0.0
20200412,Valparai_Hill,10.3273,76.9536,0.0
20200413,Valparai_Hill,10.3273,76.9536,0.0
20200414,Valparai_Hill,10.3273,76.9536,0.0
20200415,Valparai_Hill,10.3273,76.9536,0.0
20200416,Valparai_Hill,10.3273,76.9536,0.0
20200417,Valparai_Hill,10.3273,76.9536,0.0
20200418,Valparai_Hill,10.3273,76.9536,0.0
20200419,Valparai_Hill,10.3273,76.9536,7.9643049240112305
20200420,Valparai_Hill,10.3273,76.9536,0.0
20200421,Valparai_Hill,10.3273,76.9536,0.0
20200422,Valparai_Hill,10.3273,76.9536,8.594715118408203
20200423,Valparai_Hill,10.3273,76.9536,0.0
20200424,Valparai_Hill,10.3273,76.9536,12.892071723937988
20200425,Valparai_Hill,10.3273,76.9536,12.892071723937988
20200426,Valparai_Hill,10.3273,76.9536,17.328857421875
20200427,Valparai_Hill,10.3273,76.9536,0.0
20200428,Valparai_Hill,10.3273,76.9536,23.105144500732422
20200429,Valparai_Hill,10.3273,76.9536,5.7762861251831055
20200430,Valparai_Hill,10.3273,76.9536,0.0
20200501,Valparai_Hill,10.3273,76.9536,0.0
20200502,Valparai_Hill,10.3273,76.9536,3.753553867340088
20200503,Valparai_Hill,10.3273,76.9536,0.0
20200504,Valparai_Hill,10.3273,76.9536,0.0
20200505,Valparai_Hill,10.3273,76.9536,0.0
20200506,Valparai_Hill,10.3273,76.9536,3.0241265296936035
20200507,Valparai_Hill,10.3273,76.9536,1.5120632648468018
20200508,Valparai_Hill,10.3273,76.9536,3.0241265296936035
20200509,Valparai_Hill,10.3273,76.9536,3.0241265296936035
20200510,Valparai_Hill,10.3273,76.9536,6.048253059387207
20200511,Valparai_Hill,10.3273,76.9536,2.10304594039917
20200512,Valparai_Hill,10.3273,76.9536,6.309138298034668
20200513,Valparai_Hill,10.3273,76.9536,4.20609188079834
20200514,Valparai_Hill,10.3273,76.9536,8.41218376159668
20200515,Valparai_Hill,10.3273,76.9536,4.20609188079834
20200516,Valparai_Hill,10.3273,76.9536,3.7442197799682617
20200517,Valparai_Hill,10.3273,76.9536,5.616330146789551
20200518,Valparai_Hill,10.3273,76.9536,1.8721098899841309
20200519,Valparai_Hill,10.3273,76.9536,0.0
20200520,Valparai_Hill,10.3273,76.9536,0.0
20200521,Valparai_Hill,10.3273,76.9536,1.9209280014038086
20200522,Valparai_Hill,10.3273,76.9536,1.1219682693481445
20200523,Valparai_Hill,10.3273,76.9536,2.5491483211517334
20200524,Valparai_Hill,10.3273,76.9536,0.6260566711425781
20200525,Valparai_Hill,10.3273,76.9536,1.8953946828842163
20200526,Valparai_Hill,10.3273,76.9536,0.0
20200527,Valparai_Hill,10.3273,76.9536,4.402061462402344
20200528,Valparai_Hill,10.3273,76.9536,8.804122924804688
20200529,Valparai_Hill,10.3273,76.9536,0.0
20200530,Valparai_Hill,10.3273,76.9536,6.603092193603516
20200531,Valparai_Hill,10.3273,76.9536,2.201030731201172
20200601,Valparai_Hill,10.3273,76.9536,5.254748821258545
20200602,Valparai_Hill,10.3273,76.9536,4.935206890106201
20200603,Valparai_Hill,10.3273,76.9536,7.703710079193115
20200604,Valparai_Hill,10.3273,76.9536,6.21730899810791
20200605,Valparai_Hill,10.3273,76.9536,4.371420860290527
20200606,Valparai_Hill,10.3273,76.9536,9.286375045776367
20200607,Valparai_Hill,10.3273,76.9536,4.643187522888184
20200608,Valparai_Hill,10.3273,76.9536,0.0
20200609,Valparai_Hill,10.3273,76.9536,4.643187522888184
20200610,Valparai_Hill,10.3273,76.9536,4.643187522888184
20200611,Valparai_Hill,10.3273,76.9536,3.102250814437866
20200612,Valparai_Hill,10.3273,76.9536,2.44521164894104
20200613,Valparai_Hill,10.3273,76.9536,0.43191277980804443
20200614,Valparai_Hill,10.3273,76.9536,4.421523571014404
20200615,Valparai_Hill,10.3273,76.9536,0.45513439178466797
20200616,Valparai_Hill,10.3273,76.9536,0.0
20200617,Valparai_Hill,10.3273,76.9536,5.635847091674805
20200618,Valparai_Hill,10.3273,76.9536,5.635847091674805
20200619,Valparai_Hill,10.3273,76.9536,0.0
20200620,Valparai_Hill,10.3273,76.9536,0.0
20200621,Valparai_Hill,10.3273,76.9536,14.963396072387695
20200622,Valparai_Hill,10.3273,76.9536,0.0
20200623,Valparai_Hill,10.3273,76.9536,0.0
20200624,Valparai_Hill,10.3273,76.9536,22.44509506225586
20200625,Valparai_Hill,10.3273,76.9536,14.963396072387695
20200626,Valparai_Hill,10.3273,76.9536,0.0
20200627,Valparai_Hill,10.3273,76.9536,0.0
20200628,Valparai_Hill,10.3273,76.9536,0.0
20200629,Valparai_Hill,10.3273,76.9536,51.6757698059082
20200630,Valparai_Hill,10.3273,76.9536,0.0
20200701,Valparai_Hill,10.3273,76.9536,0.0
20200702,Valparai_Hill,10.3273,76.9536,22.168811798095703
20200703,Valparai_Hill,10.3273,76.9536,7.389604091644287
20200704,Valparai_Hill,10.3273,76.9536,0.0
20200705,Valparai_Hill,10.3273,76.9536,0.0
20200706,Valparai_Hill,10.3273,76.9536,0.0
20200707,Valparai_Hill,10.3273,76.9536,10.35688591003418
20200708,Valparai_Hill,10.3273,76.9536,0.0
20200709,Valparai_Hill,10.3273,76.9536,20.71377182006836
20200710,Valparai_Hill,10.3273,76.9536,20.71377182006836
20200711,Valparai_Hill,10.3273,76.9536,13.2628755569458
20200712,Valparai_Hill,10.3273,76.9536,0.0
20200713,Valparai_Hill,10.3273,76.9536,6.6314377784729
20200714,Valparai_Hill,10.3273,76.9536,13.2628755569458
20200715,Valparai_Hill,10.3273,76.9536,13.2628755569458
20200716,Valparai_Hill,10.3273,76.9536,3.6258656978607178
20200717,Valparai_Hill,10.3273,76.9536,10.157646179199219
20200718,Valparai_Hill,10.3273,76.9536,15.650856971740723
20200719,Valparai_Hill,10.3273,76.9536,22.581581115722656
20200720,Valparai_Hill,10.3273,76.9536,20.473690032958984
20200721,Valparai_Hill,10.3273,76.9536,0.0
20200722,Valparai_Hill,10.3273,76.9536,12.74691390991211
20200723,Valparai_Hill,10.3273,76.9536,50.98765563964844
20200724,Valparai_Hill,10.3273,76.9536,0.0
20200725,Valparai_Hill,10.3273,76.9536,25.49382781982422
20200726,Valparai_Hill,10.3273,76.9536,0.0
20200727,Valparai_Hill,10.3273,76.9536,0.0
20200728,Valparai_Hill,10.3273,76.9536,28.04252052307129
20200729,Valparai_Hill,10.3273,76.9536,28.04252052307129
20200730,Valparai_Hill,10.3273,76.9536,0.0
20200731,Valparai_Hill,10.3273,76.9536,37.39002990722656
20200801,Valparai_Hill,10.3273,76.9536,20.173845291137695
20200802,Valparai_Hill,10.3273,76.9536,0.0
20200803,Valparai_Hill,10.3273,76.9536,0.0
20200804,Valparai_Hill,10.3273,76.9536,40.34769058227539
20200805,Valparai_Hill,10.3273,76.9536,20.173845291137695
20200806,Valparai_Hill,10.3273,76.9536,0.0
20200807,Valparai_Hill,10.3273,76.9536,0.0
20200808,Valparai_Hill,10.3273,76.9536,46.53787612915039
20200809,Valparai_Hill,10.3273,76.9536,31.025249481201172
20200810,Valparai_Hill,10.3273,76.9536,0.0
20200811,Valparai_Hill,10.3273,76.9536,0.0
20200812,Valparai_Hill,10.3273,76.9536,0.0
20200813,Valparai_Hill,10.3273,76.9536,0.0
20200814,Valparai_Hill,10.3273,76.9536,0.0
20200815,Valparai_Hill,10.3273,76.9536,0.0
20200816,Valparai_Hill,10.3273,76.9536,0.0
20200817,Valparai_Hill,10.3273,76.9536,0.0
20200818,Valparai_Hill,10.3273,76.9536,0.0
20200819,Valparai_Hill,10.3273,76.9536,0.0
20200820,Valparai_Hill,10.3273,76.9536,22.965011596679688
20200821,Valparai_Hill,10.3273,76.9536,10.602663040161133
20200822,Valparai_Hill,10.3273,76.9536,0.0
20200823,Valparai_Hill,10.3273,76.9536,10.602663040161133
20200824,Valparai_Hill,10.3273,76.9536,21.205326080322266
20200825,Valparai_Hill,10.3273,76.9536,0.0
20200826,Valparai_Hill,10.3273,76.9536,5.907608985900879
20200827,Valparai_Hill,10.3273,76.9536,0.0
20200828,Valparai_Hill,10.3273,76.9536,0.0
20200829,Valparai_Hill,10.3273,76.9536,0.0
20200830,Valparai_Hill,10.3273,76.9536,5.907608985900879
20200831,Valparai_Hill,10.3273,76.9536,17.722827911376953
20200901,Valparai_Hill,10.3273,76.9536,24.221282958984375
20200902,Valparai_Hill,10.3273,76.9536,12.110641479492188
20200903,Valparai_Hill,10.3273,76.9536,12.110641479492188
20200904,Valparai_Hill,10.3273,76.9536,24.221282958984375
20200905,Valparai_Hill,10.3273,76.9536,6.055320739746094
20200906,Valparai_Hill,10.3273,76.9536,27.890338897705078
20200907,Valparai_Hill,10.3273,76.9536,0.0
20200908,Valparai_Hill,10.3273,76.9536,9.29677963256836
20200909,Valparai_Hill,10.3273,76.9536,37.18711853027344
20200910,Valparai_Hill,10.3273,76.9536,0.0
20200911,Valparai_Hill,10.3273,76.9536,0.0
20200912,Valparai_Hill,10.3273,76.9536,6.046309471130371
20200913,Valparai_Hill,10.3273,76.9536,24.185237884521484
20200914,Valparai_Hill,10.3273,76.9536,0.0
20200915,Valparai_Hill,10.3273,76.9536,6.046309471130371
20200916,Valparai_Hill,10.3273,76.9536,1.2952611446380615
20200917,Valparai_Hill,10.3273,76.9536,1.2558081150054932
20200918,Valparai_Hill,10.3273,76.9536,1.6045246124267578
20200919,Valparai_Hill,10.3273,76.9536,5.1528754234313965
20200920,Valparai_Hill,10.3273,76.9536,3.264996290206909
20200921,Valparai_Hill,10.3273,76.9536,0.0
20200922,Valparai_Hill,10.3273,76.9536,0.0
20200923,Valparai_Hill,10.3273,76.9536,0.0
20200924,Valparai_Hill,10.3273,76.9536,0.0
20200925,Valparai_Hill,10.3273,76.9536,23.47941017150879
20200926,Valparai_Hill,10.3273,76.9536,6.890990257263184
20200927,Valparai_Hill,10.3273,76.9536,10.336485862731934
20200928,Valparai_Hill,10.3273,76.9536,10.336485862731934
20200929,Valparai_Hill,10.3273,76.9536,6.890990257263184
20200930,Valparai_Hill,10.3273,76.9536,0.0
20201001,Valparai_Hill,10.3273,76.9536,0.0
20201002,Valparai_Hill,10.3273,76.9536,0.0
20201003,Valparai_Hill,10.3273,76.9536,0.0
20201004,Valparai_Hill,10.3273,76.9536,0.0
20201005,Valparai_Hill,10.3273,76.9536,0.0
20201006,Valparai_Hill,10.3273,76.9536,8.06969165802002
20201007,Valparai_Hill,10.3273,76.9536,8.06969165802002
20201008,Valparai_Hill,10.3273,76.9536,16.13938331604004
20201009,Valparai_Hill,10.3273,76.9536,16.13938331604004
20201010,Valparai_Hill,10.3273,76.9536,8.06969165802002
20201011,Valparai_Hill,10.3273,76.9536,17.8087100982666
20201012,Valparai_Hill,10.3273,76.9536,0.0
20201013,Valparai_Hill,10.3273,76.9536,0.0
20201014,Valparai_Hill,10.3273,76.9536,0.0
20201015,Valparai_Hill,10.3273,76.9536,0.0
20201016,Valparai_Hill,10.3273,76.9536,0.0
20201017,Valparai_Hill,10.3273,76.9536,27.09143829345703
20201018,Valparai_Hill,10.3273,76.9536,0.0
20201019,Valparai_Hill,10.3273,76.9536,0.0
20201020,Valparai_Hill,10.3273,76.9536,18.060958862304688
20201021,Valparai_Hill,10.3273,76.9536,0.0
20201022,Valparai_Hill,10.3273,76.9536,0.0
20201023,Valparai_Hill,10.3273,76.9536,0.0
20201024,Valparai_Hill,10.3273,76.9536,0.0
20201025,Valparai_Hill,10.3273,76.9536,17.665945053100586
20201026,Valparai_Hill,10.3273,76.9536,2.6885135173797607
20201027,Valparai_Hill,10.3273,76.9536,4.245058059692383
20201028,Valparai_Hill,10.3273,76.9536,2.3220653533935547
20201029,Valparai_Hill,10.3273,76.9536,2.059257745742798
20201030,Valparai_Hill,10.3273,76.9536,2.060457229614258
20201031,Valparai_Hill,10.3273,76.9536,0.7577858567237854
20201101,Valparai_Hill,10.3273,76.9536,0.0
20201102,Valparai_Hill,10.3273,76.9536,0.0
20201103,Valparai_Hill,10.3273,76.9536,0.0
20201104,Valparai_Hill,10.3273,76.9536,13.828705787658691
20201105,Valparai_Hill,10.3273,76.9536,4.6095685958862305
20201106,Valparai_Hill,10.3273,76.9536,0.0
20201107,Valparai_Hill,10.3273,76.9536,0.0
20201108,Valparai_Hill,10.3273,76.9536,15.743627548217773
20201109,Valparai_Hill,10.3273,76.9536,0.0
20201110,Valparai_Hill,10.3273,76.9536,0.0
20201111,Valparai_Hill,10.3273,76.9536,0.0
20201112,Valparai_Hill,10.3273,76.9536,0.0
20201113,Valparai_Hill,10.3273,76.9536,9.794859886169434
20201114,Valparai_Hill,10.3273,76.9536,0.0
20201115,Valparai_Hill,10.3273,76.9536,9.794859886169434
20201116,Valparai_Hill,10.3273,76.9536,23.518936157226562
20201117,Valparai_Hill,10.3273,76.9536,39.19822692871094
20201118,Valparai_Hill,10.3273,76.9536,7.839645862579346
20201119,Valparai_Hill,10.3273,76.9536,0.0
20201120,Valparai_Hill,10.3273,76.9536,0.0
20201121,Valparai_Hill,10.3273,76.9536,0.0
20201122,Valparai_Hill,10.3273,76.9536,0.0
20201123,Valparai_Hill,10.3273,76.9536,14.380169868469238
20201124,Valparai_Hill,10.3273,76.9536,14.380169868469238
20201125,Valparai_Hill,10.3273,76.9536,43.14051055908203
20201126,Valparai_Hill,10.3273,76.9536,22.597854614257812
20201127,Valparai_Hill,10.3273,76.9536,0.0
20201128,Valparai_Hill,10.3273,76.9536,0.0
20201129,Valparai_Hill,10.3273,76.9536,0.0
20201130,Valparai_Hill,10.3273,76.9536,0.0
20201201,Valparai_Hill,10.3273,76.9536,10.991242408752441
20201202,Valparai_Hill,10.3273,76.9536,16.486862182617188
20201203,Valparai_Hill,10.3273,76.9536,16.486862182617188
20201204,Valparai_Hill,10.3273,76.9536,16.486862182617188
20201205,Valparai_Hill,10.3273,76.9536,0.0
20201206,Valparai_Hill,10.3273,76.9536,10.552685737609863
20201207,Valparai_Hill,10.3273,76.9536,10.552685737609863
20201208,Valparai_Hill,10.3273,76.9536,10.552685737609863
20201209,Valparai_Hill,10.3273,76.9536,0.0
20201210,Valparai_Hill,10.3273,76.9536,0.0
20201211,Valparai_Hill,10.3273,76.9536,0.0
20201212,Valparai_Hill,10.3273,76.9536,0.0
20201213,Valparai_Hill,10.3273,76.9536,0.0
20201214,Valparai_Hill,10.3273,76.9536,0.0
20201215,Valparai_Hill,10.3273,76.9536,0.0
20201216,Valparai_Hill,10.3273,76.9536,0.0
20201217,Valparai_Hill,10.3273,76.9536,7.548949718475342
20201218,Valparai_Hill,10.3273,76.9536,0.0
20201219,Valparai_Hill,10.3273,76.9536,7.548949718475342
20201220,Valparai_Hill,10.3273,76.9536,0.0
20201221,Valparai_Hill,10.3273,76.9536,0.0
20201222,Valparai_Hill,10.3273,76.9536,0.0
20201223,Valparai_Hill,10.3273,76.9536,0.0
20201224,Valparai_Hill,10.3273,76.9536,0.0
20201225,Valparai_Hill,10.3273,76.9536,0.0
20201226,Valparai_Hill,10.3273,76.9536,0.0
20201227,Valparai_Hill,10.3273,76.9536,0.0
20201228,Valparai_Hill,10.3273,76.9536,0.0
20201229,Valparai_Hill,10.3273,76.9536,0.0
20201230,Valparai_Hill,10.3273,76.9536,0.0
20201231,Valparai_Hill,10.3273,76.9536,0.0
20210101,Valparai_Hill,10.3273,76.9536,0.0
20210102,Valparai_Hill,10.3273,76.9536,0.0
20210103,Valparai_Hill,10.3273,76.9536,0.0
20210104,Valparai_Hill,10.3273,76.9536,0.0
20210105,Valparai_Hill,10.3273,76.9536,0.0
20210106,Valparai_Hill,10.3273,76.9536,21.3994083404541
20210107,Valparai_Hill,10.3273,76.9536,10.69970417022705
20210108,Valparai_Hill,10.3273,76.9536,0.0
20210109,Valparai_Hill,10.3273,76.9536,10.69970417022705
20210110,Valparai_Hill,10.3273,76.9536,10.69970417022705
20210111,Valparai_Hill,10.3273,76.9536,15.796917915344238
20210112,Valparai_Hill,10.3273,76.9536,10.531278610229492
20210113,Valparai_Hill,10.3273,76.9536,2.632819652557373
20210114,Valparai_Hill,10.3273,76.9536,0.0
20210115,Valparai_Hill,10.3273,76.9536,0.0
20210116,Valparai_Hill,10.3273,76.9536,0.0
20210117,Valparai_Hill,10.3273,76.9536,0.0
20210118,Valparai_Hill,10.3273,76.9536,0.0
20210119,Valparai_Hill,10.3273,76.9536,0.0
20210120,Valparai_Hill,10.3273,76.9536,0.0
20210121,Valparai_Hill,10.3273,76.9536,0.0
20210122,Valparai_Hill,10.3273,76.9536,0.0
20210123,Valparai_Hill,10.3273,76.9536,0.0
20210124,Valparai_Hill,10.3273,76.9536,0.0
20210125,Valparai_Hill,10.3273,76.9536,0.0
20210126,Valparai_Hill,10.3273,76.9536,0.0
20210127,Valparai_Hill,10.3273,76.9536,0.0
20210128,Valparai_Hill,10.3273,76.9536,0.0
20210129,Valparai_Hill,10.3273,76.9536,0.0
20210130,Valparai_Hill,10.3273,76.9536,0.0
20210131,Valparai_Hill,10.3273,76.9536,0.0
20210201,Valparai_Hill,10.3273,76.9536,0.0
20210202,Valparai_Hill,10.3273,76.9536,0.0
20210203,Valparai_Hill,10.3273,76.9536,0.0
20210204,Valparai_Hill,10.3273,76.9536,0.0
20210205,Valparai_Hill,10.3273,76.9536,0.0
20210206,Valparai_Hill,10.3273,76.9536,3.401494026184082
20210207,Valparai_Hill,10.3273,76.9536,0.0
20210208,Valparai_Hill,10.3273,76.9536,0.0
20210209,Valparai_Hill,10.3273,76.9536,0.0
20210210,Valparai_Hill,10.3273,76.9536,0.0
20210211,Valparai_Hill,10.3273,76.9536,0.0
20210212,Valparai_Hill,10.3273,76.9536,0.0
20210213,Valparai_Hill,10.3273,76.9536,0.0
20210214,Valparai_Hill,10.3273,76.9536,0.0
20210215,Valparai_Hill,10.3273,76.9536,0.0
20210216,Valparai_Hill,10.3273,76.9536,0.0
20210217,Valparai_Hill,10.3273,76.9536,0.0
20210218,Valparai_Hill,10.3273,76.9536,0.0
20210219,Valparai_Hill,10.3273,76.9536,0.0
20210220,Valparai_Hill,10.3273,76.9536,0.0
20210221,Valparai_Hill,10.3273,76.9536,0.0
20210222,Valparai_Hill,10.3273,76.9536,0.0
20210223,Valparai_Hill,10.3273,76.9536,0.0
20210224,Valparai_Hill,10.3273,76.9536,0.0
20210225,Valparai_Hill,10.3273,76.9536,0.0
20210226,Valparai_Hill,10.3273,76.9536,3.9574708938598633
20210227,Valparai_Hill,10.3273,76.9536,0.0
20210228,Valparai_Hill,10.3273,76.9536,0.0
20210301,Valparai_Hill,10.3273,76.9536,0.0
20210302,Valparai_Hill,10.3273,76.9536,0.0
20210303,Valparai_Hill,10.3273,76.9536,0.0
20210304,Valparai_Hill,10.3273,76.9536,0.0
20210305,Valparai_Hill,10.3273,76.9536,0.0
20210306,Valparai_Hill,10.3273,76.9536,0.0
20210307,Valparai_Hill,10.3273,76.9536,0.0
20210308,Valparai_Hill,10.3273,76.9536,0.0
20210309,Valparai_Hill,10.3273,76.9536,0.0
20210310,Valparai_Hill,10.3273,76.9536,0.0
20210311,Valparai_Hill,10.3273,76.9536,0.0
20210312,Valparai_Hill,10.3273,76.9536,0.0
20210313,Valparai_Hill,10.3273,76.9536,0.0
20210314,Valparai_Hill,10.3273,76.9536,0.0
20210315,Valparai_Hill,10.3273,76.9536,0.0
20210316,Valparai_Hill,10.3273,76.9536,0.0
20210317,Valparai_Hill,10.3273,76.9536,0.0
20210318,Valparai_Hill,10.3273,76.9536,0.0
20210319,Valparai_Hill,10.3273,76.9536,0.0
20210320,Valparai_Hill,10.3273,76.9536,0.0
20210321,Valparai_Hill,10.3273,76.9536,26.742168426513672
20210322,Valparai_Hill,10.3273,76.9536,8.914056777954102
20210323,Valparai_Hill,10.3273,76.9536,0.0
20210324,Valparai_Hill,10.3273,76.9536,0.0
20210325,Valparai_Hill,10.3273,76.9536,8.914056777954102
20210326,Valparai_Hill,10.3273,76.9536,0.0
20210327,Valparai_Hill,10.3273,76.9536,0.0
20210328,Valparai_Hill,10.3273,76.9536,25.61858558654785
20210329,Valparai_Hill,10.3273,76.9536,25.61858558654785
20210330,Valparai_Hill,10.3273,76.9536,0.0
20210331,Valparai_Hill,10.3273,76.9536,0.0
20210401,Valparai_Hill,10.3273,76.9536,0.0
20210402,Valparai_Hill,10.3273,76.9536,0.0
20210403,Valparai_Hill,10.3273,76.9536,0.0
20210404,Valparai_Hill,10.3273,76.9536,0.0
20210405,Valparai_Hill,10.3273,76.9536,0.0
20210406,Valparai_Hill,10.3273,76.9536,0.0
20210407,Valparai_Hill,10.3273,76.9536,0.0
20210408,Valparai_Hill,10.3273,76.9536,0.0
20210409,Valparai_Hill,10.3273,76.9536,0.0
20210410,Valparai_Hill,10.3273,76.9536,0.0
20210411,Valparai_Hill,10.3273,76.9536,9.498766899108887
20210412,Valparai_Hill,10.3273,76.9536,6.3325114250183105
20210413,Valparai_Hill,10.3273,76.9536,9.498766899108887
20210414,Valparai_Hill,10.3273,76.9536,12.665022850036621
20210415,Valparai_Hill,10.3273,76.9536,9.498766899108887
20210416,Valparai_Hill,10.3273,76.9536,6.037179470062256
20210417,Valparai_Hill,10.3273,76.9536,6.037179470062256
20210418,Valparai_Hill,10.3273,76.9536,0.0
20210419,Valparai_Hill,10.3273,76.9536,0.0
20210420,Valparai_Hill,10.3273,76.9536,9.055768966674805
20210421,Valparai_Hill,10.3273,76.9536,0.0
20210422,Valparai_Hill,10.3273,76.9536,3.8224127292633057
20210423,Valparai_Hill,10.3273,76.9536,3.8224127292633057
20210424,Valparai_Hill,10.3273,76.9536,15.289650917053223
20210425,Valparai_Hill,10.3273,76.9536,3.8224127292633057
20210426,Valparai_Hill,10.3273,76.9536,1.9420405626296997
20210427,Valparai_Hill,10.3273,76.9536,1.9420405626296997
20210428,Valparai_Hill,10.3273,76.9536,0.0
20210429,Valparai_Hill,10.3273,76.9536,1.9420405626296997
20210430,Valparai_Hill,10.3273,76.9536,1.9420405626296997
20210501,Valparai_Hill,10.3273,76.9536,6.918233394622803
20210502,Valparai_Hill,10.3273,76.9536,3.4591166973114014
20210503,Valparai_Hill,10.3273,76.9536,3.4591166973114014
20210504,Valparai_Hill,10.3273,76.9536,6.918233394622803
20210505,Valparai_Hill,10.3273,76.9536,0.0
20210506,Valparai_Hill,10.3273,76.9536,1.8926688432693481
20210507,Valparai_Hill,10.3273,76.9536,1.8926688432693481
20210508,Valparai_Hill,10.3273,76.9536,0.0
20210509,Valparai_Hill,10.3273,76.9536,3.7853376865386963
20210510,Valparai_Hill,10.3273,76.9536,3.7853376865386963
20210511,Valparai_Hill,10.3273,76.9536,4.253595352172852
20210512,Valparai_Hill,10.3273,76.9536,4.253595352172852
20210513,Valparai_Hill,10.3273,76.9536,12.760786056518555
20210514,Valparai_Hill,10.3273,76.9536,8.507190704345703
20210515,Valparai_Hill,10.3273,76.9536,21.267976760864258
20210516,Valparai_Hill,10.3273,76.9536,0.0
20210517,Valparai_Hill,10.3273,76.9536,6.170072555541992
20210518,Valparai_Hill,10.3273,76.9536,6.170072555541992
20210519,Valparai_Hill,10.3273,76.9536,6.170072555541992
20210520,Valparai_Hill,10.3273,76.9536,12.340145111083984
20210521,Valparai_Hill,10.3273,76.9536,0.0
20210522,Valparai_Hill,10.3273,76.9536,3.278000831604004
20210523,Valparai_Hill,10.3273,76.9536,0.0
20210524,Valparai_Hill,10.3273,76.9536,0.0
20210525,Valparai_Hill,10.3273,76.9536,6.556001663208008
20210526,Valparai_Hill,10.3273,76.9536,0.0
20210527,Valparai_Hill,10.3273,76.9536,0.0
20210528,Valparai_Hill,10.3273,76.9536,0.0
20210529,Valparai_Hill,10.3273,76.9536,0.0
20210530,Valparai_Hill,10.3273,76.9536,0.0
20210531,Valparai_Hill,10.3273,76.9536,0.0
20210601,Valparai_Hill,10.3273,76.9536,0.0
20210602,Valparai_Hill,10.3273,76.9536,13.6700439453125
20210603,Valparai_Hill,10.3273,76.9536,20.50506591796875
20210604,Valparai_Hill,10.3273,76.9536,20.50506591796875
20210605,Valparai_Hill,10.3273,76.9536,20.50506591796875
20210606,Valparai_Hill,10.3273,76.9536,0.0
20210607,Valparai_Hill,10.3273,76.9536,0.0
20210608,Valparai_Hill,10.3273,76.9536,14.127764701843262
20210609,Valparai_Hill,10.3273,76.9536,0.0
20210610,Valparai_Hill,10.3273,76.9536,0.0
20210611,Valparai_Hill,10.3273,76.9536,0.0
20210612,Valparai_Hill,10.3273,76.9536,11.44678783416748
20210613,Valparai_Hill,10.3273,76.9536,5.72339391708374
20210614,Valparai_Hill,10.3273,76.9536,5.72339391708374
20210615,Valparai_Hill,10.3273,76.9536,0.0
20210616,Valparai_Hill,10.3273,76.9536,0.0
20210617,Valparai_Hill,10.3273,76.9536,0.0
20210618,Valparai_Hill,10.3273,76.9536,16.83298683166504
20210619,Valparai_Hill,10.3273,76.9536,0.0
20210620,Valparai_Hill,10.3273,76.9536,0.0
20210621,Valparai_Hill,10.3273,76.9536,0.0
20210622,Valparai_Hill,10.3273,76.9536,13.95695686340332
20210623,Valparai_Hill,10.3273,76.9536,20.935434341430664
20210624,Valparai_Hill,10.3273,76.9536,0.0
20210625,Valparai_Hill,10.3273,76.9536,0.0
20210626,Valparai_Hill,10.3273,76.9536,0.0
20210627,Valparai_Hill,10.3273,76.9536,0.0
20210628,Valparai_Hill,10.3273,76.9536,0.0
20210629,Valparai_Hill,10.3273,76.9536,0.0
20210630,Valparai_Hill,10.3273,76.9536,28.264299392700195
20210701,Valparai_Hill,10.3273,76.9536,17.502735137939453
20210702,Valparai_Hill,10.3273,76.9536,0.0
20210703,Valparai_Hill,10.3273,76.9536,5.834245204925537
20210704,Valparai_Hill,10.3273,76.9536,23.33698081970215
20210705,Valparai_Hill,10.3273,76.9536,0.0
20210706,Valparai_Hill,10.3273,76.9536,7.773212432861328
20210707,Valparai_Hill,10.3273,76.9536,15.546424865722656
20210708,Valparai_Hill,10.3273,76.9536,15.546424865722656
20210709,Valparai_Hill,10.3273,76.9536,15.546424865722656
20210710,Valparai_Hill,10.3273,76.9536,7.773212432861328
20210711,Valparai_Hill,10.3273,76.9536,0.0
20210712,Valparai_Hill,10.3273,76.9536,0.0
20210713,Valparai_Hill,10.3273,76.9536,7.1937642097473145
20210714,Valparai_Hill,10.3273,76.9536,21.5812931060791
20210715,Valparai_Hill,10.3273,76.9536,14.387528419494629
20210716,Valparai_Hill,10.3273,76.9536,0.0
20210717,Valparai_Hill,10.3273,76.9536,18.552413940429688
20210718,Valparai_Hill,10.3273,76.9536,18.552413940429688
20210719,Valparai_Hill,10.3273,76.9536,0.0
20210720,Valparai_Hill,10.3273,76.9536,9.276206970214844
20210721,Valparai_Hill,10.3273,76.9536,13.500334739685059
20210722,Valparai_Hill,10.3273,76.9536,0.0
20210723,Valparai_Hill,10.3273,76.9536,0.0
20210724,Valparai_Hill,10.3273,76.9536,0.0
20210725,Valparai_Hill,10.3273,76.9536,13.500334739685059
20210726,Valparai_Hill,10.3273,76.9536,0.0
20210727,Valparai_Hill,10.3273,76.9536,0.0
20210728,Valparai_Hill,10.3273,76.9536,0.0
20210729,Valparai_Hill,10.3273,76.9536,17.28341293334961
20210730,Valparai_Hill,10.3273,76.9536,11.5222749710083
20210731,Valparai_Hill,10.3273,76.9536,0.0
20210801,Valparai_Hill,10.3273,76.9536,0.0
20210802,Valparai_Hill,10.3273,76.9536,0.0
20210803,Valparai_Hill,10.3273,76.9536,0.0
20210804,Valparai_Hill,10.3273,76.9536,0.0
20210805,Valparai_Hill,10.3273,76.9536,0.0
20210806,Valparai_Hill,10.3273,76.9536,0.0
20210807,Valparai_Hill,10.3273,76.9536,16.402442932128906
20210808,Valparai_Hill,10.3273,76.9536,32.80488586425781
20210809,Valparai_Hill,10.3273,76.9536,16.402442932128906
20210810,Valparai_Hill,10.3273,76.9536,0.0
20210811,Valparai_Hill,10.3273,76.9536,12.44389820098877
20210812,Valparai_Hill,10.3273,76.9536,0.0
20210813,Valparai_Hill,10.3273,76.9536,12.44389820098877
20210814,Valparai_Hill,10.3273,76.9536,16.59186363220215
20210815,Valparai_Hill,10.3273,76.9536,0.0
20210816,Valparai_Hill,10.3273,76.9536,22.469724655151367
20210817,Valparai_Hill,10.3273,76.9536,11.234862327575684
20210818,Valparai_Hill,10.3273,76.9536,22.469724655151367
20210819,Valparai_Hill,10.3273,76.9536,0.0
20210820,Valparai_Hill,10.3273,76.9536,0.0
20210821,Valparai_Hill,10.3273,76.9536,20.180879592895508
20210822,Valparai_Hill,10.3273,76.9536,30.271320343017578
20210823,Valparai_Hill,10.3273,76.9536,10.090439796447754
20210824,Valparai_Hill,10.3273,76.9536,0.0
20210825,Valparai_Hill,10.3273,76.9536,0.0
20210826,Valparai_Hill,10.3273,76.9536,21.984325408935547
20210827,Valparai_Hill,10.3273,76.9536,21.984325408935547
20210828,Valparai_Hill,10.3273,76.9536,10.992162704467773
20210829,Valparai_Hill,10.3273,76.9536,32.97649002075195
20210830,Valparai_Hill,10.3273,76.9536,0.0
20210831,Valparai_Hill,10.3273,76.9536,0.0
20210901,Valparai_Hill,10.3273,76.9536,10.754624366760254
20210902,Valparai_Hill,10.3273,76.9536,16.131938934326172
20210903,Valparai_Hill,10.3273,76.9536,0.0
20210904,Valparai_Hill,10.3273,76.9536,6.145500659942627
20210905,Valparai_Hill,10.3273,76.9536,10.754624366760254
20210906,Valparai_Hill,10.3273,76.9536,0.0
20210907,Valparai_Hill,10.3273,76.9536,0.0
20210908,Valparai_Hill,10.3273,76.9536,0.0
20210909,Valparai_Hill,10.3273,76.9536,0.0
20210910,Valparai_Hill,10.3273,76.9536,0.0
20210911,Valparai_Hill,10.3273,76.9536,6.757356643676758
20210912,Valparai_Hill,10.3273,76.9536,0.0
20210913,Valparai_Hill,10.3273,76.9536,0.0
20210914,Valparai_Hill,10.3273,76.9536,0.0
20210915,Valparai_Hill,10.3273,76.9536,13.514713287353516
20210916,Valparai_Hill,10.3273,76.9536,3.786806344985962
20210917,Valparai_Hill,10.3273,76.9536,11.360419273376465
20210918,Valparai_Hill,10.3273,76.9536,0.0
20210919,Valparai_Hill,10.3273,76.9536,3.786806344985962
20210920,Valparai_Hill,10.3273,76.9536,7.573612689971924
20210921,Valparai_Hill,10.3273,76.9536,0.0
20210922,Valparai_Hill,10.3273,76.9536,0.0
20210923,Valparai_Hill,10.3273,76.9536,8.0599365234375
20210924,Valparai_Hill,10.3273,76.9536,12.089905738830566
20210925,Valparai_Hill,10.3273,76.9536,0.0
20210926,Valparai_Hill,10.3273,76.9536,7.451117038726807
20210927,Valparai_Hill,10.3273,76.9536,7.451117038726807
20210928,Valparai_Hill,10.3273,76.9536,0.0
20210929,Valparai_Hill,10.3273,76.9536,7.451117038726807
20210930,Valparai_Hill,10.3273,76.9536,22.353351593017578
20211001,Valparai_Hill,10.3273,76.9536,13.640579223632812
20211002,Valparai_Hill,10.3273,76.9536,13.640579223632812
20211003,Valparai_Hill,10.3273,76.9536,27.281158447265625
20211004,Valparai_Hill,10.3273,76.9536,20.46086883544922
20211005,Valparai_Hill,10.3273,76.9536,6.820289611816406
20211006,Valparai_Hill,10.3273,76.9536,0.0
20211007,Valparai_Hill,10.3273,76.9536,5.387058258056641
20211008,Valparai_Hill,10.3273,76.9536,21.548233032226562
20211009,Valparai_Hill,10.3273,76.9536,5.387058258056641
20211010,Valparai_Hill,10.3273,76.9536,0.0
20211011,Valparai_Hill,10.3273,76.9536,16.207359313964844
20211012,Valparai_Hill,10.3273,76.9536,0.0
20211013,Valparai_Hill,10.3273,76.9536,0.0
20211014,Valparai_Hill,10.3273,76.9536,0.0
20211015,Valparai_Hill,10.3273,76.9536,0.0
20211016,Valparai_Hill,10.3273,76.9536,42.462425231933594
20211017,Valparai_Hill,10.3273,76.9536,14.154142379760742
20211018,Valparai_Hill,10.3273,76.9536,14.154142379760742
20211019,Valparai_Hill,10.3273,76.9536,0.0
20211020,Valparai_Hill,10.3273,76.9536,21.231212615966797
20211021,Valparai_Hill,10.3273,76.9536,19.603219985961914
20211022,Valparai_Hill,10.3273,76.9536,6.534406661987305
20211023,Valparai_Hill,10.3273,76.9536,6.534406661987305
20211024,Valparai_Hill,10.3273,76.9536,26.13762664794922
20211025,Valparai_Hill,10.3273,76.9536,6.534406661987305
20211026,Valparai_Hill,10.3273,76.9536,0.0
20211027,Valparai_Hill,10.3273,76.9536,0.0
20211028,Valparai_Hill,10.3273,76.9536,8.757164001464844
20211029,Valparai_Hill,10.3273,76.9536,0.0
20211030,Valparai_Hill,10.3273,76.9536,8.757164001464844
20211031,Valparai_Hill,10.3273,76.9536,43.785823822021484
20211101,Valparai_Hill,10.3273,76.9536,12.047900199890137
20211102,Valparai_Hill,10.3273,76.9536,30.1197509765625
20211103,Valparai_Hill,10.3273,76.9536,12.047900199890137
20211104,Valparai_Hill,10.3273,76.9536,18.071853637695312
20211105,Valparai_Hill,10.3273,76.9536,18.071853637695312
20211106,Valparai_Hill,10.3273,76.9536,25.846181869506836
20211107,Valparai_Hill,10.3273,76.9536,8.61539363861084
20211108,Valparai_Hill,10.3273,76.9536,0.0
20211109,Valparai_Hill,10.3273,76.9536,25.846181869506836
20211110,Valparai_Hill,10.3273,76.9536,0.0
20211111,Valparai_Hill,10.3273,76.9536,19.085670471191406
20211112,Valparai_Hill,10.3273,76.9536,0.0
20211113,Valparai_Hill,10.3273,76.9536,0.0
20211114,Valparai_Hill,10.3273,76.9536,0.0
20211115,Valparai_Hill,10.3273,76.9536,19.085670471191406
20211116,Valparai_Hill,10.3273,76.9536,29.82081413269043
20211117,Valparai_Hill,10.3273,76.9536,29.82081413269043
20211118,Valparai_Hill,10.3273,76.9536,29.82081413269043
20211119,Valparai_Hill,10.3273,76.9536,9.940271377563477
20211120,Valparai_Hill,10.3273,76.9536,0.0
20211121,Valparai_Hill,10.3273,76.9536,0.0
20211122,Valparai_Hill,10.3273,76.9536,7.7046427726745605
20211123,Valparai_Hill,10.3273,76.9536,15.409285545349121
20211124,Valparai_Hill,10.3273,76.9536,15.409285545349121
20211125,Valparai_Hill,10.3273,76.9536,46.22785949707031
20211126,Valparai_Hill,10.3273,76.9536,21.33233070373535
20211127,Valparai_Hill,10.3273,76.9536,0.0
20211128,Valparai_Hill,10.3273,76.9536,10.666165351867676
20211129,Valparai_Hill,10.3273,76.9536,42.6646614074707
20211130,Valparai_Hill,10.3273,76.9536,10.666165351867676
20211201,Valparai_Hill,10.3273,76.9536,0.0
20211202,Valparai_Hill,10.3273,76.9536,0.0
20211203,Valparai_Hill,10.3273,76.9536,14.132871627807617
20211204,Valparai_Hill,10.3273,76.9536,0.0
20211205,Valparai_Hill,10.3273,76.9536,28.265743255615234
20211206,Valparai_Hill,10.3273,76.9536,0.0
20211207,Valparai_Hill,10.3273,76.9536,0.0
20211208,Valparai_Hill,10.3273,76.9536,11.248627662658691
20211209,Valparai_Hill,10.3273,76.9536,11.248627662658691
20211210,Valparai_Hill,10.3273,76.9536,0.0
20211211,Valparai_Hill,10.3273,76.9536,0.0
20211212,Valparai_Hill,10.3273,76.9536,0.0
20211213,Valparai_Hill,10.3273,76.9536,0.0
20211214,Valparai_Hill,10.3273,76.9536,0.0
20211215,Valparai_Hill,10.3273,76.9536,0.0
20211216,Valparai_Hill,10.3273,76.9536,0.0
20211217,Valparai_Hill,10.3273,76.9536,0.0
20211218,Valparai_Hill,10.3273,76.9536,0.0
20211219,Valparai_Hill,10.3273,76.9536,0.0
20211220,Valparai_Hill,10.3273,76.9536,0.0
20211221,Valparai_Hill,10.3273,76.9536,0.0
20211222,Valparai_Hill,10.3273,76.9536,0.0
20211223,Valparai_Hill,10.3273,76.9536,0.0
20211224,Valparai_Hill,10.3273,76.9536,0.0
20211225,Valparai_Hill,10.3273,76.9536,0.0
20211226,Valparai_Hill,10.3273,76.9536,0.0
20211227,Valparai_Hill,10.3273,76.9536,0.0
20211228,Valparai_Hill,10.3273,76.9536,0.0
20211229,Valparai_Hill,10.3273,76.9536,0.0
20211230,Valparai_Hill,10.3273,76.9536,0.0
20211231,Valparai_Hill,10.3273,76.9536,0.0
20220101,Valparai_Hill,10.3273,76.9536,11.3058500289917
20220102,Valparai_Hill,10.3273,76.9536,0.0
20220103,Valparai_Hill,10.3273,76.9536,0.0
20220104,Valparai_Hill,10.3273,76.9536,0.0
20220105,Valparai_Hill,10.3273,76.9536,0.0
20220106,Valparai_Hill,10.3273,76.9536,5.14390754699707
20220107,Valparai_Hill,10.3273,76.9536,0.0
20220108,Valparai_Hill,10.3273,76.9536,0.0
20220109,Valparai_Hill,10.3273,76.9536,0.0
20220110,Valparai_Hill,10.3273,76.9536,0.0
20220111,Valparai_Hill,10.3273,76.9536,0.0
20220112,Valparai_Hill,10.3273,76.9536,0.0
20220113,Valparai_Hill,10.3273,76.9536,0.0
20220114,Valparai_Hill,10.3273,76.9536,0.0
20220115,Valparai_Hill,10.3273,76.9536,0.0
20220116,Valparai_Hill,10.3273,76.9536,4.432134628295898
20220117,Valparai_Hill,10.3273,76.9536,0.0
20220118,Valparai_Hill,10.3273,76.9536,0.0
20220119,Valparai_Hill,10.3273,76.9536,0.0
20220120,Valparai_Hill,10.3273,76.9536,0.0
20220121,Valparai_Hill,10.3273,76.9536,0.0
20220122,Valparai_Hill,10.3273,76.9536,0.0
20220123,Valparai_Hill,10.3273,76.9536,0.0
20220124,Valparai_Hill,10.3273,76.9536,0.0
20220125,Valparai_Hill,10.3273,76.9536,0.0
20220126,Valparai_Hill,10.3273,76.9536,0.0
20220127,Valparai_Hill,10.3273,76.9536,3.627352714538574
20220128,Valparai_Hill,10.3273,76.9536,0.0
20220129,Valparai_Hill,10.3273,76.9536,0.0
20220130,Valparai_Hill,10.3273,76.9536,0.0
20220131,Valparai_Hill,10.3273,76.9536,0.0
20220201,Valparai_Hill,10.3273,76.9536,0.0
20220202,Valparai_Hill,10.3273,76.9536,0.0
20220203,Valparai_Hill,10.3273,76.9536,0.0
20220204,Valparai_Hill,10.3273,76.9536,0.0
20220205,Valparai_Hill,10.3273,76.9536,0.0
20220206,Valparai_Hill,10.3273,76.9536,0.0
20220207,Valparai_Hill,10.3273,76.9536,0.0
20220208,Valparai_Hill,10.3273,76.9536,0.0
20220209,Valparai_Hill,10.3273,76.9536,0.0
20220210,Valparai_Hill,10.3273,76.9536,0.0
20220211,Valparai_Hill,10.3273,76.9536,0.0
20220212,Valparai_Hill,10.3273,76.9536,0.0
20220213,Valparai_Hill,10.3273,76.9536,0.0
20220214,Valparai_Hill,10.3273,76.9536,0.0
20220215,Valparai_Hill,10.3273,76.9536,0.0
20220216,Valparai_Hill,10.3273,76.9536,0.0
20220217,Valparai_Hill,10.3273,76.9536,0.0
20220218,Valparai_Hill,10.3273,76.9536,0.0
20220219,Valparai_Hill,10.3273,76.9536,0.0
20220220,Valparai_Hill,10.3273,76.9536,0.0
20220221,Valparai_Hill,10.3273,76.9536,0.0
20220222,Valparai_Hill,10.3273,76.9536,3.1892480850219727
20220223,Valparai_Hill,10.3273,76.9536,0.0
20220224,Valparai_Hill,10.3273,76.9536,0.0
20220225,Valparai_Hill,10.3273,76.9536,0.0
20220226,Valparai_Hill,10.3273,76.9536,5.595944404602051
20220227,Valparai_Hill,10.3273,76.9536,0.0
20220228,Valparai_Hill,10.3273,76.9536,0.0
20220301,Valparai_Hill,10.3273,76.9536,0.0
20220302,Valparai_Hill,10.3273,76.9536,0.0
20220303,Valparai_Hill,10.3273,76.9536,0.0
20220304,Valparai_Hill,10.3273,76.9536,0.0
20220305,Valparai_Hill,10.3273,76.9536,0.0
20220306,Valparai_Hill,10.3273,76.9536,0.0
20220307,Valparai_Hill,10.3273,76.9536,21.933517456054688
20220308,Valparai_Hill,10.3273,76.9536,21.933517456054688
20220309,Valparai_Hill,10.3273,76.9536,0.0
20220310,Valparai_Hill,10.3273,76.9536,0.0
20220311,Valparai_Hill,10.3273,76.9536,0.0
20220312,Valparai_Hill,10.3273,76.9536,0.0
20220313,Valparai_Hill,10.3273,76.9536,0.0
20220314,Valparai_Hill,10.3273,76.9536,0.0
20220315,Valparai_Hill,10.3273,76.9536,6.0448126792907715
20220316,Valparai_Hill,10.3273,76.9536,0.0
20220317,Valparai_Hill,10.3273,76.9536,0.0
20220318,Valparai_Hill,10.3273,76.9536,0.0
20220319,Valparai_Hill,10.3273,76.9536,0.0
20220320,Valparai_Hill,10.3273,76.9536,13.609710693359375
20220321,Valparai_Hill,10.3273,76.9536,0.0
20220322,Valparai_Hill,10.3273,76.9536,0.0
20220323,Valparai_Hill,10.3273,76.9536,0.0
20220324,Valparai_Hill,10.3273,76.9536,0.0
20220325,Valparai_Hill,10.3273,76.9536,0.0
20220326,Valparai_Hill,10.3273,76.9536,0.0
20220327,Valparai_Hill,10.3273,76.9536,0.0
20220328,Valparai_Hill,10.3273,76.9536,0.0
20220329,Valparai_Hill,10.3273,76.9536,0.0
20220330,Valparai_Hill,10.3273,76.9536,0.0
20220331,Valparai_Hill,10.3273,76.9536,0.0
20220401,Valparai_Hill,10.3273,76.9536,0.0
20220402,Valparai_Hill,10.3273,76.9536,0.0
20220403,Valparai_Hill,10.3273,76.9536,0.0
20220404,Valparai_Hill,10.3273,76.9536,0.0
20220405,Valparai_Hill,10.3273,76.9536,0.0
20220406,Valparai_Hill,10.3273,76.9536,18.985837936401367
20220407,Valparai_Hill,10.3273,76.9536,0.0
20220408,Valparai_Hill,10.3273,76.9536,25.314449310302734
20220409,Valparai_Hill,10.3273,76.9536,18.985837936401367
20220410,Valparai_Hill,10.3273,76.9536,12.657224655151367
20220411,Valparai_Hill,10.3273,76.9536,8.809982299804688
20220412,Valparai_Hill,10.3273,76.9536,17.619964599609375
20220413,Valparai_Hill,10.3273,76.9536,13.214973449707031
20220414,Valparai_Hill,10.3273,76.9536,8.809982299804688
20220415,Valparai_Hill,10.3273,76.9536,4.404991149902344
20220416,Valparai_Hill,10.3273,76.9536,0.0
20220417,Valparai_Hill,10.3273,76.9536,0.0
20220418,Valparai_Hill,10.3273,76.9536,16.899118423461914
20220419,Valparai_Hill,10.3273,76.9536,0.0
20220420,Valparai_Hill,10.3273,76.9536,0.0
20220421,Valparai_Hill,10.3273,76.9536,10.616780281066895
20220422,Valparai_Hill,10.3273,76.9536,15.9251708984375
20220423,Valparai_Hill,10.3273,76.9536,15.9251708984375
20220424,Valparai_Hill,10.3273,76.9536,0.0
20220425,Valparai_Hill,10.3273,76.9536,0.0
20220426,Valparai_Hill,10.3273,76.9536,0.0
20220427,Valparai_Hill,10.3273,76.9536,0.0
20220428,Valparai_Hill,10.3273,76.9536,0.0
20220429,Valparai_Hill,10.3273,76.9536,0.0
20220430,Valparai_Hill,10.3273,76.9536,0.0
20220501,Valparai_Hill,10.3273,76.9536,4.786127090454102
20220502,Valparai_Hill,10.3273,76.9536,0.0
20220503,Valparai_Hill,10.3273,76.9536,2.393063545227051
20220504,Valparai_Hill,10.3273,76.9536,9.572254180908203
20220505,Valparai_Hill,10.3273,76.9536,0.0
20220506,Valparai_Hill,10.3273,76.9536,0.0
20220507,Valparai_Hill,10.3273,76.9536,0.0
20220508,Valparai_Hill,10.3273,76.9536,5.6294379234313965
20220509,Valparai_Hill,10.3273,76.9536,3.7529585361480713
20220510,Valparai_Hill,10.3273,76.9536,9.382396697998047
20220511,Valparai_Hill,10.3273,76.9536,0.0
20220512,Valparai_Hill,10.3273,76.9536,0.0
20220513,Valparai_Hill,10.3273,76.9536,0.0
20220514,Valparai_Hill,10.3273,76.9536,0.0
20220515,Valparai_Hill,10.3273,76.9536,0.0
20220516,Valparai_Hill,10.3273,76.9536,0.0
20220517,Valparai_Hill,10.3273,76.9536,3.7709341049194336
20220518,Valparai_Hill,10.3273,76.9536,11.312803268432617
20220519,Valparai_Hill,10.3273,76.9536,11.312803268432617
20220520,Valparai_Hill,10.3273,76.9536,0.0
20220521,Valparai_Hill,10.3273,76.9536,0.0
20220522,Valparai_Hill,10.3273,76.9536,0.0
20220523,Valparai_Hill,10.3273,76.9536,0.0
20220524,Valparai_Hill,10.3273,76.9536,6.685101509094238
20220525,Valparai_Hill,10.3273,76.9536,6.685101509094238
20220526,Valparai_Hill,10.3273,76.9536,9.408430099487305
20220527,Valparai_Hill,10.3273,76.9536,0.0
20220528,Valparai_Hill,10.3273,76.9536,18.81686019897461
20220529,Valparai_Hill,10.3273,76.9536,0.0
20220530,Valparai_Hill,10.3273,76.9536,0.0
20220531,Valparai_Hill,10.3273,76.9536,0.0
20220601,Valparai_Hill,10.3273,76.9536,0.0
20220602,Valparai_Hill,10.3273,76.9536,9.695755004882812
20220603,Valparai_Hill,10.3273,76.9536,9.695755004882812
20220604,Valparai_Hill,10.3273,76.9536,0.0
20220605,Valparai_Hill,10.3273,76.9536,29.087265014648438
20220606,Valparai_Hill,10.3273,76.9536,9.925887107849121
20220607,Valparai_Hill,10.3273,76.9536,3.308629035949707
20220608,Valparai_Hill,10.3273,76.9536,3.308629035949707
20220609,Valparai_Hill,10.3273,76.9536,3.308629035949707
20220610,Valparai_Hill,10.3273,76.9536,3.308629035949707
20220611,Valparai_Hill,10.3273,76.9536,0.0
20220612,Valparai_Hill,10.3273,76.9536,0.0
20220613,Valparai_Hill,10.3273,76.9536,0.0
20220614,Valparai_Hill,10.3273,76.9536,27.78192710876465
20220615,Valparai_Hill,10.3273,76.9536,18.521284103393555
20220616,Valparai_Hill,10.3273,76.9536,3.3804821968078613
20220617,Valparai_Hill,10.3273,76.9536,6.8038859367370605
20220618,Valparai_Hill,10.3273,76.9536,5.557376384735107
20220619,Valparai_Hill,10.3273,76.9536,4.325870037078857
20220620,Valparai_Hill,10.3273,76.9536,3.927168607711792
20220621,Valparai_Hill,10.3273,76.9536,5.702184200286865
20220622,Valparai_Hill,10.3273,76.9536,11.40436840057373
20220623,Valparai_Hill,10.3273,76.9536,11.40436840057373
20220624,Valparai_Hill,10.3273,76.9536,5.702184200286865
20220625,Valparai_Hill,10.3273,76.9536,11.40436840057373
20220626,Valparai_Hill,10.3273,76.9536,0.0
20220627,Valparai_Hill,10.3273,76.9536,0.0
20220628,Valparai_Hill,10.3273,76.9536,11.575518608093262
20220629,Valparai_Hill,10.3273,76.9536,0.0
20220630,Valparai_Hill,10.3273,76.9536,0.0
20220701,Valparai_Hill,10.3273,76.9536,0.0
20220702,Valparai_Hill,10.3273,76.9536,0.0
20220703,Valparai_Hill,10.3273,76.9536,0.0
20220704,Valparai_Hill,10.3273,76.9536,0.0
20220705,Valparai_Hill,10.3273,76.9536,66.34868621826172
20220706,Valparai_Hill,10.3273,76.9536,48.98927688598633
20220707,Valparai_Hill,10.3273,76.9536,0.0
20220708,Valparai_Hill,10.3273,76.9536,0.0
20220709,Valparai_Hill,10.3273,76.9536,0.0
20220710,Valparai_Hill,10.3273,76.9536,0.0
20220711,Valparai_Hill,10.3273,76.9536,0.0
20220712,Valparai_Hill,10.3273,76.9536,0.0
20220713,Valparai_Hill,10.3273,76.9536,0.0
20220714,Valparai_Hill,10.3273,76.9536,0.0
20220715,Valparai_Hill,10.3273,76.9536,0.0
20220716,Valparai_Hill,10.3273,76.9536,0.0
20220717,Valparai_Hill,10.3273,76.9536,16.157100677490234
20220718,Valparai_Hill,10.3273,76.9536,16.157100677490234
20220719,Valparai_Hill,10.3273,76.9536,16.157100677490234
20220720,Valparai_Hill,10.3273,76.9536,32.31420135498047
20220721,Valparai_Hill,10.3273,76.9536,38.44301986694336
20220722,Valparai_Hill,10.3273,76.9536,38.44301986694336
20220723,Valparai_Hill,10.3273,76.9536,19.22150993347168
20220724,Valparai_Hill,10.3273,76.9536,19.22150993347168
20220725,Valparai_Hill,10.3273,76.9536,19.22150993347168
20220726,Valparai_Hill,10.3273,76.9536,18.70301628112793
20220727,Valparai_Hill,10.3273,76.9536,37.40603256225586
20220728,Valparai_Hill,10.3273,76.9536,37.40603256225586
20220729,Valparai_Hill,10.3273,76.9536,0.0
20220730,Valparai_Hill,10.3273,76.9536,37.40603256225586
20220731,Valparai_Hill,10.3273,76.9536,18.70301628112793
20220801,Valparai_Hill,10.3273,76.9536,14.727252960205078
20220802,Valparai_Hill,10.3273,76.9536,0.0
20220803,Valparai_Hill,10.3273,76.9536,58.90901184082031
20220804,Valparai_Hill,10.3273,76.9536,58.90901184082031
20220805,Valparai_Hill,10.3273,76.9536,0.0
20220806,Valparai_Hill,10.3273,76.9536,0.0
20220807,Valparai_Hill,10.3273,76.9536,0.0
20220808,Valparai_Hill,10.3273,76.9536,0.0
20220809,Valparai_Hill,10.3273,76.9536,0.0
20220810,Valparai_Hill,10.3273,76.9536,0.0
20220811,Valparai_Hill,10.3273,76.9536,0.0
20220812,Valparai_Hill,10.3273,76.9536,0.0
20220813,Valparai_Hill,10.3273,76.9536,0.0
20220814,Valparai_Hill,10.3273,76.9536,0.0
20220815,Valparai_Hill,10.3273,76.9536,0.0
20220816,Valparai_Hill,10.3273,76.9536,0.0
20220817,Valparai_Hill,10.3273,76.9536,13.980694770812988
20220818,Valparai_Hill,10.3273,76.9536,13.980694770812988
20220819,Valparai_Hill,10.3273,76.9536,0.0
20220820,Valparai_Hill,10.3273,76.9536,0.0
20220821,Valparai_Hill,10.3273,76.9536,13.533954620361328
20220822,Valparai_Hill,10.3273,76.9536,27.067909240722656
20220823,Valparai_Hill,10.3273,76.9536,27.067909240722656
20220824,Valparai_Hill,10.3273,76.9536,13.533954620361328
20220825,Valparai_Hill,10.3273,76.9536,13.533954620361328
20220826,Valparai_Hill,10.3273,76.9536,34.437416076660156
20220827,Valparai_Hill,10.3273,76.9536,11.479138374328613
20220828,Valparai_Hill,10.3273,76.9536,22.958276748657227
20220829,Valparai_Hill,10.3273,76.9536,34.437416076660156
20220830,Valparai_Hill,10.3273,76.9536,34.437416076660156
20220831,Valparai_Hill,10.3273,76.9536,11.479138374328613
20220901,Valparai_Hill,10.3273,76.9536,0.0
20220902,Valparai_Hill,10.3273,76.9536,7.57009220123291
20220903,Valparai_Hill,10.3273,76.9536,0.0
20220904,Valparai_Hill,10.3273,76.9536,22.710275650024414
20220905,Valparai_Hill,10.3273,76.9536,15.14018440246582
20220906,Valparai_Hill,10.3273,76.9536,19.163415908813477
20220907,Valparai_Hill,10.3273,76.9536,9.581707954406738
20220908,Valparai_Hill,10.3273,76.9536,0.0
20220909,Valparai_Hill,10.3273,76.9536,0.0
20220910,Valparai_Hill,10.3273,76.9536,9.581707954406738
20220911,Valparai_Hill,10.3273,76.9536,0.0
20220912,Valparai_Hill,10.3273,76.9536,0.0
20220913,Valparai_Hill,10.3273,76.9536,0.0
20220914,Valparai_Hill,10.3273,76.9536,3.8014326095581055
20220915,Valparai_Hill,10.3273,76.9536,0.0
20220916,Valparai_Hill,10.3273,76.9536,0.0
20220917,Valparai_Hill,10.3273,76.9536,0.0
20220918,Valparai_Hill,10.3273,76.9536,4.515262603759766
20220919,Valparai_Hill,10.3273,76.9536,0.0
20220920,Valparai_Hill,10.3273,76.9536,0.0
20220921,Valparai_Hill,10.3273,76.9536,0.0
20220922,Valparai_Hill,10.3273,76.9536,0.0
20220923,Valparai_Hill,10.3273,76.9536,0.0
20220924,Valparai_Hill,10.3273,76.9536,0.0
20220925,Valparai_Hill,10.3273,76.9536,1.9565988779067993
20220926,Valparai_Hill,10.3273,76.9536,1.4670435190200806
20220927,Valparai_Hill,10.3273,76.9536,0.8457570672035217
20220928,Valparai_Hill,10.3273,76.9536,0.19464127719402313
20220929,Valparai_Hill,10.3273,76.9536,2.4750514030456543
20220930,Valparai_Hill,10.3273,76.9536,0.08488035947084427
20221001,Valparai_Hill,10.3273,76.9536,9.680689811706543
20221002,Valparai_Hill,10.3273,76.9536,0.0
20221003,Valparai_Hill,10.3273,76.9536,0.0
20221004,Valparai_Hill,10.3273,76.9536,0.0
20221005,Valparai_Hill,10.3273,76.9536,0.0
20221006,Valparai_Hill,10.3273,76.9536,0.0
20221007,Valparai_Hill,10.3273,76.9536,5.834858417510986
20221008,Valparai_Hill,10.3273,76.9536,5.834858417510986
20221009,Valparai_Hill,10.3273,76.9536,17.504575729370117
20221010,Valparai_Hill,10.3273,76.9536,5.834858417510986
20221011,Valparai_Hill,10.3273,76.9536,22.930866241455078
20221012,Valparai_Hill,10.3273,76.9536,9.172347068786621
20221013,Valparai_Hill,10.3273,76.9536,0.0
20221014,Valparai_Hill,10.3273,76.9536,9.172347068786621
20221015,Valparai_Hill,10.3273,76.9536,9.172347068786621
20221016,Valparai_Hill,10.3273,76.9536,16.883398056030273
20221017,Valparai_Hill,10.3273,76.9536,16.883398056030273
20221018,Valparai_Hill,10.3273,76.9536,0.0
20221019,Valparai_Hill,10.3273,76.9536,0.0
20221020,Valparai_Hill,10.3273,76.9536,25.32509422302246
20221021,Valparai_Hill,10.3273,76.9536,11.859404563903809
20221022,Valparai_Hill,10.3273,76.9536,0.0
20221023,Valparai_Hill,10.3273,76.9536,0.0
20221024,Valparai_Hill,10.3273,76.9536,5.929702281951904
20221025,Valparai_Hill,10.3273,76.9536,0.0
20221026,Valparai_Hill,10.3273,76.9536,0.0
20221027,Valparai_Hill,10.3273,76.9536,0.0
20221028,Valparai_Hill,10.3273,76.9536,0.0
20221029,Valparai_Hill,10.3273,76.9536,0.0
20221030,Valparai_Hill,10.3273,76.9536,0.0
20221031,Valparai_Hill,10.3273,76.9536,0.0
20221101,Valparai_Hill,10.3273,76.9536,0.0
20221102,Valparai_Hill,10.3273,76.9536,40.900875091552734
20221103,Valparai_Hill,10.3273,76.9536,0.0
20221104,Valparai_Hill,10.3273,76.9536,0.0
20221105,Valparai_Hill,10.3273,76.9536,0.0
20221106,Valparai_Hill,10.3273,76.9536,0.0
20221107,Valparai_Hill,10.3273,76.9536,0.0
20221108,Valparai_Hill,10.3273,76.9536,27.342533111572266
20221109,Valparai_Hill,10.3273,76.9536,0.0
20221110,Valparai_Hill,10.3273,76.9536,0.0
20221111,Valparai_Hill,10.3273,76.9536,57.218360900878906
20221112,Valparai_Hill,10.3273,76.9536,24.52215576171875
20221113,Valparai_Hill,10.3273,76.9536,8.174052238464355
20221114,Valparai_Hill,10.3273,76.9536,8.174052238464355
20221115,Valparai_Hill,10.3273,76.9536,0.0
20221116,Valparai_Hill,10.3273,76.9536,0.0
20221117,Valparai_Hill,10.3273,76.9536,0.0
20221118,Valparai_Hill,10.3273,76.9536,0.0
20221119,Valparai_Hill,10.3273,76.9536,0.0
20221120,Valparai_Hill,10.3273,76.9536,0.0
20221121,Valparai_Hill,10.3273,76.9536,0.0
20221122,Valparai_Hill,10.3273,76.9536,0.0
20221123,Valparai_Hill,10.3273,76.9536,0.0
20221124,Valparai_Hill,10.3273,76.9536,0.0
20221125,Valparai_Hill,10.3273,76.9536,0.0
20221126,Valparai_Hill,10.3273,76.9536,0.0
20221127,Valparai_Hill,10.3273,76.9536,0.0
20221128,Valparai_Hill,10.3273,76.9536,0.0
20221129,Valparai_Hill,10.3273,76.9536,0.0
20221130,Valparai_Hill,10.3273,76.9536,0.0
20221201,Valparai_Hill,10.3273,76.9536,0.0
20221202,Valparai_Hill,10.3273,76.9536,0.0
20221203,Valparai_Hill,10.3273,76.9536,24.301023483276367
20221204,Valparai_Hill,10.3273,76.9536,24.301023483276367
20221205,Valparai_Hill,10.3273,76.9536,0.0
20221206,Valparai_Hill,10.3273,76.9536,0.0
20221207,Valparai_Hill,10.3273,76.9536,0.0
20221208,Valparai_Hill,10.3273,76.9536,64.52739715576172
20221209,Valparai_Hill,10.3273,76.9536,21.509132385253906
20221210,Valparai_Hill,10.3273,76.9536,0.0
20221211,Valparai_Hill,10.3273,76.9536,0.0
20221212,Valparai_Hill,10.3273,76.9536,0.0
20221213,Valparai_Hill,10.3273,76.9536,0.0
20221214,Valparai_Hill,10.3273,76.9536,0.0
20221215,Valparai_Hill,10.3273,76.9536,0.0
20221216,Valparai_Hill,10.3273,76.9536,0.0
20221217,Valparai_Hill,10.3273,76.9536,0.0
20221218,Valparai_Hill,10.3273,76.9536,0.0
20221219,Valparai_Hill,10.3273,76.9536,0.0
20221220,Valparai_Hill,10.3273,76.9536,0.0
20221221,Valparai_Hill,10.3273,76.9536,0.0
20221222,Valparai_Hill,10.3273,76.9536,0.0
20221223,Valparai_Hill,10.3273,76.9536,0.0
20221224,Valparai_Hill,10.3273,76.9536,0.0
20221225,Valparai_Hill,10.3273,76.9536,4.712288856506348
20221226,Valparai_Hill,10.3273,76.9536,0.0
20221227,Valparai_Hill,10.3273,76.9536,0.0
20221228,Valparai_Hill,10.3273,76.9536,0.0
20221229,Valparai_Hill,10.3273,76.9536,0.0
20221230,Valparai_Hill,10.3273,76.9536,0.0
20221231,Valparai_Hill,10.3273,76.9536,0.0
20230101,Valparai_Hill,10.3273,76.9536,0.0
20230102,Valparai_Hill,10.3273,76.9536,0.0
20230103,Valparai_Hill,10.3273,76.9536,0.0
20230104,Valparai_Hill,10.3273,76.9536,0.0
20230105,Valparai_Hill,10.3273,76.9536,0.0
20230106,Valparai_Hill,10.3273,76.9536,0.0
20230107,Valparai_Hill,10.3273,76.9536,6.020073413848877
20230108,Valparai_Hill,10.3273,76.9536,0.0
20230109,Valparai_Hill,10.3273,76.9536,0.0
20230110,Valparai_Hill,10.3273,76.9536,0.0
20230111,Valparai_Hill,10.3273,76.9536,0.0
20230112,Valparai_Hill,10.3273,76.9536,0.0
20230113,Valparai_Hill,10.3273,76.9536,0.0
20230114,Valparai_Hill,10.3273,76.9536,0.0
20230115,Valparai_Hill,10.3273,76.9536,0.0
20230116,Valparai_Hill,10.3273,76.9536,0.0
20230117,Valparai_Hill,10.3273,76.9536,0.0
20230118,Valparai_Hill,10.3273,76.9536,0.0
20230119,Valparai_Hill,10.3273,76.9536,0.0
20230120,Valparai_Hill,10.3273,76.9536,5.749090194702148
20230121,Valparai_Hill,10.3273,76.9536,0.0
20230122,Valparai_Hill,10.3273,76.9536,0.0
20230123,Valparai_Hill,10.3273,76.9536,0.0
20230124,Valparai_Hill,10.3273,76.9536,5.267919063568115
20230125,Valparai_Hill,10.3273,76.9536,0.0
20230126,Valparai_Hill,10.3273,76.9536,0.0
20230127,Valparai_Hill,10.3273,76.9536,0.0
20230128,Valparai_Hill,10.3273,76.9536,0.0
20230129,Valparai_Hill,10.3273,76.9536,0.0
20230130,Valparai_Hill,10.3273,76.9536,0.0
20230131,Valparai_Hill,10.3273,76.9536,0.0
20230201,Valparai_Hill,10.3273,76.9536,4.044424057006836
20230202,Valparai_Hill,10.3273,76.9536,8.088848114013672
20230203,Valparai_Hill,10.3273,76.9536,0.0
20230204,Valparai_Hill,10.3273,76.9536,0.0
20230205,Valparai_Hill,10.3273,76.9536,0.0
20230206,Valparai_Hill,10.3273,76.9536,2.3561954498291016
20230207,Valparai_Hill,10.3273,76.9536,0.0
20230208,Valparai_Hill,10.3273,76.9536,0.0
20230209,Valparai_Hill,10.3273,76.9536,0.0
20230210,Valparai_Hill,10.3273,76.9536,0.0
20230211,Valparai_Hill,10.3273,76.9536,0.0
20230212,Valparai_Hill,10.3273,76.9536,0.0
20230213,Valparai_Hill,10.3273,76.9536,0.0
20230214,Valparai_Hill,10.3273,76.9536,0.0
20230215,Valparai_Hill,10.3273,76.9536,0.0
20230216,Valparai_Hill,10.3273,76.9536,0.0
20230217,Valparai_Hill,10.3273,76.9536,0.0
20230218,Valparai_Hill,10.3273,76.9536,0.0
20230219,Valparai_Hill,10.3273,76.9536,0.0
20230220,Valparai_Hill,10.3273,76.9536,0.0
20230221,Valparai_Hill,10.3273,76.9536,0.0
20230222,Valparai_Hill,10.3273,76.9536,0.0
20230223,Valparai_Hill,10.3273,76.9536,0.0
20230224,Valparai_Hill,10.3273,76.9536,0.0
20230225,Valparai_Hill,10.3273,76.9536,0.0
20230226,Valparai_Hill,10.3273,76.9536,0.0
20230227,Valparai_Hill,10.3273,76.9536,0.0
20230228,Valparai_Hill,10.3273,76.9536,0.0
20230301,Valparai_Hill,10.3273,76.9536,0.0
20230302,Valparai_Hill,10.3273,76.9536,0.0
20230303,Valparai_Hill,10.3273,76.9536,0.0
20230304,Valparai_Hill,10.3273,76.9536,0.0
20230305,Valparai_Hill,10.3273,76.9536,0.0
20230306,Valparai_Hill,10.3273,76.9536,0.0
20230307,Valparai_Hill,10.3273,76.9536,0.0
20230308,Valparai_Hill,10.3273,76.9536,0.0
20230309,Valparai_Hill,10.3273,76.9536,0.0
20230310,Valparai_Hill,10.3273,76.9536,0.0
20230311,Valparai_Hill,10.3273,76.9536,0.0
20230312,Valparai_Hill,10.3273,76.9536,0.0
20230313,Valparai_Hill,10.3273,76.9536,0.0
20230314,Valparai_Hill,10.3273,76.9536,0.0
20230315,Valparai_Hill,10.3273,76.9536,0.0
20230316,Valparai_Hill,10.3273,76.9536,0.0
20230317,Valparai_Hill,10.3273,76.9536,0.0
20230318,Valparai_Hill,10.3273,76.9536,0.0
20230319,Valparai_Hill,10.3273,76.9536,0.0
20230320,Valparai_Hill,10.3273,76.9536,0.0
20230321,Valparai_Hill,10.3273,76.9536,0.0
20230322,Valparai_Hill,10.3273,76.9536,0.0
20230323,Valparai_Hill,10.3273,76.9536,9.396047592163086
20230324,Valparai_Hill,10.3273,76.9536,28.188140869140625
20230325,Valparai_Hill,10.3273,76.9536,0.0
20230326,Valparai_Hill,10.3273,76.9536,7.525456428527832
20230327,Valparai_Hill,10.3273,76.9536,0.0
20230328,Valparai_Hill,10.3273,76.9536,7.525456428527832
20230329,Valparai_Hill,10.3273,76.9536,7.525456428527832
20230330,Valparai_Hill,10.3273,76.9536,7.525456428527832
20230331,Valparai_Hill,10.3273,76.9536,0.0
20230401,Valparai_Hill,10.3273,76.9536,3.3146231174468994
20230402,Valparai_Hill,10.3273,76.9536,0.0
20230403,Valparai_Hill,10.3273,76.9536,3.3146231174468994
20230404,Valparai_Hill,10.3273,76.9536,3.3146231174468994
20230405,Valparai_Hill,10.3273,76.9536,0.0
20230406,Valparai_Hill,10.3273,76.9536,4.149585723876953
20230407,Valparai_Hill,10.3273,76.9536,0.0
20230408,Valparai_Hill,10.3273,76.9536,0.0
20230409,Valparai_Hill,10.3273,76.9536,4.149585723876953
20230410,Valparai_Hill,10.3273,76.9536,0.0
20230411,Valparai_Hill,10.3273,76.9536,0.0
20230412,Valparai_Hill,10.3273,76.9536,0.0
20230413,Valparai_Hill,10.3273,76.9536,0.0
20230414,Valparai_Hill,10.3273,76.9536,0.0
20230415,Valparai_Hill,10.3273,76.9536,0.0
20230416,Valparai_Hill,10.3273,76.9536,0.0
20230417,Valparai_Hill,10.3273,76.9536,0.0
20230418,Valparai_Hill,10.3273,76.9536,0.0
20230419,Valparai_Hill,10.3273,76.9536,4.001657009124756
20230420,Valparai_Hill,10.3273,76.9536,0.0
20230421,Valparai_Hill,10.3273,76.9536,0.0
20230422,Valparai_Hill,10.3273,76.9536,2.9463069438934326
20230423,Valparai_Hill,10.3273,76.9536,5.892613887786865
20230424,Valparai_Hill,10.3273,76.9536,2.9463069438934326
20230425,Valparai_Hill,10.3273,76.9536,8.838920593261719
20230426,Valparai_Hill,10.3273,76.9536,10.214930534362793
20230427,Valparai_Hill,10.3273,76.9536,6.8099541664123535
20230428,Valparai_Hill,10.3273,76.9536,6.8099541664123535
20230429,Valparai_Hill,10.3273,76.9536,10.214930534362793
20230430,Valparai_Hill,10.3273,76.9536,10.214930534362793
20230501,Valparai_Hill,10.3273,76.9536,7.803813934326172
20230502,Valparai_Hill,10.3273,76.9536,7.803813934326172
20230503,Valparai_Hill,10.3273,76.9536,5.202542781829834
20230504,Valparai_Hill,10.3273,76.9536,7.803813934326172
20230505,Valparai_Hill,10.3273,76.9536,2.601271390914917
20230506,Valparai_Hill,10.3273,76.9536,10.717267036437988
20230507,Valparai_Hill,10.3273,76.9536,0.0
20230508,Valparai_Hill,10.3273,76.9536,6.430360317230225
20230509,Valparai_Hill,10.3273,76.9536,4.286906719207764
20230510,Valparai_Hill,10.3273,76.9536,0.0
20230511,Valparai_Hill,10.3273,76.9536,6.747403144836426
20230512,Valparai_Hill,10.3273,76.9536,0.0
20230513,Valparai_Hill,10.3273,76.9536,0.0
20230514,Valparai_Hill,10.3273,76.9536,0.0
20230515,Valparai_Hill,10.3273,76.9536,0.0
20230516,Valparai_Hill,10.3273,76.9536,0.0
20230517,Valparai_Hill,10.3273,76.9536,2.8686940670013428
20230518,Valparai_Hill,10.3273,76.9536,2.8686940670013428
20230519,Valparai_Hill,10.3273,76.9536,0.0
20230520,Valparai_Hill,10.3273,76.9536,0.0
20230521,Valparai_Hill,10.3273,76.9536,2.5607595443725586
20230522,Valparai_Hill,10.3273,76.9536,2.5607595443725586
20230523,Valparai_Hill,10.3273,76.9536,5.121519088745117
20230524,Valparai_Hill,10.3273,76.9536,5.121519088745117
20230525,Valparai_Hill,10.3273,76.9536,0.0
20230526,Valparai_Hill,10.3273,76.9536,0.0
20230527,Valparai_Hill,10.3273,76.9536,4.9560675621032715
20230528,Valparai_Hill,10.3273,76.9536,0.0
20230529,Valparai_Hill,10.3273,76.9536,14.86820125579834
20230530,Valparai_Hill,10.3273,76.9536,9.912135124206543
20230531,Valparai_Hill,10.3273,76.9536,14.868207931518555
20230601,Valparai_Hill,10.3273,76.9536,8.955345153808594
20230602,Valparai_Hill,10.3273,76.9536,0.0
20230603,Valparai_Hill,10.3273,76.9536,8.955345153808594
20230604,Valparai_Hill,10.3273,76.9536,8.955345153808594
20230605,Valparai_Hill,10.3273,76.9536,17.910690307617188
20230606,Valparai_Hill,10.3273,76.9536,0.0
20230607,Valparai_Hill,10.3273,76.9536,0.0
20230608,Valparai_Hill,10.3273,76.9536,0.0
20230609,Valparai_Hill,10.3273,76.9536,0.0
20230610,Valparai_Hill,10.3273,76.9536,0.0
20230611,Valparai_Hill,10.3273,76.9536,0.0
20230612,Valparai_Hill,10.3273,76.9536,49.9112548828125
20230613,Valparai_Hill,10.3273,76.9536,0.0
20230614,Valparai_Hill,10.3273,76.9536,0.0
20230615,Valparai_Hill,10.3273,76.9536,0.0
20230616,Valparai_Hill,10.3273,76.9536,0.0
20230617,Valparai_Hill,10.3273,76.9536,0.0
20230618,Valparai_Hill,10.3273,76.9536,0.0
20230619,Valparai_Hill,10.3273,76.9536,0.0
20230620,Valparai_Hill,10.3273,76.9536,72.45697784423828
20230621,Valparai_Hill,10.3273,76.9536,54.67580795288086
20230622,Valparai_Hill,10.3273,76.9536,18.225271224975586
20230623,Valparai_Hill,10.3273,76.9536,0.0
20230624,Valparai_Hill,10.3273,76.9536,18.225271224975586
20230625,Valparai_Hill,10.3273,76.9536,0.0
20230626,Valparai_Hill,10.3273,76.9536,0.0
20230627,Valparai_Hill,10.3273,76.9536,0.0
20230628,Valparai_Hill,10.3273,76.9536,0.0
20230629,Valparai_Hill,10.3273,76.9536,50.775840759277344
20230630,Valparai_Hill,10.3273,76.9536,0.0
20230701,Valparai_Hill,10.3273,76.9536,0.0
20230702,Valparai_Hill,10.3273,76.9536,13.622551918029785
20230703,Valparai_Hill,10.3273,76.9536,13.622551918029785
20230704,Valparai_Hill,10.3273,76.9536,0.0
20230705,Valparai_Hill,10.3273,76.9536,27.24510383605957
20230706,Valparai_Hill,10.3273,76.9536,25.06099510192871
20230707,Valparai_Hill,10.3273,76.9536,0.0
20230708,Valparai_Hill,10.3273,76.9536,0.0
20230709,Valparai_Hill,10.3273,76.9536,0.0
20230710,Valparai_Hill,10.3273,76.9536,50.12199020385742
20230711,Valparai_Hill,10.3273,76.9536,0.0
20230712,Valparai_Hill,10.3273,76.9536,0.0
20230713,Valparai_Hill,10.3273,76.9536,36.58327102661133
20230714,Valparai_Hill,10.3273,76.9536,0.0
20230715,Valparai_Hill,10.3273,76.9536,0.0
20230716,Valparai_Hill,10.3273,76.9536,0.0
20230717,Valparai_Hill,10.3273,76.9536,0.0
20230718,Valparai_Hill,10.3273,76.9536,0.0
20230719,Valparai_Hill,10.3273,76.9536,0.0
20230720,Valparai_Hill,10.3273,76.9536,0.0
20230721,Valparai_Hill,10.3273,76.9536,25.550987243652344
20230722,Valparai_Hill,10.3273,76.9536,0.0
20230723,Valparai_Hill,10.3273,76.9536,0.0
20230724,Valparai_Hill,10.3273,76.9536,12.775493621826172
20230725,Valparai_Hill,10.3273,76.9536,0.0
20230726,Valparai_Hill,10.3273,76.9536,0.0
20230727,Valparai_Hill,10.3273,76.9536,0.0
20230728,Valparai_Hill,10.3273,76.9536,0.0
20230729,Valparai_Hill,10.3273,76.9536,0.0
20230730,Valparai_Hill,10.3273,76.9536,0.0
20230731,Valparai_Hill,10.3273,76.9536,0.0
20230801,Valparai_Hill,10.3273,76.9536,0.0
20230802,Valparai_Hill,10.3273,76.9536,0.0
20230803,Valparai_Hill,10.3273,76.9536,0.0
20230804,Valparai_Hill,10.3273,76.9536,0.0
20230805,Valparai_Hill,10.3273,76.9536,0.0
20230806,Valparai_Hill,10.3273,76.9536,8.431130409240723
20230807,Valparai_Hill,10.3273,76.9536,8.431130409240723
20230808,Valparai_Hill,10.3273,76.9536,8.431130409240723
20230809,Valparai_Hill,10.3273,76.9536,16.862260818481445
20230810,Valparai_Hill,10.3273,76.9536,16.862260818481445
20230811,Valparai_Hill,10.3273,76.9536,10.353165626525879
20230812,Valparai_Hill,10.3273,76.9536,15.529748916625977
20230813,Valparai_Hill,10.3273,76.9536,0.0
20230814,Valparai_Hill,10.3273,76.9536,5.1765828132629395
20230815,Valparai_Hill,10.3273,76.9536,5.1765828132629395
20230816,Valparai_Hill,10.3273,76.9536,0.0
20230817,Valparai_Hill,10.3273,76.9536,0.0
20230818,Valparai_Hill,10.3273,76.9536,0.0
20230819,Valparai_Hill,10.3273,76.9536,0.0
20230820,Valparai_Hill,10.3273,76.9536,0.0
20230821,Valparai_Hill,10.3273,76.9536,0.0
20230822,Valparai_Hill,10.3273,76.9536,11.4147367477417
20230823,Valparai_Hill,10.3273,76.9536,0.0
20230824,Valparai_Hill,10.3273,76.9536,0.0
20230825,Valparai_Hill,10.3273,76.9536,0.0
20230826,Valparai_Hill,10.3273,76.9536,0.0
20230827,Valparai_Hill,10.3273,76.9536,0.0
20230828,Valparai_Hill,10.3273,76.9536,0.0
20230829,Valparai_Hill,10.3273,76.9536,31.38373565673828
20230830,Valparai_Hill,10.3273,76.9536,15.69186782836914
20230831,Valparai_Hill,10.3273,76.9536,15.69186782836914
20230901,Valparai_Hill,10.3273,76.9536,8.63698673248291
20230902,Valparai_Hill,10.3273,76.9536,8.63698673248291
20230903,Valparai_Hill,10.3273,76.9536,0.0
20230904,Valparai_Hill,10.3273,76.9536,4.318493366241455
20230905,Valparai_Hill,10.3273,76.9536,0.0
20230906,Valparai_Hill,10.3273,76.9536,0.0
20230907,Valparai_Hill,10.3273,76.9536,0.0
20230908,Valparai_Hill,10.3273,76.9536,0.0
20230909,Valparai_Hill,10.3273,76.9536,0.0
20230910,Valparai_Hill,10.3273,76.9536,0.0
20230911,Valparai_Hill,10.3273,76.9536,0.0
20230912,Valparai_Hill,10.3273,76.9536,0.0
20230913,Valparai_Hill,10.3273,76.9536,2.315551519393921
20230914,Valparai_Hill,10.3273,76.9536,2.315551519393921
20230915,Valparai_Hill,10.3273,76.9536,0.0
20230916,Valparai_Hill,10.3273,76.9536,0.0
20230917,Valparai_Hill,10.3273,76.9536,11.378355026245117
20230918,Valparai_Hill,10.3273,76.9536,11.378355026245117
20230919,Valparai_Hill,10.3273,76.9536,22.756710052490234
20230920,Valparai_Hill,10.3273,76.9536,0.0
20230921,Valparai_Hill,10.3273,76.9536,14.053451538085938
20230922,Valparai_Hill,10.3273,76.9536,7.026725769042969
20230923,Valparai_Hill,10.3273,76.9536,0.0
20230924,Valparai_Hill,10.3273,76.9536,7.026725769042969
20230925,Valparai_Hill,10.3273,76.9536,0.0
20230926,Valparai_Hill,10.3273,76.9536,16.065895080566406
20230927,Valparai_Hill,10.3273,76.9536,0.0
20230928,Valparai_Hill,10.3273,76.9536,0.0
20230929,Valparai_Hill,10.3273,76.9536,0.0
20230930,Valparai_Hill,10.3273,76.9536,0.0
20231001,Valparai_Hill,10.3273,76.9536,0.0
20231002,Valparai_Hill,10.3273,76.9536,0.0
20231003,Valparai_Hill,10.3273,76.9536,0.0
20231004,Valparai_Hill,10.3273,76.9536,0.0
20231005,Valparai_Hill,10.3273,76.9536,0.0
20231006,Valparai_Hill,10.3273,76.9536,0.0
20231007,Valparai_Hill,10.3273,76.9536,10.519753456115723
20231008,Valparai_Hill,10.3273,76.9536,5.259876728057861
20231009,Valparai_Hill,10.3273,76.9536,21.039506912231445
20231010,Valparai_Hill,10.3273,76.9536,0.0
20231011,Valparai_Hill,10.3273,76.9536,18.922069549560547
20231012,Valparai_Hill,10.3273,76.9536,9.461034774780273
20231013,Valparai_Hill,10.3273,76.9536,9.461034774780273
20231014,Valparai_Hill,10.3273,76.9536,9.461034774780273
20231015,Valparai_Hill,10.3273,76.9536,9.461034774780273
20231016,Valparai_Hill,10.3273,76.9536,0.0
20231017,Valparai_Hill,10.3273,76.9536,0.0
20231018,Valparai_Hill,10.3273,76.9536,0.0
20231019,Valparai_Hill,10.3273,76.9536,0.0
20231020,Valparai_Hill,10.3273,76.9536,0.0
20231021,Valparai_Hill,10.3273,76.9536,0.0
20231022,Valparai_Hill,10.3273,76.9536,0.0
20231023,Valparai_Hill,10.3273,76.9536,0.0
20231024,Valparai_Hill,10.3273,76.9536,0.0
20231025,Valparai_Hill,10.3273,76.9536,0.0
20231026,Valparai_Hill,10.3273,76.9536,0.0
20231027,Valparai_Hill,10.3273,76.9536,8.490033149719238
20231028,Valparai_Hill,10.3273,76.9536,0.0
20231029,Valparai_Hill,10.3273,76.9536,16.980066299438477
20231030,Valparai_Hill,10.3273,76.9536,25.470102310180664
20231031,Valparai_Hill,10.3273,76.9536,16.980066299438477
20231101,Valparai_Hill,10.3273,76.9536,13.266914367675781
20231102,Valparai_Hill,10.3273,76.9536,0.0
20231103,Valparai_Hill,10.3273,76.9536,39.800743103027344
20231104,Valparai_Hill,10.3273,76.9536,39.800743103027344
20231105,Valparai_Hill,10.3273,76.9536,13.266914367675781
20231106,Valparai_Hill,10.3273,76.9536,12.443615913391113
20231107,Valparai_Hill,10.3273,76.9536,0.0
20231108,Valparai_Hill,10.3273,76.9536,37.33085250854492
20231109,Valparai_Hill,10.3273,76.9536,12.443615913391113
20231110,Valparai_Hill,10.3273,76.9536,24.887231826782227
20231111,Valparai_Hill,10.3273,76.9536,0.0
20231112,Valparai_Hill,10.3273,76.9536,0.0
20231113,Valparai_Hill,10.3273,76.9536,0.0
20231114,Valparai_Hill,10.3273,76.9536,0.0
20231115,Valparai_Hill,10.3273,76.9536,0.0
20231116,Valparai_Hill,10.3273,76.9536,0.0
20231117,Valparai_Hill,10.3273,76.9536,0.0
20231118,Valparai_Hill,10.3273,76.9536,0.0
20231119,Valparai_Hill,10.3273,76.9536,0.0
20231120,Valparai_Hill,10.3273,76.9536,0.0
20231121,Valparai_Hill,10.3273,76.9536,30.746593475341797
20231122,Valparai_Hill,10.3273,76.9536,20.49772834777832
20231123,Valparai_Hill,10.3273,76.9536,10.24886417388916
20231124,Valparai_Hill,10.3273,76.9536,10.24886417388916
20231125,Valparai_Hill,10.3273,76.9536,10.24886417388916
20231126,Valparai_Hill,10.3273,76.9536,0.0
20231127,Valparai_Hill,10.3273,76.9536,0.0
20231128,Valparai_Hill,10.3273,76.9536,0.0
20231129,Valparai_Hill,10.3273,76.9536,0.0
20231130,Valparai_Hill,10.3273,76.9536,0.0
20231201,Valparai_Hill,10.3273,76.9536,0.0
20231202,Valparai_Hill,10.3273,76.9536,5.227283477783203
20231203,Valparai_Hill,10.3273,76.9536,0.0
20231204,Valparai_Hill,10.3273,76.9536,20.909133911132812
20231205,Valparai_Hill,10.3273,76.9536,0.0
20231206,Valparai_Hill,10.3273,76.9536,0.0
20231207,Valparai_Hill,10.3273,76.9536,12.980666160583496
20231208,Valparai_Hill,10.3273,76.9536,25.961332321166992
20231209,Valparai_Hill,10.3273,76.9536,12.980666160583496
20231210,Valparai_Hill,10.3273,76.9536,0.0
20231211,Valparai_Hill,10.3273,76.9536,0.0
20231212,Valparai_Hill,10.3273,76.9536,0.0
20231213,Valparai_Hill,10.3273,76.9536,0.0
20231214,Valparai_Hill,10.3273,76.9536,0.0
20231215,Valparai_Hill,10.3273,76.9536,0.0
20231216,Valparai_Hill,10.3273,76.9536,0.0
20231217,Valparai_Hill,10.3273,76.9536,32.742332458496094
20231218,Valparai_Hill,10.3273,76.9536,10.914111137390137
20231219,Valparai_Hill,10.3273,76.9536,0.0
20231220,Valparai_Hill,10.3273,76.9536,0.0
20231221,Valparai_Hill,10.3273,76.9536,0.0
20231222,Valparai_Hill,10.3273,76.9536,0.0
20231223,Valparai_Hill,10.3273,76.9536,0.0
20231224,Valparai_Hill,10.3273,76.9536,0.0
20231225,Valparai_Hill,10.3273,76.9536,0.0
20231226,Valparai_Hill,10.3273,76.9536,0.0
20231227,Valparai_Hill,10.3273,76.9536,0.0
20231228,Valparai_Hill,10.3273,76.9536,0.0
20231229,Valparai_Hill,10.3273,76.9536,0.0
20231230,Valparai_Hill,10.3273,76.9536,0.0
20231231,Valparai_Hill,10.3273,76.9536,0.0
