Date,District,Village,Latitude,Longitude,Elevation_m,Coarse_Temperature_C,Coarse_Humidity_pct,Coarse_WindSpeed_ms,Coarse_Rainfall_mm,CHIRPS_Rainfall_mm
20190101,Coimbatore,Mettupalayam,11.3,76.95,327.0,20.37,63.57,2.01,0.0,3.7045278549194336
20190102,Coimbatore,Mettupalayam,11.3,76.95,327.0,19.84,64.52,2.2,0.0,0.0
20190103,Coimbatore,Mettupalayam,11.3,76.95,327.0,20.33,65.91,2.19,0.0,0.0
20190104,Coimbatore,Mettupalayam,11.3,76.95,327.0,20.31,64.99,2.34,0.0,0.0
20190105,Coimbatore,Mettupalayam,11.3,76.95,327.0,20.27,67.04,1.96,0.0,0.0
20190106,Coimbatore,Mettupalayam,11.3,76.95,327.0,20.83,68.13,1.74,0.0,0.0
20190107,Coimbatore,Mettupalayam,11.3,76.95,327.0,21.42,67.0,1.7,0.0,0.0
20190108,Coimbatore,Mettupalayam,11.3,76.95,327.0,22.04,62.59,1.76,0.0,3.926382541656494
20190109,Coimbatore,Mettupalayam,11.3,76.95,327.0,21.27,60.49,1.79,0.0,0.0
20190110,Coimbatore,Mettupalayam,11.3,76.95,327.0,21.25,61.81,1.8,0.0,0.0
20190111,Coimbatore,Mettupalayam,11.3,76.95,327.0,21.85,64.53,1.56,0.0,0.0
20190112,Coimbatore,Mettupalayam,11.3,76.95,327.0,21.86,64.05,1.89,0.0,0.0
20190113,Coimbatore,Mettupalayam,11.3,76.95,327.0,21.73,58.39,1.73,0.0,0.0
20190114,Coimbatore,Mettupalayam,11.3,76.95,327.0,22.17,66.4,1.79,0.0,5.682650089263916
20190115,Coimbatore,Mettupalayam,11.3,76.95,327.0,22.09,56.38,1.8,0.03,0.0
20190116,Coimbatore,Mettupalayam,11.3,76.95,327.0,21.51,55.18,1.98,0.0,0.0
20190117,Coimbatore,Mettupalayam,11.3,76.95,327.0,21.71,61.17,2.03,0.0,0.0
20190118,Coimbatore,Mettupalayam,11.3,76.95,327.0,21.58,59.46,1.91,0.0,0.0
20190119,Coimbatore,Mettupalayam,11.3,76.95,327.0,21.78,56.03,1.85,0.0,0.0
20190120,Coimbatore,Mettupalayam,11.3,76.95,327.0,21.63,52.79,2.07,0.0,0.0
20190121,Coimbatore,Mettupalayam,11.3,76.95,327.0,21.62,51.06,1.72,0.0,0.0
20190122,Coimbatore,Mettupalayam,11.3,76.95,327.0,22.34,51.94,1.32,0.0,0.0
20190123,Coimbatore,Mettupalayam,11.3,76.95,327.0,23.13,52.62,1.25,0.0,0.0
20190124,Coimbatore,Mettupalayam,11.3,76.95,327.0,24.51,56.85,0.93,0.0,0.0
20190125,Coimbatore,Mettupalayam,11.3,76.95,327.0,25.14,61.74,1.04,0.0,0.0
20190126,Coimbatore,Mettupalayam,11.3,76.95,327.0,26.17,61.5,0.82,0.0,0.0
20190127,Coimbatore,Mettupalayam,11.3,76.95,327.0,26.38,60.41,1.12,0.0,0.0
20190128,Coimbatore,Mettupalayam,11.3,76.95,327.0,26.3,58.28,1.05,0.0,0.0
20190129,Coimbatore,Mettupalayam,11.3,76.95,327.0,25.52,55.47,2.03,0.02,0.0
20190130,Coimbatore,Mettupalayam,11.3,76.95,327.0,24.9,54.64,2.39,0.05,0.0
20190131,Coimbatore,Mettupalayam,11.3,76.95,327.0,24.55,57.18,2.41,0.0,0.0
20190201,Coimbatore,Mettupalayam,11.3,76.95,327.0,24.41,56.31,1.93,0.0,0.0
20190202,Coimbatore,Mettupalayam,11.3,76.95,327.0,25.25,55.67,1.5,0.0,0.0
20190203,Coimbatore,Mettupalayam,11.3,76.95,327.0,25.73,53.32,2.0,0.0,0.0
20190204,Coimbatore,Mettupalayam,11.3,76.95,327.0,25.9,55.01,2.54,0.0,0.0
20190205,Coimbatore,Mettupalayam,11.3,76.95,327.0,25.65,58.9,2.45,0.02,0.0
20190206,Coimbatore,Mettupalayam,11.3,76.95,327.0,26.03,53.16,2.02,0.04,0.0
20190207,Coimbatore,Mettupalayam,11.3,76.95,327.0,26.8,52.58,1.23,0.1,0.0
20190208,Coimbatore,Mettupalayam,11.3,76.95,327.0,27.58,55.42,0.88,0.0,0.0
20190209,Coimbatore,Mettupalayam,11.3,76.95,327.0,27.44,61.53,0.84,1.95,0.0
20190210,Coimbatore,Mettupalayam,11.3,76.95,327.0,26.59,66.8,0.85,3.48,0.0
20190211,Coimbatore,Mettupalayam,11.3,76.95,327.0,26.43,58.48,2.95,0.21,0.0
20190212,Coimbatore,Mettupalayam,11.3,76.95,327.0,25.76,56.28,3.4,0.0,0.0
20190213,Coimbatore,Mettupalayam,11.3,76.95,327.0,25.61,52.22,2.84,0.0,0.0
20190214,Coimbatore,Mettupalayam,11.3,76.95,327.0,26.44,57.22,2.23,0.0,0.0
20190215,Coimbatore,Mettupalayam,11.3,76.95,327.0,27.9,55.26,1.38,0.04,5.327075958251953
20190216,Coimbatore,Mettupalayam,11.3,76.95,327.0,28.73,53.34,1.18,0.04,0.0
20190217,Coimbatore,Mettupalayam,11.3,76.95,327.0,28.65,51.33,1.8,0.01,0.0
20190218,Coimbatore,Mettupalayam,11.3,76.95,327.0,28.39,44.03,0.97,0.0,0.0
20190219,Coimbatore,Mettupalayam,11.3,76.95,327.0,28.17,53.04,1.5,2.07,0.0
20190220,Coimbatore,Mettupalayam,11.3,76.95,327.0,27.61,53.63,2.71,0.83,0.0
20190221,Coimbatore,Mettupalayam,11.3,76.95,327.0,26.65,49.35,2.56,0.0,0.0
20190222,Coimbatore,Mettupalayam,11.3,76.95,327.0,25.47,44.93,2.65,0.0,0.0
20190223,Coimbatore,Mettupalayam,11.3,76.95,327.0,25.71,39.47,2.53,0.0,0.0
20190224,Coimbatore,Mettupalayam,11.3,76.95,327.0,26.2,40.81,2.15,0.0,0.0
20190225,Coimbatore,Mettupalayam,11.3,76.95,327.0,27.31,37.08,1.38,0.0,4.805926322937012
20190226,Coimbatore,Mettupalayam,11.3,76.95,327.0,28.1,49.4,1.12,0.0,0.0
20190227,Coimbatore,Mettupalayam,11.3,76.95,327.0,28.22,56.83,2.32,0.0,0.0
20190228,Coimbatore,Mettupalayam,11.3,76.95,327.0,28.25,53.2,1.65,0.1,0.0
20190301,Coimbatore,Mettupalayam,11.3,76.95,327.0,29.14,52.21,1.01,2.0,14.228464126586914
20190302,Coimbatore,Mettupalayam,11.3,76.95,327.0,28.29,58.92,1.66,6.75,0.0
20190303,Coimbatore,Mettupalayam,11.3,76.95,327.0,28.34,55.83,1.34,0.08,0.0
20190304,Coimbatore,Mettupalayam,11.3,76.95,327.0,28.52,53.82,1.22,0.0,0.0
20190305,Coimbatore,Mettupalayam,11.3,76.95,327.0,29.08,55.45,1.32,0.0,0.0
20190306,Coimbatore,Mettupalayam,11.3,76.95,327.0,29.04,55.97,1.91,0.54,0.0
20190307,Coimbatore,Mettupalayam,11.3,76.95,327.0,29.45,54.61,1.88,0.33,0.0
20190308,Coimbatore,Mettupalayam,11.3,76.95,327.0,28.66,58.65,2.31,0.01,0.0
20190309,Coimbatore,Mettupalayam,11.3,76.95,327.0,28.3,59.13,1.2,1.66,0.0
20190310,Coimbatore,Mettupalayam,11.3,76.95,327.0,28.92,59.0,1.01,1.77,0.0
20190311,Coimbatore,Mettupalayam,11.3,76.95,327.0,29.17,51.07,1.38,0.0,0.0
20190312,Coimbatore,Mettupalayam,11.3,76.95,327.0,28.24,42.15,1.94,0.0,0.0
20190313,Coimbatore,Mettupalayam,11.3,76.95,327.0,27.6,35.85,2.19,0.0,0.0
20190314,Coimbatore,Mettupalayam,11.3,76.95,327.0,27.76,34.3,2.31,0.0,0.0
20190315,Coimbatore,Mettupalayam,11.3,76.95,327.0,27.97,31.81,2.18,0.0,0.0
20190316,Coimbatore,Mettupalayam,11.3,76.95,327.0,27.76,38.46,1.87,0.0,0.0
20190317,Coimbatore,Mettupalayam,11.3,76.95,327.0,28.13,39.44,1.51,0.0,0.0
20190318,Coimbatore,Mettupalayam,11.3,76.95,327.0,28.77,48.32,1.15,0.06,0.0
20190319,Coimbatore,Mettupalayam,11.3,76.95,327.0,29.06,53.02,1.0,0.14,0.0
20190320,Coimbatore,Mettupalayam,11.3,76.95,327.0,29.5,51.49,0.89,0.0,0.0
20190321,Coimbatore,Mettupalayam,11.3,76.95,327.0,29.47,45.23,1.32,0.0,0.0
20190322,Coimbatore,Mettupalayam,11.3,76.95,327.0,29.32,44.63,1.36,0.0,0.0
20190323,Coimbatore,Mettupalayam,11.3,76.95,327.0,29.96,45.45,0.89,0.0,0.0
20190324,Coimbatore,Mettupalayam,11.3,76.95,327.0,30.46,44.27,1.49,0.0,0.0
20190325,Coimbatore,Mettupalayam,11.3,76.95,327.0,30.26,39.65,1.95,0.0,0.0
20190326,Coimbatore,Mettupalayam,11.3,76.95,327.0,30.13,40.04,1.9,0.01,0.0
20190327,Coimbatore,Mettupalayam,11.3,76.95,327.0,29.39,35.94,1.44,0.05,0.0
20190328,Coimbatore,Mettupalayam,11.3,76.95,327.0,30.06,42.01,1.76,0.0,0.0
20190329,Coimbatore,Mettupalayam,11.3,76.95,327.0,30.44,47.59,1.26,0.0,0.0
20190330,Coimbatore,Mettupalayam,11.3,76.95,327.0,30.46,48.26,1.52,0.0,0.0
20190331,Coimbatore,Mettupalayam,11.3,76.95,327.0,30.48,49.7,1.36,0.0,0.0
20190401,Coimbatore,Mettupalayam,11.3,76.95,327.0,30.41,49.9,1.62,0.0,0.0
20190402,Coimbatore,Mettupalayam,11.3,76.95,327.0,30.82,47.9,1.38,0.0,0.0
20190403,Coimbatore,Mettupalayam,11.3,76.95,327.0,31.06,43.17,1.62,0.0,0.0
20190404,Coimbatore,Mettupalayam,11.3,76.95,327.0,30.25,43.27,1.19,0.0,0.0
20190405,Coimbatore,Mettupalayam,11.3,76.95,327.0,30.52,47.12,1.31,0.04,0.0
20190406,Coimbatore,Mettupalayam,11.3,76.95,327.0,30.66,44.13,1.31,0.06,0.0
20190407,Coimbatore,Mettupalayam,11.3,76.95,327.0,31.0,44.37,1.0,0.0,0.0
20190408,Coimbatore,Mettupalayam,11.3,76.95,327.0,31.14,47.35,1.39,0.13,0.0
20190409,Coimbatore,Mettupalayam,11.3,76.95,327.0,30.94,52.89,1.44,0.45,3.730121374130249
20190410,Coimbatore,Mettupalayam,11.3,76.95,327.0,31.4,47.04,1.54,0.11,0.0
20190411,Coimbatore,Mettupalayam,11.3,76.95,327.0,31.04,46.16,1.32,0.0,0.0
20190412,Coimbatore,Mettupalayam,11.3,76.95,327.0,31.58,41.36,1.26,0.0,0.0
20190413,Coimbatore,Mettupalayam,11.3,76.95,327.0,31.21,40.55,1.65,0.0,0.0
20190414,Coimbatore,Mettupalayam,11.3,76.95,327.0,31.1,36.4,1.81,0.0,0.0
20190415,Coimbatore,Mettupalayam,11.3,76.95,327.0,30.24,45.82,0.96,0.0,0.0
20190416,Coimbatore,Mettupalayam,11.3,76.95,327.0,30.65,53.86,1.54,1.79,0.0
20190417,Coimbatore,Mettupalayam,11.3,76.95,327.0,28.17,69.13,1.05,8.26,8.036035537719727
20190418,Coimbatore,Mettupalayam,11.3,76.95,327.0,28.96,66.65,1.24,5.85,4.018017768859863
20190419,Coimbatore,Mettupalayam,11.3,76.95,327.0,28.11,71.95,1.27,8.96,12.05405330657959
20190420,Coimbatore,Mettupalayam,11.3,76.95,327.0,27.32,76.22,1.15,16.22,4.018017768859863
20190421,Coimbatore,Mettupalayam,11.3,76.95,327.0,27.61,71.25,1.28,8.89,0.4396491348743438
20190422,Coimbatore,Mettupalayam,11.3,76.95,327.0,28.74,66.6,0.89,9.75,1.658136963844299
20190423,Coimbatore,Mettupalayam,11.3,76.95,327.0,28.4,68.2,1.1,13.79,0.4476807713508606
20190424,Coimbatore,Mettupalayam,11.3,76.95,327.0,28.68,63.17,0.92,0.43,0.0293148886412382
20190425,Coimbatore,Mettupalayam,11.3,76.95,327.0,28.74,62.36,0.88,0.75,0.0040452699176967
20190426,Coimbatore,Mettupalayam,11.3,76.95,327.0,29.07,64.34,1.17,0.77,0.0
20190427,Coimbatore,Mettupalayam,11.3,76.95,327.0,30.01,61.67,1.28,0.02,3.006527900695801
20190428,Coimbatore,Mettupalayam,11.3,76.95,327.0,29.78,61.03,1.1,0.0,0.0
20190429,Coimbatore,Mettupalayam,11.3,76.95,327.0,27.86,71.9,1.83,0.5,0.0
20190430,Coimbatore,Mettupalayam,11.3,76.95,327.0,26.83,74.8,3.02,0.84,9.019583702087402
20190501,Coimbatore,Mettupalayam,11.3,76.95,327.0,27.04,72.89,3.48,2.13,3.914931774139404
20190502,Coimbatore,Mettupalayam,11.3,76.95,327.0,27.07,69.79,3.12,0.29,0.0
20190503,Coimbatore,Mettupalayam,11.3,76.95,327.0,27.31,65.6,3.16,0.0,0.0
20190504,Coimbatore,Mettupalayam,11.3,76.95,327.0,27.72,64.03,2.59,0.0,0.0
20190505,Coimbatore,Mettupalayam,11.3,76.95,327.0,28.46,65.06,1.65,0.0,0.0
20190506,Coimbatore,Mettupalayam,11.3,76.95,327.0,29.42,64.75,1.73,0.22,4.2770514488220215
20190507,Coimbatore,Mettupalayam,11.3,76.95,327.0,27.57,73.06,2.85,1.11,4.2770514488220215
20190508,Coimbatore,Mettupalayam,11.3,76.95,327.0,26.05,74.52,2.6,1.9,0.0
20190509,Coimbatore,Mettupalayam,11.3,76.95,327.0,27.51,68.56,2.09,2.01,4.2770514488220215
20190510,Coimbatore,Mettupalayam,11.3,76.95,327.0,28.85,65.12,1.63,1.33,0.0
20190511,Coimbatore,Mettupalayam,11.3,76.95,327.0,28.36,70.19,1.89,1.03,3.0522091388702397
20190512,Coimbatore,Mettupalayam,11.3,76.95,327.0,28.16,71.05,1.92,0.98,3.0522091388702397
20190513,Coimbatore,Mettupalayam,11.3,76.95,327.0,28.35,67.91,2.09,0.2,3.0522091388702397
20190514,Coimbatore,Mettupalayam,11.3,76.95,327.0,28.1,69.46,2.11,0.96,0.0
20190515,Coimbatore,Mettupalayam,11.3,76.95,327.0,27.28,76.56,1.8,8.62,9.15662670135498
20190516,Coimbatore,Mettupalayam,11.3,76.95,327.0,28.18,71.31,1.7,1.83,0.0
20190517,Coimbatore,Mettupalayam,11.3,76.95,327.0,27.62,73.6,1.61,1.23,8.479795455932617
20190518,Coimbatore,Mettupalayam,11.3,76.95,327.0,28.09,70.52,1.09,0.16,4.239897727966309
20190519,Coimbatore,Mettupalayam,11.3,76.95,327.0,28.86,68.81,1.51,0.02,0.0
20190520,Coimbatore,Mettupalayam,11.3,76.95,327.0,29.71,63.66,1.22,0.0,0.0
20190521,Coimbatore,Mettupalayam,11.3,76.95,327.0,28.47,69.04,1.87,0.44,0.0
20190522,Coimbatore,Mettupalayam,11.3,76.95,327.0,29.75,62.85,1.26,0.21,0.0
20190523,Coimbatore,Mettupalayam,11.3,76.95,327.0,28.35,70.7,2.22,0.16,3.553886890411377
20190524,Coimbatore,Mettupalayam,11.3,76.95,327.0,27.54,75.34,2.12,0.92,5.330830097198486
20190525,Coimbatore,Mettupalayam,11.3,76.95,327.0,26.71,77.86,2.89,2.91,5.330830097198486
20190526,Coimbatore,Mettupalayam,11.3,76.95,327.0,27.22,76.6,2.62,1.0,6.062049388885498
20190527,Coimbatore,Mettupalayam,11.3,76.95,327.0,28.8,69.39,1.68,0.33,0.0
20190528,Coimbatore,Mettupalayam,11.3,76.95,327.0,28.6,70.2,1.93,10.51,9.093073844909668
20190529,Coimbatore,Mettupalayam,11.3,76.95,327.0,27.06,79.73,1.68,10.06,0.0
20190530,Coimbatore,Mettupalayam,11.3,76.95,327.0,27.09,74.19,1.87,3.14,6.062049388885498
20190531,Coimbatore,Mettupalayam,11.3,76.95,327.0,25.93,76.23,2.05,4.73,3.031024694442749
20190601,Coimbatore,Mettupalayam,11.3,76.95,327.0,27.43,72.57,2.35,0.84,1.4779627323150637
20190602,Coimbatore,Mettupalayam,11.3,76.95,327.0,27.15,77.11,2.79,4.47,2.955925464630127
20190603,Coimbatore,Mettupalayam,11.3,76.95,327.0,26.13,80.61,2.26,0.94,4.433887958526611
20190604,Coimbatore,Mettupalayam,11.3,76.95,327.0,26.3,79.06,2.83,10.61,4.433887958526611
20190605,Coimbatore,Mettupalayam,11.3,76.95,327.0,26.42,78.36,1.42,16.98,7.389813899993896
20190606,Coimbatore,Mettupalayam,11.3,76.95,327.0,27.09,79.0,1.31,4.55,0.0
20190607,Coimbatore,Mettupalayam,11.3,76.95,327.0,26.47,81.73,2.51,0.8,5.735600471496582
20190608,Coimbatore,Mettupalayam,11.3,76.95,327.0,26.81,76.39,2.65,0.71,0.0
20190609,Coimbatore,Mettupalayam,11.3,76.95,327.0,25.84,77.27,3.02,4.33,0.0
20190610,Coimbatore,Mettupalayam,11.3,76.95,327.0,25.48,79.98,3.42,5.86,0.0
20190611,Coimbatore,Mettupalayam,11.3,76.95,327.0,25.82,79.93,4.23,6.54,0.4590426683425903
20190612,Coimbatore,Mettupalayam,11.3,76.95,327.0,26.03,80.35,4.27,2.58,0.4572582840919494
20190613,Coimbatore,Mettupalayam,11.3,76.95,327.0,25.82,80.95,4.1,2.25,0.5599693059921265
20190614,Coimbatore,Mettupalayam,11.3,76.95,327.0,25.19,78.01,3.51,5.33,0.2558155655860901
20190615,Coimbatore,Mettupalayam,11.3,76.95,327.0,25.7,77.26,2.95,2.61,0.3511212766170501
20190616,Coimbatore,Mettupalayam,11.3,76.95,327.0,26.65,78.61,3.0,0.48,0.0
20190617,Coimbatore,Mettupalayam,11.3,76.95,327.0,26.53,78.04,3.24,0.39,0.0
20190618,Coimbatore,Mettupalayam,11.3,76.95,327.0,26.48,77.3,3.19,1.77,0.0
20190619,Coimbatore,Mettupalayam,11.3,76.95,327.0,25.76,82.61,3.28,3.5,3.538018226623535
20190620,Coimbatore,Mettupalayam,11.3,76.95,327.0,25.54,77.65,3.38,2.38,0.0
20190621,Coimbatore,Mettupalayam,11.3,76.95,327.0,24.98,79.29,3.06,7.64,2.0848588943481445
20190622,Coimbatore,Mettupalayam,11.3,76.95,327.0,24.47,85.29,3.7,7.88,0.0
20190623,Coimbatore,Mettupalayam,11.3,76.95,327.0,24.95,80.5,3.5,4.59,0.0
20190624,Coimbatore,Mettupalayam,11.3,76.95,327.0,26.08,78.11,3.18,3.16,0.0
20190625,Coimbatore,Mettupalayam,11.3,76.95,327.0,25.7,81.87,2.76,2.74,4.169717788696289
20190626,Coimbatore,Mettupalayam,11.3,76.95,327.0,25.33,82.58,2.44,0.73,0.6158187389373779
20190627,Coimbatore,Mettupalayam,11.3,76.95,327.0,26.07,78.64,3.42,0.04,0.0
20190628,Coimbatore,Mettupalayam,11.3,76.95,327.0,26.08,76.09,3.74,0.05,0.0
20190629,Coimbatore,Mettupalayam,11.3,76.95,327.0,25.94,76.7,3.76,0.07,0.0
20190630,Coimbatore,Mettupalayam,11.3,76.95,327.0,25.53,78.01,3.8,0.06,1.8474562168121336
20190701,Coimbatore,Mettupalayam,11.3,76.95,327.0,26.41,76.54,3.6,0.08,0.0
20190702,Coimbatore,Mettupalayam,11.3,76.95,327.0,25.05,84.13,3.61,4.46,0.0
20190703,Coimbatore,Mettupalayam,11.3,76.95,327.0,25.27,83.57,3.61,2.95,1.3769539594650269
20190704,Coimbatore,Mettupalayam,11.3,76.95,327.0,25.08,85.53,3.44,8.14,0.0
20190705,Coimbatore,Mettupalayam,11.3,76.95,327.0,24.99,83.67,3.82,5.3,0.0
20190706,Coimbatore,Mettupalayam,11.3,76.95,327.0,25.02,83.84,3.98,6.06,0.0
20190707,Coimbatore,Mettupalayam,11.3,76.95,327.0,25.35,82.36,3.61,3.82,0.0
20190708,Coimbatore,Mettupalayam,11.3,76.95,327.0,25.41,83.44,3.37,3.63,0.0
20190709,Coimbatore,Mettupalayam,11.3,76.95,327.0,24.55,84.49,3.01,5.91,0.0
20190710,Coimbatore,Mettupalayam,11.3,76.95,327.0,24.27,78.32,3.47,3.7,0.0
20190711,Coimbatore,Mettupalayam,11.3,76.95,327.0,25.04,74.64,2.49,3.08,0.98067307472229
20190712,Coimbatore,Mettupalayam,11.3,76.95,327.0,24.81,75.78,1.9,0.55,0.490336537361145
20190713,Coimbatore,Mettupalayam,11.3,76.95,327.0,25.31,79.39,2.22,4.18,0.490336537361145
20190714,Coimbatore,Mettupalayam,11.3,76.95,327.0,24.85,83.74,2.52,6.05,0.98067307472229
20190715,Coimbatore,Mettupalayam,11.3,76.95,327.0,24.22,79.87,2.82,5.09,0.98067307472229
20190716,Coimbatore,Mettupalayam,11.3,76.95,327.0,24.23,79.35,3.13,3.81,2.499186992645264
20190717,Coimbatore,Mettupalayam,11.3,76.95,327.0,24.2,80.18,2.85,2.55,0.0
20190718,Coimbatore,Mettupalayam,11.3,76.95,327.0,23.85,81.68,2.78,10.3,2.499186992645264
20190719,Coimbatore,Mettupalayam,11.3,76.95,327.0,23.62,85.46,3.65,13.68,2.499186992645264
20190720,Coimbatore,Mettupalayam,11.3,76.95,327.0,23.63,85.33,4.0,8.95,0.0
20190721,Coimbatore,Mettupalayam,11.3,76.95,327.0,24.13,84.66,4.5,6.31,0.0
20190722,Coimbatore,Mettupalayam,11.3,76.95,327.0,23.66,85.73,3.92,8.2,1.1829365491867063
20190723,Coimbatore,Mettupalayam,11.3,76.95,327.0,23.82,80.47,3.78,3.46,1.1829365491867063
20190724,Coimbatore,Mettupalayam,11.3,76.95,327.0,24.38,82.94,2.91,7.76,0.0
20190725,Coimbatore,Mettupalayam,11.3,76.95,327.0,24.01,83.09,2.9,4.91,1.3519275188446045
20190726,Coimbatore,Mettupalayam,11.3,76.95,327.0,23.79,83.43,2.9,2.36,0.7143955230712891
20190727,Coimbatore,Mettupalayam,11.3,76.95,327.0,24.43,81.58,2.63,0.01,0.0
20190728,Coimbatore,Mettupalayam,11.3,76.95,327.0,24.36,81.85,3.19,0.65,0.7143955230712891
20190729,Coimbatore,Mettupalayam,11.3,76.95,327.0,24.41,82.94,3.27,0.7,0.7143955230712891
20190730,Coimbatore,Mettupalayam,11.3,76.95,327.0,24.41,79.1,2.94,0.15,2.143186330795288
20190731,Coimbatore,Mettupalayam,11.3,76.95,327.0,24.78,78.0,2.61,0.06,0.0
20190801,Coimbatore,Mettupalayam,11.3,76.95,327.0,25.11,81.45,3.1,1.03,0.0
20190802,Coimbatore,Mettupalayam,11.3,76.95,327.0,24.3,85.19,3.37,2.9,1.5952699184417725
20190803,Coimbatore,Mettupalayam,11.3,76.95,327.0,24.31,85.61,3.29,1.28,1.5952699184417725
20190804,Coimbatore,Mettupalayam,11.3,76.95,327.0,24.07,85.79,3.46,7.21,1.5952699184417725
20190805,Coimbatore,Mettupalayam,11.3,76.95,327.0,23.69,84.45,3.89,8.18,1.5952699184417725
20190806,Coimbatore,Mettupalayam,11.3,76.95,327.0,23.92,84.57,4.37,16.32,6.593242645263672
20190807,Coimbatore,Mettupalayam,11.3,76.95,327.0,23.65,87.78,4.68,17.85,9.889863967895508
20190808,Coimbatore,Mettupalayam,11.3,76.95,327.0,23.92,89.29,5.23,50.65,13.186485290527344
20190809,Coimbatore,Mettupalayam,11.3,76.95,327.0,23.63,89.43,4.77,44.38,0.0
20190810,Coimbatore,Mettupalayam,11.3,76.95,327.0,23.26,86.73,4.15,14.08,0.0
20190811,Coimbatore,Mettupalayam,11.3,76.95,327.0,23.29,85.66,3.68,4.52,0.0
20190812,Coimbatore,Mettupalayam,11.3,76.95,327.0,23.59,84.5,3.78,2.66,0.0
20190813,Coimbatore,Mettupalayam,11.3,76.95,327.0,23.83,86.04,3.26,8.46,0.0
20190814,Coimbatore,Mettupalayam,11.3,76.95,327.0,23.68,89.64,3.52,7.02,0.0
20190815,Coimbatore,Mettupalayam,11.3,76.95,327.0,23.55,87.81,2.57,1.51,0.0
20190816,Coimbatore,Mettupalayam,11.3,76.95,327.0,23.37,86.0,2.65,8.91,9.152688026428224
20190817,Coimbatore,Mettupalayam,11.3,76.95,327.0,23.04,89.0,2.52,4.55,6.101792335510254
20190818,Coimbatore,Mettupalayam,11.3,76.95,327.0,22.95,90.68,2.01,7.2,6.101792335510254
20190819,Coimbatore,Mettupalayam,11.3,76.95,327.0,23.73,87.83,2.01,7.6,6.101792335510254
20190820,Coimbatore,Mettupalayam,11.3,76.95,327.0,23.93,88.51,2.3,7.48,12.203584671020508
20190821,Coimbatore,Mettupalayam,11.3,76.95,327.0,23.31,89.46,2.59,7.99,19.29187774658203
20190822,Coimbatore,Mettupalayam,11.3,76.95,327.0,22.71,89.56,3.17,9.27,4.822969436645508
20190823,Coimbatore,Mettupalayam,11.3,76.95,327.0,22.34,87.71,3.46,4.19,0.0
20190824,Coimbatore,Mettupalayam,11.3,76.95,327.0,22.71,88.13,3.2,2.58,0.0
20190825,Coimbatore,Mettupalayam,11.3,76.95,327.0,22.75,87.14,3.21,4.03,0.0
20190826,Coimbatore,Mettupalayam,11.3,76.95,327.0,23.27,87.55,3.36,6.87,0.0
20190827,Coimbatore,Mettupalayam,11.3,76.95,327.0,23.14,87.78,3.46,4.68,0.0
20190828,Coimbatore,Mettupalayam,11.3,76.95,327.0,23.46,86.53,3.11,3.19,0.0
20190829,Coimbatore,Mettupalayam,11.3,76.95,327.0,23.22,89.58,3.22,14.49,3.361103773117065
20190830,Coimbatore,Mettupalayam,11.3,76.95,327.0,23.08,86.94,3.42,1.09,6.722207546234131
20190831,Coimbatore,Mettupalayam,11.3,76.95,327.0,23.3,90.08,3.22,3.01,6.722207546234131
20190901,Coimbatore,Mettupalayam,11.3,76.95,327.0,23.43,91.36,2.54,5.02,0.0
20190902,Coimbatore,Mettupalayam,11.3,76.95,327.0,23.46,90.96,2.45,8.36,2.3228447437286377
20190903,Coimbatore,Mettupalayam,11.3,76.95,327.0,23.64,87.93,3.08,4.55,4.645689487457275
20190904,Coimbatore,Mettupalayam,11.3,76.95,327.0,23.48,88.85,3.2,3.99,2.3228447437286377
20190905,Coimbatore,Mettupalayam,11.3,76.95,327.0,23.59,88.81,3.48,3.94,0.0
20190906,Coimbatore,Mettupalayam,11.3,76.95,327.0,23.96,89.27,3.33,5.63,0.0
20190907,Coimbatore,Mettupalayam,11.3,76.95,327.0,23.95,88.22,3.35,3.5,0.0
20190908,Coimbatore,Mettupalayam,11.3,76.95,327.0,23.28,88.07,3.31,8.42,0.0
20190909,Coimbatore,Mettupalayam,11.3,76.95,327.0,23.13,88.62,2.62,2.96,6.148956298828125
20190910,Coimbatore,Mettupalayam,11.3,76.95,327.0,24.27,88.72,2.35,3.99,0.0
20190911,Coimbatore,Mettupalayam,11.3,76.95,327.0,24.16,90.78,2.27,15.57,6.103917121887207
20190912,Coimbatore,Mettupalayam,11.3,76.95,327.0,23.8,90.47,1.97,6.0,6.103917121887207
20190913,Coimbatore,Mettupalayam,11.3,76.95,327.0,23.31,90.5,2.04,14.26,6.103917121887207
20190914,Coimbatore,Mettupalayam,11.3,76.95,327.0,23.79,87.59,1.9,2.53,4.069278240203857
20190915,Coimbatore,Mettupalayam,11.3,76.95,327.0,23.65,87.92,1.6,8.48,4.069278240203857
20190916,Coimbatore,Mettupalayam,11.3,76.95,327.0,24.21,87.69,2.21,10.67,0.0
20190917,Coimbatore,Mettupalayam,11.3,76.95,327.0,23.83,86.8,2.17,13.03,8.730947494506836
20190918,Coimbatore,Mettupalayam,11.3,76.95,327.0,23.9,87.25,2.22,7.31,0.0
20190919,Coimbatore,Mettupalayam,11.3,76.95,327.0,23.05,89.42,2.34,4.89,4.365473747253418
20190920,Coimbatore,Mettupalayam,11.3,76.95,327.0,23.4,86.04,1.68,0.72,4.365473747253418
20190921,Coimbatore,Mettupalayam,11.3,76.95,327.0,24.19,86.58,1.85,0.97,0.0
20190922,Coimbatore,Mettupalayam,11.3,76.95,327.0,23.96,89.46,1.19,9.88,6.665666103363037
20190923,Coimbatore,Mettupalayam,11.3,76.95,327.0,24.05,89.28,1.57,14.99,8.887554168701172
20190924,Coimbatore,Mettupalayam,11.3,76.95,327.0,24.14,88.69,0.95,14.2,0.0
20190925,Coimbatore,Mettupalayam,11.3,76.95,327.0,23.68,90.88,1.44,8.6,8.887554168701172
20190926,Coimbatore,Mettupalayam,11.3,76.95,327.0,22.8,90.22,1.54,2.26,0.0
20190927,Coimbatore,Mettupalayam,11.3,76.95,327.0,24.04,83.69,0.74,5.64,0.0
20190928,Coimbatore,Mettupalayam,11.3,76.95,327.0,24.54,83.93,0.95,6.85,0.0
20190929,Coimbatore,Mettupalayam,11.3,76.95,327.0,23.61,86.5,1.24,11.68,0.0
20190930,Coimbatore,Mettupalayam,11.3,76.95,327.0,22.99,89.87,1.51,12.84,0.0
20191001,Coimbatore,Mettupalayam,11.3,76.95,327.0,23.91,87.34,1.31,5.2,9.141009330749512
20191002,Coimbatore,Mettupalayam,11.3,76.95,327.0,24.91,85.3,0.73,4.67,0.0
20191003,Coimbatore,Mettupalayam,11.3,76.95,327.0,24.77,86.16,0.82,2.26,0.0
20191004,Coimbatore,Mettupalayam,11.3,76.95,327.0,24.5,88.3,1.37,1.09,9.141009330749512
20191005,Coimbatore,Mettupalayam,11.3,76.95,327.0,23.53,89.31,1.28,1.93,0.0
20191006,Coimbatore,Mettupalayam,11.3,76.95,327.0,23.63,88.2,1.14,4.04,0.0
20191007,Coimbatore,Mettupalayam,11.3,76.95,327.0,23.21,87.97,1.5,9.16,11.6043701171875
20191008,Coimbatore,Mettupalayam,11.3,76.95,327.0,24.06,85.41,1.05,6.62,5.80218505859375
20191009,Coimbatore,Mettupalayam,11.3,76.95,327.0,24.52,86.68,1.07,2.97,0.0
20191010,Coimbatore,Mettupalayam,11.3,76.95,327.0,23.48,91.18,0.84,0.61,0.0
20191011,Coimbatore,Mettupalayam,11.3,76.95,327.0,24.26,87.66,0.68,6.38,5.917459964752197
20191012,Coimbatore,Mettupalayam,11.3,76.95,327.0,24.88,84.08,0.71,10.49,11.834919929504396
20191013,Coimbatore,Mettupalayam,11.3,76.95,327.0,24.35,87.36,0.97,22.86,11.834919929504396
20191014,Coimbatore,Mettupalayam,11.3,76.95,327.0,24.45,88.38,1.23,6.92,5.917459964752197
20191015,Coimbatore,Mettupalayam,11.3,76.95,327.0,24.15,89.31,1.23,6.4,11.834919929504396
20191016,Coimbatore,Mettupalayam,11.3,76.95,327.0,23.59,90.24,1.43,26.98,30.474308013916016
20191017,Coimbatore,Mettupalayam,11.3,76.95,327.0,23.25,90.69,1.22,17.03,0.0
20191018,Coimbatore,Mettupalayam,11.3,76.95,327.0,23.81,89.84,1.03,29.15,10.158102989196776
20191019,Coimbatore,Mettupalayam,11.3,76.95,327.0,23.68,90.26,1.27,10.3,0.0
20191020,Coimbatore,Mettupalayam,11.3,76.95,327.0,23.44,91.11,0.9,25.3,20.316205978393555
20191021,Coimbatore,Mettupalayam,11.3,76.95,327.0,22.45,92.08,1.02,19.85,25.969600677490234
20191022,Coimbatore,Mettupalayam,11.3,76.95,327.0,23.01,91.33,1.67,4.77,38.95439910888672
20191023,Coimbatore,Mettupalayam,11.3,76.95,327.0,22.82,91.74,1.98,7.71,51.93920135498047
20191024,Coimbatore,Mettupalayam,11.3,76.95,327.0,22.43,91.78,2.13,4.12,0.0
20191025,Coimbatore,Mettupalayam,11.3,76.95,327.0,22.44,90.44,1.91,2.77,0.0
20191026,Coimbatore,Mettupalayam,11.3,76.95,327.0,22.99,90.63,1.64,1.47,0.0
20191027,Coimbatore,Mettupalayam,11.3,76.95,327.0,22.99,86.64,0.76,0.22,0.0
20191028,Coimbatore,Mettupalayam,11.3,76.95,327.0,22.99,88.86,1.14,1.03,14.44767951965332
20191029,Coimbatore,Mettupalayam,11.3,76.95,327.0,21.78,90.05,1.87,7.06,14.44767951965332
20191030,Coimbatore,Mettupalayam,11.3,76.95,327.0,22.65,90.84,1.42,39.7,0.0
20191031,Coimbatore,Mettupalayam,11.3,76.95,327.0,22.63,93.95,1.59,11.78,0.0
20191101,Coimbatore,Mettupalayam,11.3,76.95,327.0,23.34,81.14,0.63,0.49,0.0
20191102,Coimbatore,Mettupalayam,11.3,76.95,327.0,23.14,88.56,0.98,1.98,0.0
20191103,Coimbatore,Mettupalayam,11.3,76.95,327.0,23.38,89.08,1.18,9.76,24.5865478515625
20191104,Coimbatore,Mettupalayam,11.3,76.95,327.0,24.06,85.13,0.55,3.29,0.0
20191105,Coimbatore,Mettupalayam,11.3,76.95,327.0,24.46,83.62,0.93,0.29,0.0
20191106,Coimbatore,Mettupalayam,11.3,76.95,327.0,24.48,88.92,0.96,0.9,0.0
20191107,Coimbatore,Mettupalayam,11.3,76.95,327.0,23.94,90.24,0.55,3.53,17.138444900512695
20191108,Coimbatore,Mettupalayam,11.3,76.95,327.0,24.26,89.03,0.94,4.9,8.569222450256348
20191109,Coimbatore,Mettupalayam,11.3,76.95,327.0,24.5,85.54,0.8,8.11,8.569222450256348
20191110,Coimbatore,Mettupalayam,11.3,76.95,327.0,23.77,92.89,0.53,10.11,17.138444900512695
20191111,Coimbatore,Mettupalayam,11.3,76.95,327.0,23.09,91.96,0.98,6.4,28.03983497619629
20191112,Coimbatore,Mettupalayam,11.3,76.95,327.0,21.88,91.16,1.61,1.52,7.791604995727539
20191113,Coimbatore,Mettupalayam,11.3,76.95,327.0,22.86,87.86,1.91,0.05,1.6771248579025269
20191114,Coimbatore,Mettupalayam,11.3,76.95,327.0,23.03,90.28,1.71,2.33,9.650552749633787
20191115,Coimbatore,Mettupalayam,11.3,76.95,327.0,23.56,90.59,1.95,5.2,36.729095458984375
20191116,Coimbatore,Mettupalayam,11.3,76.95,327.0,23.45,90.06,1.59,3.69,0.0
20191117,Coimbatore,Mettupalayam,11.3,76.95,327.0,23.43,86.4,1.61,0.79,0.0
20191118,Coimbatore,Mettupalayam,11.3,76.95,327.0,23.52,88.09,1.61,2.24,0.0
20191119,Coimbatore,Mettupalayam,11.3,76.95,327.0,23.62,87.59,1.74,1.4,0.0
20191120,Coimbatore,Mettupalayam,11.3,76.95,327.0,23.29,90.54,1.49,6.73,40.23998641967773
20191121,Coimbatore,Mettupalayam,11.3,76.95,327.0,23.51,89.76,2.06,3.65,0.0
20191122,Coimbatore,Mettupalayam,11.3,76.95,327.0,22.65,90.45,1.91,1.61,0.0
20191123,Coimbatore,Mettupalayam,11.3,76.95,327.0,22.54,88.02,2.14,0.48,0.0
20191124,Coimbatore,Mettupalayam,11.3,76.95,327.0,22.72,89.05,2.06,0.5,0.0
20191125,Coimbatore,Mettupalayam,11.3,76.95,327.0,22.85,88.64,2.28,0.14,0.0
20191126,Coimbatore,Mettupalayam,11.3,76.95,327.0,22.46,86.79,2.44,0.72,0.0
20191127,Coimbatore,Mettupalayam,11.3,76.95,327.0,22.89,89.94,2.24,2.43,0.0
20191128,Coimbatore,Mettupalayam,11.3,76.95,327.0,23.08,91.32,2.18,2.6,0.0
20191129,Coimbatore,Mettupalayam,11.3,76.95,327.0,23.31,91.28,2.14,6.02,23.296361923217773
20191130,Coimbatore,Mettupalayam,11.3,76.95,327.0,23.15,91.31,1.91,4.04,0.0
20191201,Coimbatore,Mettupalayam,11.3,76.95,327.0,23.49,91.35,1.2,16.97,0.0
20191202,Coimbatore,Mettupalayam,11.3,76.95,327.0,22.51,92.98,1.91,16.32,41.512943267822266
20191203,Coimbatore,Mettupalayam,11.3,76.95,327.0,22.54,92.19,2.01,2.61,0.0
20191204,Coimbatore,Mettupalayam,11.3,76.95,327.0,22.25,88.63,2.57,0.66,0.0
20191205,Coimbatore,Mettupalayam,11.3,76.95,327.0,21.82,86.85,2.73,0.25,0.0
20191206,Coimbatore,Mettupalayam,11.3,76.95,327.0,21.21,87.05,2.47,0.05,17.020566940307617
20191207,Coimbatore,Mettupalayam,11.3,76.95,327.0,21.99,89.88,2.36,1.05,0.0
20191208,Coimbatore,Mettupalayam,11.3,76.95,327.0,21.58,87.9,2.17,0.33,0.0
20191209,Coimbatore,Mettupalayam,11.3,76.95,327.0,21.41,87.08,2.12,0.2,0.0
20191210,Coimbatore,Mettupalayam,11.3,76.95,327.0,21.1,84.65,1.7,0.05,0.0
20191211,Coimbatore,Mettupalayam,11.3,76.95,327.0,21.89,85.98,1.53,0.0,0.0
20191212,Coimbatore,Mettupalayam,11.3,76.95,327.0,21.78,85.16,1.48,0.0,0.0
20191213,Coimbatore,Mettupalayam,11.3,76.95,327.0,22.73,88.21,1.94,0.84,0.0
20191214,Coimbatore,Mettupalayam,11.3,76.95,327.0,22.49,92.42,2.42,10.72,0.0
20191215,Coimbatore,Mettupalayam,11.3,76.95,327.0,21.97,88.5,2.4,1.26,11.151165008544922
20191216,Coimbatore,Mettupalayam,11.3,76.95,327.0,21.77,88.81,1.9,0.0,0.0
20191217,Coimbatore,Mettupalayam,11.3,76.95,327.0,22.06,86.71,2.27,0.17,0.0
20191218,Coimbatore,Mettupalayam,11.3,76.95,327.0,22.12,87.55,2.49,0.07,0.0
20191219,Coimbatore,Mettupalayam,11.3,76.95,327.0,22.36,87.48,2.6,0.01,0.0
20191220,Coimbatore,Mettupalayam,11.3,76.95,327.0,22.18,87.83,2.07,0.0,0.0
20191221,Coimbatore,Mettupalayam,11.3,76.95,327.0,21.44,87.45,1.99,0.0,0.0
20191222,Coimbatore,Mettupalayam,11.3,76.95,327.0,22.13,85.45,1.84,0.0,0.0
20191223,Coimbatore,Mettupalayam,11.3,76.95,327.0,21.78,85.56,1.7,0.0,0.0
20191224,Coimbatore,Mettupalayam,11.3,76.95,327.0,22.46,86.38,1.58,0.73,0.0
20191225,Coimbatore,Mettupalayam,11.3,76.95,327.0,23.02,89.06,2.23,2.88,0.0
20191226,Coimbatore,Mettupalayam,11.3,76.95,327.0,23.18,86.15,1.4,0.21,0.0
20191227,Coimbatore,Mettupalayam,11.3,76.95,327.0,22.92,84.85,1.57,0.0,0.0
20191228,Coimbatore,Mettupalayam,11.3,76.95,327.0,22.26,83.14,1.77,0.0,0.0
20191229,Coimbatore,Mettupalayam,11.3,76.95,327.0,22.48,83.89,1.94,0.0,0.0
20191230,Coimbatore,Mettupalayam,11.3,76.95,327.0,22.42,83.22,1.85,0.07,0.0
20191231,Coimbatore,Mettupalayam,11.3,76.95,327.0,22.83,84.71,1.61,0.89,0.0
20200101,Coimbatore,Mettupalayam,11.3,76.95,327.0,23.29,84.19,1.5,0.39,0.0
20200102,Coimbatore,Mettupalayam,11.3,76.95,327.0,23.47,83.99,1.45,0.0,0.0
20200103,Coimbatore,Mettupalayam,11.3,76.95,327.0,24.16,81.69,1.29,0.0,0.0
20200104,Coimbatore,Mettupalayam,11.3,76.95,327.0,24.82,79.67,0.74,0.0,0.0
20200105,Coimbatore,Mettupalayam,11.3,76.95,327.0,24.29,81.83,1.6,0.0,0.0
20200106,Coimbatore,Mettupalayam,11.3,76.95,327.0,23.62,80.84,2.32,0.01,6.1494221687316895
20200107,Coimbatore,Mettupalayam,11.3,76.95,327.0,23.06,79.6,2.04,0.01,0.0
20200108,Coimbatore,Mettupalayam,11.3,76.95,327.0,22.89,77.51,1.51,0.0,0.0
20200109,Coimbatore,Mettupalayam,11.3,76.95,327.0,22.67,76.74,1.41,0.0,0.0
20200110,Coimbatore,Mettupalayam,11.3,76.95,327.0,22.06,76.82,1.98,0.0,0.0
20200111,Coimbatore,Mettupalayam,11.3,76.95,327.0,21.53,72.99,2.15,0.0,0.0
20200112,Coimbatore,Mettupalayam,11.3,76.95,327.0,21.42,75.82,1.95,0.0,0.0
20200113,Coimbatore,Mettupalayam,11.3,76.95,327.0,22.42,76.01,1.23,0.0,0.0
20200114,Coimbatore,Mettupalayam,11.3,76.95,327.0,22.2,73.99,1.26,0.0,0.0
20200115,Coimbatore,Mettupalayam,11.3,76.95,327.0,21.32,72.68,1.61,0.0,0.0
20200116,Coimbatore,Mettupalayam,11.3,76.95,327.0,21.45,70.68,1.35,0.0,0.0
20200117,Coimbatore,Mettupalayam,11.3,76.95,327.0,22.63,73.71,1.28,0.03,0.0
20200118,Coimbatore,Mettupalayam,11.3,76.95,327.0,24.04,78.97,2.11,1.18,0.0
20200119,Coimbatore,Mettupalayam,11.3,76.95,327.0,23.68,79.55,2.14,3.06,0.0
20200120,Coimbatore,Mettupalayam,11.3,76.95,327.0,23.47,73.46,1.98,0.04,0.0
20200121,Coimbatore,Mettupalayam,11.3,76.95,327.0,22.96,69.5,2.09,0.0,0.0
20200122,Coimbatore,Mettupalayam,11.3,76.95,327.0,23.02,71.48,2.55,0.0,0.0
20200123,Coimbatore,Mettupalayam,11.3,76.95,327.0,23.85,75.73,2.67,0.0,5.670821666717529
20200124,Coimbatore,Mettupalayam,11.3,76.95,327.0,22.87,65.2,2.42,0.0,0.0
20200125,Coimbatore,Mettupalayam,11.3,76.95,327.0,21.93,62.99,1.66,0.0,0.0
20200126,Coimbatore,Mettupalayam,11.3,76.95,327.0,22.65,64.4,1.47,0.0,0.0
20200127,Coimbatore,Mettupalayam,11.3,76.95,327.0,23.79,62.5,1.21,0.0,0.0
20200128,Coimbatore,Mettupalayam,11.3,76.95,327.0,24.45,68.02,0.94,0.0,0.0
20200129,Coimbatore,Mettupalayam,11.3,76.95,327.0,24.75,64.34,1.03,0.0,0.0
20200130,Coimbatore,Mettupalayam,11.3,76.95,327.0,25.2,64.05,1.09,0.0,0.0
20200131,Coimbatore,Mettupalayam,11.3,76.95,327.0,24.59,66.34,1.47,0.0,4.909739017486572
20200201,Coimbatore,Mettupalayam,11.3,76.95,327.0,24.37,66.43,1.62,0.0,0.0
20200202,Coimbatore,Mettupalayam,11.3,76.95,327.0,23.66,65.38,2.03,0.0,0.0
20200203,Coimbatore,Mettupalayam,11.3,76.95,327.0,23.59,65.64,1.75,0.0,0.0
20200204,Coimbatore,Mettupalayam,11.3,76.95,327.0,24.03,65.23,1.7,0.01,0.0
20200205,Coimbatore,Mettupalayam,11.3,76.95,327.0,24.42,72.36,1.54,1.35,0.0
20200206,Coimbatore,Mettupalayam,11.3,76.95,327.0,24.49,66.75,1.23,0.56,0.0
20200207,Coimbatore,Mettupalayam,11.3,76.95,327.0,24.21,73.78,1.1,0.62,0.0
20200208,Coimbatore,Mettupalayam,11.3,76.95,327.0,25.36,68.39,0.9,0.0,0.0
20200209,Coimbatore,Mettupalayam,11.3,76.95,327.0,25.22,65.65,1.53,0.29,0.0
20200210,Coimbatore,Mettupalayam,11.3,76.95,327.0,25.37,64.59,2.43,0.21,0.0
20200211,Coimbatore,Mettupalayam,11.3,76.95,327.0,25.09,61.77,2.95,0.0,0.0
20200212,Coimbatore,Mettupalayam,11.3,76.95,327.0,24.99,61.58,2.6,0.0,4.263781547546387
20200213,Coimbatore,Mettupalayam,11.3,76.95,327.0,25.06,58.12,2.22,0.0,0.0
20200214,Coimbatore,Mettupalayam,11.3,76.95,327.0,25.0,58.6,1.3,0.0,0.0
20200215,Coimbatore,Mettupalayam,11.3,76.95,327.0,26.13,56.15,1.26,0.0,0.0
20200216,Coimbatore,Mettupalayam,11.3,76.95,327.0,24.95,50.99,1.85,0.0,0.0
20200217,Coimbatore,Mettupalayam,11.3,76.95,327.0,24.04,48.41,2.02,0.0,0.0
20200218,Coimbatore,Mettupalayam,11.3,76.95,327.0,24.25,53.16,2.22,0.0,0.0
20200219,Coimbatore,Mettupalayam,11.3,76.95,327.0,23.29,59.83,2.01,0.0,0.0
20200220,Coimbatore,Mettupalayam,11.3,76.95,327.0,23.84,55.75,2.49,0.0,6.49441385269165
20200221,Coimbatore,Mettupalayam,11.3,76.95,327.0,24.68,59.64,2.52,0.0,0.0
20200222,Coimbatore,Mettupalayam,11.3,76.95,327.0,26.45,61.57,3.25,0.0,0.0
20200223,Coimbatore,Mettupalayam,11.3,76.95,327.0,25.87,58.89,2.81,0.0,0.0
20200224,Coimbatore,Mettupalayam,11.3,76.95,327.0,25.92,56.69,2.49,0.0,0.0
20200225,Coimbatore,Mettupalayam,11.3,76.95,327.0,26.8,52.72,1.47,0.0,0.0
20200226,Coimbatore,Mettupalayam,11.3,76.95,327.0,27.08,51.23,1.9,0.01,0.0
20200227,Coimbatore,Mettupalayam,11.3,76.95,327.0,27.41,51.43,1.84,0.11,0.0
20200228,Coimbatore,Mettupalayam,11.3,76.95,327.0,27.44,56.22,2.31,0.07,0.0
20200229,Coimbatore,Mettupalayam,11.3,76.95,327.0,27.25,54.73,1.53,0.09,0.0
20200301,Coimbatore,Mettupalayam,11.3,76.95,327.0,27.52,57.82,1.6,1.22,0.0
20200302,Coimbatore,Mettupalayam,11.3,76.95,327.0,24.3,75.7,1.09,3.55,0.0
20200303,Coimbatore,Mettupalayam,11.3,76.95,327.0,24.4,71.12,1.03,0.59,0.0
20200304,Coimbatore,Mettupalayam,11.3,76.95,327.0,25.69,70.45,0.99,0.52,0.0
20200305,Coimbatore,Mettupalayam,11.3,76.95,327.0,26.82,67.57,1.52,0.22,0.0
20200306,Coimbatore,Mettupalayam,11.3,76.95,327.0,27.61,61.73,1.53,0.02,0.0
20200307,Coimbatore,Mettupalayam,11.3,76.95,327.0,28.01,58.67,2.06,0.0,0.0
20200308,Coimbatore,Mettupalayam,11.3,76.95,327.0,28.16,59.03,0.85,0.79,0.0
20200309,Coimbatore,Mettupalayam,11.3,76.95,327.0,28.78,60.14,0.84,0.27,0.0
20200310,Coimbatore,Mettupalayam,11.3,76.95,327.0,29.3,48.99,1.24,0.0,0.0
20200311,Coimbatore,Mettupalayam,11.3,76.95,327.0,28.95,52.59,1.16,0.51,0.0
20200312,Coimbatore,Mettupalayam,11.3,76.95,327.0,28.74,54.56,1.25,1.07,0.0
20200313,Coimbatore,Mettupalayam,11.3,76.95,327.0,28.15,43.37,1.66,0.0,0.0
20200314,Coimbatore,Mettupalayam,11.3,76.95,327.0,28.47,46.17,1.7,0.0,0.0
20200315,Coimbatore,Mettupalayam,11.3,76.95,327.0,28.64,49.28,1.83,0.0,0.0
20200316,Coimbatore,Mettupalayam,11.3,76.95,327.0,28.95,49.14,2.2,0.0,0.0
20200317,Coimbatore,Mettupalayam,11.3,76.95,327.0,28.77,48.55,2.61,0.0,0.0
20200318,Coimbatore,Mettupalayam,11.3,76.95,327.0,28.55,48.51,1.86,0.0,0.0
20200319,Coimbatore,Mettupalayam,11.3,76.95,327.0,29.49,43.13,1.37,0.0,0.0
20200320,Coimbatore,Mettupalayam,11.3,76.95,327.0,29.4,53.52,1.28,1.0,6.2354278564453125
20200321,Coimbatore,Mettupalayam,11.3,76.95,327.0,28.42,60.55,1.04,4.33,0.0
20200322,Coimbatore,Mettupalayam,11.3,76.95,327.0,29.0,56.6,0.82,0.33,0.0
20200323,Coimbatore,Mettupalayam,11.3,76.95,327.0,29.06,56.46,1.04,0.32,12.229016304016112
20200324,Coimbatore,Mettupalayam,11.3,76.95,327.0,29.64,49.92,1.29,0.07,0.0
20200325,Coimbatore,Mettupalayam,11.3,76.95,327.0,29.25,50.71,1.3,0.09,6.114508152008057
20200326,Coimbatore,Mettupalayam,11.3,76.95,327.0,29.16,46.01,2.0,0.01,0.0
20200327,Coimbatore,Mettupalayam,11.3,76.95,327.0,29.2,45.71,1.78,0.0,0.0
20200328,Coimbatore,Mettupalayam,11.3,76.95,327.0,29.33,42.34,1.43,0.01,0.0
20200329,Coimbatore,Mettupalayam,11.3,76.95,327.0,29.46,42.32,1.21,0.05,0.0
20200330,Coimbatore,Mettupalayam,11.3,76.95,327.0,29.45,37.91,1.63,0.17,0.0
20200331,Coimbatore,Mettupalayam,11.3,76.95,327.0,29.29,36.24,1.87,0.33,0.0
20200401,Coimbatore,Mettupalayam,11.3,76.95,327.0,29.38,39.2,2.0,0.0,0.0
20200402,Coimbatore,Mettupalayam,11.3,76.95,327.0,30.49,41.11,1.68,0.0,0.0
20200403,Coimbatore,Mettupalayam,11.3,76.95,327.0,30.35,41.54,1.3,0.0,0.0
20200404,Coimbatore,Mettupalayam,11.3,76.95,327.0,30.21,43.6,0.9,0.0,0.0
20200405,Coimbatore,Mettupalayam,11.3,76.95,327.0,30.34,51.43,1.44,0.28,2.7767651081085205
20200406,Coimbatore,Mettupalayam,11.3,76.95,327.0,29.01,61.77,1.04,1.56,0.0
20200407,Coimbatore,Mettupalayam,11.3,76.95,327.0,25.76,79.72,0.83,2.87,6.223626136779785
20200408,Coimbatore,Mettupalayam,11.3,76.95,327.0,28.0,61.7,1.07,0.47,3.1118130683898926
20200409,Coimbatore,Mettupalayam,11.3,76.95,327.0,28.57,64.81,1.01,5.25,3.1118130683898926
20200410,Coimbatore,Mettupalayam,11.3,76.95,327.0,28.71,58.92,1.65,0.28,0.0
20200411,Coimbatore,Mettupalayam,11.3,76.95,327.0,28.84,53.25,1.77,0.39,0.0
20200412,Coimbatore,Mettupalayam,11.3,76.95,327.0,28.74,49.94,1.69,0.41,0.0
20200413,Coimbatore,Mettupalayam,11.3,76.95,327.0,29.23,43.55,1.54,0.0,0.0
20200414,Coimbatore,Mettupalayam,11.3,76.95,327.0,29.95,41.44,1.66,0.01,0.0
20200415,Coimbatore,Mettupalayam,11.3,76.95,327.0,30.3,44.88,1.23,0.02,0.0
20200416,Coimbatore,Mettupalayam,11.3,76.95,327.0,30.42,48.84,0.97,0.07,0.0
20200417,Coimbatore,Mettupalayam,11.3,76.95,327.0,30.77,52.05,1.47,0.19,0.0
20200418,Coimbatore,Mettupalayam,11.3,76.95,327.0,30.89,52.46,1.46,0.24,2.141505241394043
20200419,Coimbatore,Mettupalayam,11.3,76.95,327.0,30.76,52.11,1.45,0.05,2.141505241394043
20200420,Coimbatore,Mettupalayam,11.3,76.95,327.0,31.04,47.99,1.67,0.28,0.0
20200421,Coimbatore,Mettupalayam,11.3,76.95,327.0,31.09,49.75,1.03,0.69,0.0
20200422,Coimbatore,Mettupalayam,11.3,76.95,327.0,30.15,59.78,1.6,1.71,0.0
20200423,Coimbatore,Mettupalayam,11.3,76.95,327.0,29.65,63.79,1.88,1.13,0.0
20200424,Coimbatore,Mettupalayam,11.3,76.95,327.0,28.21,62.11,1.98,0.89,2.784656047821045
20200425,Coimbatore,Mettupalayam,11.3,76.95,327.0,29.4,59.57,1.38,0.57,8.353967666625977
20200426,Coimbatore,Mettupalayam,11.3,76.95,327.0,27.36,71.82,1.14,5.06,8.890364646911621
20200427,Coimbatore,Mettupalayam,11.3,76.95,327.0,28.46,69.03,0.86,1.09,8.890364646911621
20200428,Coimbatore,Mettupalayam,11.3,76.95,327.0,27.0,76.63,1.18,2.52,8.890364646911621
20200429,Coimbatore,Mettupalayam,11.3,76.95,327.0,25.26,78.41,1.76,10.54,4.4451823234558105
20200430,Coimbatore,Mettupalayam,11.3,76.95,327.0,27.85,60.67,1.14,0.12,0.0
20200501,Coimbatore,Mettupalayam,11.3,76.95,327.0,28.45,67.18,1.09,4.3,1.2724536657333374
20200502,Coimbatore,Mettupalayam,11.3,76.95,327.0,28.59,68.66,0.99,2.04,1.2724536657333374
20200503,Coimbatore,Mettupalayam,11.3,76.95,327.0,30.17,62.19,1.25,0.48,1.2724536657333374
20200504,Coimbatore,Mettupalayam,11.3,76.95,327.0,29.65,64.08,0.98,0.2,0.0
20200505,Coimbatore,Mettupalayam,11.3,76.95,327.0,29.57,64.16,1.04,0.14,0.0
20200506,Coimbatore,Mettupalayam,11.3,76.95,327.0,28.0,73.71,1.45,2.48,2.8991589546203613
20200507,Coimbatore,Mettupalayam,11.3,76.95,327.0,27.52,76.36,1.51,3.63,1.4495794773101809
20200508,Coimbatore,Mettupalayam,11.3,76.95,327.0,26.73,79.96,1.13,2.88,0.0
20200509,Coimbatore,Mettupalayam,11.3,76.95,327.0,29.46,64.93,1.33,0.07,0.0
20200510,Coimbatore,Mettupalayam,11.3,76.95,327.0,28.51,69.29,0.59,0.12,1.4495794773101809
20200511,Coimbatore,Mettupalayam,11.3,76.95,327.0,28.28,69.02,0.88,0.18,0.0
20200512,Coimbatore,Mettupalayam,11.3,76.95,327.0,27.81,69.01,0.9,0.46,2.440579414367676
20200513,Coimbatore,Mettupalayam,11.3,76.95,327.0,29.15,56.67,1.27,0.37,0.0
20200514,Coimbatore,Mettupalayam,11.3,76.95,327.0,27.93,71.79,1.22,0.26,7.321738243103027
20200515,Coimbatore,Mettupalayam,11.3,76.95,327.0,27.85,73.33,1.47,0.88,0.0
20200516,Coimbatore,Mettupalayam,11.3,76.95,327.0,27.92,70.7,2.35,0.72,8.352055549621582
20200517,Coimbatore,Mettupalayam,11.3,76.95,327.0,27.23,75.89,2.76,4.66,6.264041900634766
20200518,Coimbatore,Mettupalayam,11.3,76.95,327.0,26.04,76.35,3.62,5.75,0.0
20200519,Coimbatore,Mettupalayam,11.3,76.95,327.0,26.65,75.61,3.82,1.1,0.0
20200520,Coimbatore,Mettupalayam,11.3,76.95,327.0,27.66,71.12,3.53,0.42,2.0880138874053955
20200521,Coimbatore,Mettupalayam,11.3,76.95,327.0,26.27,74.89,2.84,2.28,2.6128413677215576
20200522,Coimbatore,Mettupalayam,11.3,76.95,327.0,27.58,67.72,2.86,0.44,1.8678771257400515
20200523,Coimbatore,Mettupalayam,11.3,76.95,327.0,28.7,69.95,2.74,0.03,4.92019510269165
20200524,Coimbatore,Mettupalayam,11.3,76.95,327.0,28.21,72.47,3.06,0.51,2.288822889328003
20200525,Coimbatore,Mettupalayam,11.3,76.95,327.0,27.26,77.6,2.65,2.86,4.352487087249756
20200526,Coimbatore,Mettupalayam,11.3,76.95,327.0,27.36,76.08,2.32,0.92,0.0
20200527,Coimbatore,Mettupalayam,11.3,76.95,327.0,27.24,76.95,2.68,2.02,8.372867584228516
20200528,Coimbatore,Mettupalayam,11.3,76.95,327.0,26.86,79.17,2.65,19.29,11.163823127746582
20200529,Coimbatore,Mettupalayam,11.3,76.95,327.0,26.61,75.31,2.11,4.0,0.0
20200530,Coimbatore,Mettupalayam,11.3,76.95,327.0,26.36,77.43,1.63,2.47,0.0
20200531,Coimbatore,Mettupalayam,11.3,76.95,327.0,26.35,79.36,2.57,1.77,0.0
20200601,Coimbatore,Mettupalayam,11.3,76.95,327.0,25.82,82.97,2.82,3.16,0.688904881477356
20200602,Coimbatore,Mettupalayam,11.3,76.95,327.0,25.15,81.71,3.14,9.91,0.5087538957595825
20200603,Coimbatore,Mettupalayam,11.3,76.95,327.0,25.15,82.93,3.25,1.48,0.6289127469062805
20200604,Coimbatore,Mettupalayam,11.3,76.95,327.0,25.11,81.6,3.68,5.93,0.5632542371749878
20200605,Coimbatore,Mettupalayam,11.3,76.95,327.0,25.52,81.32,3.1,5.15,0.4346920847892761
20200606,Coimbatore,Mettupalayam,11.3,76.95,327.0,25.52,79.25,3.25,5.71,3.445221424102783
20200607,Coimbatore,Mettupalayam,11.3,76.95,327.0,25.12,81.15,2.86,5.07,0.0
20200608,Coimbatore,Mettupalayam,11.3,76.95,327.0,25.82,72.24,2.89,0.14,0.0
20200609,Coimbatore,Mettupalayam,11.3,76.95,327.0,25.22,77.07,2.69,2.1,0.0
20200610,Coimbatore,Mettupalayam,11.3,76.95,327.0,24.99,77.5,3.35,3.29,3.445221424102783
20200611,Coimbatore,Mettupalayam,11.3,76.95,327.0,25.12,76.22,3.62,0.86,0.7772236466407776
20200612,Coimbatore,Mettupalayam,11.3,76.95,327.0,24.81,74.82,4.43,2.91,0.3945678770542145
20200613,Coimbatore,Mettupalayam,11.3,76.95,327.0,25.61,74.08,3.95,1.95,0.4177026748657226
20200614,Coimbatore,Mettupalayam,11.3,76.95,327.0,25.43,77.28,4.05,3.16,0.8872090578079224
20200615,Coimbatore,Mettupalayam,11.3,76.95,327.0,25.87,79.94,3.44,1.61,0.1893026977777481
20200616,Coimbatore,Mettupalayam,11.3,76.95,327.0,25.31,84.83,3.18,3.7,0.0
20200617,Coimbatore,Mettupalayam,11.3,76.95,327.0,24.87,83.3,3.24,2.68,0.0
20200618,Coimbatore,Mettupalayam,11.3,76.95,327.0,24.57,80.21,3.27,2.0,3.757924318313599
20200619,Coimbatore,Mettupalayam,11.3,76.95,327.0,24.57,81.06,2.63,1.77,0.0
20200620,Coimbatore,Mettupalayam,11.3,76.95,327.0,25.08,75.92,2.67,0.64,0.0
20200621,Coimbatore,Mettupalayam,11.3,76.95,327.0,24.13,81.27,3.18,3.67,1.1140912771224976
20200622,Coimbatore,Mettupalayam,11.3,76.95,327.0,24.88,78.25,3.43,2.98,0.0
20200623,Coimbatore,Mettupalayam,11.3,76.95,327.0,24.84,75.45,2.59,0.21,1.1140912771224976
20200624,Coimbatore,Mettupalayam,11.3,76.95,327.0,25.28,75.18,2.53,1.11,1.1140912771224976
20200625,Coimbatore,Mettupalayam,11.3,76.95,327.0,24.4,81.9,1.86,10.13,2.228182554244995
20200626,Coimbatore,Mettupalayam,11.3,76.95,327.0,24.68,81.5,2.42,4.62,0.0
20200627,Coimbatore,Mettupalayam,11.3,76.95,327.0,24.76,83.95,2.88,3.24,0.0
20200628,Coimbatore,Mettupalayam,11.3,76.95,327.0,25.16,85.8,2.66,10.76,4.2782301902771
20200629,Coimbatore,Mettupalayam,11.3,76.95,327.0,25.02,86.14,2.59,7.42,1.4260767698287964
20200630,Coimbatore,Mettupalayam,11.3,76.95,327.0,25.41,77.95,3.17,2.18,1.4260767698287964
20200701,Coimbatore,Mettupalayam,11.3,76.95,327.0,24.63,79.83,3.02,0.51,0.0
20200702,Coimbatore,Mettupalayam,11.3,76.95,327.0,24.13,82.55,2.82,6.26,1.0405850410461426
20200703,Coimbatore,Mettupalayam,11.3,76.95,327.0,23.1,83.39,3.39,8.3,2.081170082092285
20200704,Coimbatore,Mettupalayam,11.3,76.95,327.0,23.46,83.82,3.87,7.85,3.121755361557007
20200705,Coimbatore,Mettupalayam,11.3,76.95,327.0,24.39,79.35,3.43,3.53,0.0
20200706,Coimbatore,Mettupalayam,11.3,76.95,327.0,23.5,85.54,3.13,14.36,0.9305815696716307
20200707,Coimbatore,Mettupalayam,11.3,76.95,327.0,24.02,82.98,3.36,6.02,0.9305815696716307
20200708,Coimbatore,Mettupalayam,11.3,76.95,327.0,24.24,87.35,2.33,9.52,2.7917447090148926
20200709,Coimbatore,Mettupalayam,11.3,76.95,327.0,23.45,87.62,1.72,20.77,1.8611631393432615
20200710,Coimbatore,Mettupalayam,11.3,76.95,327.0,23.95,85.44,1.75,2.34,1.8611631393432615
20200711,Coimbatore,Mettupalayam,11.3,76.95,327.0,24.08,84.29,2.29,5.84,1.3437577486038208
20200712,Coimbatore,Mettupalayam,11.3,76.95,327.0,24.42,82.83,3.06,2.31,0.0
20200713,Coimbatore,Mettupalayam,11.3,76.95,327.0,24.16,83.58,1.93,4.32,0.6718788743019104
20200714,Coimbatore,Mettupalayam,11.3,76.95,327.0,24.14,87.55,2.05,3.49,0.6718788743019104
20200715,Coimbatore,Mettupalayam,11.3,76.95,327.0,23.74,89.58,2.79,5.72,2.6875154972076416
20200716,Coimbatore,Mettupalayam,11.3,76.95,327.0,23.98,86.15,3.17,10.43,0.4266617000102997
20200717,Coimbatore,Mettupalayam,11.3,76.95,327.0,23.16,88.06,2.46,10.15,0.3800805509090423
20200718,Coimbatore,Mettupalayam,11.3,76.95,327.0,23.79,85.96,2.28,3.04,3.2648932933807373
20200719,Coimbatore,Mettupalayam,11.3,76.95,327.0,23.99,86.09,1.08,5.31,1.933534383773804
20200720,Coimbatore,Mettupalayam,11.3,76.95,327.0,23.97,90.48,1.71,32.56,1.1305879354476929
20200721,Coimbatore,Mettupalayam,11.3,76.95,327.0,24.3,84.81,0.9,2.4,0.0
20200722,Coimbatore,Mettupalayam,11.3,76.95,327.0,24.87,86.63,0.95,0.63,0.0
20200723,Coimbatore,Mettupalayam,11.3,76.95,327.0,24.33,89.08,1.61,6.82,4.680076122283936
20200724,Coimbatore,Mettupalayam,11.3,76.95,327.0,23.86,87.38,2.3,12.75,3.510056972503662
20200725,Coimbatore,Mettupalayam,11.3,76.95,327.0,22.95,89.32,2.28,2.26,2.340038061141968
20200726,Coimbatore,Mettupalayam,11.3,76.95,327.0,23.46,87.15,2.15,1.72,0.0
20200727,Coimbatore,Mettupalayam,11.3,76.95,327.0,23.96,84.42,2.28,2.43,2.244795322418213
20200728,Coimbatore,Mettupalayam,11.3,76.95,327.0,23.85,87.57,2.65,5.47,3.36719298362732
20200729,Coimbatore,Mettupalayam,11.3,76.95,327.0,23.45,89.33,2.64,16.24,2.244795322418213
20200730,Coimbatore,Mettupalayam,11.3,76.95,327.0,23.43,88.28,3.25,7.34,0.0
20200731,Coimbatore,Mettupalayam,11.3,76.95,327.0,23.99,89.01,2.95,10.18,3.36719298362732
20200801,Coimbatore,Mettupalayam,11.3,76.95,327.0,23.33,87.67,3.17,7.08,5.300788879394531
20200802,Coimbatore,Mettupalayam,11.3,76.95,327.0,23.24,87.98,4.15,8.62,5.300788879394531
20200803,Coimbatore,Mettupalayam,11.3,76.95,327.0,23.48,88.48,4.62,13.01,2.6503944396972656
20200804,Coimbatore,Mettupalayam,11.3,76.95,327.0,23.57,86.75,5.08,15.98,2.6503944396972656
20200805,Coimbatore,Mettupalayam,11.3,76.95,327.0,23.64,87.97,5.93,10.24,0.0
20200806,Coimbatore,Mettupalayam,11.3,76.95,327.0,24.66,86.59,5.25,22.51,0.0
20200807,Coimbatore,Mettupalayam,11.3,76.95,327.0,23.94,88.31,4.48,27.33,0.0
20200808,Coimbatore,Mettupalayam,11.3,76.95,327.0,23.45,88.45,3.8,18.95,7.593551158905029
20200809,Coimbatore,Mettupalayam,11.3,76.95,327.0,22.58,90.45,2.91,13.34,5.695163249969482
20200810,Coimbatore,Mettupalayam,11.3,76.95,327.0,23.16,90.94,3.46,2.45,0.0
20200811,Coimbatore,Mettupalayam,11.3,76.95,327.0,23.69,89.11,2.94,6.38,1.346514344215393
20200812,Coimbatore,Mettupalayam,11.3,76.95,327.0,23.84,89.15,3.18,2.61,0.0
20200813,Coimbatore,Mettupalayam,11.3,76.95,327.0,23.59,90.11,2.69,5.32,1.346514344215393
20200814,Coimbatore,Mettupalayam,11.3,76.95,327.0,23.16,90.03,2.71,2.39,1.346514344215393
20200815,Coimbatore,Mettupalayam,11.3,76.95,327.0,23.28,89.81,2.92,1.08,0.0
20200816,Coimbatore,Mettupalayam,11.3,76.95,327.0,23.49,89.42,2.76,1.15,2.4491758346557617
20200817,Coimbatore,Mettupalayam,11.3,76.95,327.0,24.11,87.4,2.71,2.48,0.0
20200818,Coimbatore,Mettupalayam,11.3,76.95,327.0,24.2,88.19,2.65,3.35,0.0
20200819,Coimbatore,Mettupalayam,11.3,76.95,327.0,23.77,89.03,2.31,0.87,0.0
20200820,Coimbatore,Mettupalayam,11.3,76.95,327.0,23.48,90.37,2.23,0.42,1.2245879173278809
20200821,Coimbatore,Mettupalayam,11.3,76.95,327.0,24.43,86.49,2.04,0.05,1.6567527055740356
20200822,Coimbatore,Mettupalayam,11.3,76.95,327.0,24.63,86.91,1.93,6.15,1.6567527055740356
20200823,Coimbatore,Mettupalayam,11.3,76.95,327.0,24.07,87.8,1.85,2.7,4.970257759094238
20200824,Coimbatore,Mettupalayam,11.3,76.95,327.0,24.33,86.88,1.57,11.0,4.970257759094238
20200825,Coimbatore,Mettupalayam,11.3,76.95,327.0,24.53,86.06,1.48,2.45,1.6567527055740356
20200826,Coimbatore,Mettupalayam,11.3,76.95,327.0,24.33,86.89,1.09,1.13,2.8973512649536133
20200827,Coimbatore,Mettupalayam,11.3,76.95,327.0,24.45,84.02,1.8,0.12,0.0
20200828,Coimbatore,Mettupalayam,11.3,76.95,327.0,24.71,82.13,2.03,0.09,0.0
20200829,Coimbatore,Mettupalayam,11.3,76.95,327.0,24.22,84.74,2.23,0.09,0.0
20200830,Coimbatore,Mettupalayam,11.3,76.95,327.0,24.79,85.77,1.89,1.09,2.8973512649536133
20200831,Coimbatore,Mettupalayam,11.3,76.95,327.0,24.05,88.64,1.39,3.24,1.9315675497055051
20200901,Coimbatore,Mettupalayam,11.3,76.95,327.0,23.68,88.69,2.03,12.27,5.914739608764648
20200902,Coimbatore,Mettupalayam,11.3,76.95,327.0,23.02,90.35,1.84,14.78,3.943159818649292
20200903,Coimbatore,Mettupalayam,11.3,76.95,327.0,24.02,88.91,1.24,5.41,3.943159818649292
20200904,Coimbatore,Mettupalayam,11.3,76.95,327.0,24.63,87.35,0.96,6.66,3.943159818649292
20200905,Coimbatore,Mettupalayam,11.3,76.95,327.0,25.2,83.85,0.89,2.46,3.943159818649292
20200906,Coimbatore,Mettupalayam,11.3,76.95,327.0,24.5,87.49,1.83,18.71,8.722188949584961
20200907,Coimbatore,Mettupalayam,11.3,76.95,327.0,23.43,90.21,2.92,6.87,0.0
20200908,Coimbatore,Mettupalayam,11.3,76.95,327.0,23.92,89.62,1.7,4.8,5.814792633056641
20200909,Coimbatore,Mettupalayam,11.3,76.95,327.0,23.77,89.02,2.3,14.78,11.62958526611328
20200910,Coimbatore,Mettupalayam,11.3,76.95,327.0,23.43,89.4,3.55,8.29,5.814792633056641
20200911,Coimbatore,Mettupalayam,11.3,76.95,327.0,23.44,88.05,3.83,10.29,2.450369119644165
20200912,Coimbatore,Mettupalayam,11.3,76.95,327.0,22.6,89.17,2.91,6.5,2.450369119644165
20200913,Coimbatore,Mettupalayam,11.3,76.95,327.0,22.05,88.56,2.34,4.42,9.80147647857666
20200914,Coimbatore,Mettupalayam,11.3,76.95,327.0,22.8,86.05,3.05,2.48,0.0
20200915,Coimbatore,Mettupalayam,11.3,76.95,327.0,23.6,88.16,3.02,2.87,4.90073823928833
20200916,Coimbatore,Mettupalayam,11.3,76.95,327.0,24.04,87.49,2.72,2.13,0.8840806484222412
20200917,Coimbatore,Mettupalayam,11.3,76.95,327.0,23.92,89.24,2.77,4.99,0.6621347665786743
20200918,Coimbatore,Mettupalayam,11.3,76.95,327.0,23.86,86.89,3.38,6.11,0.9514148235321044
20200919,Coimbatore,Mettupalayam,11.3,76.95,327.0,23.41,86.43,4.07,11.88,2.015465497970581
20200920,Coimbatore,Mettupalayam,11.3,76.95,327.0,23.13,88.23,4.85,13.8,1.213037371635437
20200921,Coimbatore,Mettupalayam,11.3,76.95,327.0,23.05,87.67,4.39,6.41,0.0
20200922,Coimbatore,Mettupalayam,11.3,76.95,327.0,22.56,86.12,3.58,2.78,0.0
20200923,Coimbatore,Mettupalayam,11.3,76.95,327.0,23.05,88.33,2.61,1.29,0.0
20200924,Coimbatore,Mettupalayam,11.3,76.95,327.0,23.39,88.62,1.78,1.15,0.0
20200925,Coimbatore,Mettupalayam,11.3,76.95,327.0,23.11,88.39,1.79,4.64,7.655513286590576
20200926,Coimbatore,Mettupalayam,11.3,76.95,327.0,22.04,88.96,1.66,0.97,4.730871677398682
20200927,Coimbatore,Mettupalayam,11.3,76.95,327.0,23.57,86.12,1.58,4.11,7.096307277679443
20200928,Coimbatore,Mettupalayam,11.3,76.95,327.0,23.91,86.11,1.88,1.7,7.096307277679443
20200929,Coimbatore,Mettupalayam,11.3,76.95,327.0,23.67,88.77,2.59,12.39,9.461743354797363
20200930,Coimbatore,Mettupalayam,11.3,76.95,327.0,23.09,88.96,2.47,3.35,2.365435838699341
20201001,Coimbatore,Mettupalayam,11.3,76.95,327.0,22.85,88.7,2.06,0.04,0.0
20201002,Coimbatore,Mettupalayam,11.3,76.95,327.0,23.25,87.01,1.92,1.16,4.614457130432129
20201003,Coimbatore,Mettupalayam,11.3,76.95,327.0,23.51,86.26,2.33,1.58,0.0
20201004,Coimbatore,Mettupalayam,11.3,76.95,327.0,23.74,84.79,2.13,0.03,0.0
20201005,Coimbatore,Mettupalayam,11.3,76.95,327.0,23.77,83.04,1.89,0.02,0.0
20201006,Coimbatore,Mettupalayam,11.3,76.95,327.0,24.73,84.61,1.63,1.59,0.0
20201007,Coimbatore,Mettupalayam,11.3,76.95,327.0,24.32,88.96,1.79,4.95,10.90626335144043
20201008,Coimbatore,Mettupalayam,11.3,76.95,327.0,24.59,88.14,1.03,5.77,10.90626335144043
20201009,Coimbatore,Mettupalayam,11.3,76.95,327.0,23.41,93.42,1.64,17.9,5.453131675720215
20201010,Coimbatore,Mettupalayam,11.3,76.95,327.0,23.04,90.43,1.78,5.31,5.453131675720215
20201011,Coimbatore,Mettupalayam,11.3,76.95,327.0,22.38,88.79,2.61,4.15,0.0
20201012,Coimbatore,Mettupalayam,11.3,76.95,327.0,23.06,89.51,3.17,6.03,15.547958374023438
20201013,Coimbatore,Mettupalayam,11.3,76.95,327.0,23.19,88.5,3.94,3.27,0.0
20201014,Coimbatore,Mettupalayam,11.3,76.95,327.0,23.36,86.86,3.54,2.1,0.0
20201015,Coimbatore,Mettupalayam,11.3,76.95,327.0,23.34,87.44,2.69,1.38,0.0
20201016,Coimbatore,Mettupalayam,11.3,76.95,327.0,23.73,88.85,2.18,2.27,0.0
20201017,Coimbatore,Mettupalayam,11.3,76.95,327.0,23.54,87.81,1.63,2.11,20.132890701293945
20201018,Coimbatore,Mettupalayam,11.3,76.95,327.0,23.55,86.32,1.41,1.82,6.710963726043701
20201019,Coimbatore,Mettupalayam,11.3,76.95,327.0,23.81,87.05,1.55,6.84,0.0
20201020,Coimbatore,Mettupalayam,11.3,76.95,327.0,22.95,91.59,1.8,7.71,6.710963726043701
20201021,Coimbatore,Mettupalayam,11.3,76.95,327.0,23.54,88.07,2.33,2.44,14.073711395263672
20201022,Coimbatore,Mettupalayam,11.3,76.95,327.0,23.69,88.52,2.34,1.91,0.0
20201023,Coimbatore,Mettupalayam,11.3,76.95,327.0,23.54,87.71,2.36,0.04,0.0
20201024,Coimbatore,Mettupalayam,11.3,76.95,327.0,22.75,82.04,1.77,0.02,0.0
20201025,Coimbatore,Mettupalayam,11.3,76.95,327.0,22.86,83.85,1.26,57.95,9.38247299194336
20201026,Coimbatore,Mettupalayam,11.3,76.95,327.0,24.39,81.66,0.65,27.2,0.2964819669723511
20201027,Coimbatore,Mettupalayam,11.3,76.95,327.0,24.58,81.84,0.69,0.21,0.1427952945232391
20201028,Coimbatore,Mettupalayam,11.3,76.95,327.0,24.7,79.43,0.83,0.16,0.0332416780292987
20201029,Coimbatore,Mettupalayam,11.3,76.95,327.0,24.4,81.6,0.75,0.74,0.0665875896811485
20201030,Coimbatore,Mettupalayam,11.3,76.95,327.0,24.63,80.26,0.65,1.49,0.116894356906414
20201031,Coimbatore,Mettupalayam,11.3,76.95,327.0,24.73,78.41,0.63,0.35,0.0288175344467163
20201101,Coimbatore,Mettupalayam,11.3,76.95,327.0,24.75,80.55,0.63,2.5,0.0
20201102,Coimbatore,Mettupalayam,11.3,76.95,327.0,24.87,82.88,0.38,11.46,9.540080070495604
20201103,Coimbatore,Mettupalayam,11.3,76.95,327.0,24.57,83.19,1.17,4.45,4.770040035247803
20201104,Coimbatore,Mettupalayam,11.3,76.95,327.0,24.85,82.35,0.83,5.65,9.540080070495604
20201105,Coimbatore,Mettupalayam,11.3,76.95,327.0,24.63,84.07,1.24,12.94,14.31011962890625
20201106,Coimbatore,Mettupalayam,11.3,76.95,327.0,23.51,86.06,1.67,5.83,0.0
20201107,Coimbatore,Mettupalayam,11.3,76.95,327.0,23.91,85.76,1.87,1.17,0.0
20201108,Coimbatore,Mettupalayam,11.3,76.95,327.0,23.72,88.93,1.92,4.09,0.0
20201109,Coimbatore,Mettupalayam,11.3,76.95,327.0,24.24,80.7,1.34,0.08,0.0
20201110,Coimbatore,Mettupalayam,11.3,76.95,327.0,22.33,77.39,1.62,0.0,0.0
20201111,Coimbatore,Mettupalayam,11.3,76.95,327.0,22.62,79.29,1.36,2.33,0.0
20201112,Coimbatore,Mettupalayam,11.3,76.95,327.0,23.31,92.23,1.71,9.72,0.0
20201113,Coimbatore,Mettupalayam,11.3,76.95,327.0,23.44,88.85,1.99,7.63,0.0
20201114,Coimbatore,Mettupalayam,11.3,76.95,327.0,23.96,87.14,2.24,1.32,0.0
20201115,Coimbatore,Mettupalayam,11.3,76.95,327.0,23.86,89.63,2.2,4.56,16.71538734436035
20201116,Coimbatore,Mettupalayam,11.3,76.95,327.0,23.16,92.22,2.45,22.39,43.16065216064453
20201117,Coimbatore,Mettupalayam,11.3,76.95,327.0,22.93,91.03,2.69,28.91,21.580326080322266
20201118,Coimbatore,Mettupalayam,11.3,76.95,327.0,22.99,90.66,1.72,14.2,0.0
20201119,Coimbatore,Mettupalayam,11.3,76.95,327.0,23.14,89.14,1.88,2.57,0.0
20201120,Coimbatore,Mettupalayam,11.3,76.95,327.0,22.65,89.04,1.81,0.94,0.0
20201121,Coimbatore,Mettupalayam,11.3,76.95,327.0,21.88,82.56,1.41,0.08,0.0
20201122,Coimbatore,Mettupalayam,11.3,76.95,327.0,20.63,78.36,1.37,0.0,0.0
20201123,Coimbatore,Mettupalayam,11.3,76.95,327.0,21.64,76.99,1.32,0.0,33.648799896240234
20201124,Coimbatore,Mettupalayam,11.3,76.95,327.0,22.47,78.51,1.19,0.0,33.648799896240234
20201125,Coimbatore,Mettupalayam,11.3,76.95,327.0,23.44,85.86,1.15,2.84,0.0
20201126,Coimbatore,Mettupalayam,11.3,76.95,327.0,22.85,90.37,2.12,4.25,9.170892715454102
20201127,Coimbatore,Mettupalayam,11.3,76.95,327.0,22.79,86.45,0.89,3.72,0.0
20201128,Coimbatore,Mettupalayam,11.3,76.95,327.0,21.88,91.32,1.64,3.05,0.0
20201129,Coimbatore,Mettupalayam,11.3,76.95,327.0,22.66,89.2,1.84,1.86,0.0
20201130,Coimbatore,Mettupalayam,11.3,76.95,327.0,22.79,86.84,1.99,0.31,0.0
20201201,Coimbatore,Mettupalayam,11.3,76.95,327.0,21.66,80.46,1.9,0.0,0.0
20201202,Coimbatore,Mettupalayam,11.3,76.95,327.0,22.79,80.9,1.45,2.11,0.0
20201203,Coimbatore,Mettupalayam,11.3,76.95,327.0,22.13,91.08,1.44,8.69,41.18154525756836
20201204,Coimbatore,Mettupalayam,11.3,76.95,327.0,22.27,91.14,2.63,7.61,8.236309051513672
20201205,Coimbatore,Mettupalayam,11.3,76.95,327.0,22.07,90.1,1.99,2.46,0.0
20201206,Coimbatore,Mettupalayam,11.3,76.95,327.0,22.82,89.71,2.13,16.09,20.13800621032715
20201207,Coimbatore,Mettupalayam,11.3,76.95,327.0,22.7,91.99,2.4,7.64,0.0
20201208,Coimbatore,Mettupalayam,11.3,76.95,327.0,22.92,90.95,2.41,7.75,20.13800621032715
20201209,Coimbatore,Mettupalayam,11.3,76.95,327.0,22.81,88.64,1.86,1.43,0.0
20201210,Coimbatore,Mettupalayam,11.3,76.95,327.0,21.76,86.41,1.83,0.78,0.0
20201211,Coimbatore,Mettupalayam,11.3,76.95,327.0,21.27,84.01,1.54,0.3,0.0
20201212,Coimbatore,Mettupalayam,11.3,76.95,327.0,20.78,82.28,1.4,0.18,0.0
20201213,Coimbatore,Mettupalayam,11.3,76.95,327.0,20.64,83.52,1.4,0.01,0.0
20201214,Coimbatore,Mettupalayam,11.3,76.95,327.0,20.19,82.08,1.49,0.0,0.0
20201215,Coimbatore,Mettupalayam,11.3,76.95,327.0,20.54,82.87,1.69,0.17,0.0
20201216,Coimbatore,Mettupalayam,11.3,76.95,327.0,21.93,87.06,1.63,2.96,0.0
20201217,Coimbatore,Mettupalayam,11.3,76.95,327.0,22.04,90.48,2.13,2.3,0.0
20201218,Coimbatore,Mettupalayam,11.3,76.95,327.0,22.03,85.93,2.1,1.04,0.0
20201219,Coimbatore,Mettupalayam,11.3,76.95,327.0,21.39,85.39,2.49,0.07,9.351882934570312
20201220,Coimbatore,Mettupalayam,11.3,76.95,327.0,21.17,83.99,2.35,0.0,0.0
20201221,Coimbatore,Mettupalayam,11.3,76.95,327.0,19.88,83.6,2.3,0.0,0.0
20201222,Coimbatore,Mettupalayam,11.3,76.95,327.0,20.63,83.21,1.8,0.0,0.0
20201223,Coimbatore,Mettupalayam,11.3,76.95,327.0,21.72,84.61,1.47,0.0,0.0
20201224,Coimbatore,Mettupalayam,11.3,76.95,327.0,22.39,83.6,1.88,0.0,0.0
20201225,Coimbatore,Mettupalayam,11.3,76.95,327.0,21.51,82.47,1.89,0.0,0.0
20201226,Coimbatore,Mettupalayam,11.3,76.95,327.0,20.94,80.38,1.91,0.0,0.0
20201227,Coimbatore,Mettupalayam,11.3,76.95,327.0,20.64,76.98,1.53,0.0,0.0
20201228,Coimbatore,Mettupalayam,11.3,76.95,327.0,21.15,76.25,1.39,0.0,0.0
20201229,Coimbatore,Mettupalayam,11.3,76.95,327.0,21.75,79.55,1.67,0.4,0.0
20201230,Coimbatore,Mettupalayam,11.3,76.95,327.0,23.0,85.16,2.25,2.12,0.0
20201231,Coimbatore,Mettupalayam,11.3,76.95,327.0,22.89,87.26,2.97,6.61,0.0
20210101,Coimbatore,Mettupalayam,11.3,76.95,327.0,21.32,80.97,2.64,0.64,27.75883674621582
20210102,Coimbatore,Mettupalayam,11.3,76.95,327.0,21.63,83.43,2.16,0.24,0.0
20210103,Coimbatore,Mettupalayam,11.3,76.95,327.0,22.48,87.1,2.17,4.41,0.0
20210104,Coimbatore,Mettupalayam,11.3,76.95,327.0,22.58,87.94,2.55,4.9,0.0
20210105,Coimbatore,Mettupalayam,11.3,76.95,327.0,22.47,87.51,1.96,1.96,0.0
20210106,Coimbatore,Mettupalayam,11.3,76.95,327.0,22.19,88.3,1.08,16.35,29.666112899780277
20210107,Coimbatore,Mettupalayam,11.3,76.95,327.0,22.44,91.95,1.6,29.69,14.833056449890137
20210108,Coimbatore,Mettupalayam,11.3,76.95,327.0,23.22,90.9,1.24,11.12,0.0
20210109,Coimbatore,Mettupalayam,11.3,76.95,327.0,23.1,90.56,2.01,8.05,14.833056449890137
20210110,Coimbatore,Mettupalayam,11.3,76.95,327.0,22.1,90.42,1.54,1.39,14.833056449890137
20210111,Coimbatore,Mettupalayam,11.3,76.95,327.0,22.07,89.84,1.86,2.58,36.55848693847656
20210112,Coimbatore,Mettupalayam,11.3,76.95,327.0,21.4,91.82,2.69,8.22,0.0
20210113,Coimbatore,Mettupalayam,11.3,76.95,327.0,21.54,91.03,2.99,12.69,0.0
20210114,Coimbatore,Mettupalayam,11.3,76.95,327.0,22.01,89.79,2.66,7.45,0.0
20210115,Coimbatore,Mettupalayam,11.3,76.95,327.0,21.85,89.89,2.25,2.93,0.0
20210116,Coimbatore,Mettupalayam,11.3,76.95,327.0,22.43,88.45,2.05,0.57,0.0
20210117,Coimbatore,Mettupalayam,11.3,76.95,327.0,21.67,83.91,1.83,0.07,0.0
20210118,Coimbatore,Mettupalayam,11.3,76.95,327.0,20.66,82.29,1.98,0.0,0.0
20210119,Coimbatore,Mettupalayam,11.3,76.95,327.0,20.82,81.23,1.61,0.0,0.0
20210120,Coimbatore,Mettupalayam,11.3,76.95,327.0,22.01,81.2,1.14,0.0,0.0
20210121,Coimbatore,Mettupalayam,11.3,76.95,327.0,22.99,86.42,1.12,0.23,0.0
20210122,Coimbatore,Mettupalayam,11.3,76.95,327.0,23.27,86.45,1.41,1.92,0.0
20210123,Coimbatore,Mettupalayam,11.3,76.95,327.0,22.82,84.81,1.59,0.91,0.0
20210124,Coimbatore,Mettupalayam,11.3,76.95,327.0,22.38,81.74,1.55,0.0,0.0
20210125,Coimbatore,Mettupalayam,11.3,76.95,327.0,21.12,81.88,1.85,0.0,0.0
20210126,Coimbatore,Mettupalayam,11.3,76.95,327.0,20.76,78.42,1.77,0.0,0.0
20210127,Coimbatore,Mettupalayam,11.3,76.95,327.0,20.04,75.01,1.68,0.0,0.0
20210128,Coimbatore,Mettupalayam,11.3,76.95,327.0,20.55,78.43,1.85,0.0,0.0
20210129,Coimbatore,Mettupalayam,11.3,76.95,327.0,21.82,80.42,1.66,0.0,0.0
20210130,Coimbatore,Mettupalayam,11.3,76.95,327.0,22.73,77.76,1.68,0.04,0.0
20210131,Coimbatore,Mettupalayam,11.3,76.95,327.0,22.0,76.29,1.88,0.2,0.0
20210201,Coimbatore,Mettupalayam,11.3,76.95,327.0,21.66,73.59,2.0,0.18,0.0
20210202,Coimbatore,Mettupalayam,11.3,76.95,327.0,21.74,73.77,2.08,0.0,0.0
20210203,Coimbatore,Mettupalayam,11.3,76.95,327.0,22.19,78.37,2.21,0.06,5.326691627502441
20210204,Coimbatore,Mettupalayam,11.3,76.95,327.0,22.15,71.92,2.01,0.03,0.0
20210205,Coimbatore,Mettupalayam,11.3,76.95,327.0,22.13,72.1,1.72,0.0,0.0
20210206,Coimbatore,Mettupalayam,11.3,76.95,327.0,21.73,71.03,1.94,0.0,0.0
20210207,Coimbatore,Mettupalayam,11.3,76.95,327.0,21.22,63.57,1.93,0.0,0.0
20210208,Coimbatore,Mettupalayam,11.3,76.95,327.0,21.04,65.31,2.15,0.0,0.0
20210209,Coimbatore,Mettupalayam,11.3,76.95,327.0,21.17,68.04,2.11,0.0,0.0
20210210,Coimbatore,Mettupalayam,11.3,76.95,327.0,20.56,64.79,1.94,0.0,0.0
20210211,Coimbatore,Mettupalayam,11.3,76.95,327.0,20.56,65.93,1.79,0.0,0.0
20210212,Coimbatore,Mettupalayam,11.3,76.95,327.0,20.77,67.47,1.83,0.0,0.0
20210213,Coimbatore,Mettupalayam,11.3,76.95,327.0,21.61,67.7,1.52,0.0,5.48425817489624
20210214,Coimbatore,Mettupalayam,11.3,76.95,327.0,22.84,64.36,1.2,0.0,0.0
20210215,Coimbatore,Mettupalayam,11.3,76.95,327.0,23.76,65.38,0.97,0.0,0.0
20210216,Coimbatore,Mettupalayam,11.3,76.95,327.0,24.45,70.15,1.02,0.0,0.0
20210217,Coimbatore,Mettupalayam,11.3,76.95,327.0,24.57,70.19,1.39,0.0,0.0
20210218,Coimbatore,Mettupalayam,11.3,76.95,327.0,23.33,72.82,1.88,0.17,0.0
20210219,Coimbatore,Mettupalayam,11.3,76.95,327.0,23.99,67.54,1.4,0.91,0.0
20210220,Coimbatore,Mettupalayam,11.3,76.95,327.0,24.14,76.78,1.82,7.26,3.791731357574463
20210221,Coimbatore,Mettupalayam,11.3,76.95,327.0,24.06,79.01,1.64,7.63,0.0
20210222,Coimbatore,Mettupalayam,11.3,76.95,327.0,24.17,73.25,2.09,3.74,0.0
20210223,Coimbatore,Mettupalayam,11.3,76.95,327.0,24.6,70.71,1.77,0.99,0.0
20210224,Coimbatore,Mettupalayam,11.3,76.95,327.0,24.5,65.25,1.63,0.0,0.0
20210225,Coimbatore,Mettupalayam,11.3,76.95,327.0,25.23,63.67,1.28,0.0,0.0
20210226,Coimbatore,Mettupalayam,11.3,76.95,327.0,26.53,59.94,1.05,0.0,0.0
20210227,Coimbatore,Mettupalayam,11.3,76.95,327.0,26.91,57.78,1.03,0.0,0.0
20210228,Coimbatore,Mettupalayam,11.3,76.95,327.0,25.22,55.18,1.74,0.0,0.0
20210301,Coimbatore,Mettupalayam,11.3,76.95,327.0,24.52,57.61,1.52,0.0,0.0
20210302,Coimbatore,Mettupalayam,11.3,76.95,327.0,24.73,56.91,1.86,0.0,0.0
20210303,Coimbatore,Mettupalayam,11.3,76.95,327.0,24.02,59.06,2.3,0.0,0.0
20210304,Coimbatore,Mettupalayam,11.3,76.95,327.0,23.4,62.05,2.05,0.0,0.0
20210305,Coimbatore,Mettupalayam,11.3,76.95,327.0,24.4,57.57,1.61,0.0,0.0
20210306,Coimbatore,Mettupalayam,11.3,76.95,327.0,25.59,57.43,1.32,0.0,0.0
20210307,Coimbatore,Mettupalayam,11.3,76.95,327.0,25.87,55.7,1.54,0.0,0.0
20210308,Coimbatore,Mettupalayam,11.3,76.95,327.0,26.07,59.69,1.62,0.0,0.0
20210309,Coimbatore,Mettupalayam,11.3,76.95,327.0,26.28,62.21,1.95,0.06,0.0
20210310,Coimbatore,Mettupalayam,11.3,76.95,327.0,26.38,63.61,1.74,5.86,15.754471778869627
20210311,Coimbatore,Mettupalayam,11.3,76.95,327.0,24.61,77.26,1.43,13.84,0.0
20210312,Coimbatore,Mettupalayam,11.3,76.95,327.0,25.16,66.72,1.78,2.28,0.0
20210313,Coimbatore,Mettupalayam,11.3,76.95,327.0,24.95,61.68,1.85,0.0,0.0
20210314,Coimbatore,Mettupalayam,11.3,76.95,327.0,25.66,62.32,1.89,0.0,0.0
20210315,Coimbatore,Mettupalayam,11.3,76.95,327.0,25.93,60.03,1.64,0.0,0.0
20210316,Coimbatore,Mettupalayam,11.3,76.95,327.0,26.24,57.2,1.36,0.0,0.0
20210317,Coimbatore,Mettupalayam,11.3,76.95,327.0,25.89,55.9,1.83,0.0,0.0
20210318,Coimbatore,Mettupalayam,11.3,76.95,327.0,25.94,55.55,1.95,0.0,0.0
20210319,Coimbatore,Mettupalayam,11.3,76.95,327.0,24.74,53.96,1.62,0.02,0.0
20210320,Coimbatore,Mettupalayam,11.3,76.95,327.0,26.48,55.76,1.06,0.09,0.0
20210321,Coimbatore,Mettupalayam,11.3,76.95,327.0,26.79,56.23,1.42,2.95,9.0961275100708
20210322,Coimbatore,Mettupalayam,11.3,76.95,327.0,26.22,57.65,1.51,1.56,0.0
20210323,Coimbatore,Mettupalayam,11.3,76.95,327.0,26.89,56.88,1.72,0.08,0.0
20210324,Coimbatore,Mettupalayam,11.3,76.95,327.0,27.48,58.29,1.52,0.07,0.0
20210325,Coimbatore,Mettupalayam,11.3,76.95,327.0,26.5,63.71,1.15,2.45,9.0961275100708
20210326,Coimbatore,Mettupalayam,11.3,76.95,327.0,27.15,58.12,2.07,0.05,0.0
20210327,Coimbatore,Mettupalayam,11.3,76.95,327.0,27.86,58.52,1.64,0.02,0.0
20210328,Coimbatore,Mettupalayam,11.3,76.95,327.0,27.72,61.21,1.1,0.74,0.0
20210329,Coimbatore,Mettupalayam,11.3,76.95,327.0,27.87,62.71,1.5,0.6,0.0
20210330,Coimbatore,Mettupalayam,11.3,76.95,327.0,28.58,63.82,1.67,0.93,0.0
20210331,Coimbatore,Mettupalayam,11.3,76.95,327.0,29.08,64.7,2.43,0.22,0.0
20210401,Coimbatore,Mettupalayam,11.3,76.95,327.0,29.14,63.28,2.24,0.51,0.0
20210402,Coimbatore,Mettupalayam,11.3,76.95,327.0,28.18,61.7,2.36,0.07,0.0
20210403,Coimbatore,Mettupalayam,11.3,76.95,327.0,27.79,61.13,2.78,0.13,0.0
20210404,Coimbatore,Mettupalayam,11.3,76.95,327.0,29.07,55.91,1.87,1.1,0.7180585861206055
20210405,Coimbatore,Mettupalayam,11.3,76.95,327.0,30.13,54.42,1.24,0.67,0.7180585861206055
20210406,Coimbatore,Mettupalayam,11.3,76.95,327.0,30.01,51.52,1.6,0.45,0.0
20210407,Coimbatore,Mettupalayam,11.3,76.95,327.0,29.64,45.8,1.8,0.12,0.0
20210408,Coimbatore,Mettupalayam,11.3,76.95,327.0,29.04,46.66,1.32,0.14,0.0
20210409,Coimbatore,Mettupalayam,11.3,76.95,327.0,29.1,46.05,1.75,0.01,0.0
20210410,Coimbatore,Mettupalayam,11.3,76.95,327.0,28.93,48.93,1.79,0.03,0.0
20210411,Coimbatore,Mettupalayam,11.3,76.95,327.0,29.42,52.81,1.13,0.6,0.0
20210412,Coimbatore,Mettupalayam,11.3,76.95,327.0,28.24,63.46,1.3,5.52,7.7500505447387695
20210413,Coimbatore,Mettupalayam,11.3,76.95,327.0,26.97,69.66,1.13,2.83,2.58335018157959
20210414,Coimbatore,Mettupalayam,11.3,76.95,327.0,26.86,72.53,0.58,9.58,7.7500505447387695
20210415,Coimbatore,Mettupalayam,11.3,76.95,327.0,25.78,79.12,1.18,10.67,2.58335018157959
20210416,Coimbatore,Mettupalayam,11.3,76.95,327.0,25.04,81.47,1.09,3.51,2.192397117614746
20210417,Coimbatore,Mettupalayam,11.3,76.95,327.0,25.85,77.75,0.75,1.1,2.192397117614746
20210418,Coimbatore,Mettupalayam,11.3,76.95,327.0,26.12,76.69,0.99,0.87,4.384794235229492
20210419,Coimbatore,Mettupalayam,11.3,76.95,327.0,25.87,78.22,1.33,2.74,4.384794235229492
20210420,Coimbatore,Mettupalayam,11.3,76.95,327.0,24.72,85.66,0.95,2.58,6.577191352844238
20210421,Coimbatore,Mettupalayam,11.3,76.95,327.0,26.2,77.53,0.98,2.32,3.1868155002593994
20210422,Coimbatore,Mettupalayam,11.3,76.95,327.0,27.12,72.49,1.2,0.25,0.0
20210423,Coimbatore,Mettupalayam,11.3,76.95,327.0,27.12,72.61,0.86,4.25,3.1868155002593994
20210424,Coimbatore,Mettupalayam,11.3,76.95,327.0,27.49,71.43,0.6,3.46,3.1868155002593994
20210425,Coimbatore,Mettupalayam,11.3,76.95,327.0,27.12,73.18,0.94,3.11,9.560446739196776
20210426,Coimbatore,Mettupalayam,11.3,76.95,327.0,26.76,73.91,0.48,0.77,0.0
20210427,Coimbatore,Mettupalayam,11.3,76.95,327.0,26.35,74.09,0.59,0.12,0.9724724888801576
20210428,Coimbatore,Mettupalayam,11.3,76.95,327.0,27.8,67.78,0.95,0.05,0.0
20210429,Coimbatore,Mettupalayam,11.3,76.95,327.0,27.38,72.68,1.1,0.21,0.9724724888801576
20210430,Coimbatore,Mettupalayam,11.3,76.95,327.0,27.37,72.75,0.83,1.35,0.0
20210501,Coimbatore,Mettupalayam,11.3,76.95,327.0,27.57,71.88,1.19,1.35,2.9308362007141118
20210502,Coimbatore,Mettupalayam,11.3,76.95,327.0,27.12,72.76,1.0,3.51,5.861672401428223
20210503,Coimbatore,Mettupalayam,11.3,76.95,327.0,26.84,75.23,1.27,7.78,2.9308362007141118
20210504,Coimbatore,Mettupalayam,11.3,76.95,327.0,27.16,73.01,0.87,5.21,2.9308362007141118
20210505,Coimbatore,Mettupalayam,11.3,76.95,327.0,27.77,69.77,1.17,1.31,0.0
20210506,Coimbatore,Mettupalayam,11.3,76.95,327.0,28.57,68.08,1.31,2.79,4.595559120178223
20210507,Coimbatore,Mettupalayam,11.3,76.95,327.0,28.04,71.56,1.26,11.08,0.0
20210508,Coimbatore,Mettupalayam,11.3,76.95,327.0,26.6,75.4,1.5,1.05,0.0
20210509,Coimbatore,Mettupalayam,11.3,76.95,327.0,27.96,72.3,1.0,0.77,0.0
20210510,Coimbatore,Mettupalayam,11.3,76.95,327.0,26.75,81.17,1.24,1.78,4.595559120178223
20210511,Coimbatore,Mettupalayam,11.3,76.95,327.0,26.7,78.57,1.57,2.72,9.751422882080078
20210512,Coimbatore,Mettupalayam,11.3,76.95,327.0,26.53,80.67,1.64,3.15,19.50284576416016
20210513,Coimbatore,Mettupalayam,11.3,76.95,327.0,26.86,77.64,2.28,12.32,9.751422882080078
20210514,Coimbatore,Mettupalayam,11.3,76.95,327.0,25.48,80.54,2.59,22.13,4.875711441040039
20210515,Coimbatore,Mettupalayam,11.3,76.95,327.0,24.38,90.13,2.84,17.55,19.50284576416016
20210516,Coimbatore,Mettupalayam,11.3,76.95,327.0,24.91,85.21,2.99,10.41,0.0
20210517,Coimbatore,Mettupalayam,11.3,76.95,327.0,25.18,84.21,2.17,6.99,0.0
20210518,Coimbatore,Mettupalayam,11.3,76.95,327.0,25.03,87.54,2.0,3.92,0.0
20210519,Coimbatore,Mettupalayam,11.3,76.95,327.0,25.24,88.23,2.1,26.16,14.661590576171877
20210520,Coimbatore,Mettupalayam,11.3,76.95,327.0,24.31,88.7,1.84,17.71,21.99238586425781
20210521,Coimbatore,Mettupalayam,11.3,76.95,327.0,23.44,86.97,1.78,0.4,0.0
20210522,Coimbatore,Mettupalayam,11.3,76.95,327.0,24.14,86.29,2.4,4.06,4.630537033081055
20210523,Coimbatore,Mettupalayam,11.3,76.95,327.0,24.98,82.68,2.57,2.67,0.0
20210524,Coimbatore,Mettupalayam,11.3,76.95,327.0,24.48,86.57,2.06,0.26,0.0
20210525,Coimbatore,Mettupalayam,11.3,76.95,327.0,24.44,83.1,3.33,7.11,9.26107406616211
20210526,Coimbatore,Mettupalayam,11.3,76.95,327.0,23.36,85.24,3.5,7.94,0.0
20210527,Coimbatore,Mettupalayam,11.3,76.95,327.0,24.52,83.71,3.06,0.92,0.0
20210528,Coimbatore,Mettupalayam,11.3,76.95,327.0,25.11,82.49,2.54,0.42,0.0
20210529,Coimbatore,Mettupalayam,11.3,76.95,327.0,24.65,82.86,2.41,1.38,0.0
20210530,Coimbatore,Mettupalayam,11.3,76.95,327.0,24.21,82.32,2.75,1.13,0.0
20210531,Coimbatore,Mettupalayam,11.3,76.95,327.0,24.85,82.81,2.88,4.17,0.0
20210601,Coimbatore,Mettupalayam,11.3,76.95,327.0,25.14,83.64,2.73,1.87,0.0
20210602,Coimbatore,Mettupalayam,11.3,76.95,327.0,25.94,81.96,2.18,1.7,6.254610061645508
20210603,Coimbatore,Mettupalayam,11.3,76.95,327.0,24.89,90.99,1.31,9.2,3.127305030822754
20210604,Coimbatore,Mettupalayam,11.3,76.95,327.0,25.01,88.89,1.57,8.16,6.254610061645508
20210605,Coimbatore,Mettupalayam,11.3,76.95,327.0,24.16,84.15,1.86,9.57,6.254610061645508
20210606,Coimbatore,Mettupalayam,11.3,76.95,327.0,24.48,84.08,1.92,4.07,0.0
20210607,Coimbatore,Mettupalayam,11.3,76.95,327.0,25.19,81.44,1.98,0.46,0.0
20210608,Coimbatore,Mettupalayam,11.3,76.95,327.0,25.14,81.9,2.35,4.36,4.814435005187988
20210609,Coimbatore,Mettupalayam,11.3,76.95,327.0,24.73,85.09,2.53,2.34,0.0
20210610,Coimbatore,Mettupalayam,11.3,76.95,327.0,24.98,82.98,2.83,1.13,0.0
20210611,Coimbatore,Mettupalayam,11.3,76.95,327.0,24.53,84.66,2.67,1.55,0.0
20210612,Coimbatore,Mettupalayam,11.3,76.95,327.0,24.44,83.94,3.44,5.29,1.8726969957351685
20210613,Coimbatore,Mettupalayam,11.3,76.95,327.0,24.0,83.18,3.71,10.67,1.8726969957351685
20210614,Coimbatore,Mettupalayam,11.3,76.95,327.0,23.08,81.01,4.24,3.78,0.0
20210615,Coimbatore,Mettupalayam,11.3,76.95,327.0,24.3,84.83,3.94,8.89,0.0
20210616,Coimbatore,Mettupalayam,11.3,76.95,327.0,24.86,85.67,3.93,9.88,0.0
20210617,Coimbatore,Mettupalayam,11.3,76.95,327.0,24.25,87.18,3.78,6.32,0.0
20210618,Coimbatore,Mettupalayam,11.3,76.95,327.0,23.88,86.55,3.46,2.41,0.0
20210619,Coimbatore,Mettupalayam,11.3,76.95,327.0,23.97,85.39,3.09,1.02,0.0
20210620,Coimbatore,Mettupalayam,11.3,76.95,327.0,24.48,85.92,2.44,1.41,0.0
20210621,Coimbatore,Mettupalayam,11.3,76.95,327.0,24.56,86.1,2.04,2.45,1.0808693170547483
20210622,Coimbatore,Mettupalayam,11.3,76.95,327.0,24.21,86.04,1.89,2.58,2.161738634109497
20210623,Coimbatore,Mettupalayam,11.3,76.95,327.0,24.78,85.87,1.66,3.34,2.161738634109497
20210624,Coimbatore,Mettupalayam,11.3,76.95,327.0,24.41,84.36,2.3,0.74,1.0808693170547483
20210625,Coimbatore,Mettupalayam,11.3,76.95,327.0,24.48,82.01,2.15,0.15,0.0
20210626,Coimbatore,Mettupalayam,11.3,76.95,327.0,24.07,85.24,2.46,3.78,0.0
20210627,Coimbatore,Mettupalayam,11.3,76.95,327.0,24.02,77.6,2.12,5.63,2.16058349609375
20210628,Coimbatore,Mettupalayam,11.3,76.95,327.0,23.23,82.23,1.87,1.95,0.0
20210629,Coimbatore,Mettupalayam,11.3,76.95,327.0,24.36,83.72,1.69,6.99,0.0
20210630,Coimbatore,Mettupalayam,11.3,76.95,327.0,25.29,82.85,1.85,1.38,0.0
20210701,Coimbatore,Mettupalayam,11.3,76.95,327.0,25.1,86.92,1.86,9.29,3.864839792251587
20210702,Coimbatore,Mettupalayam,11.3,76.95,327.0,24.65,86.56,2.15,3.53,1.2882798910140991
20210703,Coimbatore,Mettupalayam,11.3,76.95,327.0,24.15,87.99,1.89,2.52,0.0
20210704,Coimbatore,Mettupalayam,11.3,76.95,327.0,23.88,85.2,1.12,19.76,5.1531195640563965
20210705,Coimbatore,Mettupalayam,11.3,76.95,327.0,24.28,83.86,1.86,2.51,0.0
20210706,Coimbatore,Mettupalayam,11.3,76.95,327.0,24.6,85.84,1.44,4.39,0.0
20210707,Coimbatore,Mettupalayam,11.3,76.95,327.0,24.83,84.79,2.04,6.0,1.0818763971328735
20210708,Coimbatore,Mettupalayam,11.3,76.95,327.0,24.78,85.94,2.19,3.79,1.0818763971328735
20210709,Coimbatore,Mettupalayam,11.3,76.95,327.0,23.62,89.52,3.34,6.08,2.163752794265747
20210710,Coimbatore,Mettupalayam,11.3,76.95,327.0,23.11,84.78,4.91,10.24,0.5409381985664368
20210711,Coimbatore,Mettupalayam,11.3,76.95,327.0,23.22,83.38,4.33,2.47,0.0
20210712,Coimbatore,Mettupalayam,11.3,76.95,327.0,23.46,86.69,4.15,4.1,0.0
20210713,Coimbatore,Mettupalayam,11.3,76.95,327.0,23.77,85.05,4.47,5.39,0.0
20210714,Coimbatore,Mettupalayam,11.3,76.95,327.0,23.57,84.15,3.92,12.54,2.078901529312134
20210715,Coimbatore,Mettupalayam,11.3,76.95,327.0,23.76,84.66,3.69,7.99,3.4648361206054688
20210716,Coimbatore,Mettupalayam,11.3,76.95,327.0,24.12,85.86,3.21,12.61,0.8105853199958801
20210717,Coimbatore,Mettupalayam,11.3,76.95,327.0,23.99,86.64,2.55,5.62,1.6211706399917605
20210718,Coimbatore,Mettupalayam,11.3,76.95,327.0,23.79,88.45,3.11,6.13,1.6211706399917605
20210719,Coimbatore,Mettupalayam,11.3,76.95,327.0,23.6,88.33,3.24,1.69,0.0
20210720,Coimbatore,Mettupalayam,11.3,76.95,327.0,24.2,85.16,3.74,2.58,0.8105853199958801
20210721,Coimbatore,Mettupalayam,11.3,76.95,327.0,23.92,86.07,3.74,7.18,0.0
20210722,Coimbatore,Mettupalayam,11.3,76.95,327.0,23.73,87.22,4.84,14.7,0.0
20210723,Coimbatore,Mettupalayam,11.3,76.95,327.0,23.79,87.27,4.89,12.68,2.130380392074585
20210724,Coimbatore,Mettupalayam,11.3,76.95,327.0,23.74,87.87,3.84,6.55,0.0
20210725,Coimbatore,Mettupalayam,11.3,76.95,327.0,23.35,85.89,3.54,4.32,1.0651901960372925
20210726,Coimbatore,Mettupalayam,11.3,76.95,327.0,24.17,85.65,3.06,5.01,0.0
20210727,Coimbatore,Mettupalayam,11.3,76.95,327.0,23.95,87.06,3.09,3.39,0.0
20210728,Coimbatore,Mettupalayam,11.3,76.95,327.0,23.99,85.74,3.06,2.52,0.0
20210729,Coimbatore,Mettupalayam,11.3,76.95,327.0,24.04,86.18,3.01,1.4,0.0
20210730,Coimbatore,Mettupalayam,11.3,76.95,327.0,23.86,86.29,2.94,1.18,0.0
20210731,Coimbatore,Mettupalayam,11.3,76.95,327.0,24.16,85.61,2.84,0.98,0.0
20210801,Coimbatore,Mettupalayam,11.3,76.95,327.0,24.16,84.46,2.81,0.42,0.0
20210802,Coimbatore,Mettupalayam,11.3,76.95,327.0,23.79,84.81,3.16,1.96,0.0
20210803,Coimbatore,Mettupalayam,11.3,76.95,327.0,23.72,85.24,3.0,1.47,0.0
20210804,Coimbatore,Mettupalayam,11.3,76.95,327.0,23.87,86.13,3.33,1.57,0.0
20210805,Coimbatore,Mettupalayam,11.3,76.95,327.0,23.98,85.19,3.36,4.55,0.0
20210806,Coimbatore,Mettupalayam,11.3,76.95,327.0,24.58,85.82,3.51,5.29,0.0
20210807,Coimbatore,Mettupalayam,11.3,76.95,327.0,24.37,87.11,3.18,9.31,7.922510147094727
20210808,Coimbatore,Mettupalayam,11.3,76.95,327.0,23.94,86.91,2.53,3.85,2.640836715698242
20210809,Coimbatore,Mettupalayam,11.3,76.95,327.0,23.59,85.35,2.52,4.13,0.0
20210810,Coimbatore,Mettupalayam,11.3,76.95,327.0,22.52,87.27,2.75,1.76,0.0
20210811,Coimbatore,Mettupalayam,11.3,76.95,327.0,23.35,85.68,2.82,3.64,4.092625141143799
20210812,Coimbatore,Mettupalayam,11.3,76.95,327.0,23.23,85.2,2.94,2.1,4.092625141143799
20210813,Coimbatore,Mettupalayam,11.3,76.95,327.0,23.87,85.37,2.43,8.34,2.7284164428710938
20210814,Coimbatore,Mettupalayam,11.3,76.95,327.0,23.86,85.67,2.68,2.29,1.3642082214355469
20210815,Coimbatore,Mettupalayam,11.3,76.95,327.0,23.8,85.23,2.78,0.44,1.3642082214355469
20210816,Coimbatore,Mettupalayam,11.3,76.95,327.0,23.9,82.81,2.79,0.28,2.16748595237732
20210817,Coimbatore,Mettupalayam,11.3,76.95,327.0,23.56,85.39,2.65,4.39,6.502458095550537
20210818,Coimbatore,Mettupalayam,11.3,76.95,327.0,22.65,84.83,2.84,7.17,0.0
20210819,Coimbatore,Mettupalayam,11.3,76.95,327.0,22.87,81.58,3.02,1.97,2.16748595237732
20210820,Coimbatore,Mettupalayam,11.3,76.95,327.0,24.1,79.51,1.83,1.16,2.16748595237732
20210821,Coimbatore,Mettupalayam,11.3,76.95,327.0,24.48,78.81,1.08,6.31,5.939592361450195
20210822,Coimbatore,Mettupalayam,11.3,76.95,327.0,24.28,81.39,0.91,10.38,1.4848980903625488
20210823,Coimbatore,Mettupalayam,11.3,76.95,327.0,23.6,84.72,1.55,13.48,2.9697961807250977
20210824,Coimbatore,Mettupalayam,11.3,76.95,327.0,24.03,83.63,2.01,1.7,0.0
20210825,Coimbatore,Mettupalayam,11.3,76.95,327.0,24.27,84.27,2.19,4.95,1.4848980903625488
20210826,Coimbatore,Mettupalayam,11.3,76.95,327.0,24.12,89.4,2.4,10.64,2.824319362640381
20210827,Coimbatore,Mettupalayam,11.3,76.95,327.0,23.93,90.47,2.67,10.5,8.4729585647583
20210828,Coimbatore,Mettupalayam,11.3,76.95,327.0,23.6,89.03,2.62,10.27,5.648638725280762
20210829,Coimbatore,Mettupalayam,11.3,76.95,327.0,23.44,88.46,3.23,7.14,2.824319362640381
20210830,Coimbatore,Mettupalayam,11.3,76.95,327.0,23.42,86.86,2.76,3.34,0.0
20210831,Coimbatore,Mettupalayam,11.3,76.95,327.0,24.42,84.66,2.28,0.65,2.824319362640381
20210901,Coimbatore,Mettupalayam,11.3,76.95,327.0,23.99,86.17,1.88,1.23,0.0
20210902,Coimbatore,Mettupalayam,11.3,76.95,327.0,23.19,89.11,1.79,14.57,7.956221103668213
20210903,Coimbatore,Mettupalayam,11.3,76.95,327.0,23.88,83.7,1.93,10.0,0.0
20210904,Coimbatore,Mettupalayam,11.3,76.95,327.0,23.75,87.06,2.63,3.42,2.2732059955596924
20210905,Coimbatore,Mettupalayam,11.3,76.95,327.0,23.89,82.7,3.29,6.38,3.9781105518341056
20210906,Coimbatore,Mettupalayam,11.3,76.95,327.0,22.85,86.2,3.41,6.95,1.7423452138900757
20210907,Coimbatore,Mettupalayam,11.3,76.95,327.0,23.57,86.55,3.11,5.93,0.0
20210908,Coimbatore,Mettupalayam,11.3,76.95,327.0,23.75,87.26,3.19,6.91,0.0
20210909,Coimbatore,Mettupalayam,11.3,76.95,327.0,24.06,85.82,2.3,1.02,0.0
20210910,Coimbatore,Mettupalayam,11.3,76.95,327.0,23.94,85.89,2.36,0.26,0.0
20210911,Coimbatore,Mettupalayam,11.3,76.95,327.0,23.41,89.45,2.81,6.56,7.590695858001709
20210912,Coimbatore,Mettupalayam,11.3,76.95,327.0,23.86,87.56,3.59,7.84,0.0
20210913,Coimbatore,Mettupalayam,11.3,76.95,327.0,23.45,89.64,3.86,4.44,0.0
20210914,Coimbatore,Mettupalayam,11.3,76.95,327.0,24.35,86.97,2.74,1.31,0.0
20210915,Coimbatore,Mettupalayam,11.3,76.95,327.0,24.03,88.46,2.2,7.64,0.0
20210916,Coimbatore,Mettupalayam,11.3,76.95,327.0,24.07,88.43,2.21,8.12,1.914686679840088
20210917,Coimbatore,Mettupalayam,11.3,76.95,327.0,24.37,85.79,1.69,4.79,3.829373359680176
20210918,Coimbatore,Mettupalayam,11.3,76.95,327.0,24.71,83.28,1.23,0.68,1.914686679840088
20210919,Coimbatore,Mettupalayam,11.3,76.95,327.0,23.77,87.43,1.16,4.96,1.914686679840088
20210920,Coimbatore,Mettupalayam,11.3,76.95,327.0,24.28,86.72,1.29,1.74,3.829373359680176
20210921,Coimbatore,Mettupalayam,11.3,76.95,327.0,24.21,85.41,1.82,0.34,0.0
20210922,Coimbatore,Mettupalayam,11.3,76.95,327.0,24.71,82.07,1.68,1.23,0.0
20210923,Coimbatore,Mettupalayam,11.3,76.95,327.0,24.73,84.35,1.73,5.19,5.518427848815918
20210924,Coimbatore,Mettupalayam,11.3,76.95,327.0,25.14,82.66,1.37,7.71,7.357903957366943
20210925,Coimbatore,Mettupalayam,11.3,76.95,327.0,24.77,85.28,2.01,7.78,1.839475989341736
20210926,Coimbatore,Mettupalayam,11.3,76.95,327.0,23.9,86.5,2.2,2.22,3.7102298736572266
20210927,Coimbatore,Mettupalayam,11.3,76.95,327.0,23.79,86.39,3.41,8.34,3.7102298736572266
20210928,Coimbatore,Mettupalayam,11.3,76.95,327.0,23.22,86.49,3.34,4.34,0.0
20210929,Coimbatore,Mettupalayam,11.3,76.95,327.0,23.41,82.28,2.05,0.83,0.0
20210930,Coimbatore,Mettupalayam,11.3,76.95,327.0,23.57,86.93,1.48,16.88,7.420459747314453
20211001,Coimbatore,Mettupalayam,11.3,76.95,327.0,24.55,86.84,0.84,5.87,20.18984603881836
20211002,Coimbatore,Mettupalayam,11.3,76.95,327.0,24.32,88.46,0.75,15.09,20.18984603881836
20211003,Coimbatore,Mettupalayam,11.3,76.95,327.0,24.71,85.89,1.3,13.12,0.0
20211004,Coimbatore,Mettupalayam,11.3,76.95,327.0,24.72,85.04,0.97,3.15,10.09492301940918
20211005,Coimbatore,Mettupalayam,11.3,76.95,327.0,24.81,85.78,0.58,6.38,0.0
20211006,Coimbatore,Mettupalayam,11.3,76.95,327.0,23.82,89.33,1.22,2.27,0.0
20211007,Coimbatore,Mettupalayam,11.3,76.95,327.0,24.45,85.57,1.63,0.39,7.121819496154785
20211008,Coimbatore,Mettupalayam,11.3,76.95,327.0,24.36,88.83,2.24,13.41,21.365459442138672
20211009,Coimbatore,Mettupalayam,11.3,76.95,327.0,24.01,90.89,2.52,5.89,0.0
20211010,Coimbatore,Mettupalayam,11.3,76.95,327.0,23.98,89.97,1.96,5.26,21.365459442138672
20211011,Coimbatore,Mettupalayam,11.3,76.95,327.0,23.33,90.19,2.61,26.01,23.21613502502441
20211012,Coimbatore,Mettupalayam,11.3,76.95,327.0,22.54,91.06,2.88,15.37,7.738711357116699
20211013,Coimbatore,Mettupalayam,11.3,76.95,327.0,22.92,90.02,2.05,2.48,0.0
20211014,Coimbatore,Mettupalayam,11.3,76.95,327.0,24.03,90.59,2.09,2.29,7.738711357116699
20211015,Coimbatore,Mettupalayam,11.3,76.95,327.0,24.41,89.19,1.56,1.81,0.0
20211016,Coimbatore,Mettupalayam,11.3,76.95,327.0,24.29,92.93,2.62,35.2,28.738096237182617
20211017,Coimbatore,Mettupalayam,11.3,76.95,327.0,24.02,91.1,3.29,7.57,7.184524059295654
20211018,Coimbatore,Mettupalayam,11.3,76.95,327.0,23.44,91.77,2.25,3.61,21.55356979370117
20211019,Coimbatore,Mettupalayam,11.3,76.95,327.0,23.83,87.62,1.08,1.46,7.184524059295654
20211020,Coimbatore,Mettupalayam,11.3,76.95,327.0,23.71,88.67,0.54,25.22,21.55356979370117
20211021,Coimbatore,Mettupalayam,11.3,76.95,327.0,23.53,89.8,0.89,21.29,17.29722785949707
20211022,Coimbatore,Mettupalayam,11.3,76.95,327.0,24.02,88.71,1.04,10.29,0.0
20211023,Coimbatore,Mettupalayam,11.3,76.95,327.0,24.54,81.52,0.48,12.27,25.94584083557129
20211024,Coimbatore,Mettupalayam,11.3,76.95,327.0,23.28,88.41,0.82,8.51,25.94584083557129
20211025,Coimbatore,Mettupalayam,11.3,76.95,327.0,23.63,87.82,0.7,6.17,17.29722785949707
20211026,Coimbatore,Mettupalayam,11.3,76.95,327.0,24.16,86.32,0.87,3.56,0.0
20211027,Coimbatore,Mettupalayam,11.3,76.95,327.0,23.68,89.45,1.03,5.05,8.079238891601562
20211028,Coimbatore,Mettupalayam,11.3,76.95,327.0,23.35,88.66,0.92,2.64,0.0
20211029,Coimbatore,Mettupalayam,11.3,76.95,327.0,22.68,89.35,1.22,1.15,0.0
20211030,Coimbatore,Mettupalayam,11.3,76.95,327.0,22.52,91.34,1.71,6.99,0.0
20211031,Coimbatore,Mettupalayam,11.3,76.95,327.0,23.11,89.51,1.3,3.37,32.31695556640625
20211101,Coimbatore,Mettupalayam,11.3,76.95,327.0,22.67,91.88,1.41,15.93,32.942108154296875
20211102,Coimbatore,Mettupalayam,11.3,76.95,327.0,22.5,94.26,2.25,21.13,16.471054077148438
20211103,Coimbatore,Mettupalayam,11.3,76.95,327.0,22.87,93.59,1.55,3.49,0.0
20211104,Coimbatore,Mettupalayam,11.3,76.95,327.0,23.13,92.34,1.12,17.38,8.235527038574219
20211105,Coimbatore,Mettupalayam,11.3,76.95,327.0,23.04,91.9,0.9,6.54,16.471054077148438
20211106,Coimbatore,Mettupalayam,11.3,76.95,327.0,23.53,85.48,0.8,4.89,41.24399185180664
20211107,Coimbatore,Mettupalayam,11.3,76.95,327.0,22.92,89.01,1.17,14.72,0.0
20211108,Coimbatore,Mettupalayam,11.3,76.95,327.0,22.61,92.27,0.91,4.28,8.248798370361328
20211109,Coimbatore,Mettupalayam,11.3,76.95,327.0,22.52,88.17,0.78,2.77,0.0
20211110,Coimbatore,Mettupalayam,11.3,76.95,327.0,22.23,89.17,0.87,3.15,0.0
20211111,Coimbatore,Mettupalayam,11.3,76.95,327.0,22.47,89.81,1.41,1.68,14.632776260375977
20211112,Coimbatore,Mettupalayam,11.3,76.95,327.0,22.82,91.72,2.19,13.04,7.316388130187988
20211113,Coimbatore,Mettupalayam,11.3,76.95,327.0,23.52,90.24,1.47,4.86,0.0
20211114,Coimbatore,Mettupalayam,11.3,76.95,327.0,22.74,94.43,1.44,6.82,14.632776260375977
20211115,Coimbatore,Mettupalayam,11.3,76.95,327.0,23.27,94.2,1.38,12.96,14.632776260375977
20211116,Coimbatore,Mettupalayam,11.3,76.95,327.0,23.39,93.1,1.15,3.07,26.20892906188965
20211117,Coimbatore,Mettupalayam,11.3,76.95,327.0,23.7,87.81,0.49,26.36,26.20892906188965
20211118,Coimbatore,Mettupalayam,11.3,76.95,327.0,23.31,89.58,1.21,8.88,52.4178581237793
20211119,Coimbatore,Mettupalayam,11.3,76.95,327.0,22.57,95.02,2.92,6.17,26.20892906188965
20211120,Coimbatore,Mettupalayam,11.3,76.95,327.0,22.96,93.71,2.38,2.42,13.104464530944824
20211121,Coimbatore,Mettupalayam,11.3,76.95,327.0,23.5,85.17,0.73,0.31,0.0
20211122,Coimbatore,Mettupalayam,11.3,76.95,327.0,23.28,88.9,1.12,6.95,10.03138542175293
20211123,Coimbatore,Mettupalayam,11.3,76.95,327.0,23.09,91.72,1.2,10.98,20.06277084350586
20211124,Coimbatore,Mettupalayam,11.3,76.95,327.0,22.75,89.61,1.28,1.39,10.03138542175293
20211125,Coimbatore,Mettupalayam,11.3,76.95,327.0,21.92,90.22,1.79,16.6,30.09415435791016
20211126,Coimbatore,Mettupalayam,11.3,76.95,327.0,22.07,91.88,1.9,5.61,36.75490951538086
20211127,Coimbatore,Mettupalayam,11.3,76.95,327.0,21.94,92.97,1.79,1.88,0.0
20211128,Coimbatore,Mettupalayam,11.3,76.95,327.0,22.45,93.0,2.24,4.58,0.0
20211129,Coimbatore,Mettupalayam,11.3,76.95,327.0,21.89,92.41,2.81,17.36,9.188727378845217
20211130,Coimbatore,Mettupalayam,11.3,76.95,327.0,22.23,93.06,2.23,11.03,9.188727378845217
20211201,Coimbatore,Mettupalayam,11.3,76.95,327.0,23.42,90.24,1.52,4.1,31.280109405517575
20211202,Coimbatore,Mettupalayam,11.3,76.95,327.0,23.74,90.94,1.5,1.96,0.0
20211203,Coimbatore,Mettupalayam,11.3,76.95,327.0,23.58,87.54,0.9,2.3,0.0
20211204,Coimbatore,Mettupalayam,11.3,76.95,327.0,23.54,89.83,0.56,6.22,0.0
20211205,Coimbatore,Mettupalayam,11.3,76.95,327.0,24.04,87.34,0.78,8.62,0.0
20211206,Coimbatore,Mettupalayam,11.3,76.95,327.0,23.23,92.71,0.92,0.29,0.0
20211207,Coimbatore,Mettupalayam,11.3,76.95,327.0,23.48,90.14,1.21,0.44,0.0
20211208,Coimbatore,Mettupalayam,11.3,76.95,327.0,22.43,88.43,1.67,0.15,0.0
20211209,Coimbatore,Mettupalayam,11.3,76.95,327.0,22.92,89.26,1.77,2.32,4.627622127532959
20211210,Coimbatore,Mettupalayam,11.3,76.95,327.0,21.73,88.36,2.26,0.51,0.0
20211211,Coimbatore,Mettupalayam,11.3,76.95,327.0,22.15,90.9,2.1,1.67,0.0
20211212,Coimbatore,Mettupalayam,11.3,76.95,327.0,22.26,90.35,2.65,0.41,0.0
20211213,Coimbatore,Mettupalayam,11.3,76.95,327.0,21.87,90.85,2.07,0.08,0.0
20211214,Coimbatore,Mettupalayam,11.3,76.95,327.0,21.98,90.07,2.64,1.47,5.73214054107666
20211215,Coimbatore,Mettupalayam,11.3,76.95,327.0,21.82,89.65,2.23,0.77,0.0
20211216,Coimbatore,Mettupalayam,11.3,76.95,327.0,21.47,87.28,1.8,0.01,0.0
20211217,Coimbatore,Mettupalayam,11.3,76.95,327.0,21.22,86.46,1.49,0.0,0.0
20211218,Coimbatore,Mettupalayam,11.3,76.95,327.0,20.48,85.86,1.61,0.0,0.0
20211219,Coimbatore,Mettupalayam,11.3,76.95,327.0,19.39,83.98,1.7,0.0,0.0
20211220,Coimbatore,Mettupalayam,11.3,76.95,327.0,18.82,86.02,1.72,0.0,0.0
20211221,Coimbatore,Mettupalayam,11.3,76.95,327.0,19.85,83.72,1.3,0.0,0.0
20211222,Coimbatore,Mettupalayam,11.3,76.95,327.0,19.38,85.04,1.36,0.0,0.0
20211223,Coimbatore,Mettupalayam,11.3,76.95,327.0,19.31,83.11,1.33,0.0,0.0
20211224,Coimbatore,Mettupalayam,11.3,76.95,327.0,18.92,80.69,1.39,0.0,0.0
20211225,Coimbatore,Mettupalayam,11.3,76.95,327.0,19.41,84.11,1.44,0.0,0.0
20211226,Coimbatore,Mettupalayam,11.3,76.95,327.0,19.55,86.51,1.54,0.0,0.0
20211227,Coimbatore,Mettupalayam,11.3,76.95,327.0,19.83,87.22,1.68,0.0,0.0
20211228,Coimbatore,Mettupalayam,11.3,76.95,327.0,19.88,85.64,1.71,0.0,0.0
20211229,Coimbatore,Mettupalayam,11.3,76.95,327.0,20.0,85.85,1.61,0.0,0.0
20211230,Coimbatore,Mettupalayam,11.3,76.95,327.0,20.83,88.1,1.89,1.6,0.0
20211231,Coimbatore,Mettupalayam,11.3,76.95,327.0,22.31,89.51,2.82,4.73,0.0
20220101,Coimbatore,Mettupalayam,11.3,76.95,327.0,22.52,90.08,2.84,11.09,12.65793228149414
20220102,Coimbatore,Mettupalayam,11.3,76.95,327.0,21.82,88.86,2.7,1.93,0.0
20220103,Coimbatore,Mettupalayam,11.3,76.95,327.0,21.09,85.23,2.11,0.02,0.0
20220104,Coimbatore,Mettupalayam,11.3,76.95,327.0,21.31,86.91,1.87,0.0,0.0
20220105,Coimbatore,Mettupalayam,11.3,76.95,327.0,21.26,85.65,1.29,0.0,0.0
20220106,Coimbatore,Mettupalayam,11.3,76.95,327.0,20.95,87.12,1.61,0.0,0.0
20220107,Coimbatore,Mettupalayam,11.3,76.95,327.0,21.74,87.04,1.53,0.04,0.0
20220108,Coimbatore,Mettupalayam,11.3,76.95,327.0,21.77,87.73,1.75,0.08,5.019021987915039
20220109,Coimbatore,Mettupalayam,11.3,76.95,327.0,21.75,86.3,1.55,0.0,0.0
20220110,Coimbatore,Mettupalayam,11.3,76.95,327.0,21.33,83.69,1.33,0.0,0.0
20220111,Coimbatore,Mettupalayam,11.3,76.95,327.0,22.03,84.19,1.36,0.0,0.0
20220112,Coimbatore,Mettupalayam,11.3,76.95,327.0,22.74,82.33,0.75,0.0,0.0
20220113,Coimbatore,Mettupalayam,11.3,76.95,327.0,23.22,81.23,0.75,0.0,0.0
20220114,Coimbatore,Mettupalayam,11.3,76.95,327.0,23.36,79.28,0.82,0.0,0.0
20220115,Coimbatore,Mettupalayam,11.3,76.95,327.0,23.48,80.22,0.77,0.13,0.0
20220116,Coimbatore,Mettupalayam,11.3,76.95,327.0,22.75,85.38,1.84,3.95,7.168349742889404
20220117,Coimbatore,Mettupalayam,11.3,76.95,327.0,22.52,83.7,2.11,1.42,0.0
20220118,Coimbatore,Mettupalayam,11.3,76.95,327.0,21.77,82.0,2.03,0.01,0.0
20220119,Coimbatore,Mettupalayam,11.3,76.95,327.0,22.02,79.43,1.62,0.0,0.0
20220120,Coimbatore,Mettupalayam,11.3,76.95,327.0,22.32,70.7,0.92,0.0,0.0
20220121,Coimbatore,Mettupalayam,11.3,76.95,327.0,23.11,71.89,0.65,0.0,0.0
20220122,Coimbatore,Mettupalayam,11.3,76.95,327.0,23.51,77.08,1.15,0.0,0.0
20220123,Coimbatore,Mettupalayam,11.3,76.95,327.0,22.47,76.66,1.32,0.0,0.0
20220124,Coimbatore,Mettupalayam,11.3,76.95,327.0,22.17,71.48,0.87,0.0,0.0
20220125,Coimbatore,Mettupalayam,11.3,76.95,327.0,21.89,77.7,0.57,0.0,4.6914381980896
20220126,Coimbatore,Mettupalayam,11.3,76.95,327.0,22.8,80.44,0.6,0.37,0.0
20220127,Coimbatore,Mettupalayam,11.3,76.95,327.0,22.69,78.38,1.77,3.53,0.0
20220128,Coimbatore,Mettupalayam,11.3,76.95,327.0,22.47,77.75,2.7,0.9,0.0
20220129,Coimbatore,Mettupalayam,11.3,76.95,327.0,22.91,79.01,2.36,0.04,0.0
20220130,Coimbatore,Mettupalayam,11.3,76.95,327.0,24.04,77.82,1.39,0.0,0.0
20220131,Coimbatore,Mettupalayam,11.3,76.95,327.0,24.26,75.69,1.31,0.0,0.0
20220201,Coimbatore,Mettupalayam,11.3,76.95,327.0,24.16,76.85,1.42,0.03,0.0
20220202,Coimbatore,Mettupalayam,11.3,76.95,327.0,23.08,73.86,1.45,0.05,0.0
20220203,Coimbatore,Mettupalayam,11.3,76.95,327.0,22.72,71.57,0.9,0.0,0.0
20220204,Coimbatore,Mettupalayam,11.3,76.95,327.0,23.59,72.24,1.34,0.0,0.0
20220205,Coimbatore,Mettupalayam,11.3,76.95,327.0,23.98,70.5,0.67,0.0,0.0
20220206,Coimbatore,Mettupalayam,11.3,76.95,327.0,23.91,73.92,1.59,0.0,0.0
20220207,Coimbatore,Mettupalayam,11.3,76.95,327.0,23.64,73.94,1.43,0.0,11.896472930908203
20220208,Coimbatore,Mettupalayam,11.3,76.95,327.0,23.49,71.88,1.38,0.0,0.0
20220209,Coimbatore,Mettupalayam,11.3,76.95,327.0,22.68,68.75,1.93,0.01,0.0
20220210,Coimbatore,Mettupalayam,11.3,76.95,327.0,22.36,58.18,1.73,0.0,0.0
20220211,Coimbatore,Mettupalayam,11.3,76.95,327.0,23.18,67.23,2.25,0.33,0.0
20220212,Coimbatore,Mettupalayam,11.3,76.95,327.0,22.67,76.87,1.99,1.44,0.0
20220213,Coimbatore,Mettupalayam,11.3,76.95,327.0,23.38,71.66,1.97,0.11,0.0
20220214,Coimbatore,Mettupalayam,11.3,76.95,327.0,23.66,70.21,1.92,0.04,0.0
20220215,Coimbatore,Mettupalayam,11.3,76.95,327.0,24.0,70.47,1.49,0.17,0.0
20220216,Coimbatore,Mettupalayam,11.3,76.95,327.0,24.14,69.03,1.11,0.16,2.6922824382781982
20220217,Coimbatore,Mettupalayam,11.3,76.95,327.0,24.44,63.76,1.23,0.02,0.0
20220218,Coimbatore,Mettupalayam,11.3,76.95,327.0,24.15,65.09,1.93,0.0,0.0
20220219,Coimbatore,Mettupalayam,11.3,76.95,327.0,24.25,65.13,2.21,0.0,0.0
20220220,Coimbatore,Mettupalayam,11.3,76.95,327.0,25.36,64.75,1.24,0.0,0.0
20220221,Coimbatore,Mettupalayam,11.3,76.95,327.0,26.59,63.88,0.5,0.0,0.0
20220222,Coimbatore,Mettupalayam,11.3,76.95,327.0,26.58,64.44,1.22,0.0,2.575483798980713
20220223,Coimbatore,Mettupalayam,11.3,76.95,327.0,24.75,60.88,2.31,0.04,0.0
20220224,Coimbatore,Mettupalayam,11.3,76.95,327.0,23.91,60.17,2.02,0.16,0.0
20220225,Coimbatore,Mettupalayam,11.3,76.95,327.0,24.42,57.28,2.03,0.0,0.0
20220226,Coimbatore,Mettupalayam,11.3,76.95,327.0,23.85,58.05,1.97,0.0,0.0
20220227,Coimbatore,Mettupalayam,11.3,76.95,327.0,25.43,62.19,2.27,0.12,0.0
20220228,Coimbatore,Mettupalayam,11.3,76.95,327.0,24.42,56.38,2.17,0.03,0.0
20220301,Coimbatore,Mettupalayam,11.3,76.95,327.0,24.69,54.68,2.07,0.0,0.0
20220302,Coimbatore,Mettupalayam,11.3,76.95,327.0,24.15,47.39,2.22,0.0,0.0
20220303,Coimbatore,Mettupalayam,11.3,76.95,327.0,23.97,50.34,2.32,0.0,0.0
20220304,Coimbatore,Mettupalayam,11.3,76.95,327.0,25.43,46.35,1.83,0.0,0.0
20220305,Coimbatore,Mettupalayam,11.3,76.95,327.0,26.37,55.81,1.79,0.0,9.037776947021484
20220306,Coimbatore,Mettupalayam,11.3,76.95,327.0,26.78,55.18,2.09,0.09,0.0
20220307,Coimbatore,Mettupalayam,11.3,76.95,327.0,25.24,60.98,2.1,0.99,6.790526866912842
20220308,Coimbatore,Mettupalayam,11.3,76.95,327.0,26.06,65.66,1.75,1.33,0.0
20220309,Coimbatore,Mettupalayam,11.3,76.95,327.0,26.89,53.53,1.71,0.22,0.0
20220310,Coimbatore,Mettupalayam,11.3,76.95,327.0,26.37,46.1,1.76,0.0,0.0
20220311,Coimbatore,Mettupalayam,11.3,76.95,327.0,26.37,44.31,2.13,0.0,0.0
20220312,Coimbatore,Mettupalayam,11.3,76.95,327.0,26.21,41.77,2.14,0.0,0.0
20220313,Coimbatore,Mettupalayam,11.3,76.95,327.0,26.1,43.43,2.49,0.0,8.455072402954102
20220314,Coimbatore,Mettupalayam,11.3,76.95,327.0,27.03,43.53,1.98,0.0,0.0
20220315,Coimbatore,Mettupalayam,11.3,76.95,327.0,27.86,45.22,1.28,0.02,0.0
20220316,Coimbatore,Mettupalayam,11.3,76.95,327.0,28.68,54.88,1.05,0.3,0.0
20220317,Coimbatore,Mettupalayam,11.3,76.95,327.0,28.86,50.2,1.29,0.07,0.0
20220318,Coimbatore,Mettupalayam,11.3,76.95,327.0,29.0,49.32,1.22,0.18,0.0
20220319,Coimbatore,Mettupalayam,11.3,76.95,327.0,27.99,61.31,2.04,0.45,0.0
20220320,Coimbatore,Mettupalayam,11.3,76.95,327.0,27.27,64.32,2.37,1.04,3.800560474395752
20220321,Coimbatore,Mettupalayam,11.3,76.95,327.0,27.5,64.9,2.05,3.49,0.0
20220322,Coimbatore,Mettupalayam,11.3,76.95,327.0,27.73,66.51,1.46,2.79,0.0
20220323,Coimbatore,Mettupalayam,11.3,76.95,327.0,27.53,70.28,0.9,17.81,0.0
20220324,Coimbatore,Mettupalayam,11.3,76.95,327.0,27.03,72.43,0.82,5.56,0.0
20220325,Coimbatore,Mettupalayam,11.3,76.95,327.0,27.07,72.22,0.83,3.78,0.0
20220326,Coimbatore,Mettupalayam,11.3,76.95,327.0,27.54,71.68,0.78,2.76,0.0
20220327,Coimbatore,Mettupalayam,11.3,76.95,327.0,27.86,69.37,0.71,1.02,0.0
20220328,Coimbatore,Mettupalayam,11.3,76.95,327.0,28.35,66.76,1.37,0.45,0.0
20220329,Coimbatore,Mettupalayam,11.3,76.95,327.0,28.27,69.44,1.02,0.86,0.0
20220330,Coimbatore,Mettupalayam,11.3,76.95,327.0,28.45,67.78,1.12,1.63,0.0
20220331,Coimbatore,Mettupalayam,11.3,76.95,327.0,28.63,64.12,1.06,0.2,0.0
20220401,Coimbatore,Mettupalayam,11.3,76.95,327.0,28.03,67.56,1.26,0.67,2.7661380767822266
20220402,Coimbatore,Mettupalayam,11.3,76.95,327.0,28.04,67.12,1.07,1.08,0.0
20220403,Coimbatore,Mettupalayam,11.3,76.95,327.0,28.16,65.62,1.19,0.98,0.0
20220404,Coimbatore,Mettupalayam,11.3,76.95,327.0,28.32,61.05,1.68,0.12,0.0
20220405,Coimbatore,Mettupalayam,11.3,76.95,327.0,28.23,58.47,1.51,0.23,0.0
20220406,Coimbatore,Mettupalayam,11.3,76.95,327.0,27.63,64.74,1.03,3.89,0.0
20220407,Coimbatore,Mettupalayam,11.3,76.95,327.0,28.89,62.06,1.07,0.56,0.0
20220408,Coimbatore,Mettupalayam,11.3,76.95,327.0,27.79,68.55,0.67,9.91,7.334409236907959
20220409,Coimbatore,Mettupalayam,11.3,76.95,327.0,26.76,74.98,0.78,9.82,22.00322723388672
20220410,Coimbatore,Mettupalayam,11.3,76.95,327.0,26.76,72.47,1.28,1.87,0.0
20220411,Coimbatore,Mettupalayam,11.3,76.95,327.0,27.54,69.6,1.0,3.98,7.410858631134033
20220412,Coimbatore,Mettupalayam,11.3,76.95,327.0,27.33,71.88,0.59,8.64,14.821717262268066
20220413,Coimbatore,Mettupalayam,11.3,76.95,327.0,26.53,76.08,1.15,12.15,11.116288185119627
20220414,Coimbatore,Mettupalayam,11.3,76.95,327.0,25.02,77.59,0.94,16.84,11.116288185119627
20220415,Coimbatore,Mettupalayam,11.3,76.95,327.0,26.89,70.56,1.27,1.64,7.410858631134033
20220416,Coimbatore,Mettupalayam,11.3,76.95,327.0,26.6,77.63,1.87,3.32,0.0
20220417,Coimbatore,Mettupalayam,11.3,76.95,327.0,26.83,78.08,1.66,7.18,3.826856851577759
20220418,Coimbatore,Mettupalayam,11.3,76.95,327.0,26.39,75.64,1.67,2.48,3.826856851577759
20220419,Coimbatore,Mettupalayam,11.3,76.95,327.0,25.93,76.76,1.11,1.41,0.0
20220420,Coimbatore,Mettupalayam,11.3,76.95,327.0,28.01,67.22,0.82,0.0,0.0
20220421,Coimbatore,Mettupalayam,11.3,76.95,327.0,27.45,72.86,1.07,0.0,3.7502944469451904
20220422,Coimbatore,Mettupalayam,11.3,76.95,327.0,26.85,74.01,1.14,1.71,3.7502944469451904
20220423,Coimbatore,Mettupalayam,11.3,76.95,327.0,25.95,76.07,1.19,21.38,7.500588893890381
20220424,Coimbatore,Mettupalayam,11.3,76.95,327.0,27.63,66.82,1.22,0.4,0.0
20220425,Coimbatore,Mettupalayam,11.3,76.95,327.0,27.72,66.71,0.74,0.1,0.0
20220426,Coimbatore,Mettupalayam,11.3,76.95,327.0,28.35,68.75,0.91,0.0,0.0
20220427,Coimbatore,Mettupalayam,11.3,76.95,327.0,27.95,68.4,1.03,0.01,0.0
20220428,Coimbatore,Mettupalayam,11.3,76.95,327.0,27.95,70.89,0.94,0.15,0.0
20220429,Coimbatore,Mettupalayam,11.3,76.95,327.0,28.52,72.37,1.35,1.12,2.1075942516326904
20220430,Coimbatore,Mettupalayam,11.3,76.95,327.0,28.2,71.49,1.7,0.57,0.0
20220501,Coimbatore,Mettupalayam,11.3,76.95,327.0,27.26,75.71,1.88,3.57,4.483150482177734
20220502,Coimbatore,Mettupalayam,11.3,76.95,327.0,27.51,73.86,2.18,2.58,10.247201919555664
20220503,Coimbatore,Mettupalayam,11.3,76.95,327.0,26.68,80.02,0.98,5.67,4.483150482177734
20220504,Coimbatore,Mettupalayam,11.3,76.95,327.0,28.12,72.26,1.3,3.6,8.966300964355469
20220505,Coimbatore,Mettupalayam,11.3,76.95,327.0,26.48,77.92,1.69,2.26,0.0
20220506,Coimbatore,Mettupalayam,11.3,76.95,327.0,26.51,67.82,1.19,0.18,0.0
20220507,Coimbatore,Mettupalayam,11.3,76.95,327.0,26.91,75.54,1.78,3.34,2.9001314640045166
20220508,Coimbatore,Mettupalayam,11.3,76.95,327.0,27.5,74.54,1.48,4.03,5.800262928009033
20220509,Coimbatore,Mettupalayam,11.3,76.95,327.0,26.36,82.9,2.54,4.57,0.0
20220510,Coimbatore,Mettupalayam,11.3,76.95,327.0,26.02,79.02,3.14,3.69,14.500657081604004
20220511,Coimbatore,Mettupalayam,11.3,76.95,327.0,25.85,77.6,3.8,2.28,6.206580638885498
20220512,Coimbatore,Mettupalayam,11.3,76.95,327.0,25.0,79.78,3.38,4.21,6.206580638885498
20220513,Coimbatore,Mettupalayam,11.3,76.95,327.0,25.1,79.04,3.02,4.86,12.413161277770996
20220514,Coimbatore,Mettupalayam,11.3,76.95,327.0,24.21,85.78,2.87,13.48,6.206580638885498
20220515,Coimbatore,Mettupalayam,11.3,76.95,327.0,24.25,90.64,2.28,12.85,18.619741439819336
20220516,Coimbatore,Mettupalayam,11.3,76.95,327.0,24.55,89.07,2.53,7.02,13.94405460357666
20220517,Coimbatore,Mettupalayam,11.3,76.95,327.0,25.34,82.61,1.67,12.99,13.94405460357666
20220518,Coimbatore,Mettupalayam,11.3,76.95,327.0,25.01,84.95,2.54,10.05,18.592071533203125
20220519,Coimbatore,Mettupalayam,11.3,76.95,327.0,23.92,85.75,3.51,6.17,4.648017883300781
20220520,Coimbatore,Mettupalayam,11.3,76.95,327.0,24.35,83.04,3.13,4.39,0.0
20220521,Coimbatore,Mettupalayam,11.3,76.95,327.0,24.54,81.04,3.0,3.69,0.0
20220522,Coimbatore,Mettupalayam,11.3,76.95,327.0,24.91,81.7,3.17,0.87,0.0
20220523,Coimbatore,Mettupalayam,11.3,76.95,327.0,25.88,83.06,2.69,3.9,0.0
20220524,Coimbatore,Mettupalayam,11.3,76.95,327.0,26.59,81.16,1.92,3.77,0.0
20220525,Coimbatore,Mettupalayam,11.3,76.95,327.0,26.27,82.53,1.24,8.39,7.992142200469971
20220526,Coimbatore,Mettupalayam,11.3,76.95,327.0,24.6,85.61,2.11,5.36,3.999046802520752
20220527,Coimbatore,Mettupalayam,11.3,76.95,327.0,24.33,85.25,2.13,3.11,7.998093605041504
20220528,Coimbatore,Mettupalayam,11.3,76.95,327.0,24.5,86.47,2.34,2.32,0.0
20220529,Coimbatore,Mettupalayam,11.3,76.95,327.0,25.0,81.48,2.25,5.39,0.0
20220530,Coimbatore,Mettupalayam,11.3,76.95,327.0,25.26,80.44,2.37,3.1,3.999046802520752
20220531,Coimbatore,Mettupalayam,11.3,76.95,327.0,25.12,81.74,2.44,4.16,7.998093605041504
20220601,Coimbatore,Mettupalayam,11.3,76.95,327.0,24.68,85.2,2.69,5.42,0.0
20220602,Coimbatore,Mettupalayam,11.3,76.95,327.0,24.52,84.41,2.06,1.91,0.0
20220603,Coimbatore,Mettupalayam,11.3,76.95,327.0,24.71,81.78,2.33,0.25,0.0
20220604,Coimbatore,Mettupalayam,11.3,76.95,327.0,25.74,80.04,1.31,0.38,0.0
20220605,Coimbatore,Mettupalayam,11.3,76.95,327.0,25.32,83.79,1.81,6.58,11.869019508361816
20220606,Coimbatore,Mettupalayam,11.3,76.95,327.0,25.79,79.74,1.25,4.41,3.1759278774261475
20220607,Coimbatore,Mettupalayam,11.3,76.95,327.0,24.95,85.77,1.83,1.33,1.5879639387130735
20220608,Coimbatore,Mettupalayam,11.3,76.95,327.0,25.06,81.85,2.7,0.25,0.0
20220609,Coimbatore,Mettupalayam,11.3,76.95,327.0,25.31,80.36,2.63,0.94,0.0
20220610,Coimbatore,Mettupalayam,11.3,76.95,327.0,24.57,83.57,2.78,3.24,0.0
20220611,Coimbatore,Mettupalayam,11.3,76.95,327.0,24.74,79.73,2.78,2.84,0.0
20220612,Coimbatore,Mettupalayam,11.3,76.95,327.0,23.47,81.72,2.43,6.5,0.0
20220613,Coimbatore,Mettupalayam,11.3,76.95,327.0,24.34,81.54,2.28,5.32,0.0
20220614,Coimbatore,Mettupalayam,11.3,76.95,327.0,24.43,84.29,2.55,5.45,4.840582370758057
20220615,Coimbatore,Mettupalayam,11.3,76.95,327.0,24.34,84.18,1.96,4.19,3.2270545959472656
20220616,Coimbatore,Mettupalayam,11.3,76.95,327.0,24.18,86.71,1.15,11.7,1.4190621376037598
20220617,Coimbatore,Mettupalayam,11.3,76.95,327.0,23.08,85.37,1.55,15.71,1.6653234958648682
20220618,Coimbatore,Mettupalayam,11.3,76.95,327.0,23.24,86.23,1.55,5.83,1.779899001121521
20220619,Coimbatore,Mettupalayam,11.3,76.95,327.0,23.79,86.51,1.83,5.24,0.9275386929512024
20220620,Coimbatore,Mettupalayam,11.3,76.95,327.0,24.17,82.22,2.19,1.92,1.1067413091659546
20220621,Coimbatore,Mettupalayam,11.3,76.95,327.0,24.28,84.2,2.38,2.04,2.520638465881348
20220622,Coimbatore,Mettupalayam,11.3,76.95,327.0,24.03,83.97,2.25,1.08,2.520638465881348
20220623,Coimbatore,Mettupalayam,11.3,76.95,327.0,24.08,81.43,2.2,1.89,0.0
20220624,Coimbatore,Mettupalayam,11.3,76.95,327.0,23.8,84.47,2.92,4.69,0.0
20220625,Coimbatore,Mettupalayam,11.3,76.95,327.0,23.8,83.34,3.72,4.3,0.840212881565094
20220626,Coimbatore,Mettupalayam,11.3,76.95,327.0,24.48,82.6,3.47,1.31,0.0
20220627,Coimbatore,Mettupalayam,11.3,76.95,327.0,24.79,82.84,2.97,2.44,0.0
20220628,Coimbatore,Mettupalayam,11.3,76.95,327.0,24.25,84.29,2.61,4.38,0.0
20220629,Coimbatore,Mettupalayam,11.3,76.95,327.0,24.28,85.05,2.67,2.22,0.0
20220630,Coimbatore,Mettupalayam,11.3,76.95,327.0,23.77,86.68,3.09,22.15,0.0
20220701,Coimbatore,Mettupalayam,11.3,76.95,327.0,24.25,84.38,3.07,4.23,0.0
20220702,Coimbatore,Mettupalayam,11.3,76.95,327.0,23.64,86.45,2.96,1.98,5.06062126159668
20220703,Coimbatore,Mettupalayam,11.3,76.95,327.0,23.54,85.44,3.63,3.88,0.0
20220704,Coimbatore,Mettupalayam,11.3,76.95,327.0,23.52,83.95,4.39,4.71,0.0
20220705,Coimbatore,Mettupalayam,11.3,76.95,327.0,22.85,85.24,4.39,8.42,0.0
20220706,Coimbatore,Mettupalayam,11.3,76.95,327.0,23.22,85.95,3.59,7.39,0.0
20220707,Coimbatore,Mettupalayam,11.3,76.95,327.0,22.81,84.85,3.64,10.69,0.0
20220708,Coimbatore,Mettupalayam,11.3,76.95,327.0,23.34,83.55,3.87,8.35,0.0
20220709,Coimbatore,Mettupalayam,11.3,76.95,327.0,22.63,87.79,3.81,6.91,5.483466148376465
20220710,Coimbatore,Mettupalayam,11.3,76.95,327.0,23.28,85.83,4.27,9.88,0.0
20220711,Coimbatore,Mettupalayam,11.3,76.95,327.0,23.17,85.74,4.19,6.72,0.0
20220712,Coimbatore,Mettupalayam,11.3,76.95,327.0,22.84,86.14,4.13,9.02,0.0
20220713,Coimbatore,Mettupalayam,11.3,76.95,327.0,23.1,86.14,4.71,9.56,0.0
20220714,Coimbatore,Mettupalayam,11.3,76.95,327.0,23.48,85.09,4.91,8.13,0.0
20220715,Coimbatore,Mettupalayam,11.3,76.95,327.0,23.79,85.59,3.95,9.15,0.0
20220716,Coimbatore,Mettupalayam,11.3,76.95,327.0,24.1,85.72,3.43,9.2,0.0
20220717,Coimbatore,Mettupalayam,11.3,76.95,327.0,24.22,83.67,3.29,9.38,2.1821234226226807
20220718,Coimbatore,Mettupalayam,11.3,76.95,327.0,22.82,85.47,2.89,12.8,2.1821234226226807
20220719,Coimbatore,Mettupalayam,11.3,76.95,327.0,23.81,84.72,2.04,3.42,0.0
20220720,Coimbatore,Mettupalayam,11.3,76.95,327.0,24.24,87.74,1.55,5.56,0.0
20220721,Coimbatore,Mettupalayam,11.3,76.95,327.0,24.24,86.73,1.96,12.88,7.461062908172607
20220722,Coimbatore,Mettupalayam,11.3,76.95,327.0,23.44,88.83,2.2,5.72,2.487020969390869
20220723,Coimbatore,Mettupalayam,11.3,76.95,327.0,23.28,86.53,2.59,1.78,7.461062908172607
20220724,Coimbatore,Mettupalayam,11.3,76.95,327.0,23.39,86.6,2.27,5.94,2.487020969390869
20220725,Coimbatore,Mettupalayam,11.3,76.95,327.0,24.46,82.74,1.77,2.75,0.0
20220726,Coimbatore,Mettupalayam,11.3,76.95,327.0,24.33,82.91,1.53,4.32,2.001902341842652
20220727,Coimbatore,Mettupalayam,11.3,76.95,327.0,24.2,86.17,0.53,12.95,2.001902341842652
20220728,Coimbatore,Mettupalayam,11.3,76.95,327.0,24.74,86.28,0.77,7.13,2.001902341842652
20220729,Coimbatore,Mettupalayam,11.3,76.95,327.0,25.45,80.31,1.04,19.51,0.0
20220730,Coimbatore,Mettupalayam,11.3,76.95,327.0,25.43,82.86,1.11,22.05,2.001902341842652
20220731,Coimbatore,Mettupalayam,11.3,76.95,327.0,23.93,86.4,1.67,11.95,6.005706787109375
20220801,Coimbatore,Mettupalayam,11.3,76.95,327.0,23.68,89.37,1.78,25.33,2.9263436794281006
20220802,Coimbatore,Mettupalayam,11.3,76.95,327.0,23.24,89.77,2.25,12.85,2.9263436794281006
20220803,Coimbatore,Mettupalayam,11.3,76.95,327.0,23.63,88.61,1.89,5.74,8.779031753540039
20220804,Coimbatore,Mettupalayam,11.3,76.95,327.0,22.83,93.9,3.77,30.57,8.779031753540039
20220805,Coimbatore,Mettupalayam,11.3,76.95,327.0,23.08,89.35,4.44,5.61,2.9263436794281006
20220806,Coimbatore,Mettupalayam,11.3,76.95,327.0,23.08,88.55,4.29,8.28,0.0
20220807,Coimbatore,Mettupalayam,11.3,76.95,327.0,23.16,89.29,4.5,9.86,0.0
20220808,Coimbatore,Mettupalayam,11.3,76.95,327.0,23.18,90.3,4.37,10.6,0.0
20220809,Coimbatore,Mettupalayam,11.3,76.95,327.0,23.29,87.92,4.51,6.08,0.0
20220810,Coimbatore,Mettupalayam,11.3,76.95,327.0,22.91,87.5,4.21,2.07,0.0
20220811,Coimbatore,Mettupalayam,11.3,76.95,327.0,23.29,86.9,3.88,3.84,0.0
20220812,Coimbatore,Mettupalayam,11.3,76.95,327.0,23.07,86.76,3.1,1.47,0.0
20220813,Coimbatore,Mettupalayam,11.3,76.95,327.0,22.85,87.61,1.98,0.03,0.0
20220814,Coimbatore,Mettupalayam,11.3,76.95,327.0,23.48,83.34,2.47,0.02,0.0
20220815,Coimbatore,Mettupalayam,11.3,76.95,327.0,24.32,84.14,1.6,0.0,0.0
20220816,Coimbatore,Mettupalayam,11.3,76.95,327.0,24.89,83.48,1.03,0.0,0.0
20220817,Coimbatore,Mettupalayam,11.3,76.95,327.0,24.71,85.73,1.6,0.03,0.0
20220818,Coimbatore,Mettupalayam,11.3,76.95,327.0,24.23,86.72,1.65,5.76,0.0
20220819,Coimbatore,Mettupalayam,11.3,76.95,327.0,23.9,87.7,2.12,5.71,4.428703308105469
20220820,Coimbatore,Mettupalayam,11.3,76.95,327.0,23.42,86.81,2.02,0.41,0.0
20220821,Coimbatore,Mettupalayam,11.3,76.95,327.0,23.49,88.06,2.48,3.06,2.77070689201355
20220822,Coimbatore,Mettupalayam,11.3,76.95,327.0,23.82,87.71,3.13,8.28,8.31212043762207
20220823,Coimbatore,Mettupalayam,11.3,76.95,327.0,23.3,88.41,2.94,3.41,5.5414137840271
20220824,Coimbatore,Mettupalayam,11.3,76.95,327.0,23.07,88.28,2.51,4.19,5.5414137840271
20220825,Coimbatore,Mettupalayam,11.3,76.95,327.0,23.29,88.6,1.37,9.98,5.5414137840271
20220826,Coimbatore,Mettupalayam,11.3,76.95,327.0,22.82,90.73,2.21,25.36,12.197139739990234
20220827,Coimbatore,Mettupalayam,11.3,76.95,327.0,22.08,90.85,2.56,10.07,4.065713405609131
20220828,Coimbatore,Mettupalayam,11.3,76.95,327.0,23.05,88.11,1.73,8.18,12.197139739990234
20220829,Coimbatore,Mettupalayam,11.3,76.95,327.0,22.83,93.31,1.83,9.02,4.065713405609131
20220830,Coimbatore,Mettupalayam,11.3,76.95,327.0,23.57,90.91,0.85,37.5,0.0
20220831,Coimbatore,Mettupalayam,11.3,76.95,327.0,23.66,87.49,0.9,32.94,8.131426811218262
20220901,Coimbatore,Mettupalayam,11.3,76.95,327.0,23.52,87.64,0.61,8.33,4.8628830909729
20220902,Coimbatore,Mettupalayam,11.3,76.95,327.0,24.18,88.07,1.37,1.57,0.0
20220903,Coimbatore,Mettupalayam,11.3,76.95,327.0,24.65,86.86,1.28,1.74,0.0
20220904,Coimbatore,Mettupalayam,11.3,76.95,327.0,24.29,89.77,1.41,12.45,9.7257661819458
20220905,Coimbatore,Mettupalayam,11.3,76.95,327.0,24.48,89.92,1.47,20.19,2.43144154548645
20220906,Coimbatore,Mettupalayam,11.3,76.95,327.0,23.11,90.52,2.02,12.06,8.032470703125
20220907,Coimbatore,Mettupalayam,11.3,76.95,327.0,22.73,92.83,2.79,14.53,8.032470703125
20220908,Coimbatore,Mettupalayam,11.3,76.95,327.0,22.81,90.54,2.81,3.92,0.0
20220909,Coimbatore,Mettupalayam,11.3,76.95,327.0,23.01,91.18,2.81,8.19,0.0
20220910,Coimbatore,Mettupalayam,11.3,76.95,327.0,23.17,90.84,3.07,7.63,4.0162353515625
20220911,Coimbatore,Mettupalayam,11.3,76.95,327.0,23.1,91.07,3.24,7.37,0.0
20220912,Coimbatore,Mettupalayam,11.3,76.95,327.0,23.16,89.67,3.37,2.51,0.0
20220913,Coimbatore,Mettupalayam,11.3,76.95,327.0,23.26,89.58,2.59,3.2,0.0
20220914,Coimbatore,Mettupalayam,11.3,76.95,327.0,23.55,90.15,1.92,3.39,1.9191856384277344
20220915,Coimbatore,Mettupalayam,11.3,76.95,327.0,23.48,87.91,1.99,0.13,0.0
20220916,Coimbatore,Mettupalayam,11.3,76.95,327.0,23.58,88.54,1.73,0.21,0.0
20220917,Coimbatore,Mettupalayam,11.3,76.95,327.0,23.62,88.93,1.71,0.56,0.0
20220918,Coimbatore,Mettupalayam,11.3,76.95,327.0,23.79,88.05,1.85,1.81,0.9221668243408204
20220919,Coimbatore,Mettupalayam,11.3,76.95,327.0,23.43,89.78,2.18,0.48,0.9221668243408204
20220920,Coimbatore,Mettupalayam,11.3,76.95,327.0,23.29,87.55,1.89,0.02,0.0
20220921,Coimbatore,Mettupalayam,11.3,76.95,327.0,23.55,87.33,2.08,0.0,0.0
20220922,Coimbatore,Mettupalayam,11.3,76.95,327.0,23.25,86.13,2.28,0.01,0.0
20220923,Coimbatore,Mettupalayam,11.3,76.95,327.0,23.25,86.65,2.03,0.01,0.0
20220924,Coimbatore,Mettupalayam,11.3,76.95,327.0,23.28,87.17,1.69,0.19,1.533996820449829
20220925,Coimbatore,Mettupalayam,11.3,76.95,327.0,24.21,83.44,1.43,3.43,1.533996820449829
20220926,Coimbatore,Mettupalayam,11.3,76.95,327.0,24.4,86.72,1.48,2.67,3.344599723815918
20220927,Coimbatore,Mettupalayam,11.3,76.95,327.0,23.71,85.33,1.41,0.0,0.0
20220928,Coimbatore,Mettupalayam,11.3,76.95,327.0,23.78,85.07,1.91,0.34,1.6430619955062866
20220929,Coimbatore,Mettupalayam,11.3,76.95,327.0,23.1,88.45,1.68,0.17,4.085018634796143
20220930,Coimbatore,Mettupalayam,11.3,76.95,327.0,22.95,89.0,2.24,1.79,0.0513716451823711
20221001,Coimbatore,Mettupalayam,11.3,76.95,327.0,22.1,85.55,2.3,1.17,0.0
20221002,Coimbatore,Mettupalayam,11.3,76.95,327.0,23.0,86.99,2.09,14.63,10.541414260864258
20221003,Coimbatore,Mettupalayam,11.3,76.95,327.0,23.49,88.15,2.15,5.28,0.0
20221004,Coimbatore,Mettupalayam,11.3,76.95,327.0,23.64,89.58,1.73,1.82,5.270707130432129
20221005,Coimbatore,Mettupalayam,11.3,76.95,327.0,22.91,90.21,2.17,2.36,5.270707130432129
20221006,Coimbatore,Mettupalayam,11.3,76.95,327.0,22.79,87.62,2.07,0.19,9.79364776611328
20221007,Coimbatore,Mettupalayam,11.3,76.95,327.0,22.93,85.22,1.78,0.08,0.0
20221008,Coimbatore,Mettupalayam,11.3,76.95,327.0,22.84,81.34,1.21,0.09,4.896823883056641
20221009,Coimbatore,Mettupalayam,11.3,76.95,327.0,23.62,88.71,0.92,10.53,14.690472602844238
20221010,Coimbatore,Mettupalayam,11.3,76.95,327.0,22.93,89.13,1.55,19.09,14.690472602844238
20221011,Coimbatore,Mettupalayam,11.3,76.95,327.0,24.06,84.44,0.81,6.83,19.5832633972168
20221012,Coimbatore,Mettupalayam,11.3,76.95,327.0,24.3,86.24,0.75,4.13,0.0
20221013,Coimbatore,Mettupalayam,11.3,76.95,327.0,24.18,88.44,0.79,5.59,4.895815849304199
20221014,Coimbatore,Mettupalayam,11.3,76.95,327.0,23.7,88.37,1.56,6.18,14.687447547912598
20221015,Coimbatore,Mettupalayam,11.3,76.95,327.0,22.95,89.46,0.63,6.88,14.687447547912598
20221016,Coimbatore,Mettupalayam,11.3,76.95,327.0,23.81,88.56,1.02,11.71,11.42728328704834
20221017,Coimbatore,Mettupalayam,11.3,76.95,327.0,24.05,89.9,1.12,4.53,11.42728328704834
20221018,Coimbatore,Mettupalayam,11.3,76.95,327.0,22.87,93.68,1.26,9.35,5.71364164352417
20221019,Coimbatore,Mettupalayam,11.3,76.95,327.0,23.34,86.81,0.96,5.32,5.71364164352417
20221020,Coimbatore,Mettupalayam,11.3,76.95,327.0,23.57,90.09,0.94,17.81,17.140926361083984
20221021,Coimbatore,Mettupalayam,11.3,76.95,327.0,23.8,87.34,1.02,9.43,29.1662654876709
20221022,Coimbatore,Mettupalayam,11.3,76.95,327.0,24.23,82.66,1.01,0.89,0.0
20221023,Coimbatore,Mettupalayam,11.3,76.95,327.0,24.15,85.99,0.89,1.67,0.0
20221024,Coimbatore,Mettupalayam,11.3,76.95,327.0,23.66,88.78,1.04,1.31,0.0
20221025,Coimbatore,Mettupalayam,11.3,76.95,327.0,23.85,83.48,0.85,0.05,0.0
20221026,Coimbatore,Mettupalayam,11.3,76.95,327.0,23.36,74.18,0.84,0.0,0.0
20221027,Coimbatore,Mettupalayam,11.3,76.95,327.0,22.8,72.91,1.06,0.0,0.0
20221028,Coimbatore,Mettupalayam,11.3,76.95,327.0,22.84,78.37,1.18,0.55,0.0
20221029,Coimbatore,Mettupalayam,11.3,76.95,327.0,23.43,85.28,1.34,1.86,0.0
20221030,Coimbatore,Mettupalayam,11.3,76.95,327.0,23.61,85.64,1.49,3.21,0.0
20221031,Coimbatore,Mettupalayam,11.3,76.95,327.0,23.57,85.14,1.14,0.75,0.0
20221101,Coimbatore,Mettupalayam,11.3,76.95,327.0,22.35,90.73,0.98,5.24,33.96109771728516
20221102,Coimbatore,Mettupalayam,11.3,76.95,327.0,22.43,88.76,1.01,4.91,0.0
20221103,Coimbatore,Mettupalayam,11.3,76.95,327.0,22.6,86.39,1.44,11.94,0.0
20221104,Coimbatore,Mettupalayam,11.3,76.95,327.0,22.8,87.92,2.08,8.32,0.0
20221105,Coimbatore,Mettupalayam,11.3,76.95,327.0,22.4,87.0,1.88,3.16,0.0
20221106,Coimbatore,Mettupalayam,11.3,76.95,327.0,22.63,89.6,1.52,5.93,0.0
20221107,Coimbatore,Mettupalayam,11.3,76.95,327.0,23.23,86.16,1.54,0.43,0.0
20221108,Coimbatore,Mettupalayam,11.3,76.95,327.0,23.58,85.21,1.61,0.55,0.0
20221109,Coimbatore,Mettupalayam,11.3,76.95,327.0,23.57,84.5,1.53,0.59,0.0
20221110,Coimbatore,Mettupalayam,11.3,76.95,327.0,23.77,81.02,1.34,2.48,0.0
20221111,Coimbatore,Mettupalayam,11.3,76.95,327.0,22.43,88.74,0.92,26.67,80.1206283569336
20221112,Coimbatore,Mettupalayam,11.3,76.95,327.0,22.04,92.97,1.55,30.24,45.7832145690918
20221113,Coimbatore,Mettupalayam,11.3,76.95,327.0,22.29,92.76,2.45,5.81,0.0
20221114,Coimbatore,Mettupalayam,11.3,76.95,327.0,22.15,89.78,1.53,5.6,0.0
20221115,Coimbatore,Mettupalayam,11.3,76.95,327.0,22.45,89.51,1.35,0.56,0.0
20221116,Coimbatore,Mettupalayam,11.3,76.95,327.0,23.13,87.34,0.85,0.31,0.0
20221117,Coimbatore,Mettupalayam,11.3,76.95,327.0,23.28,81.73,0.8,0.06,0.0
20221118,Coimbatore,Mettupalayam,11.3,76.95,327.0,21.32,73.13,1.18,0.0,0.0
20221119,Coimbatore,Mettupalayam,11.3,76.95,327.0,20.33,77.82,1.36,0.0,0.0
20221120,Coimbatore,Mettupalayam,11.3,76.95,327.0,21.38,73.56,0.84,0.0,0.0
20221121,Coimbatore,Mettupalayam,11.3,76.95,327.0,22.64,73.38,0.67,0.0,0.0
20221122,Coimbatore,Mettupalayam,11.3,76.95,327.0,22.1,78.18,0.7,0.09,0.0
20221123,Coimbatore,Mettupalayam,11.3,76.95,327.0,22.31,87.32,1.18,0.73,0.0
20221124,Coimbatore,Mettupalayam,11.3,76.95,327.0,23.29,86.58,0.65,0.43,0.0
20221125,Coimbatore,Mettupalayam,11.3,76.95,327.0,23.26,86.25,1.57,0.14,0.0
20221126,Coimbatore,Mettupalayam,11.3,76.95,327.0,22.63,87.71,1.32,0.56,0.0
20221127,Coimbatore,Mettupalayam,11.3,76.95,327.0,23.49,88.34,0.91,7.43,0.0
20221128,Coimbatore,Mettupalayam,11.3,76.95,327.0,23.53,88.0,0.63,4.86,0.0
20221129,Coimbatore,Mettupalayam,11.3,76.95,327.0,23.2,89.44,1.12,5.23,0.0
20221130,Coimbatore,Mettupalayam,11.3,76.95,327.0,21.89,84.49,1.4,0.99,0.0
20221201,Coimbatore,Mettupalayam,11.3,76.95,327.0,22.07,86.24,1.57,0.46,0.0
20221202,Coimbatore,Mettupalayam,11.3,76.95,327.0,23.38,86.05,1.59,0.27,0.0
20221203,Coimbatore,Mettupalayam,11.3,76.95,327.0,23.15,86.09,1.92,1.18,0.0
20221204,Coimbatore,Mettupalayam,11.3,76.95,327.0,22.96,88.8,1.81,7.26,21.33957290649414
20221205,Coimbatore,Mettupalayam,11.3,76.95,327.0,21.64,89.13,1.78,0.94,21.33957290649414
20221206,Coimbatore,Mettupalayam,11.3,76.95,327.0,22.85,83.21,1.36,0.0,0.0
20221207,Coimbatore,Mettupalayam,11.3,76.95,327.0,22.11,78.31,0.91,0.0,0.0
20221208,Coimbatore,Mettupalayam,11.3,76.95,327.0,21.45,72.3,0.82,1.15,37.70903396606445
20221209,Coimbatore,Mettupalayam,11.3,76.95,327.0,19.97,88.9,1.31,10.44,0.0
20221210,Coimbatore,Mettupalayam,11.3,76.95,327.0,21.41,88.58,2.53,10.29,0.0
20221211,Coimbatore,Mettupalayam,11.3,76.95,327.0,22.3,92.18,2.3,9.16,0.0
20221212,Coimbatore,Mettupalayam,11.3,76.95,327.0,22.81,90.47,1.65,10.54,0.0
20221213,Coimbatore,Mettupalayam,11.3,76.95,327.0,23.02,88.04,0.98,18.86,42.41515350341797
20221214,Coimbatore,Mettupalayam,11.3,76.95,327.0,22.44,89.59,1.71,8.58,0.0
20221215,Coimbatore,Mettupalayam,11.3,76.95,327.0,21.85,84.1,1.64,0.31,0.0
20221216,Coimbatore,Mettupalayam,11.3,76.95,327.0,20.93,76.4,1.45,0.0,0.0
20221217,Coimbatore,Mettupalayam,11.3,76.95,327.0,21.29,83.34,1.67,0.0,0.0
20221218,Coimbatore,Mettupalayam,11.3,76.95,327.0,22.07,86.54,1.91,0.0,0.0
20221219,Coimbatore,Mettupalayam,11.3,76.95,327.0,21.4,78.92,1.74,0.0,0.0
20221220,Coimbatore,Mettupalayam,11.3,76.95,327.0,21.6,84.8,1.3,0.0,0.0
20221221,Coimbatore,Mettupalayam,11.3,76.95,327.0,22.32,77.17,1.42,0.0,0.0
20221222,Coimbatore,Mettupalayam,11.3,76.95,327.0,21.54,70.76,1.27,0.0,0.0
20221223,Coimbatore,Mettupalayam,11.3,76.95,327.0,22.19,72.43,1.03,0.0,0.0
20221224,Coimbatore,Mettupalayam,11.3,76.95,327.0,23.3,79.75,1.06,0.0,0.0
20221225,Coimbatore,Mettupalayam,11.3,76.95,327.0,23.19,83.95,1.77,8.83,18.497879028320312
20221226,Coimbatore,Mettupalayam,11.3,76.95,327.0,23.01,88.14,2.48,5.78,0.0
20221227,Coimbatore,Mettupalayam,11.3,76.95,327.0,22.77,87.52,2.44,1.91,0.0
20221228,Coimbatore,Mettupalayam,11.3,76.95,327.0,23.03,84.77,1.92,0.34,0.0
20221229,Coimbatore,Mettupalayam,11.3,76.95,327.0,22.49,82.92,1.83,0.0,0.0
20221230,Coimbatore,Mettupalayam,11.3,76.95,327.0,21.61,78.83,1.67,0.0,0.0
20221231,Coimbatore,Mettupalayam,11.3,76.95,327.0,21.55,74.48,1.31,0.0,0.0
20230101,Coimbatore,Mettupalayam,11.3,76.95,327.0,21.14,74.05,1.31,0.0,0.0
20230102,Coimbatore,Mettupalayam,11.3,76.95,327.0,20.62,76.86,1.84,0.0,0.0
20230103,Coimbatore,Mettupalayam,11.3,76.95,327.0,21.18,78.21,1.78,0.0,0.0
20230104,Coimbatore,Mettupalayam,11.3,76.95,327.0,21.42,77.24,1.81,0.0,0.0
20230105,Coimbatore,Mettupalayam,11.3,76.95,327.0,21.21,75.8,1.93,0.0,0.0
20230106,Coimbatore,Mettupalayam,11.3,76.95,327.0,21.47,77.32,2.14,0.0,0.0
20230107,Coimbatore,Mettupalayam,11.3,76.95,327.0,21.66,76.08,2.18,0.0,0.0
20230108,Coimbatore,Mettupalayam,11.3,76.95,327.0,22.23,77.8,1.75,0.01,0.0
20230109,Coimbatore,Mettupalayam,11.3,76.95,327.0,21.93,74.83,1.74,0.0,0.0
20230110,Coimbatore,Mettupalayam,11.3,76.95,327.0,20.16,67.41,1.92,0.0,0.0
20230111,Coimbatore,Mettupalayam,11.3,76.95,327.0,20.63,66.6,1.58,0.0,0.0
20230112,Coimbatore,Mettupalayam,11.3,76.95,327.0,20.63,65.49,1.58,0.0,0.0
20230113,Coimbatore,Mettupalayam,11.3,76.95,327.0,20.95,67.22,1.34,0.0,25.080434799194336
20230114,Coimbatore,Mettupalayam,11.3,76.95,327.0,21.07,66.81,1.31,0.0,0.0
20230115,Coimbatore,Mettupalayam,11.3,76.95,327.0,20.88,67.26,1.41,0.0,0.0
20230116,Coimbatore,Mettupalayam,11.3,76.95,327.0,21.04,66.36,1.53,0.0,0.0
20230117,Coimbatore,Mettupalayam,11.3,76.95,327.0,21.03,68.25,1.5,0.0,0.0
20230118,Coimbatore,Mettupalayam,11.3,76.95,327.0,20.89,70.57,1.88,0.0,0.0
20230119,Coimbatore,Mettupalayam,11.3,76.95,327.0,21.08,66.29,1.86,0.0,0.0
20230120,Coimbatore,Mettupalayam,11.3,76.95,327.0,20.72,72.48,2.05,0.0,0.0
20230121,Coimbatore,Mettupalayam,11.3,76.95,327.0,22.03,70.23,1.68,0.0,0.0
20230122,Coimbatore,Mettupalayam,11.3,76.95,327.0,21.85,67.43,1.82,0.0,0.0
20230123,Coimbatore,Mettupalayam,11.3,76.95,327.0,22.79,74.43,1.64,1.26,0.0
20230124,Coimbatore,Mettupalayam,11.3,76.95,327.0,22.93,81.9,1.45,4.34,0.0
20230125,Coimbatore,Mettupalayam,11.3,76.95,327.0,22.91,71.57,1.62,0.12,0.0
20230126,Coimbatore,Mettupalayam,11.3,76.95,327.0,22.03,68.68,1.64,0.0,0.0
20230127,Coimbatore,Mettupalayam,11.3,76.95,327.0,21.62,64.6,1.72,0.0,0.0
20230128,Coimbatore,Mettupalayam,11.3,76.95,327.0,21.49,59.44,1.79,0.0,0.0
20230129,Coimbatore,Mettupalayam,11.3,76.95,327.0,22.02,65.11,1.86,0.0,0.0
20230130,Coimbatore,Mettupalayam,11.3,76.95,327.0,23.68,74.82,1.34,0.25,0.0
20230131,Coimbatore,Mettupalayam,11.3,76.95,327.0,24.63,66.41,1.57,0.19,0.0
20230201,Coimbatore,Mettupalayam,11.3,76.95,327.0,24.41,58.13,1.72,0.0,0.0
20230202,Coimbatore,Mettupalayam,11.3,76.95,327.0,23.29,64.32,2.11,1.08,0.0
20230203,Coimbatore,Mettupalayam,11.3,76.95,327.0,23.89,71.46,1.94,2.16,11.896668434143066
20230204,Coimbatore,Mettupalayam,11.3,76.95,327.0,24.08,71.54,2.27,3.17,0.0
20230205,Coimbatore,Mettupalayam,11.3,76.95,327.0,24.15,59.18,1.77,0.03,0.0
20230206,Coimbatore,Mettupalayam,11.3,76.95,327.0,23.7,59.86,1.6,0.0,0.0
20230207,Coimbatore,Mettupalayam,11.3,76.95,327.0,24.02,58.24,1.21,0.0,0.0
20230208,Coimbatore,Mettupalayam,11.3,76.95,327.0,23.72,60.4,1.67,0.0,0.0
20230209,Coimbatore,Mettupalayam,11.3,76.95,327.0,23.69,60.96,1.59,0.0,0.0
20230210,Coimbatore,Mettupalayam,11.3,76.95,327.0,23.6,57.51,2.06,0.0,0.0
20230211,Coimbatore,Mettupalayam,11.3,76.95,327.0,23.25,56.29,1.71,0.0,0.0
20230212,Coimbatore,Mettupalayam,11.3,76.95,327.0,23.51,50.91,1.86,0.0,0.0
20230213,Coimbatore,Mettupalayam,11.3,76.95,327.0,23.36,50.3,2.18,0.0,4.612954616546631
20230214,Coimbatore,Mettupalayam,11.3,76.95,327.0,23.4,52.97,1.69,0.0,0.0
20230215,Coimbatore,Mettupalayam,11.3,76.95,327.0,23.94,49.49,1.67,0.0,0.0
20230216,Coimbatore,Mettupalayam,11.3,76.95,327.0,23.64,51.43,2.26,0.0,0.0
20230217,Coimbatore,Mettupalayam,11.3,76.95,327.0,23.43,54.66,2.01,0.0,0.0
20230218,Coimbatore,Mettupalayam,11.3,76.95,327.0,23.66,55.2,1.73,0.0,3.7865378856658936
20230219,Coimbatore,Mettupalayam,11.3,76.95,327.0,24.37,52.62,1.6,0.0,0.0
20230220,Coimbatore,Mettupalayam,11.3,76.95,327.0,25.39,51.35,1.15,0.0,0.0
20230221,Coimbatore,Mettupalayam,11.3,76.95,327.0,25.38,47.43,1.66,0.0,0.0
20230222,Coimbatore,Mettupalayam,11.3,76.95,327.0,25.15,42.65,2.13,0.0,0.0
20230223,Coimbatore,Mettupalayam,11.3,76.95,327.0,23.74,47.2,2.14,0.0,0.0
20230224,Coimbatore,Mettupalayam,11.3,76.95,327.0,25.18,51.24,1.58,0.0,0.0
20230225,Coimbatore,Mettupalayam,11.3,76.95,327.0,25.37,41.49,2.15,0.0,0.0
20230226,Coimbatore,Mettupalayam,11.3,76.95,327.0,24.58,41.77,2.38,0.0,0.0
20230227,Coimbatore,Mettupalayam,11.3,76.95,327.0,23.91,47.62,2.41,0.0,0.0
20230228,Coimbatore,Mettupalayam,11.3,76.95,327.0,24.59,51.23,2.39,0.01,0.0
20230301,Coimbatore,Mettupalayam,11.3,76.95,327.0,26.59,56.12,3.12,0.04,0.0
20230302,Coimbatore,Mettupalayam,11.3,76.95,327.0,25.98,46.62,2.86,0.03,0.0
20230303,Coimbatore,Mettupalayam,11.3,76.95,327.0,24.68,35.78,2.71,0.0,0.0
20230304,Coimbatore,Mettupalayam,11.3,76.95,327.0,25.57,44.09,2.67,0.0,0.0
20230305,Coimbatore,Mettupalayam,11.3,76.95,327.0,26.35,49.29,2.36,1.35,0.0
20230306,Coimbatore,Mettupalayam,11.3,76.95,327.0,25.39,38.07,2.17,0.03,0.0
20230307,Coimbatore,Mettupalayam,11.3,76.95,327.0,25.46,39.35,2.22,0.0,0.0
20230308,Coimbatore,Mettupalayam,11.3,76.95,327.0,25.51,48.5,2.59,0.0,0.0
20230309,Coimbatore,Mettupalayam,11.3,76.95,327.0,25.95,49.92,2.51,0.0,0.0
20230310,Coimbatore,Mettupalayam,11.3,76.95,327.0,26.14,46.95,2.3,0.0,0.0
20230311,Coimbatore,Mettupalayam,11.3,76.95,327.0,26.8,46.43,2.21,0.0,0.0
20230312,Coimbatore,Mettupalayam,11.3,76.95,327.0,26.82,49.34,2.66,0.0,0.0
20230313,Coimbatore,Mettupalayam,11.3,76.95,327.0,27.01,52.27,2.5,0.0,0.0
20230314,Coimbatore,Mettupalayam,11.3,76.95,327.0,27.25,42.79,1.64,0.0,0.0
20230315,Coimbatore,Mettupalayam,11.3,76.95,327.0,28.75,44.6,0.94,0.12,5.896114349365234
20230316,Coimbatore,Mettupalayam,11.3,76.95,327.0,28.21,56.08,0.76,0.47,0.0
20230317,Coimbatore,Mettupalayam,11.3,76.95,327.0,27.97,61.26,0.77,7.19,0.0
20230318,Coimbatore,Mettupalayam,11.3,76.95,327.0,26.99,69.07,1.32,2.47,0.0
20230319,Coimbatore,Mettupalayam,11.3,76.95,327.0,26.87,66.84,1.54,1.25,0.0
20230320,Coimbatore,Mettupalayam,11.3,76.95,327.0,26.62,62.47,1.98,1.33,0.0
20230321,Coimbatore,Mettupalayam,11.3,76.95,327.0,26.53,55.29,2.03,0.09,0.0
20230322,Coimbatore,Mettupalayam,11.3,76.95,327.0,26.62,49.67,1.33,0.02,0.0
20230323,Coimbatore,Mettupalayam,11.3,76.95,327.0,27.63,57.12,1.27,0.34,0.0
20230324,Coimbatore,Mettupalayam,11.3,76.95,327.0,27.99,59.92,0.92,2.44,12.436118125915527
20230325,Coimbatore,Mettupalayam,11.3,76.95,327.0,26.41,73.43,0.86,5.14,0.0
20230326,Coimbatore,Mettupalayam,11.3,76.95,327.0,27.18,67.41,1.0,2.49,12.625311851501465
20230327,Coimbatore,Mettupalayam,11.3,76.95,327.0,26.63,70.14,1.15,0.42,0.0
20230328,Coimbatore,Mettupalayam,11.3,76.95,327.0,28.72,61.17,1.16,0.9,0.0
20230329,Coimbatore,Mettupalayam,11.3,76.95,327.0,27.29,71.79,1.02,4.88,0.0
20230330,Coimbatore,Mettupalayam,11.3,76.95,327.0,27.87,65.75,0.87,3.28,0.0
20230331,Coimbatore,Mettupalayam,11.3,76.95,327.0,28.27,63.33,1.03,1.15,0.0
20230401,Coimbatore,Mettupalayam,11.3,76.95,327.0,27.73,62.76,1.35,1.29,5.465054512023926
20230402,Coimbatore,Mettupalayam,11.3,76.95,327.0,27.12,66.81,1.37,1.77,0.0
20230403,Coimbatore,Mettupalayam,11.3,76.95,327.0,25.4,74.23,0.89,3.47,0.0
20230404,Coimbatore,Mettupalayam,11.3,76.95,327.0,26.38,73.11,0.79,3.17,0.0
20230405,Coimbatore,Mettupalayam,11.3,76.95,327.0,27.9,64.23,0.94,0.18,0.0
20230406,Coimbatore,Mettupalayam,11.3,76.95,327.0,28.23,63.42,0.86,0.03,0.0
20230407,Coimbatore,Mettupalayam,11.3,76.95,327.0,28.59,54.36,1.79,0.01,0.0
20230408,Coimbatore,Mettupalayam,11.3,76.95,327.0,28.66,49.07,2.39,0.01,0.0
20230409,Coimbatore,Mettupalayam,11.3,76.95,327.0,28.58,48.73,1.79,0.03,0.0
20230410,Coimbatore,Mettupalayam,11.3,76.95,327.0,29.12,48.89,2.21,0.36,0.0
20230411,Coimbatore,Mettupalayam,11.3,76.95,327.0,28.94,49.8,1.81,0.49,0.0
20230412,Coimbatore,Mettupalayam,11.3,76.95,327.0,28.98,44.43,1.48,0.0,0.0
20230413,Coimbatore,Mettupalayam,11.3,76.95,327.0,29.8,34.22,1.48,0.0,0.0
20230414,Coimbatore,Mettupalayam,11.3,76.95,327.0,29.18,42.85,1.07,0.0,0.0
20230415,Coimbatore,Mettupalayam,11.3,76.95,327.0,29.73,45.06,1.46,0.0,0.0
20230416,Coimbatore,Mettupalayam,11.3,76.95,327.0,28.81,44.89,1.19,0.0,0.0
20230417,Coimbatore,Mettupalayam,11.3,76.95,327.0,29.26,45.27,1.16,0.0,0.0
20230418,Coimbatore,Mettupalayam,11.3,76.95,327.0,30.14,46.26,1.2,0.0,0.0
20230419,Coimbatore,Mettupalayam,11.3,76.95,327.0,30.1,48.73,1.18,0.0,0.0
20230420,Coimbatore,Mettupalayam,11.3,76.95,327.0,30.11,57.17,2.18,0.0,0.0
20230421,Coimbatore,Mettupalayam,11.3,76.95,327.0,29.94,57.68,2.13,0.28,1.1819381713867188
20230422,Coimbatore,Mettupalayam,11.3,76.95,327.0,30.17,58.09,1.65,1.93,1.1819381713867188
20230423,Coimbatore,Mettupalayam,11.3,76.95,327.0,29.75,61.83,1.51,1.45,2.363876342773437
20230424,Coimbatore,Mettupalayam,11.3,76.95,327.0,28.05,65.92,1.08,4.37,0.0
20230425,Coimbatore,Mettupalayam,11.3,76.95,327.0,27.95,66.69,1.18,5.01,2.363876342773437
20230426,Coimbatore,Mettupalayam,11.3,76.95,327.0,25.79,80.64,1.46,8.39,0.0
20230427,Coimbatore,Mettupalayam,11.3,76.95,327.0,27.34,71.84,1.44,6.87,0.0
20230428,Coimbatore,Mettupalayam,11.3,76.95,327.0,27.35,68.54,1.49,5.65,0.0
20230429,Coimbatore,Mettupalayam,11.3,76.95,327.0,26.89,75.49,1.16,18.81,10.64307689666748
20230430,Coimbatore,Mettupalayam,11.3,76.95,327.0,26.95,74.32,1.09,3.5,0.0
20230501,Coimbatore,Mettupalayam,11.3,76.95,327.0,24.67,87.93,1.09,26.95,15.929983139038086
20230502,Coimbatore,Mettupalayam,11.3,76.95,327.0,26.04,81.97,1.5,10.29,10.619989395141602
20230503,Coimbatore,Mettupalayam,11.3,76.95,327.0,24.71,84.69,1.72,3.96,5.309994697570801
20230504,Coimbatore,Mettupalayam,11.3,76.95,327.0,25.39,79.08,1.27,2.56,5.309994697570801
20230505,Coimbatore,Mettupalayam,11.3,76.95,327.0,24.6,80.16,1.41,2.63,0.0
20230506,Coimbatore,Mettupalayam,11.3,76.95,327.0,25.22,78.55,1.38,6.22,9.49056339263916
20230507,Coimbatore,Mettupalayam,11.3,76.95,327.0,24.51,81.24,1.81,2.21,4.74528169631958
20230508,Coimbatore,Mettupalayam,11.3,76.95,327.0,25.23,80.32,1.17,3.96,4.74528169631958
20230509,Coimbatore,Mettupalayam,11.3,76.95,327.0,27.0,73.7,1.19,2.04,9.49056339263916
20230510,Coimbatore,Mettupalayam,11.3,76.95,327.0,26.79,76.62,1.33,1.49,4.74528169631958
20230511,Coimbatore,Mettupalayam,11.3,76.95,327.0,26.68,78.69,1.29,2.91,14.702384948730469
20230512,Coimbatore,Mettupalayam,11.3,76.95,327.0,26.48,74.75,2.3,0.63,0.0
20230513,Coimbatore,Mettupalayam,11.3,76.95,327.0,26.93,70.96,2.77,0.0,0.0
20230514,Coimbatore,Mettupalayam,11.3,76.95,327.0,26.66,75.04,2.26,0.0,0.0
20230515,Coimbatore,Mettupalayam,11.3,76.95,327.0,27.16,76.94,2.38,0.0,0.0
20230516,Coimbatore,Mettupalayam,11.3,76.95,327.0,28.41,70.91,1.81,0.25,0.0
20230517,Coimbatore,Mettupalayam,11.3,76.95,327.0,26.96,73.9,1.29,2.06,0.0
20230518,Coimbatore,Mettupalayam,11.3,76.95,327.0,28.27,71.06,1.35,0.5,2.9914162158966064
20230519,Coimbatore,Mettupalayam,11.3,76.95,327.0,26.93,77.79,1.3,1.83,2.9914162158966064
20230520,Coimbatore,Mettupalayam,11.3,76.95,327.0,27.78,73.18,1.75,1.18,2.9914162158966064
20230521,Coimbatore,Mettupalayam,11.3,76.95,327.0,27.29,76.05,1.4,4.7,20.08343505859375
20230522,Coimbatore,Mettupalayam,11.3,76.95,327.0,26.64,79.56,1.3,2.41,0.0
20230523,Coimbatore,Mettupalayam,11.3,76.95,327.0,27.75,71.2,1.5,0.34,0.0
20230524,Coimbatore,Mettupalayam,11.3,76.95,327.0,26.39,80.54,1.72,7.04,0.0
20230525,Coimbatore,Mettupalayam,11.3,76.95,327.0,26.61,78.99,2.17,2.69,0.0
20230526,Coimbatore,Mettupalayam,11.3,76.95,327.0,27.2,74.85,2.15,3.32,3.991504907608032
20230527,Coimbatore,Mettupalayam,11.3,76.95,327.0,26.75,76.59,1.96,3.5,0.0
20230528,Coimbatore,Mettupalayam,11.3,76.95,327.0,27.27,75.08,1.08,0.82,3.991504907608032
20230529,Coimbatore,Mettupalayam,11.3,76.95,327.0,27.19,75.83,0.93,1.72,7.983009815216064
20230530,Coimbatore,Mettupalayam,11.3,76.95,327.0,27.17,75.54,1.63,1.02,7.983009815216064
20230531,Coimbatore,Mettupalayam,11.3,76.95,327.0,26.59,74.49,1.36,1.3,7.983011245727539
20230601,Coimbatore,Mettupalayam,11.3,76.95,327.0,26.5,78.32,2.49,0.46,0.0
20230602,Coimbatore,Mettupalayam,11.3,76.95,327.0,26.69,76.21,1.89,4.98,2.5864126682281494
20230603,Coimbatore,Mettupalayam,11.3,76.95,327.0,27.29,73.47,2.13,1.48,5.172825336456299
20230604,Coimbatore,Mettupalayam,11.3,76.95,327.0,26.11,77.54,2.1,1.65,0.0
20230605,Coimbatore,Mettupalayam,11.3,76.95,327.0,25.94,80.47,2.52,2.07,2.5864126682281494
20230606,Coimbatore,Mettupalayam,11.3,76.95,327.0,26.66,76.23,2.68,2.07,0.0
20230607,Coimbatore,Mettupalayam,11.3,76.95,327.0,26.29,79.34,2.98,3.79,3.910525321960449
20230608,Coimbatore,Mettupalayam,11.3,76.95,327.0,26.12,78.9,2.85,3.36,0.0
20230609,Coimbatore,Mettupalayam,11.3,76.95,327.0,26.25,78.55,3.24,2.1,0.0
20230610,Coimbatore,Mettupalayam,11.3,76.95,327.0,25.72,77.61,3.49,1.26,0.0
20230611,Coimbatore,Mettupalayam,11.3,76.95,327.0,26.13,78.24,3.15,0.91,0.0
20230612,Coimbatore,Mettupalayam,11.3,76.95,327.0,26.09,80.93,2.85,6.36,0.0
20230613,Coimbatore,Mettupalayam,11.3,76.95,327.0,25.97,80.11,2.97,3.48,4.833266258239746
20230614,Coimbatore,Mettupalayam,11.3,76.95,327.0,25.45,82.18,2.76,1.77,4.833266258239746
20230615,Coimbatore,Mettupalayam,11.3,76.95,327.0,26.76,76.29,2.66,0.31,0.0
20230616,Coimbatore,Mettupalayam,11.3,76.95,327.0,27.2,73.07,3.28,0.18,0.0
20230617,Coimbatore,Mettupalayam,11.3,76.95,327.0,25.1,85.27,2.82,7.29,1.4676766395568848
20230618,Coimbatore,Mettupalayam,11.3,76.95,327.0,25.65,80.95,2.38,4.49,1.4676766395568848
20230619,Coimbatore,Mettupalayam,11.3,76.95,327.0,25.91,72.97,2.05,0.43,1.4676766395568848
20230620,Coimbatore,Mettupalayam,11.3,76.95,327.0,26.14,76.31,1.82,7.81,2.935353279113769
20230621,Coimbatore,Mettupalayam,11.3,76.95,327.0,26.3,78.4,2.02,13.32,5.04539155960083
20230622,Coimbatore,Mettupalayam,11.3,76.95,327.0,25.31,79.83,2.17,8.53,0.0
20230623,Coimbatore,Mettupalayam,11.3,76.95,327.0,24.7,75.29,2.61,1.52,0.0
20230624,Coimbatore,Mettupalayam,11.3,76.95,327.0,24.65,78.94,2.7,0.21,1.6817972660064695
20230625,Coimbatore,Mettupalayam,11.3,76.95,327.0,24.57,82.11,2.68,3.89,5.04539155960083
20230626,Coimbatore,Mettupalayam,11.3,76.95,327.0,24.31,74.87,2.8,0.54,2.8025131225585938
20230627,Coimbatore,Mettupalayam,11.3,76.95,327.0,24.41,79.77,2.85,5.33,5.605026245117188
20230628,Coimbatore,Mettupalayam,11.3,76.95,327.0,24.98,75.91,2.96,1.46,0.0
20230629,Coimbatore,Mettupalayam,11.3,76.95,327.0,25.15,79.0,3.13,3.2,0.0
20230630,Coimbatore,Mettupalayam,11.3,76.95,327.0,24.41,78.0,2.48,1.56,0.0
20230701,Coimbatore,Mettupalayam,11.3,76.95,327.0,25.53,78.23,2.32,1.74,0.919595181941986
20230702,Coimbatore,Mettupalayam,11.3,76.95,327.0,24.24,77.99,3.12,4.04,0.0
20230703,Coimbatore,Mettupalayam,11.3,76.95,327.0,24.71,82.28,3.91,11.05,1.839190363883972
20230704,Coimbatore,Mettupalayam,11.3,76.95,327.0,24.52,82.54,4.63,9.63,1.839190363883972
20230705,Coimbatore,Mettupalayam,11.3,76.95,327.0,23.66,85.91,4.45,15.37,0.919595181941986
20230706,Coimbatore,Mettupalayam,11.3,76.95,327.0,24.12,84.96,3.98,10.31,1.9623557329177856
20230707,Coimbatore,Mettupalayam,11.3,76.95,327.0,23.8,84.69,3.57,9.92,0.0
20230708,Coimbatore,Mettupalayam,11.3,76.95,327.0,24.37,81.24,2.64,4.42,0.0
20230709,Coimbatore,Mettupalayam,11.3,76.95,327.0,24.66,81.42,2.36,2.56,0.9811778664588928
20230710,Coimbatore,Mettupalayam,11.3,76.95,327.0,25.22,82.63,1.89,4.47,2.9435336589813232
20230711,Coimbatore,Mettupalayam,11.3,76.95,327.0,24.94,80.71,2.26,3.35,1.75073504447937
20230712,Coimbatore,Mettupalayam,11.3,76.95,327.0,24.61,78.51,2.71,0.66,0.8753675222396851
20230713,Coimbatore,Mettupalayam,11.3,76.95,327.0,24.18,76.97,2.8,2.26,0.8753675222396851
20230714,Coimbatore,Mettupalayam,11.3,76.95,327.0,24.39,79.31,3.07,0.37,0.0
20230715,Coimbatore,Mettupalayam,11.3,76.95,327.0,24.85,79.43,2.74,0.33,0.8753675222396851
20230716,Coimbatore,Mettupalayam,11.3,76.95,327.0,25.27,81.34,2.67,0.89,0.9967424273490906
20230717,Coimbatore,Mettupalayam,11.3,76.95,327.0,25.05,82.15,3.12,0.89,0.0
20230718,Coimbatore,Mettupalayam,11.3,76.95,327.0,24.63,84.27,3.89,4.5,0.0
20230719,Coimbatore,Mettupalayam,11.3,76.95,327.0,24.73,82.13,4.73,4.46,0.0
20230720,Coimbatore,Mettupalayam,11.3,76.95,327.0,25.13,80.87,4.62,1.94,0.0
20230721,Coimbatore,Mettupalayam,11.3,76.95,327.0,24.58,81.26,4.78,2.82,1.3627969026565552
20230722,Coimbatore,Mettupalayam,11.3,76.95,327.0,24.14,80.89,4.68,6.36,0.0
20230723,Coimbatore,Mettupalayam,11.3,76.95,327.0,23.74,83.82,4.23,14.02,2.7255938053131104
20230724,Coimbatore,Mettupalayam,11.3,76.95,327.0,23.25,85.55,3.97,11.41,0.0
20230725,Coimbatore,Mettupalayam,11.3,76.95,327.0,22.81,86.09,3.19,5.66,0.0
20230726,Coimbatore,Mettupalayam,11.3,76.95,327.0,23.66,82.44,3.93,4.07,0.0
20230727,Coimbatore,Mettupalayam,11.3,76.95,327.0,23.99,81.11,3.86,0.99,0.0
20230728,Coimbatore,Mettupalayam,11.3,76.95,327.0,24.33,79.57,3.73,0.55,0.0
20230729,Coimbatore,Mettupalayam,11.3,76.95,327.0,24.87,79.28,3.57,0.08,0.0
20230730,Coimbatore,Mettupalayam,11.3,76.95,327.0,25.13,78.81,3.37,0.04,0.0
20230731,Coimbatore,Mettupalayam,11.3,76.95,327.0,25.38,78.75,3.68,0.21,0.0
20230801,Coimbatore,Mettupalayam,11.3,76.95,327.0,25.23,78.54,3.61,0.12,0.3997456133365631
20230802,Coimbatore,Mettupalayam,11.3,76.95,327.0,24.58,80.5,3.48,0.71,0.0
20230803,Coimbatore,Mettupalayam,11.3,76.95,327.0,25.11,80.02,3.54,0.9,0.0
20230804,Coimbatore,Mettupalayam,11.3,76.95,327.0,25.22,80.15,3.29,0.61,0.3997456133365631
20230805,Coimbatore,Mettupalayam,11.3,76.95,327.0,25.53,77.79,3.25,0.21,0.0
20230806,Coimbatore,Mettupalayam,11.3,76.95,327.0,25.8,78.12,2.87,0.87,0.0
20230807,Coimbatore,Mettupalayam,11.3,76.95,327.0,25.82,78.23,2.7,0.31,0.0
20230808,Coimbatore,Mettupalayam,11.3,76.95,327.0,25.09,80.81,2.29,5.33,0.0
20230809,Coimbatore,Mettupalayam,11.3,76.95,327.0,25.21,80.44,2.09,3.56,3.8636200428009033
20230810,Coimbatore,Mettupalayam,11.3,76.95,327.0,24.96,83.89,1.51,6.6,3.8636200428009033
20230811,Coimbatore,Mettupalayam,11.3,76.95,327.0,25.75,81.22,1.29,5.3,3.536818265914917
20230812,Coimbatore,Mettupalayam,11.3,76.95,327.0,24.98,82.87,2.01,4.82,0.7073636054992676
20230813,Coimbatore,Mettupalayam,11.3,76.95,327.0,25.52,78.68,2.3,1.3,0.0
20230814,Coimbatore,Mettupalayam,11.3,76.95,327.0,25.35,76.68,2.42,0.05,0.0
20230815,Coimbatore,Mettupalayam,11.3,76.95,327.0,24.99,76.94,2.43,0.07,0.0
20230816,Coimbatore,Mettupalayam,11.3,76.95,327.0,25.56,75.94,2.6,0.04,0.0
20230817,Coimbatore,Mettupalayam,11.3,76.95,327.0,25.67,76.98,3.19,0.02,1.2475160360336304
20230818,Coimbatore,Mettupalayam,11.3,76.95,327.0,24.95,78.29,3.22,0.19,0.0
20230819,Coimbatore,Mettupalayam,11.3,76.95,327.0,25.22,78.32,3.4,0.25,0.0
20230820,Coimbatore,Mettupalayam,11.3,76.95,327.0,26.04,76.97,2.95,0.42,0.0
20230821,Coimbatore,Mettupalayam,11.3,76.95,327.0,26.64,73.71,2.29,0.08,0.0
20230822,Coimbatore,Mettupalayam,11.3,76.95,327.0,26.46,77.14,1.77,2.26,1.7084099054336548
20230823,Coimbatore,Mettupalayam,11.3,76.95,327.0,26.24,75.47,2.34,3.47,0.0
20230824,Coimbatore,Mettupalayam,11.3,76.95,327.0,26.01,75.42,2.62,0.67,0.0
20230825,Coimbatore,Mettupalayam,11.3,76.95,327.0,25.39,75.49,2.31,0.0,0.0
20230826,Coimbatore,Mettupalayam,11.3,76.95,327.0,25.93,75.72,2.21,0.15,0.0
20230827,Coimbatore,Mettupalayam,11.3,76.95,327.0,26.04,76.01,2.16,0.59,6.543867588043213
20230828,Coimbatore,Mettupalayam,11.3,76.95,327.0,26.33,74.45,2.3,0.27,0.0
20230829,Coimbatore,Mettupalayam,11.3,76.95,327.0,25.54,79.14,2.14,7.92,4.362578392028809
20230830,Coimbatore,Mettupalayam,11.3,76.95,327.0,24.45,84.68,2.52,7.19,6.543867588043213
20230831,Coimbatore,Mettupalayam,11.3,76.95,327.0,25.38,80.83,2.25,6.2,4.362578392028809
20230901,Coimbatore,Mettupalayam,11.3,76.95,327.0,25.24,83.07,1.63,17.23,2.9767770767211914
20230902,Coimbatore,Mettupalayam,11.3,76.95,327.0,24.59,83.94,2.55,8.49,0.0
20230903,Coimbatore,Mettupalayam,11.3,76.95,327.0,23.94,82.12,2.95,4.88,4.465165615081787
20230904,Coimbatore,Mettupalayam,11.3,76.95,327.0,23.59,82.39,2.95,1.02,0.0
20230905,Coimbatore,Mettupalayam,11.3,76.95,327.0,23.7,82.81,3.19,4.91,0.0
20230906,Coimbatore,Mettupalayam,11.3,76.95,327.0,23.28,84.55,2.74,6.92,2.057319402694702
20230907,Coimbatore,Mettupalayam,11.3,76.95,327.0,23.47,83.3,2.63,6.69,0.0
20230908,Coimbatore,Mettupalayam,11.3,76.95,327.0,24.19,80.75,3.13,1.45,0.0
20230909,Coimbatore,Mettupalayam,11.3,76.95,327.0,24.69,81.67,3.17,2.71,2.057319402694702
20230910,Coimbatore,Mettupalayam,11.3,76.95,327.0,23.77,80.12,3.55,5.1,0.0
20230911,Coimbatore,Mettupalayam,11.3,76.95,327.0,23.68,79.97,3.08,4.43,0.0
20230912,Coimbatore,Mettupalayam,11.3,76.95,327.0,24.23,81.72,2.53,1.27,3.479453563690185
20230913,Coimbatore,Mettupalayam,11.3,76.95,327.0,25.26,79.32,2.76,0.72,1.7397267818450928
20230914,Coimbatore,Mettupalayam,11.3,76.95,327.0,24.21,83.84,2.79,2.54,0.0
20230915,Coimbatore,Mettupalayam,11.3,76.95,327.0,23.37,84.59,2.99,3.33,0.0
20230916,Coimbatore,Mettupalayam,11.3,76.95,327.0,24.53,82.57,2.84,3.92,0.0
20230917,Coimbatore,Mettupalayam,11.3,76.95,327.0,24.83,83.62,2.32,11.72,2.463491678237915
20230918,Coimbatore,Mettupalayam,11.3,76.95,327.0,24.82,83.72,2.48,13.01,2.463491678237915
20230919,Coimbatore,Mettupalayam,11.3,76.95,327.0,24.87,84.7,2.51,13.87,2.463491678237915
20230920,Coimbatore,Mettupalayam,11.3,76.95,327.0,24.49,84.14,2.17,3.04,4.92698335647583
20230921,Coimbatore,Mettupalayam,11.3,76.95,327.0,23.98,84.96,1.72,6.45,0.0
20230922,Coimbatore,Mettupalayam,11.3,76.95,327.0,24.41,86.18,1.75,5.42,0.0
20230923,Coimbatore,Mettupalayam,11.3,76.95,327.0,24.45,85.17,2.43,5.02,3.3424439430236816
20230924,Coimbatore,Mettupalayam,11.3,76.95,327.0,23.89,87.05,2.03,2.09,3.3424439430236816
20230925,Coimbatore,Mettupalayam,11.3,76.95,327.0,24.84,81.31,2.16,0.97,10.027331352233888
20230926,Coimbatore,Mettupalayam,11.3,76.95,327.0,24.8,81.99,2.35,2.64,0.0
20230927,Coimbatore,Mettupalayam,11.3,76.95,327.0,24.41,79.93,2.58,2.77,4.838245391845703
20230928,Coimbatore,Mettupalayam,11.3,76.95,327.0,23.87,83.86,2.94,5.11,4.838245391845703
20230929,Coimbatore,Mettupalayam,11.3,76.95,327.0,23.23,87.71,3.08,5.49,0.0
20230930,Coimbatore,Mettupalayam,11.3,76.95,327.0,24.01,84.78,3.03,9.89,0.0
20231001,Coimbatore,Mettupalayam,11.3,76.95,327.0,24.63,87.07,3.43,7.67,0.0
20231002,Coimbatore,Mettupalayam,11.3,76.95,327.0,24.73,85.68,2.69,4.01,0.0
20231003,Coimbatore,Mettupalayam,11.3,76.95,327.0,25.0,81.25,2.2,0.27,0.0
20231004,Coimbatore,Mettupalayam,11.3,76.95,327.0,25.08,79.64,2.06,0.1,0.0
20231005,Coimbatore,Mettupalayam,11.3,76.95,327.0,24.78,76.3,2.0,0.11,0.0
20231006,Coimbatore,Mettupalayam,11.3,76.95,327.0,24.12,73.19,1.87,0.09,0.0
20231007,Coimbatore,Mettupalayam,11.3,76.95,327.0,24.32,74.21,1.28,0.72,0.0
20231008,Coimbatore,Mettupalayam,11.3,76.95,327.0,25.04,80.15,1.43,8.2,9.364579200744627
20231009,Coimbatore,Mettupalayam,11.3,76.95,327.0,24.96,83.63,1.36,8.77,9.364579200744627
20231010,Coimbatore,Mettupalayam,11.3,76.95,327.0,25.11,81.2,1.5,7.88,9.364579200744627
20231011,Coimbatore,Mettupalayam,11.3,76.95,327.0,23.54,86.88,1.53,13.26,8.656171798706055
20231012,Coimbatore,Mettupalayam,11.3,76.95,327.0,24.2,86.68,0.81,3.37,8.656171798706055
20231013,Coimbatore,Mettupalayam,11.3,76.95,327.0,25.17,76.78,0.95,2.12,0.0
20231014,Coimbatore,Mettupalayam,11.3,76.95,327.0,24.33,82.82,0.58,19.59,25.968515396118164
20231015,Coimbatore,Mettupalayam,11.3,76.95,327.0,23.33,92.58,0.89,23.56,0.0
20231016,Coimbatore,Mettupalayam,11.3,76.95,327.0,24.25,84.76,1.11,7.56,19.228466033935547
20231017,Coimbatore,Mettupalayam,11.3,76.95,327.0,23.05,86.29,0.87,13.82,0.0
20231018,Coimbatore,Mettupalayam,11.3,76.95,327.0,24.86,79.36,1.15,1.33,0.0
20231019,Coimbatore,Mettupalayam,11.3,76.95,327.0,25.24,77.03,1.01,1.27,0.0
20231020,Coimbatore,Mettupalayam,11.3,76.95,327.0,25.16,77.68,1.11,1.04,0.0
20231021,Coimbatore,Mettupalayam,11.3,76.95,327.0,25.06,78.51,1.18,0.53,0.0
20231022,Coimbatore,Mettupalayam,11.3,76.95,327.0,25.05,79.29,0.97,0.28,0.0
20231023,Coimbatore,Mettupalayam,11.3,76.95,327.0,24.55,83.63,0.7,0.45,0.0
20231024,Coimbatore,Mettupalayam,11.3,76.95,327.0,24.98,80.61,0.74,1.65,0.0
20231025,Coimbatore,Mettupalayam,11.3,76.95,327.0,24.89,82.6,0.55,20.98,0.0
20231026,Coimbatore,Mettupalayam,11.3,76.95,327.0,25.03,81.67,0.78,5.43,0.0
20231027,Coimbatore,Mettupalayam,11.3,76.95,327.0,24.96,80.42,1.01,0.29,0.0
20231028,Coimbatore,Mettupalayam,11.3,76.95,327.0,24.97,81.1,1.06,0.4,9.672986030578612
20231029,Coimbatore,Mettupalayam,11.3,76.95,327.0,23.66,87.35,1.26,6.47,19.345972061157227
20231030,Coimbatore,Mettupalayam,11.3,76.95,327.0,23.03,89.46,1.42,9.52,9.672986030578612
20231031,Coimbatore,Mettupalayam,11.3,76.95,327.0,23.48,85.23,1.2,6.11,0.0
20231101,Coimbatore,Mettupalayam,11.3,76.95,327.0,24.28,84.84,0.9,18.05,27.98958969116211
20231102,Coimbatore,Mettupalayam,11.3,76.95,327.0,24.6,84.41,1.4,5.69,27.98958969116211
20231103,Coimbatore,Mettupalayam,11.3,76.95,327.0,24.14,87.07,1.16,7.83,41.9843864440918
20231104,Coimbatore,Mettupalayam,11.3,76.95,327.0,24.36,87.39,0.61,30.29,55.97917938232422
20231105,Coimbatore,Mettupalayam,11.3,76.95,327.0,22.75,92.56,0.63,11.03,13.994794845581056
20231106,Coimbatore,Mettupalayam,11.3,76.95,327.0,24.48,82.86,0.35,8.44,22.60548210144043
20231107,Coimbatore,Mettupalayam,11.3,76.95,327.0,23.64,90.61,1.05,16.49,22.60548210144043
20231108,Coimbatore,Mettupalayam,11.3,76.95,327.0,24.09,86.77,0.81,21.13,22.60548210144043
20231109,Coimbatore,Mettupalayam,11.3,76.95,327.0,23.04,89.5,1.21,15.16,11.302741050720217
20231110,Coimbatore,Mettupalayam,11.3,76.95,327.0,23.02,87.39,1.53,1.56,0.0
20231111,Coimbatore,Mettupalayam,11.3,76.95,327.0,23.11,86.51,1.61,0.38,0.0
20231112,Coimbatore,Mettupalayam,11.3,76.95,327.0,22.3,81.99,1.53,0.06,0.0
20231113,Coimbatore,Mettupalayam,11.3,76.95,327.0,22.59,84.13,1.38,0.53,0.0
20231114,Coimbatore,Mettupalayam,11.3,76.95,327.0,22.0,85.19,1.56,3.67,0.0
20231115,Coimbatore,Mettupalayam,11.3,76.95,327.0,23.41,76.88,0.83,0.69,0.0
20231116,Coimbatore,Mettupalayam,11.3,76.95,327.0,23.93,85.14,0.78,0.27,0.0
20231117,Coimbatore,Mettupalayam,11.3,76.95,327.0,24.43,84.82,1.06,1.14,0.0
20231118,Coimbatore,Mettupalayam,11.3,76.95,327.0,24.34,86.41,1.4,0.58,0.0
20231119,Coimbatore,Mettupalayam,11.3,76.95,327.0,23.68,85.77,2.0,0.26,0.0
20231120,Coimbatore,Mettupalayam,11.3,76.95,327.0,24.08,82.76,1.11,0.0,0.0
20231121,Coimbatore,Mettupalayam,11.3,76.95,327.0,24.48,85.82,0.77,6.4,24.461122512817383
20231122,Coimbatore,Mettupalayam,11.3,76.95,327.0,23.62,92.98,0.76,31.16,32.614830017089844
20231123,Coimbatore,Mettupalayam,11.3,76.95,327.0,23.49,90.96,1.86,8.34,16.307415008544922
20231124,Coimbatore,Mettupalayam,11.3,76.95,327.0,23.17,89.95,1.56,2.52,0.0
20231125,Coimbatore,Mettupalayam,11.3,76.95,327.0,23.71,89.82,1.78,4.32,0.0
20231126,Coimbatore,Mettupalayam,11.3,76.95,327.0,23.31,90.27,2.57,3.49,0.0
20231127,Coimbatore,Mettupalayam,11.3,76.95,327.0,23.7,87.94,1.99,2.84,0.0
20231128,Coimbatore,Mettupalayam,11.3,76.95,327.0,23.34,89.92,1.56,2.08,0.0
20231129,Coimbatore,Mettupalayam,11.3,76.95,327.0,23.0,90.59,1.65,2.2,38.8341064453125
20231130,Coimbatore,Mettupalayam,11.3,76.95,327.0,22.73,89.2,1.57,1.19,0.0
20231201,Coimbatore,Mettupalayam,11.3,76.95,327.0,23.63,85.92,1.11,0.84,0.0
20231202,Coimbatore,Mettupalayam,11.3,76.95,327.0,24.21,80.17,0.8,0.65,0.0
20231203,Coimbatore,Mettupalayam,11.3,76.95,327.0,24.8,85.35,1.02,2.69,2.7600362300872803
20231204,Coimbatore,Mettupalayam,11.3,76.95,327.0,24.81,85.35,1.2,0.86,13.800180435180664
20231205,Coimbatore,Mettupalayam,11.3,76.95,327.0,24.29,87.31,1.29,0.02,2.7600362300872803
20231206,Coimbatore,Mettupalayam,11.3,76.95,327.0,24.28,86.0,0.88,0.0,0.0
20231207,Coimbatore,Mettupalayam,11.3,76.95,327.0,24.29,86.82,0.76,3.94,11.464308738708496
20231208,Coimbatore,Mettupalayam,11.3,76.95,327.0,23.37,95.3,0.49,29.61,22.928617477416992
20231209,Coimbatore,Mettupalayam,11.3,76.95,327.0,23.15,91.52,1.55,17.5,0.0
20231210,Coimbatore,Mettupalayam,11.3,76.95,327.0,23.33,87.76,1.7,2.15,11.464308738708496
20231211,Coimbatore,Mettupalayam,11.3,76.95,327.0,22.72,86.2,1.53,1.21,0.0
20231212,Coimbatore,Mettupalayam,11.3,76.95,327.0,22.37,89.42,1.43,0.63,0.0
20231213,Coimbatore,Mettupalayam,11.3,76.95,327.0,22.09,87.05,1.69,0.01,0.0
20231214,Coimbatore,Mettupalayam,11.3,76.95,327.0,21.24,83.13,1.81,0.01,0.0
20231215,Coimbatore,Mettupalayam,11.3,76.95,327.0,22.14,88.8,1.45,0.06,0.0
20231216,Coimbatore,Mettupalayam,11.3,76.95,327.0,23.74,87.46,1.77,1.82,0.0
20231217,Coimbatore,Mettupalayam,11.3,76.95,327.0,22.5,92.44,2.6,15.11,0.0
20231218,Coimbatore,Mettupalayam,11.3,76.95,327.0,21.53,91.93,2.51,4.29,0.0
20231219,Coimbatore,Mettupalayam,11.3,76.95,327.0,20.99,88.12,2.44,0.92,0.0
20231220,Coimbatore,Mettupalayam,11.3,76.95,327.0,22.06,86.14,2.2,1.16,0.0
20231221,Coimbatore,Mettupalayam,11.3,76.95,327.0,22.36,89.8,2.01,0.9,0.0
20231222,Coimbatore,Mettupalayam,11.3,76.95,327.0,22.94,87.36,1.61,0.06,0.0
20231223,Coimbatore,Mettupalayam,11.3,76.95,327.0,21.14,85.11,1.8,0.0,0.0
20231224,Coimbatore,Mettupalayam,11.3,76.95,327.0,20.98,84.98,1.69,0.05,0.0
20231225,Coimbatore,Mettupalayam,11.3,76.95,327.0,22.92,87.73,2.46,0.61,0.0
20231226,Coimbatore,Mettupalayam,11.3,76.95,327.0,21.73,81.88,2.47,0.03,0.0
20231227,Coimbatore,Mettupalayam,11.3,76.95,327.0,21.58,82.04,2.43,0.0,0.0
20231228,Coimbatore,Mettupalayam,11.3,76.95,327.0,22.42,84.81,2.57,0.04,0.0
20231229,Coimbatore,Mettupalayam,11.3,76.95,327.0,22.92,85.66,2.48,0.44,5.538076877593994
20231230,Coimbatore,Mettupalayam,11.3,76.95,327.0,22.02,85.55,2.32,0.53,5.538076877593994
20231231,Coimbatore,Mettupalayam,11.3,76.95,327.0,21.51,80.82,2.01,0.01,0.0
20190101,Coimbatore,Pollachi,10.662,77.0065,296.0,20.37,63.57,2.01,0.0,0.0
20190102,Coimbatore,Pollachi,10.662,77.0065,296.0,19.84,64.52,2.2,0.0,0.0
20190103,Coimbatore,Pollachi,10.662,77.0065,296.0,20.33,65.91,2.19,0.0,0.0
20190104,Coimbatore,Pollachi,10.662,77.0065,296.0,20.31,64.99,2.34,0.0,0.0
20190105,Coimbatore,Pollachi,10.662,77.0065,296.0,20.27,67.04,1.96,0.0,0.0
20190106,Coimbatore,Pollachi,10.662,77.0065,296.0,20.83,68.13,1.74,0.0,0.0
20190107,Coimbatore,Pollachi,10.662,77.0065,296.0,21.42,67.0,1.7,0.0,0.0
20190108,Coimbatore,Pollachi,10.662,77.0065,296.0,22.04,62.59,1.76,0.0,0.0
20190109,Coimbatore,Pollachi,10.662,77.0065,296.0,21.27,60.49,1.79,0.0,0.0
20190110,Coimbatore,Pollachi,10.662,77.0065,296.0,21.25,61.81,1.8,0.0,0.0
20190111,Coimbatore,Pollachi,10.662,77.0065,296.0,21.85,64.53,1.56,0.0,0.0
20190112,Coimbatore,Pollachi,10.662,77.0065,296.0,21.86,64.05,1.89,0.0,0.0
20190113,Coimbatore,Pollachi,10.662,77.0065,296.0,21.73,58.39,1.73,0.0,1.4316258430480957
20190114,Coimbatore,Pollachi,10.662,77.0065,296.0,22.17,66.4,1.79,0.0,0.0
20190115,Coimbatore,Pollachi,10.662,77.0065,296.0,22.09,56.38,1.8,0.03,1.4316258430480957
20190116,Coimbatore,Pollachi,10.662,77.0065,296.0,21.51,55.18,1.98,0.0,0.0
20190117,Coimbatore,Pollachi,10.662,77.0065,296.0,21.71,61.17,2.03,0.0,0.0
20190118,Coimbatore,Pollachi,10.662,77.0065,296.0,21.58,59.46,1.91,0.0,0.0
20190119,Coimbatore,Pollachi,10.662,77.0065,296.0,21.78,56.03,1.85,0.0,0.0
20190120,Coimbatore,Pollachi,10.662,77.0065,296.0,21.63,52.79,2.07,0.0,0.0
20190121,Coimbatore,Pollachi,10.662,77.0065,296.0,21.62,51.06,1.72,0.0,0.0
20190122,Coimbatore,Pollachi,10.662,77.0065,296.0,22.34,51.94,1.32,0.0,0.0
20190123,Coimbatore,Pollachi,10.662,77.0065,296.0,23.13,52.62,1.25,0.0,0.0
20190124,Coimbatore,Pollachi,10.662,77.0065,296.0,24.51,56.85,0.93,0.0,0.0
20190125,Coimbatore,Pollachi,10.662,77.0065,296.0,25.14,61.74,1.04,0.0,0.0
20190126,Coimbatore,Pollachi,10.662,77.0065,296.0,26.17,61.5,0.82,0.0,0.0
20190127,Coimbatore,Pollachi,10.662,77.0065,296.0,26.38,60.41,1.12,0.0,0.0
20190128,Coimbatore,Pollachi,10.662,77.0065,296.0,26.3,58.28,1.05,0.0,0.0
20190129,Coimbatore,Pollachi,10.662,77.0065,296.0,25.52,55.47,2.03,0.02,0.0
20190130,Coimbatore,Pollachi,10.662,77.0065,296.0,24.9,54.64,2.39,0.05,0.0
20190131,Coimbatore,Pollachi,10.662,77.0065,296.0,24.55,57.18,2.41,0.0,0.0
20190201,Coimbatore,Pollachi,10.662,77.0065,296.0,24.41,56.31,1.93,0.0,0.0
20190202,Coimbatore,Pollachi,10.662,77.0065,296.0,25.25,55.67,1.5,0.0,0.0
20190203,Coimbatore,Pollachi,10.662,77.0065,296.0,25.73,53.32,2.0,0.0,0.0
20190204,Coimbatore,Pollachi,10.662,77.0065,296.0,25.9,55.01,2.54,0.0,0.0
20190205,Coimbatore,Pollachi,10.662,77.0065,296.0,25.65,58.9,2.45,0.02,0.0
20190206,Coimbatore,Pollachi,10.662,77.0065,296.0,26.03,53.16,2.02,0.04,0.0
20190207,Coimbatore,Pollachi,10.662,77.0065,296.0,26.8,52.58,1.23,0.1,0.0
20190208,Coimbatore,Pollachi,10.662,77.0065,296.0,27.58,55.42,0.88,0.0,0.0
20190209,Coimbatore,Pollachi,10.662,77.0065,296.0,27.44,61.53,0.84,1.95,0.0
20190210,Coimbatore,Pollachi,10.662,77.0065,296.0,26.59,66.8,0.85,3.48,0.0
20190211,Coimbatore,Pollachi,10.662,77.0065,296.0,26.43,58.48,2.95,0.21,0.0
20190212,Coimbatore,Pollachi,10.662,77.0065,296.0,25.76,56.28,3.4,0.0,0.0
20190213,Coimbatore,Pollachi,10.662,77.0065,296.0,25.61,52.22,2.84,0.0,0.0
20190214,Coimbatore,Pollachi,10.662,77.0065,296.0,26.44,57.22,2.23,0.0,0.0
20190215,Coimbatore,Pollachi,10.662,77.0065,296.0,27.9,55.26,1.38,0.04,0.0
20190216,Coimbatore,Pollachi,10.662,77.0065,296.0,28.73,53.34,1.18,0.04,0.0
20190217,Coimbatore,Pollachi,10.662,77.0065,296.0,28.65,51.33,1.8,0.01,0.0
20190218,Coimbatore,Pollachi,10.662,77.0065,296.0,28.39,44.03,0.97,0.0,0.0
20190219,Coimbatore,Pollachi,10.662,77.0065,296.0,28.17,53.04,1.5,2.07,0.0
20190220,Coimbatore,Pollachi,10.662,77.0065,296.0,27.61,53.63,2.71,0.83,0.0
20190221,Coimbatore,Pollachi,10.662,77.0065,296.0,26.65,49.35,2.56,0.0,0.0
20190222,Coimbatore,Pollachi,10.662,77.0065,296.0,25.47,44.93,2.65,0.0,0.0
20190223,Coimbatore,Pollachi,10.662,77.0065,296.0,25.71,39.47,2.53,0.0,0.0
20190224,Coimbatore,Pollachi,10.662,77.0065,296.0,26.2,40.81,2.15,0.0,0.0
20190225,Coimbatore,Pollachi,10.662,77.0065,296.0,27.31,37.08,1.38,0.0,0.0
20190226,Coimbatore,Pollachi,10.662,77.0065,296.0,28.1,49.4,1.12,0.0,0.0
20190227,Coimbatore,Pollachi,10.662,77.0065,296.0,28.22,56.83,2.32,0.0,0.0
20190228,Coimbatore,Pollachi,10.662,77.0065,296.0,28.25,53.2,1.65,0.1,0.0
20190301,Coimbatore,Pollachi,10.662,77.0065,296.0,29.14,52.21,1.01,2.0,0.0
20190302,Coimbatore,Pollachi,10.662,77.0065,296.0,28.29,58.92,1.66,6.75,0.0
20190303,Coimbatore,Pollachi,10.662,77.0065,296.0,28.34,55.83,1.34,0.08,0.0
20190304,Coimbatore,Pollachi,10.662,77.0065,296.0,28.52,53.82,1.22,0.0,0.0
20190305,Coimbatore,Pollachi,10.662,77.0065,296.0,29.08,55.45,1.32,0.0,0.0
20190306,Coimbatore,Pollachi,10.662,77.0065,296.0,29.04,55.97,1.91,0.54,0.0
20190307,Coimbatore,Pollachi,10.662,77.0065,296.0,29.45,54.61,1.88,0.33,0.0
20190308,Coimbatore,Pollachi,10.662,77.0065,296.0,28.66,58.65,2.31,0.01,0.0
20190309,Coimbatore,Pollachi,10.662,77.0065,296.0,28.3,59.13,1.2,1.66,9.93409252166748
20190310,Coimbatore,Pollachi,10.662,77.0065,296.0,28.92,59.0,1.01,1.77,0.0
20190311,Coimbatore,Pollachi,10.662,77.0065,296.0,29.17,51.07,1.38,0.0,0.0
20190312,Coimbatore,Pollachi,10.662,77.0065,296.0,28.24,42.15,1.94,0.0,0.0
20190313,Coimbatore,Pollachi,10.662,77.0065,296.0,27.6,35.85,2.19,0.0,0.0
20190314,Coimbatore,Pollachi,10.662,77.0065,296.0,27.76,34.3,2.31,0.0,0.0
20190315,Coimbatore,Pollachi,10.662,77.0065,296.0,27.97,31.81,2.18,0.0,0.0
20190316,Coimbatore,Pollachi,10.662,77.0065,296.0,27.76,38.46,1.87,0.0,0.0
20190317,Coimbatore,Pollachi,10.662,77.0065,296.0,28.13,39.44,1.51,0.0,0.0
20190318,Coimbatore,Pollachi,10.662,77.0065,296.0,28.77,48.32,1.15,0.06,0.0
20190319,Coimbatore,Pollachi,10.662,77.0065,296.0,29.06,53.02,1.0,0.14,0.0
20190320,Coimbatore,Pollachi,10.662,77.0065,296.0,29.5,51.49,0.89,0.0,0.0
20190321,Coimbatore,Pollachi,10.662,77.0065,296.0,29.47,45.23,1.32,0.0,0.0
20190322,Coimbatore,Pollachi,10.662,77.0065,296.0,29.32,44.63,1.36,0.0,0.0
20190323,Coimbatore,Pollachi,10.662,77.0065,296.0,29.96,45.45,0.89,0.0,0.0
20190324,Coimbatore,Pollachi,10.662,77.0065,296.0,30.46,44.27,1.49,0.0,0.0
20190325,Coimbatore,Pollachi,10.662,77.0065,296.0,30.26,39.65,1.95,0.0,0.0
20190326,Coimbatore,Pollachi,10.662,77.0065,296.0,30.13,40.04,1.9,0.01,0.0
20190327,Coimbatore,Pollachi,10.662,77.0065,296.0,29.39,35.94,1.44,0.05,0.0
20190328,Coimbatore,Pollachi,10.662,77.0065,296.0,30.06,42.01,1.76,0.0,0.0
20190329,Coimbatore,Pollachi,10.662,77.0065,296.0,30.44,47.59,1.26,0.0,0.0
20190330,Coimbatore,Pollachi,10.662,77.0065,296.0,30.46,48.26,1.52,0.0,0.0
20190331,Coimbatore,Pollachi,10.662,77.0065,296.0,30.48,49.7,1.36,0.0,0.0
20190401,Coimbatore,Pollachi,10.662,77.0065,296.0,30.41,49.9,1.62,0.0,0.0
20190402,Coimbatore,Pollachi,10.662,77.0065,296.0,30.82,47.9,1.38,0.0,0.0
20190403,Coimbatore,Pollachi,10.662,77.0065,296.0,31.06,43.17,1.62,0.0,0.0
20190404,Coimbatore,Pollachi,10.662,77.0065,296.0,30.25,43.27,1.19,0.0,0.0
20190405,Coimbatore,Pollachi,10.662,77.0065,296.0,30.52,47.12,1.31,0.04,0.0
20190406,Coimbatore,Pollachi,10.662,77.0065,296.0,30.66,44.13,1.31,0.06,0.0
20190407,Coimbatore,Pollachi,10.662,77.0065,296.0,31.0,44.37,1.0,0.0,0.0
20190408,Coimbatore,Pollachi,10.662,77.0065,296.0,31.14,47.35,1.39,0.13,0.0
20190409,Coimbatore,Pollachi,10.662,77.0065,296.0,30.94,52.89,1.44,0.45,0.0
20190410,Coimbatore,Pollachi,10.662,77.0065,296.0,31.4,47.04,1.54,0.11,0.0
20190411,Coimbatore,Pollachi,10.662,77.0065,296.0,31.04,46.16,1.32,0.0,0.0
20190412,Coimbatore,Pollachi,10.662,77.0065,296.0,31.58,41.36,1.26,0.0,0.0
20190413,Coimbatore,Pollachi,10.662,77.0065,296.0,31.21,40.55,1.65,0.0,0.0
20190414,Coimbatore,Pollachi,10.662,77.0065,296.0,31.1,36.4,1.81,0.0,0.0
20190415,Coimbatore,Pollachi,10.662,77.0065,296.0,30.24,45.82,0.96,0.0,0.0
20190416,Coimbatore,Pollachi,10.662,77.0065,296.0,30.65,53.86,1.54,1.79,6.494554996490479
20190417,Coimbatore,Pollachi,10.662,77.0065,296.0,28.17,69.13,1.05,8.26,6.494554996490479
20190418,Coimbatore,Pollachi,10.662,77.0065,296.0,28.96,66.65,1.24,5.85,12.989109992980955
20190419,Coimbatore,Pollachi,10.662,77.0065,296.0,28.11,71.95,1.27,8.96,12.989109992980955
20190420,Coimbatore,Pollachi,10.662,77.0065,296.0,27.32,76.22,1.15,16.22,19.48366355895996
20190421,Coimbatore,Pollachi,10.662,77.0065,296.0,27.61,71.25,1.28,8.89,0.5266748666763306
20190422,Coimbatore,Pollachi,10.662,77.0065,296.0,28.74,66.6,0.89,9.75,0.7087291479110718
20190423,Coimbatore,Pollachi,10.662,77.0065,296.0,28.4,68.2,1.1,13.79,0.3761153221130371
20190424,Coimbatore,Pollachi,10.662,77.0065,296.0,28.68,63.17,0.92,0.43,0.0560139939188957
20190425,Coimbatore,Pollachi,10.662,77.0065,296.0,28.74,62.36,0.88,0.75,0.0612516179680824
20190426,Coimbatore,Pollachi,10.662,77.0065,296.0,29.07,64.34,1.17,0.77,0.0
20190427,Coimbatore,Pollachi,10.662,77.0065,296.0,30.01,61.67,1.28,0.02,4.561472415924072
20190428,Coimbatore,Pollachi,10.662,77.0065,296.0,29.78,61.03,1.1,0.0,0.0
20190429,Coimbatore,Pollachi,10.662,77.0065,296.0,27.86,71.9,1.83,0.5,0.0
20190430,Coimbatore,Pollachi,10.662,77.0065,296.0,26.83,74.8,3.02,0.84,9.122944831848145
20190501,Coimbatore,Pollachi,10.662,77.0065,296.0,27.04,72.89,3.48,2.13,0.0
20190502,Coimbatore,Pollachi,10.662,77.0065,296.0,27.07,69.79,3.12,0.29,0.0
20190503,Coimbatore,Pollachi,10.662,77.0065,296.0,27.31,65.6,3.16,0.0,0.0
20190504,Coimbatore,Pollachi,10.662,77.0065,296.0,27.72,64.03,2.59,0.0,0.0
20190505,Coimbatore,Pollachi,10.662,77.0065,296.0,28.46,65.06,1.65,0.0,0.0
20190506,Coimbatore,Pollachi,10.662,77.0065,296.0,29.42,64.75,1.73,0.22,0.0
20190507,Coimbatore,Pollachi,10.662,77.0065,296.0,27.57,73.06,2.85,1.11,0.0
20190508,Coimbatore,Pollachi,10.662,77.0065,296.0,26.05,74.52,2.6,1.9,0.0
20190509,Coimbatore,Pollachi,10.662,77.0065,296.0,27.51,68.56,2.09,2.01,0.0
20190510,Coimbatore,Pollachi,10.662,77.0065,296.0,28.85,65.12,1.63,1.33,3.474555253982544
20190511,Coimbatore,Pollachi,10.662,77.0065,296.0,28.36,70.19,1.89,1.03,0.0
20190512,Coimbatore,Pollachi,10.662,77.0065,296.0,28.16,71.05,1.92,0.98,0.0
20190513,Coimbatore,Pollachi,10.662,77.0065,296.0,28.35,67.91,2.09,0.2,0.0
20190514,Coimbatore,Pollachi,10.662,77.0065,296.0,28.1,69.46,2.11,0.96,0.0
20190515,Coimbatore,Pollachi,10.662,77.0065,296.0,27.28,76.56,1.8,8.62,5.408975601196289
20190516,Coimbatore,Pollachi,10.662,77.0065,296.0,28.18,71.31,1.7,1.83,0.0
20190517,Coimbatore,Pollachi,10.662,77.0065,296.0,27.62,73.6,1.61,1.23,9.741683959960938
20190518,Coimbatore,Pollachi,10.662,77.0065,296.0,28.09,70.52,1.09,0.16,0.0
20190519,Coimbatore,Pollachi,10.662,77.0065,296.0,28.86,68.81,1.51,0.02,0.0
20190520,Coimbatore,Pollachi,10.662,77.0065,296.0,29.71,63.66,1.22,0.0,0.0
20190521,Coimbatore,Pollachi,10.662,77.0065,296.0,28.47,69.04,1.87,0.44,0.0
20190522,Coimbatore,Pollachi,10.662,77.0065,296.0,29.75,62.85,1.26,0.21,0.0
20190523,Coimbatore,Pollachi,10.662,77.0065,296.0,28.35,70.7,2.22,0.16,2.0323777198791504
20190524,Coimbatore,Pollachi,10.662,77.0065,296.0,27.54,75.34,2.12,0.92,2.0323777198791504
20190525,Coimbatore,Pollachi,10.662,77.0065,296.0,26.71,77.86,2.89,2.91,2.0323777198791504
20190526,Coimbatore,Pollachi,10.662,77.0065,296.0,27.22,76.6,2.62,1.0,5.259453296661377
20190527,Coimbatore,Pollachi,10.662,77.0065,296.0,28.8,69.39,1.68,0.33,0.0
20190528,Coimbatore,Pollachi,10.662,77.0065,296.0,28.6,70.2,1.93,10.51,5.259453296661377
20190529,Coimbatore,Pollachi,10.662,77.0065,296.0,27.06,79.73,1.68,10.06,5.259453296661377
20190530,Coimbatore,Pollachi,10.662,77.0065,296.0,27.09,74.19,1.87,3.14,10.518906593322754
20190531,Coimbatore,Pollachi,10.662,77.0065,296.0,25.93,76.23,2.05,4.73,5.259453296661377
20190601,Coimbatore,Pollachi,10.662,77.0065,296.0,27.43,72.57,2.35,0.84,0.0
20190602,Coimbatore,Pollachi,10.662,77.0065,296.0,27.15,77.11,2.79,4.47,12.52008056640625
20190603,Coimbatore,Pollachi,10.662,77.0065,296.0,26.13,80.61,2.26,0.94,8.346719741821289
20190604,Coimbatore,Pollachi,10.662,77.0065,296.0,26.3,79.06,2.83,10.61,12.52008056640625
20190605,Coimbatore,Pollachi,10.662,77.0065,296.0,26.42,78.36,1.42,16.98,12.52008056640625
20190606,Coimbatore,Pollachi,10.662,77.0065,296.0,27.09,79.0,1.31,4.55,0.0
20190607,Coimbatore,Pollachi,10.662,77.0065,296.0,26.47,81.73,2.51,0.8,5.247819900512695
20190608,Coimbatore,Pollachi,10.662,77.0065,296.0,26.81,76.39,2.65,0.71,0.0
20190609,Coimbatore,Pollachi,10.662,77.0065,296.0,25.84,77.27,3.02,4.33,5.247819900512695
20190610,Coimbatore,Pollachi,10.662,77.0065,296.0,25.48,79.98,3.42,5.86,10.49563980102539
20190611,Coimbatore,Pollachi,10.662,77.0065,296.0,25.82,79.93,4.23,6.54,4.467798233032227
20190612,Coimbatore,Pollachi,10.662,77.0065,296.0,26.03,80.35,4.27,2.58,3.343345880508423
20190613,Coimbatore,Pollachi,10.662,77.0065,296.0,25.82,80.95,4.1,2.25,2.574366569519043
20190614,Coimbatore,Pollachi,10.662,77.0065,296.0,25.19,78.01,3.51,5.33,2.002750396728516
20190615,Coimbatore,Pollachi,10.662,77.0065,296.0,25.7,77.26,2.95,2.61,3.2358062267303467
20190616,Coimbatore,Pollachi,10.662,77.0065,296.0,26.65,78.61,3.0,0.48,0.0
20190617,Coimbatore,Pollachi,10.662,77.0065,296.0,26.53,78.04,3.24,0.39,0.0
20190618,Coimbatore,Pollachi,10.662,77.0065,296.0,26.48,77.3,3.19,1.77,0.0
20190619,Coimbatore,Pollachi,10.662,77.0065,296.0,25.76,82.61,3.28,3.5,0.0
20190620,Coimbatore,Pollachi,10.662,77.0065,296.0,25.54,77.65,3.38,2.38,0.0
20190621,Coimbatore,Pollachi,10.662,77.0065,296.0,24.98,79.29,3.06,7.64,13.023225784301758
20190622,Coimbatore,Pollachi,10.662,77.0065,296.0,24.47,85.29,3.7,7.88,6.511612892150879
20190623,Coimbatore,Pollachi,10.662,77.0065,296.0,24.95,80.5,3.5,4.59,0.0
20190624,Coimbatore,Pollachi,10.662,77.0065,296.0,26.08,78.11,3.18,3.16,0.0
20190625,Coimbatore,Pollachi,10.662,77.0065,296.0,25.7,81.87,2.76,2.74,6.511612892150879
20190626,Coimbatore,Pollachi,10.662,77.0065,296.0,25.33,82.58,2.44,0.73,2.8055872917175293
20190627,Coimbatore,Pollachi,10.662,77.0065,296.0,26.07,78.64,3.42,0.04,2.8055872917175293
20190628,Coimbatore,Pollachi,10.662,77.0065,296.0,26.08,76.09,3.74,0.05,0.0
20190629,Coimbatore,Pollachi,10.662,77.0065,296.0,25.94,76.7,3.76,0.07,0.0
20190630,Coimbatore,Pollachi,10.662,77.0065,296.0,25.53,78.01,3.8,0.06,14.02793788909912
20190701,Coimbatore,Pollachi,10.662,77.0065,296.0,26.41,76.54,3.6,0.08,0.0
20190702,Coimbatore,Pollachi,10.662,77.0065,296.0,25.05,84.13,3.61,4.46,0.0
20190703,Coimbatore,Pollachi,10.662,77.0065,296.0,25.27,83.57,3.61,2.95,0.0
20190704,Coimbatore,Pollachi,10.662,77.0065,296.0,25.08,85.53,3.44,8.14,0.0
20190705,Coimbatore,Pollachi,10.662,77.0065,296.0,24.99,83.67,3.82,5.3,0.0
20190706,Coimbatore,Pollachi,10.662,77.0065,296.0,25.02,83.84,3.98,6.06,2.10196590423584
20190707,Coimbatore,Pollachi,10.662,77.0065,296.0,25.35,82.36,3.61,3.82,0.0
20190708,Coimbatore,Pollachi,10.662,77.0065,296.0,25.41,83.44,3.37,3.63,0.0
20190709,Coimbatore,Pollachi,10.662,77.0065,296.0,24.55,84.49,3.01,5.91,2.10196590423584
20190710,Coimbatore,Pollachi,10.662,77.0065,296.0,24.27,78.32,3.47,3.7,2.10196590423584
20190711,Coimbatore,Pollachi,10.662,77.0065,296.0,25.04,74.64,2.49,3.08,0.0
20190712,Coimbatore,Pollachi,10.662,77.0065,296.0,24.81,75.78,1.9,0.55,0.0
20190713,Coimbatore,Pollachi,10.662,77.0065,296.0,25.31,79.39,2.22,4.18,3.323887348175049
20190714,Coimbatore,Pollachi,10.662,77.0065,296.0,24.85,83.74,2.52,6.05,1.6619436740875244
20190715,Coimbatore,Pollachi,10.662,77.0065,296.0,24.22,79.87,2.82,5.09,1.6619436740875244
20190716,Coimbatore,Pollachi,10.662,77.0065,296.0,24.23,79.35,3.13,3.81,0.0
20190717,Coimbatore,Pollachi,10.662,77.0065,296.0,24.2,80.18,2.85,2.55,4.131241321563721
20190718,Coimbatore,Pollachi,10.662,77.0065,296.0,23.85,81.68,2.78,10.3,12.393723487854004
20190719,Coimbatore,Pollachi,10.662,77.0065,296.0,23.62,85.46,3.65,13.68,4.131241321563721
20190720,Coimbatore,Pollachi,10.662,77.0065,296.0,23.63,85.33,4.0,8.95,0.0
20190721,Coimbatore,Pollachi,10.662,77.0065,296.0,24.13,84.66,4.5,6.31,0.0
20190722,Coimbatore,Pollachi,10.662,77.0065,296.0,23.66,85.73,3.92,8.2,7.441748142242432
20190723,Coimbatore,Pollachi,10.662,77.0065,296.0,23.82,80.47,3.78,3.46,0.0
20190724,Coimbatore,Pollachi,10.662,77.0065,296.0,24.38,82.94,2.91,7.76,0.0
20190725,Coimbatore,Pollachi,10.662,77.0065,296.0,24.01,83.09,2.9,4.91,8.504855155944824
20190726,Coimbatore,Pollachi,10.662,77.0065,296.0,23.79,83.43,2.9,2.36,9.264674186706545
20190727,Coimbatore,Pollachi,10.662,77.0065,296.0,24.43,81.58,2.63,0.01,0.0
20190728,Coimbatore,Pollachi,10.662,77.0065,296.0,24.36,81.85,3.19,0.65,0.0
20190729,Coimbatore,Pollachi,10.662,77.0065,296.0,24.41,82.94,3.27,0.7,0.0
20190730,Coimbatore,Pollachi,10.662,77.0065,296.0,24.41,79.1,2.94,0.15,6.948505878448486
20190731,Coimbatore,Pollachi,10.662,77.0065,296.0,24.78,78.0,2.61,0.06,0.0
20190801,Coimbatore,Pollachi,10.662,77.0065,296.0,25.11,81.45,3.1,1.03,0.0
20190802,Coimbatore,Pollachi,10.662,77.0065,296.0,24.3,85.19,3.37,2.9,13.935239791870115
20190803,Coimbatore,Pollachi,10.662,77.0065,296.0,24.31,85.61,3.29,1.28,0.0
20190804,Coimbatore,Pollachi,10.662,77.0065,296.0,24.07,85.79,3.46,7.21,0.0
20190805,Coimbatore,Pollachi,10.662,77.0065,296.0,23.69,84.45,3.89,8.18,0.0
20190806,Coimbatore,Pollachi,10.662,77.0065,296.0,23.92,84.57,4.37,16.32,0.0
20190807,Coimbatore,Pollachi,10.662,77.0065,296.0,23.65,87.78,4.68,17.85,0.0
20190808,Coimbatore,Pollachi,10.662,77.0065,296.0,23.92,89.29,5.23,50.65,163.75511169433594
20190809,Coimbatore,Pollachi,10.662,77.0065,296.0,23.63,89.43,4.77,44.38,0.0
20190810,Coimbatore,Pollachi,10.662,77.0065,296.0,23.26,86.73,4.15,14.08,0.0
20190811,Coimbatore,Pollachi,10.662,77.0065,296.0,23.29,85.66,3.68,4.52,0.0
20190812,Coimbatore,Pollachi,10.662,77.0065,296.0,23.59,84.5,3.78,2.66,0.0
20190813,Coimbatore,Pollachi,10.662,77.0065,296.0,23.83,86.04,3.26,8.46,0.0
20190814,Coimbatore,Pollachi,10.662,77.0065,296.0,23.68,89.64,3.52,7.02,0.0
20190815,Coimbatore,Pollachi,10.662,77.0065,296.0,23.55,87.81,2.57,1.51,0.0
20190816,Coimbatore,Pollachi,10.662,77.0065,296.0,23.37,86.0,2.65,8.91,21.155208587646484
20190817,Coimbatore,Pollachi,10.662,77.0065,296.0,23.04,89.0,2.52,4.55,10.577604293823242
20190818,Coimbatore,Pollachi,10.662,77.0065,296.0,22.95,90.68,2.01,7.2,0.0
20190819,Coimbatore,Pollachi,10.662,77.0065,296.0,23.73,87.83,2.01,7.6,10.577604293823242
20190820,Coimbatore,Pollachi,10.662,77.0065,296.0,23.93,88.51,2.3,7.48,31.732812881469727
20190821,Coimbatore,Pollachi,10.662,77.0065,296.0,23.31,89.46,2.59,7.99,23.948150634765625
20190822,Coimbatore,Pollachi,10.662,77.0065,296.0,22.71,89.56,3.17,9.27,35.92222595214844
20190823,Coimbatore,Pollachi,10.662,77.0065,296.0,22.34,87.71,3.46,4.19,0.0
20190824,Coimbatore,Pollachi,10.662,77.0065,296.0,22.71,88.13,3.2,2.58,0.0
20190825,Coimbatore,Pollachi,10.662,77.0065,296.0,22.75,87.14,3.21,4.03,0.0
20190826,Coimbatore,Pollachi,10.662,77.0065,296.0,23.27,87.55,3.36,6.87,0.0
20190827,Coimbatore,Pollachi,10.662,77.0065,296.0,23.14,87.78,3.46,4.68,0.0
20190828,Coimbatore,Pollachi,10.662,77.0065,296.0,23.46,86.53,3.11,3.19,0.0
20190829,Coimbatore,Pollachi,10.662,77.0065,296.0,23.22,89.58,3.22,14.49,0.0
20190830,Coimbatore,Pollachi,10.662,77.0065,296.0,23.08,86.94,3.42,1.09,0.0
20190831,Coimbatore,Pollachi,10.662,77.0065,296.0,23.3,90.08,3.22,3.01,0.0
20190901,Coimbatore,Pollachi,10.662,77.0065,296.0,23.43,91.36,2.54,5.02,3.216301918029785
20190902,Coimbatore,Pollachi,10.662,77.0065,296.0,23.46,90.96,2.45,8.36,9.648906707763672
20190903,Coimbatore,Pollachi,10.662,77.0065,296.0,23.64,87.93,3.08,4.55,6.43260383605957
20190904,Coimbatore,Pollachi,10.662,77.0065,296.0,23.48,88.85,3.2,3.99,3.216301918029785
20190905,Coimbatore,Pollachi,10.662,77.0065,296.0,23.59,88.81,3.48,3.94,0.0
20190906,Coimbatore,Pollachi,10.662,77.0065,296.0,23.96,89.27,3.33,5.63,0.0
20190907,Coimbatore,Pollachi,10.662,77.0065,296.0,23.95,88.22,3.35,3.5,0.0
20190908,Coimbatore,Pollachi,10.662,77.0065,296.0,23.28,88.07,3.31,8.42,0.0
20190909,Coimbatore,Pollachi,10.662,77.0065,296.0,23.13,88.62,2.62,2.96,0.0
20190910,Coimbatore,Pollachi,10.662,77.0065,296.0,24.27,88.72,2.35,3.99,12.38636302947998
20190911,Coimbatore,Pollachi,10.662,77.0065,296.0,24.16,90.78,2.27,15.57,8.868681907653809
20190912,Coimbatore,Pollachi,10.662,77.0065,296.0,23.8,90.47,1.97,6.0,2.956227302551269
20190913,Coimbatore,Pollachi,10.662,77.0065,296.0,23.31,90.5,2.04,14.26,11.824909210205078
20190914,Coimbatore,Pollachi,10.662,77.0065,296.0,23.79,87.59,1.9,2.53,5.912454605102539
20190915,Coimbatore,Pollachi,10.662,77.0065,296.0,23.65,87.92,1.6,8.48,8.868681907653809
20190916,Coimbatore,Pollachi,10.662,77.0065,296.0,24.21,87.69,2.21,10.67,3.6722681522369385
20190917,Coimbatore,Pollachi,10.662,77.0065,296.0,23.83,86.8,2.17,13.03,7.344536304473877
20190918,Coimbatore,Pollachi,10.662,77.0065,296.0,23.9,87.25,2.22,7.31,7.344536304473877
20190919,Coimbatore,Pollachi,10.662,77.0065,296.0,23.05,89.42,2.34,4.89,7.344536304473877
20190920,Coimbatore,Pollachi,10.662,77.0065,296.0,23.4,86.04,1.68,0.72,3.6722681522369385
20190921,Coimbatore,Pollachi,10.662,77.0065,296.0,24.19,86.58,1.85,0.97,2.1376781463623047
20190922,Coimbatore,Pollachi,10.662,77.0065,296.0,23.96,89.46,1.19,9.88,6.413033962249756
20190923,Coimbatore,Pollachi,10.662,77.0065,296.0,24.05,89.28,1.57,14.99,8.550712585449219
20190924,Coimbatore,Pollachi,10.662,77.0065,296.0,24.14,88.69,0.95,14.2,0.0
20190925,Coimbatore,Pollachi,10.662,77.0065,296.0,23.68,90.88,1.44,8.6,4.275356292724609
20190926,Coimbatore,Pollachi,10.662,77.0065,296.0,22.8,90.22,1.54,2.26,0.0
20190927,Coimbatore,Pollachi,10.662,77.0065,296.0,24.04,83.69,0.74,5.64,0.0
20190928,Coimbatore,Pollachi,10.662,77.0065,296.0,24.54,83.93,0.95,6.85,0.0
20190929,Coimbatore,Pollachi,10.662,77.0065,296.0,23.61,86.5,1.24,11.68,0.0
20190930,Coimbatore,Pollachi,10.662,77.0065,296.0,22.99,89.87,1.51,12.84,21.530807495117188
20191001,Coimbatore,Pollachi,10.662,77.0065,296.0,23.91,87.34,1.31,5.2,6.438806056976318
20191002,Coimbatore,Pollachi,10.662,77.0065,296.0,24.91,85.3,0.73,4.67,0.0
20191003,Coimbatore,Pollachi,10.662,77.0065,296.0,24.77,86.16,0.82,2.26,0.0
20191004,Coimbatore,Pollachi,10.662,77.0065,296.0,24.5,88.3,1.37,1.09,0.0
20191005,Coimbatore,Pollachi,10.662,77.0065,296.0,23.53,89.31,1.28,1.93,6.438806056976318
20191006,Coimbatore,Pollachi,10.662,77.0065,296.0,23.63,88.2,1.14,4.04,0.0
20191007,Coimbatore,Pollachi,10.662,77.0065,296.0,23.21,87.97,1.5,9.16,0.0
20191008,Coimbatore,Pollachi,10.662,77.0065,296.0,24.06,85.41,1.05,6.62,0.0
20191009,Coimbatore,Pollachi,10.662,77.0065,296.0,24.52,86.68,1.07,2.97,0.0
20191010,Coimbatore,Pollachi,10.662,77.0065,296.0,23.48,91.18,0.84,0.61,0.0
20191011,Coimbatore,Pollachi,10.662,77.0065,296.0,24.26,87.66,0.68,6.38,10.29071807861328
20191012,Coimbatore,Pollachi,10.662,77.0065,296.0,24.88,84.08,0.71,10.49,10.29071807861328
20191013,Coimbatore,Pollachi,10.662,77.0065,296.0,24.35,87.36,0.97,22.86,5.145359039306641
20191014,Coimbatore,Pollachi,10.662,77.0065,296.0,24.45,88.38,1.23,6.92,5.145359039306641
20191015,Coimbatore,Pollachi,10.662,77.0065,296.0,24.15,89.31,1.23,6.4,0.0
20191016,Coimbatore,Pollachi,10.662,77.0065,296.0,23.59,90.24,1.43,26.98,0.0
20191017,Coimbatore,Pollachi,10.662,77.0065,296.0,23.25,90.69,1.22,17.03,12.404101371765137
20191018,Coimbatore,Pollachi,10.662,77.0065,296.0,23.81,89.84,1.03,29.15,12.404101371765137
20191019,Coimbatore,Pollachi,10.662,77.0065,296.0,23.68,90.26,1.27,10.3,0.0
20191020,Coimbatore,Pollachi,10.662,77.0065,296.0,23.44,91.11,0.9,25.3,18.606151580810547
20191021,Coimbatore,Pollachi,10.662,77.0065,296.0,22.45,92.08,1.02,19.85,32.05717849731445
20191022,Coimbatore,Pollachi,10.662,77.0065,296.0,23.01,91.33,1.67,4.77,0.0
20191023,Coimbatore,Pollachi,10.662,77.0065,296.0,22.82,91.74,1.98,7.71,21.371450424194336
20191024,Coimbatore,Pollachi,10.662,77.0065,296.0,22.43,91.78,2.13,4.12,0.0
20191025,Coimbatore,Pollachi,10.662,77.0065,296.0,22.44,90.44,1.91,2.77,0.0
20191026,Coimbatore,Pollachi,10.662,77.0065,296.0,22.99,90.63,1.64,1.47,0.0
20191027,Coimbatore,Pollachi,10.662,77.0065,296.0,22.99,86.64,0.76,0.22,0.0
20191028,Coimbatore,Pollachi,10.662,77.0065,296.0,22.99,88.86,1.14,1.03,0.0
20191029,Coimbatore,Pollachi,10.662,77.0065,296.0,21.78,90.05,1.87,7.06,13.591936111450195
20191030,Coimbatore,Pollachi,10.662,77.0065,296.0,22.65,90.84,1.42,39.7,13.591936111450195
20191031,Coimbatore,Pollachi,10.662,77.0065,296.0,22.63,93.95,1.59,11.78,0.0
20191101,Coimbatore,Pollachi,10.662,77.0065,296.0,23.34,81.14,0.63,0.49,0.0
20191102,Coimbatore,Pollachi,10.662,77.0065,296.0,23.14,88.56,0.98,1.98,0.0
20191103,Coimbatore,Pollachi,10.662,77.0065,296.0,23.38,89.08,1.18,9.76,32.594181060791016
20191104,Coimbatore,Pollachi,10.662,77.0065,296.0,24.06,85.13,0.55,3.29,0.0
20191105,Coimbatore,Pollachi,10.662,77.0065,296.0,24.46,83.62,0.93,0.29,0.0
20191106,Coimbatore,Pollachi,10.662,77.0065,296.0,24.48,88.92,0.96,0.9,0.0
20191107,Coimbatore,Pollachi,10.662,77.0065,296.0,23.94,90.24,0.55,3.53,12.413100242614746
20191108,Coimbatore,Pollachi,10.662,77.0065,296.0,24.26,89.03,0.94,4.9,12.413100242614746
20191109,Coimbatore,Pollachi,10.662,77.0065,296.0,24.5,85.54,0.8,8.11,12.413100242614746
20191110,Coimbatore,Pollachi,10.662,77.0065,296.0,23.77,92.89,0.53,10.11,6.206550121307373
20191111,Coimbatore,Pollachi,10.662,77.0065,296.0,23.09,91.96,0.98,6.4,17.82772445678711
20191112,Coimbatore,Pollachi,10.662,77.0065,296.0,21.88,91.16,1.61,1.52,4.498548984527588
20191113,Coimbatore,Pollachi,10.662,77.0065,296.0,22.86,87.86,1.91,0.05,0.8801708817481995
20191114,Coimbatore,Pollachi,10.662,77.0065,296.0,23.03,90.28,1.71,2.33,7.863929271697998
20191115,Coimbatore,Pollachi,10.662,77.0065,296.0,23.56,90.59,1.95,5.2,21.748838424682617
20191116,Coimbatore,Pollachi,10.662,77.0065,296.0,23.45,90.06,1.59,3.69,0.0
20191117,Coimbatore,Pollachi,10.662,77.0065,296.0,23.43,86.4,1.61,0.79,0.0
20191118,Coimbatore,Pollachi,10.662,77.0065,296.0,23.52,88.09,1.61,2.24,0.0
20191119,Coimbatore,Pollachi,10.662,77.0065,296.0,23.62,87.59,1.74,1.4,0.0
20191120,Coimbatore,Pollachi,10.662,77.0065,296.0,23.29,90.54,1.49,6.73,0.0
20191121,Coimbatore,Pollachi,10.662,77.0065,296.0,23.51,89.76,2.06,3.65,0.0
20191122,Coimbatore,Pollachi,10.662,77.0065,296.0,22.65,90.45,1.91,1.61,0.0
20191123,Coimbatore,Pollachi,10.662,77.0065,296.0,22.54,88.02,2.14,0.48,0.0
20191124,Coimbatore,Pollachi,10.662,77.0065,296.0,22.72,89.05,2.06,0.5,0.0
20191125,Coimbatore,Pollachi,10.662,77.0065,296.0,22.85,88.64,2.28,0.14,0.0
20191126,Coimbatore,Pollachi,10.662,77.0065,296.0,22.46,86.79,2.44,0.72,0.0
20191127,Coimbatore,Pollachi,10.662,77.0065,296.0,22.89,89.94,2.24,2.43,0.0
20191128,Coimbatore,Pollachi,10.662,77.0065,296.0,23.08,91.32,2.18,2.6,0.0
20191129,Coimbatore,Pollachi,10.662,77.0065,296.0,23.31,91.28,2.14,6.02,0.0
20191130,Coimbatore,Pollachi,10.662,77.0065,296.0,23.15,91.31,1.91,4.04,0.0
20191201,Coimbatore,Pollachi,10.662,77.0065,296.0,23.49,91.35,1.2,16.97,7.573452472686768
20191202,Coimbatore,Pollachi,10.662,77.0065,296.0,22.51,92.98,1.91,16.32,0.0
20191203,Coimbatore,Pollachi,10.662,77.0065,296.0,22.54,92.19,2.01,2.61,0.0
20191204,Coimbatore,Pollachi,10.662,77.0065,296.0,22.25,88.63,2.57,0.66,0.0
20191205,Coimbatore,Pollachi,10.662,77.0065,296.0,21.82,86.85,2.73,0.25,0.0
20191206,Coimbatore,Pollachi,10.662,77.0065,296.0,21.21,87.05,2.47,0.05,0.0
20191207,Coimbatore,Pollachi,10.662,77.0065,296.0,21.99,89.88,2.36,1.05,0.0
20191208,Coimbatore,Pollachi,10.662,77.0065,296.0,21.58,87.9,2.17,0.33,0.0
20191209,Coimbatore,Pollachi,10.662,77.0065,296.0,21.41,87.08,2.12,0.2,0.0
20191210,Coimbatore,Pollachi,10.662,77.0065,296.0,21.1,84.65,1.7,0.05,0.0
20191211,Coimbatore,Pollachi,10.662,77.0065,296.0,21.89,85.98,1.53,0.0,0.0
20191212,Coimbatore,Pollachi,10.662,77.0065,296.0,21.78,85.16,1.48,0.0,0.0
20191213,Coimbatore,Pollachi,10.662,77.0065,296.0,22.73,88.21,1.94,0.84,5.524248123168945
20191214,Coimbatore,Pollachi,10.662,77.0065,296.0,22.49,92.42,2.42,10.72,10.118309020996094
20191215,Coimbatore,Pollachi,10.662,77.0065,296.0,21.97,88.5,2.4,1.26,0.0
20191216,Coimbatore,Pollachi,10.662,77.0065,296.0,21.77,88.81,1.9,0.0,0.0
20191217,Coimbatore,Pollachi,10.662,77.0065,296.0,22.06,86.71,2.27,0.17,5.890434741973877
20191218,Coimbatore,Pollachi,10.662,77.0065,296.0,22.12,87.55,2.49,0.07,0.0
20191219,Coimbatore,Pollachi,10.662,77.0065,296.0,22.36,87.48,2.6,0.01,0.0
20191220,Coimbatore,Pollachi,10.662,77.0065,296.0,22.18,87.83,2.07,0.0,0.0
20191221,Coimbatore,Pollachi,10.662,77.0065,296.0,21.44,87.45,1.99,0.0,0.0
20191222,Coimbatore,Pollachi,10.662,77.0065,296.0,22.13,85.45,1.84,0.0,0.0
20191223,Coimbatore,Pollachi,10.662,77.0065,296.0,21.78,85.56,1.7,0.0,0.0
20191224,Coimbatore,Pollachi,10.662,77.0065,296.0,22.46,86.38,1.58,0.73,0.0
20191225,Coimbatore,Pollachi,10.662,77.0065,296.0,23.02,89.06,2.23,2.88,5.29323673248291
20191226,Coimbatore,Pollachi,10.662,77.0065,296.0,23.18,86.15,1.4,0.21,0.0
20191227,Coimbatore,Pollachi,10.662,77.0065,296.0,22.92,84.85,1.57,0.0,0.0
20191228,Coimbatore,Pollachi,10.662,77.0065,296.0,22.26,83.14,1.77,0.0,0.0
20191229,Coimbatore,Pollachi,10.662,77.0065,296.0,22.48,83.89,1.94,0.0,0.0
20191230,Coimbatore,Pollachi,10.662,77.0065,296.0,22.42,83.22,1.85,0.07,0.0
20191231,Coimbatore,Pollachi,10.662,77.0065,296.0,22.83,84.71,1.61,0.89,0.0
20200101,Coimbatore,Pollachi,10.662,77.0065,296.0,23.29,84.19,1.5,0.39,0.0
20200102,Coimbatore,Pollachi,10.662,77.0065,296.0,23.47,83.99,1.45,0.0,0.0
20200103,Coimbatore,Pollachi,10.662,77.0065,296.0,24.16,81.69,1.29,0.0,0.0
20200104,Coimbatore,Pollachi,10.662,77.0065,296.0,24.82,79.67,0.74,0.0,0.0
20200105,Coimbatore,Pollachi,10.662,77.0065,296.0,24.29,81.83,1.6,0.0,0.0
20200106,Coimbatore,Pollachi,10.662,77.0065,296.0,23.62,80.84,2.32,0.01,0.0
20200107,Coimbatore,Pollachi,10.662,77.0065,296.0,23.06,79.6,2.04,0.01,0.0
20200108,Coimbatore,Pollachi,10.662,77.0065,296.0,22.89,77.51,1.51,0.0,0.0
20200109,Coimbatore,Pollachi,10.662,77.0065,296.0,22.67,76.74,1.41,0.0,0.0
20200110,Coimbatore,Pollachi,10.662,77.0065,296.0,22.06,76.82,1.98,0.0,0.0
20200111,Coimbatore,Pollachi,10.662,77.0065,296.0,21.53,72.99,2.15,0.0,0.0
20200112,Coimbatore,Pollachi,10.662,77.0065,296.0,21.42,75.82,1.95,0.0,0.0
20200113,Coimbatore,Pollachi,10.662,77.0065,296.0,22.42,76.01,1.23,0.0,0.0
20200114,Coimbatore,Pollachi,10.662,77.0065,296.0,22.2,73.99,1.26,0.0,0.0
20200115,Coimbatore,Pollachi,10.662,77.0065,296.0,21.32,72.68,1.61,0.0,0.0
20200116,Coimbatore,Pollachi,10.662,77.0065,296.0,21.45,70.68,1.35,0.0,0.0
20200117,Coimbatore,Pollachi,10.662,77.0065,296.0,22.63,73.71,1.28,0.03,0.0
20200118,Coimbatore,Pollachi,10.662,77.0065,296.0,24.04,78.97,2.11,1.18,0.0
20200119,Coimbatore,Pollachi,10.662,77.0065,296.0,23.68,79.55,2.14,3.06,0.0
20200120,Coimbatore,Pollachi,10.662,77.0065,296.0,23.47,73.46,1.98,0.04,0.0
20200121,Coimbatore,Pollachi,10.662,77.0065,296.0,22.96,69.5,2.09,0.0,0.0
20200122,Coimbatore,Pollachi,10.662,77.0065,296.0,23.02,71.48,2.55,0.0,0.0
20200123,Coimbatore,Pollachi,10.662,77.0065,296.0,23.85,75.73,2.67,0.0,0.0
20200124,Coimbatore,Pollachi,10.662,77.0065,296.0,22.87,65.2,2.42,0.0,0.0
20200125,Coimbatore,Pollachi,10.662,77.0065,296.0,21.93,62.99,1.66,0.0,0.0
20200126,Coimbatore,Pollachi,10.662,77.0065,296.0,22.65,64.4,1.47,0.0,0.0
20200127,Coimbatore,Pollachi,10.662,77.0065,296.0,23.79,62.5,1.21,0.0,0.0
20200128,Coimbatore,Pollachi,10.662,77.0065,296.0,24.45,68.02,0.94,0.0,0.0
20200129,Coimbatore,Pollachi,10.662,77.0065,296.0,24.75,64.34,1.03,0.0,0.0
20200130,Coimbatore,Pollachi,10.662,77.0065,296.0,25.2,64.05,1.09,0.0,0.0
20200131,Coimbatore,Pollachi,10.662,77.0065,296.0,24.59,66.34,1.47,0.0,0.0
20200201,Coimbatore,Pollachi,10.662,77.0065,296.0,24.37,66.43,1.62,0.0,0.0
20200202,Coimbatore,Pollachi,10.662,77.0065,296.0,23.66,65.38,2.03,0.0,0.0
20200203,Coimbatore,Pollachi,10.662,77.0065,296.0,23.59,65.64,1.75,0.0,0.0
20200204,Coimbatore,Pollachi,10.662,77.0065,296.0,24.03,65.23,1.7,0.01,0.0
20200205,Coimbatore,Pollachi,10.662,77.0065,296.0,24.42,72.36,1.54,1.35,0.0
20200206,Coimbatore,Pollachi,10.662,77.0065,296.0,24.49,66.75,1.23,0.56,0.0
20200207,Coimbatore,Pollachi,10.662,77.0065,296.0,24.21,73.78,1.1,0.62,0.0
20200208,Coimbatore,Pollachi,10.662,77.0065,296.0,25.36,68.39,0.9,0.0,0.0
20200209,Coimbatore,Pollachi,10.662,77.0065,296.0,25.22,65.65,1.53,0.29,0.0
20200210,Coimbatore,Pollachi,10.662,77.0065,296.0,25.37,64.59,2.43,0.21,0.0
20200211,Coimbatore,Pollachi,10.662,77.0065,296.0,25.09,61.77,2.95,0.0,0.0
20200212,Coimbatore,Pollachi,10.662,77.0065,296.0,24.99,61.58,2.6,0.0,0.0
20200213,Coimbatore,Pollachi,10.662,77.0065,296.0,25.06,58.12,2.22,0.0,0.0
20200214,Coimbatore,Pollachi,10.662,77.0065,296.0,25.0,58.6,1.3,0.0,0.0
20200215,Coimbatore,Pollachi,10.662,77.0065,296.0,26.13,56.15,1.26,0.0,0.0
20200216,Coimbatore,Pollachi,10.662,77.0065,296.0,24.95,50.99,1.85,0.0,0.0
20200217,Coimbatore,Pollachi,10.662,77.0065,296.0,24.04,48.41,2.02,0.0,0.0
20200218,Coimbatore,Pollachi,10.662,77.0065,296.0,24.25,53.16,2.22,0.0,0.0
20200219,Coimbatore,Pollachi,10.662,77.0065,296.0,23.29,59.83,2.01,0.0,0.0
20200220,Coimbatore,Pollachi,10.662,77.0065,296.0,23.84,55.75,2.49,0.0,0.0
20200221,Coimbatore,Pollachi,10.662,77.0065,296.0,24.68,59.64,2.52,0.0,0.0
20200222,Coimbatore,Pollachi,10.662,77.0065,296.0,26.45,61.57,3.25,0.0,0.0
20200223,Coimbatore,Pollachi,10.662,77.0065,296.0,25.87,58.89,2.81,0.0,0.0
20200224,Coimbatore,Pollachi,10.662,77.0065,296.0,25.92,56.69,2.49,0.0,0.0
20200225,Coimbatore,Pollachi,10.662,77.0065,296.0,26.8,52.72,1.47,0.0,0.0
20200226,Coimbatore,Pollachi,10.662,77.0065,296.0,27.08,51.23,1.9,0.01,0.0
20200227,Coimbatore,Pollachi,10.662,77.0065,296.0,27.41,51.43,1.84,0.11,0.0
20200228,Coimbatore,Pollachi,10.662,77.0065,296.0,27.44,56.22,2.31,0.07,0.0
20200229,Coimbatore,Pollachi,10.662,77.0065,296.0,27.25,54.73,1.53,0.09,0.0
20200301,Coimbatore,Pollachi,10.662,77.0065,296.0,27.52,57.82,1.6,1.22,0.0
20200302,Coimbatore,Pollachi,10.662,77.0065,296.0,24.3,75.7,1.09,3.55,0.0
20200303,Coimbatore,Pollachi,10.662,77.0065,296.0,24.4,71.12,1.03,0.59,0.0
20200304,Coimbatore,Pollachi,10.662,77.0065,296.0,25.69,70.45,0.99,0.52,0.0
20200305,Coimbatore,Pollachi,10.662,77.0065,296.0,26.82,67.57,1.52,0.22,0.0
20200306,Coimbatore,Pollachi,10.662,77.0065,296.0,27.61,61.73,1.53,0.02,0.0
20200307,Coimbatore,Pollachi,10.662,77.0065,296.0,28.01,58.67,2.06,0.0,0.0
20200308,Coimbatore,Pollachi,10.662,77.0065,296.0,28.16,59.03,0.85,0.79,0.0
20200309,Coimbatore,Pollachi,10.662,77.0065,296.0,28.78,60.14,0.84,0.27,7.282458305358887
20200310,Coimbatore,Pollachi,10.662,77.0065,296.0,29.3,48.99,1.24,0.0,0.0
20200311,Coimbatore,Pollachi,10.662,77.0065,296.0,28.95,52.59,1.16,0.51,0.0
20200312,Coimbatore,Pollachi,10.662,77.0065,296.0,28.74,54.56,1.25,1.07,4.989263534545898
20200313,Coimbatore,Pollachi,10.662,77.0065,296.0,28.15,43.37,1.66,0.0,0.0
20200314,Coimbatore,Pollachi,10.662,77.0065,296.0,28.47,46.17,1.7,0.0,0.0
20200315,Coimbatore,Pollachi,10.662,77.0065,296.0,28.64,49.28,1.83,0.0,0.0
20200316,Coimbatore,Pollachi,10.662,77.0065,296.0,28.95,49.14,2.2,0.0,0.0
20200317,Coimbatore,Pollachi,10.662,77.0065,296.0,28.77,48.55,2.61,0.0,0.0
20200318,Coimbatore,Pollachi,10.662,77.0065,296.0,28.55,48.51,1.86,0.0,0.0
20200319,Coimbatore,Pollachi,10.662,77.0065,296.0,29.49,43.13,1.37,0.0,0.0
20200320,Coimbatore,Pollachi,10.662,77.0065,296.0,29.4,53.52,1.28,1.0,1.2209556102752686
20200321,Coimbatore,Pollachi,10.662,77.0065,296.0,28.42,60.55,1.04,4.33,3.0051162242889404
20200322,Coimbatore,Pollachi,10.662,77.0065,296.0,29.0,56.6,0.82,0.33,0.0
20200323,Coimbatore,Pollachi,10.662,77.0065,296.0,29.06,56.46,1.04,0.32,3.0051162242889404
20200324,Coimbatore,Pollachi,10.662,77.0065,296.0,29.64,49.92,1.29,0.07,0.0
20200325,Coimbatore,Pollachi,10.662,77.0065,296.0,29.25,50.71,1.3,0.09,0.0
20200326,Coimbatore,Pollachi,10.662,77.0065,296.0,29.16,46.01,2.0,0.01,0.0
20200327,Coimbatore,Pollachi,10.662,77.0065,296.0,29.2,45.71,1.78,0.0,0.0
20200328,Coimbatore,Pollachi,10.662,77.0065,296.0,29.33,42.34,1.43,0.01,0.0
20200329,Coimbatore,Pollachi,10.662,77.0065,296.0,29.46,42.32,1.21,0.05,0.0
20200330,Coimbatore,Pollachi,10.662,77.0065,296.0,29.45,37.91,1.63,0.17,0.0
20200331,Coimbatore,Pollachi,10.662,77.0065,296.0,29.29,36.24,1.87,0.33,0.0
20200401,Coimbatore,Pollachi,10.662,77.0065,296.0,29.38,39.2,2.0,0.0,0.0
20200402,Coimbatore,Pollachi,10.662,77.0065,296.0,30.49,41.11,1.68,0.0,0.0
20200403,Coimbatore,Pollachi,10.662,77.0065,296.0,30.35,41.54,1.3,0.0,0.0
20200404,Coimbatore,Pollachi,10.662,77.0065,296.0,30.21,43.6,0.9,0.0,0.0
20200405,Coimbatore,Pollachi,10.662,77.0065,296.0,30.34,51.43,1.44,0.28,3.511890649795532
20200406,Coimbatore,Pollachi,10.662,77.0065,296.0,29.01,61.77,1.04,1.56,3.606515884399414
20200407,Coimbatore,Pollachi,10.662,77.0065,296.0,25.76,79.72,0.83,2.87,7.213031768798828
20200408,Coimbatore,Pollachi,10.662,77.0065,296.0,28.0,61.7,1.07,0.47,0.0
20200409,Coimbatore,Pollachi,10.662,77.0065,296.0,28.57,64.81,1.01,5.25,0.0
20200410,Coimbatore,Pollachi,10.662,77.0065,296.0,28.71,58.92,1.65,0.28,0.0
20200411,Coimbatore,Pollachi,10.662,77.0065,296.0,28.84,53.25,1.77,0.39,0.0
20200412,Coimbatore,Pollachi,10.662,77.0065,296.0,28.74,49.94,1.69,0.41,0.0
20200413,Coimbatore,Pollachi,10.662,77.0065,296.0,29.23,43.55,1.54,0.0,0.0
20200414,Coimbatore,Pollachi,10.662,77.0065,296.0,29.95,41.44,1.66,0.01,0.0
20200415,Coimbatore,Pollachi,10.662,77.0065,296.0,30.3,44.88,1.23,0.02,0.0
20200416,Coimbatore,Pollachi,10.662,77.0065,296.0,30.42,48.84,0.97,0.07,0.0
20200417,Coimbatore,Pollachi,10.662,77.0065,296.0,30.77,52.05,1.47,0.19,0.0
20200418,Coimbatore,Pollachi,10.662,77.0065,296.0,30.89,52.46,1.46,0.24,0.0
20200419,Coimbatore,Pollachi,10.662,77.0065,296.0,30.76,52.11,1.45,0.05,0.0
20200420,Coimbatore,Pollachi,10.662,77.0065,296.0,31.04,47.99,1.67,0.28,0.0
20200421,Coimbatore,Pollachi,10.662,77.0065,296.0,31.09,49.75,1.03,0.69,0.0
20200422,Coimbatore,Pollachi,10.662,77.0065,296.0,30.15,59.78,1.6,1.71,4.464576244354248
20200423,Coimbatore,Pollachi,10.662,77.0065,296.0,29.65,63.79,1.88,1.13,0.0
20200424,Coimbatore,Pollachi,10.662,77.0065,296.0,28.21,62.11,1.98,0.89,0.0
20200425,Coimbatore,Pollachi,10.662,77.0065,296.0,29.4,59.57,1.38,0.57,8.929152488708496
20200426,Coimbatore,Pollachi,10.662,77.0065,296.0,27.36,71.82,1.14,5.06,8.103645324707031
20200427,Coimbatore,Pollachi,10.662,77.0065,296.0,28.46,69.03,0.86,1.09,0.0
20200428,Coimbatore,Pollachi,10.662,77.0065,296.0,27.0,76.63,1.18,2.52,12.155467987060549
20200429,Coimbatore,Pollachi,10.662,77.0065,296.0,25.26,78.41,1.76,10.54,4.051822662353516
20200430,Coimbatore,Pollachi,10.662,77.0065,296.0,27.85,60.67,1.14,0.12,4.051822662353516
20200501,Coimbatore,Pollachi,10.662,77.0065,296.0,28.45,67.18,1.09,4.3,0.0
20200502,Coimbatore,Pollachi,10.662,77.0065,296.0,28.59,68.66,0.99,2.04,1.9440879821777344
20200503,Coimbatore,Pollachi,10.662,77.0065,296.0,30.17,62.19,1.25,0.48,0.0
20200504,Coimbatore,Pollachi,10.662,77.0065,296.0,29.65,64.08,0.98,0.2,0.0
20200505,Coimbatore,Pollachi,10.662,77.0065,296.0,29.57,64.16,1.04,0.14,0.0
20200506,Coimbatore,Pollachi,10.662,77.0065,296.0,28.0,73.71,1.45,2.48,2.166194200515747
20200507,Coimbatore,Pollachi,10.662,77.0065,296.0,27.52,76.36,1.51,3.63,2.166194200515747
20200508,Coimbatore,Pollachi,10.662,77.0065,296.0,26.73,79.96,1.13,2.88,0.0
20200509,Coimbatore,Pollachi,10.662,77.0065,296.0,29.46,64.93,1.33,0.07,2.166194200515747
20200510,Coimbatore,Pollachi,10.662,77.0065,296.0,28.51,69.29,0.59,0.12,6.498582363128662
20200511,Coimbatore,Pollachi,10.662,77.0065,296.0,28.28,69.02,0.88,0.18,2.623624324798584
20200512,Coimbatore,Pollachi,10.662,77.0065,296.0,27.81,69.01,0.9,0.46,0.0
20200513,Coimbatore,Pollachi,10.662,77.0065,296.0,29.15,56.67,1.27,0.37,5.247248649597168
20200514,Coimbatore,Pollachi,10.662,77.0065,296.0,27.93,71.79,1.22,0.26,7.870872497558594
20200515,Coimbatore,Pollachi,10.662,77.0065,296.0,27.85,73.33,1.47,0.88,2.623624324798584
20200516,Coimbatore,Pollachi,10.662,77.0065,296.0,27.92,70.7,2.35,0.72,3.504278421401977
20200517,Coimbatore,Pollachi,10.662,77.0065,296.0,27.23,75.89,2.76,4.66,5.256417751312256
20200518,Coimbatore,Pollachi,10.662,77.0065,296.0,26.04,76.35,3.62,5.75,0.0
20200519,Coimbatore,Pollachi,10.662,77.0065,296.0,26.65,75.61,3.82,1.1,0.0
20200520,Coimbatore,Pollachi,10.662,77.0065,296.0,27.66,71.12,3.53,0.42,1.7521392107009888
20200521,Coimbatore,Pollachi,10.662,77.0065,296.0,26.27,74.89,2.84,2.28,2.286301851272583
20200522,Coimbatore,Pollachi,10.662,77.0065,296.0,27.58,67.72,2.86,0.44,1.5448246002197266
20200523,Coimbatore,Pollachi,10.662,77.0065,296.0,28.7,69.95,2.74,0.03,3.1284501552581787
20200524,Coimbatore,Pollachi,10.662,77.0065,296.0,28.21,72.47,3.06,0.51,1.099550724029541
20200525,Coimbatore,Pollachi,10.662,77.0065,296.0,27.26,77.6,2.65,2.86,2.5972628593444824
20200526,Coimbatore,Pollachi,10.662,77.0065,296.0,27.36,76.08,2.32,0.92,0.0
20200527,Coimbatore,Pollachi,10.662,77.0065,296.0,27.24,76.95,2.68,2.02,5.197580814361572
20200528,Coimbatore,Pollachi,10.662,77.0065,296.0,26.86,79.17,2.65,19.29,7.796370506286621
20200529,Coimbatore,Pollachi,10.662,77.0065,296.0,26.61,75.31,2.11,4.0,0.0
20200530,Coimbatore,Pollachi,10.662,77.0065,296.0,26.36,77.43,1.63,2.47,2.598790407180786
20200531,Coimbatore,Pollachi,10.662,77.0065,296.0,26.35,79.36,2.57,1.77,2.598790407180786
20200601,Coimbatore,Pollachi,10.662,77.0065,296.0,25.82,82.97,2.82,3.16,5.189462184906006
20200602,Coimbatore,Pollachi,10.662,77.0065,296.0,25.15,81.71,3.14,9.91,4.14048433303833
20200603,Coimbatore,Pollachi,10.662,77.0065,296.0,25.15,82.93,3.25,1.48,6.957488536834717
20200604,Coimbatore,Pollachi,10.662,77.0065,296.0,25.11,81.6,3.68,5.93,5.511298656463623
20200605,Coimbatore,Pollachi,10.662,77.0065,296.0,25.52,81.32,3.1,5.15,3.872001886367798
20200606,Coimbatore,Pollachi,10.662,77.0065,296.0,25.52,79.25,3.25,5.71,7.218175888061523
20200607,Coimbatore,Pollachi,10.662,77.0065,296.0,25.12,81.15,2.86,5.07,0.0
20200608,Coimbatore,Pollachi,10.662,77.0065,296.0,25.82,72.24,2.89,0.14,0.0
20200609,Coimbatore,Pollachi,10.662,77.0065,296.0,25.22,77.07,2.69,2.1,0.0
20200610,Coimbatore,Pollachi,10.662,77.0065,296.0,24.99,77.5,3.35,3.29,7.218175888061523
20200611,Coimbatore,Pollachi,10.662,77.0065,296.0,25.12,76.22,3.62,0.86,2.001553773880005
20200612,Coimbatore,Pollachi,10.662,77.0065,296.0,24.81,74.82,4.43,2.91,1.6418092250823977
20200613,Coimbatore,Pollachi,10.662,77.0065,296.0,25.61,74.08,3.95,1.95,0.4953118562698364
20200614,Coimbatore,Pollachi,10.662,77.0065,296.0,25.43,77.28,4.05,3.16,3.2283496856689453
20200615,Coimbatore,Pollachi,10.662,77.0065,296.0,25.87,79.94,3.44,1.61,0.5942957997322083
20200616,Coimbatore,Pollachi,10.662,77.0065,296.0,25.31,84.83,3.18,3.7,12.529420852661133
20200617,Coimbatore,Pollachi,10.662,77.0065,296.0,24.87,83.3,3.24,2.68,0.0
20200618,Coimbatore,Pollachi,10.662,77.0065,296.0,24.57,80.21,3.27,2.0,0.0
20200619,Coimbatore,Pollachi,10.662,77.0065,296.0,24.57,81.06,2.63,1.77,0.0
20200620,Coimbatore,Pollachi,10.662,77.0065,296.0,25.08,75.92,2.67,0.64,0.0
20200621,Coimbatore,Pollachi,10.662,77.0065,296.0,24.13,81.27,3.18,3.67,11.082042694091797
20200622,Coimbatore,Pollachi,10.662,77.0065,296.0,24.88,78.25,3.43,2.98,0.0
20200623,Coimbatore,Pollachi,10.662,77.0065,296.0,24.84,75.45,2.59,0.21,5.541021347045898
20200624,Coimbatore,Pollachi,10.662,77.0065,296.0,25.28,75.18,2.53,1.11,16.623064041137695
20200625,Coimbatore,Pollachi,10.662,77.0065,296.0,24.4,81.9,1.86,10.13,16.623064041137695
20200626,Coimbatore,Pollachi,10.662,77.0065,296.0,24.68,81.5,2.42,4.62,0.0
20200627,Coimbatore,Pollachi,10.662,77.0065,296.0,24.76,83.95,2.88,3.24,0.0
20200628,Coimbatore,Pollachi,10.662,77.0065,296.0,25.16,85.8,2.66,10.76,7.842936038970947
20200629,Coimbatore,Pollachi,10.662,77.0065,296.0,25.02,86.14,2.59,7.42,15.685872077941896
20200630,Coimbatore,Pollachi,10.662,77.0065,296.0,25.41,77.95,3.17,2.18,0.0
20200701,Coimbatore,Pollachi,10.662,77.0065,296.0,24.63,79.83,3.02,0.51,0.0
20200702,Coimbatore,Pollachi,10.662,77.0065,296.0,24.13,82.55,2.82,6.26,5.973273277282715
20200703,Coimbatore,Pollachi,10.662,77.0065,296.0,23.1,83.39,3.39,8.3,0.0
20200704,Coimbatore,Pollachi,10.662,77.0065,296.0,23.46,83.82,3.87,7.85,5.973273277282715
20200705,Coimbatore,Pollachi,10.662,77.0065,296.0,24.39,79.35,3.43,3.53,2.9866366386413574
20200706,Coimbatore,Pollachi,10.662,77.0065,296.0,23.5,85.54,3.13,14.36,4.117888450622559
20200707,Coimbatore,Pollachi,10.662,77.0065,296.0,24.02,82.98,3.36,6.02,0.0
20200708,Coimbatore,Pollachi,10.662,77.0065,296.0,24.24,87.35,2.33,9.52,4.117888450622559
20200709,Coimbatore,Pollachi,10.662,77.0065,296.0,23.45,87.62,1.72,20.77,8.235776901245117
20200710,Coimbatore,Pollachi,10.662,77.0065,296.0,23.95,85.44,1.75,2.34,4.117888450622559
20200711,Coimbatore,Pollachi,10.662,77.0065,296.0,24.08,84.29,2.29,5.84,2.2795040607452397
20200712,Coimbatore,Pollachi,10.662,77.0065,296.0,24.42,82.83,3.06,2.31,0.0
20200713,Coimbatore,Pollachi,10.662,77.0065,296.0,24.16,83.58,1.93,4.32,4.559008121490479
20200714,Coimbatore,Pollachi,10.662,77.0065,296.0,24.14,87.55,2.05,3.49,4.559008121490479
20200715,Coimbatore,Pollachi,10.662,77.0065,296.0,23.74,89.58,2.79,5.72,6.838512420654297
20200716,Coimbatore,Pollachi,10.662,77.0065,296.0,23.98,86.15,3.17,10.43,1.190439224243164
20200717,Coimbatore,Pollachi,10.662,77.0065,296.0,23.16,88.06,2.46,10.15,2.5199906826019287
20200718,Coimbatore,Pollachi,10.662,77.0065,296.0,23.79,85.96,2.28,3.04,8.843194961547852
20200719,Coimbatore,Pollachi,10.662,77.0065,296.0,23.99,86.09,1.08,5.31,10.194790840148926
20200720,Coimbatore,Pollachi,10.662,77.0065,296.0,23.97,90.48,1.71,32.56,6.641293048858643
20200721,Coimbatore,Pollachi,10.662,77.0065,296.0,24.3,84.81,0.9,2.4,4.810766220092773
20200722,Coimbatore,Pollachi,10.662,77.0065,296.0,24.87,86.63,0.95,0.63,9.621532440185549
20200723,Coimbatore,Pollachi,10.662,77.0065,296.0,24.33,89.08,1.61,6.82,14.43229866027832
20200724,Coimbatore,Pollachi,10.662,77.0065,296.0,23.86,87.38,2.3,12.75,9.621532440185549
20200725,Coimbatore,Pollachi,10.662,77.0065,296.0,22.95,89.32,2.28,2.26,0.0
20200726,Coimbatore,Pollachi,10.662,77.0065,296.0,23.46,87.15,2.15,1.72,0.0
20200727,Coimbatore,Pollachi,10.662,77.0065,296.0,23.96,84.42,2.28,2.43,0.0
20200728,Coimbatore,Pollachi,10.662,77.0065,296.0,23.85,87.57,2.65,5.47,21.332763671875
20200729,Coimbatore,Pollachi,10.662,77.0065,296.0,23.45,89.33,2.64,16.24,17.066211700439453
20200730,Coimbatore,Pollachi,10.662,77.0065,296.0,23.43,88.28,3.25,7.34,0.0
20200731,Coimbatore,Pollachi,10.662,77.0065,296.0,23.99,89.01,2.95,10.18,8.533105850219727
20200801,Coimbatore,Pollachi,10.662,77.0065,296.0,23.33,87.67,3.17,7.08,10.98644733428955
20200802,Coimbatore,Pollachi,10.662,77.0065,296.0,23.24,87.98,4.15,8.62,0.0
20200803,Coimbatore,Pollachi,10.662,77.0065,296.0,23.48,88.48,4.62,13.01,0.0
20200804,Coimbatore,Pollachi,10.662,77.0065,296.0,23.57,86.75,5.08,15.98,43.9457893371582
20200805,Coimbatore,Pollachi,10.662,77.0065,296.0,23.64,87.97,5.93,10.24,0.0
20200806,Coimbatore,Pollachi,10.662,77.0065,296.0,24.66,86.59,5.25,22.51,0.0
20200807,Coimbatore,Pollachi,10.662,77.0065,296.0,23.94,88.31,4.48,27.33,0.0
20200808,Coimbatore,Pollachi,10.662,77.0065,296.0,23.45,88.45,3.8,18.95,24.193464279174805
20200809,Coimbatore,Pollachi,10.662,77.0065,296.0,22.58,90.45,2.91,13.34,24.193464279174805
20200810,Coimbatore,Pollachi,10.662,77.0065,296.0,23.16,90.94,3.46,2.45,0.0
20200811,Coimbatore,Pollachi,10.662,77.0065,296.0,23.69,89.11,2.94,6.38,0.0
20200812,Coimbatore,Pollachi,10.662,77.0065,296.0,23.84,89.15,3.18,2.61,0.0
20200813,Coimbatore,Pollachi,10.662,77.0065,296.0,23.59,90.11,2.69,5.32,5.354243278503418
20200814,Coimbatore,Pollachi,10.662,77.0065,296.0,23.16,90.03,2.71,2.39,5.354243278503418
20200815,Coimbatore,Pollachi,10.662,77.0065,296.0,23.28,89.81,2.92,1.08,0.0
20200816,Coimbatore,Pollachi,10.662,77.0065,296.0,23.49,89.42,2.76,1.15,8.646427154541016
20200817,Coimbatore,Pollachi,10.662,77.0065,296.0,24.11,87.4,2.71,2.48,0.0
20200818,Coimbatore,Pollachi,10.662,77.0065,296.0,24.2,88.19,2.65,3.35,0.0
20200819,Coimbatore,Pollachi,10.662,77.0065,296.0,23.77,89.03,2.31,0.87,0.0
20200820,Coimbatore,Pollachi,10.662,77.0065,296.0,23.48,90.37,2.23,0.42,2.8821425437927246
20200821,Coimbatore,Pollachi,10.662,77.0065,296.0,24.43,86.49,2.04,0.05,6.927889347076416
20200822,Coimbatore,Pollachi,10.662,77.0065,296.0,24.63,86.91,1.93,6.15,0.0
20200823,Coimbatore,Pollachi,10.662,77.0065,296.0,24.07,87.8,1.85,2.7,10.391834259033203
20200824,Coimbatore,Pollachi,10.662,77.0065,296.0,24.33,86.88,1.57,11.0,6.927889347076416
20200825,Coimbatore,Pollachi,10.662,77.0065,296.0,24.53,86.06,1.48,2.45,3.463944673538208
20200826,Coimbatore,Pollachi,10.662,77.0065,296.0,24.33,86.89,1.09,1.13,3.134378433227539
20200827,Coimbatore,Pollachi,10.662,77.0065,296.0,24.45,84.02,1.8,0.12,0.0
20200828,Coimbatore,Pollachi,10.662,77.0065,296.0,24.71,82.13,2.03,0.09,0.0
20200829,Coimbatore,Pollachi,10.662,77.0065,296.0,24.22,84.74,2.23,0.09,0.0
20200830,Coimbatore,Pollachi,10.662,77.0065,296.0,24.79,85.77,1.89,1.09,0.0
20200831,Coimbatore,Pollachi,10.662,77.0065,296.0,24.05,88.64,1.39,3.24,12.537513732910156
20200901,Coimbatore,Pollachi,10.662,77.0065,296.0,23.68,88.69,2.03,12.27,19.218969345092773
20200902,Coimbatore,Pollachi,10.662,77.0065,296.0,23.02,90.35,1.84,14.78,9.609484672546388
20200903,Coimbatore,Pollachi,10.662,77.0065,296.0,24.02,88.91,1.24,5.41,9.609484672546388
20200904,Coimbatore,Pollachi,10.662,77.0065,296.0,24.63,87.35,0.96,6.66,9.609484672546388
20200905,Coimbatore,Pollachi,10.662,77.0065,296.0,25.2,83.85,0.89,2.46,4.804742336273193
20200906,Coimbatore,Pollachi,10.662,77.0065,296.0,24.5,87.49,1.83,18.71,12.45032024383545
20200907,Coimbatore,Pollachi,10.662,77.0065,296.0,23.43,90.21,2.92,6.87,0.0
20200908,Coimbatore,Pollachi,10.662,77.0065,296.0,23.92,89.62,1.7,4.8,6.225160121917725
20200909,Coimbatore,Pollachi,10.662,77.0065,296.0,23.77,89.02,2.3,14.78,18.675479888916016
20200910,Coimbatore,Pollachi,10.662,77.0065,296.0,23.43,89.4,3.55,8.29,0.0
20200911,Coimbatore,Pollachi,10.662,77.0065,296.0,23.44,88.05,3.83,10.29,0.0
20200912,Coimbatore,Pollachi,10.662,77.0065,296.0,22.6,89.17,2.91,6.5,3.2627105712890625
20200913,Coimbatore,Pollachi,10.662,77.0065,296.0,22.05,88.56,2.34,4.42,16.313552856445312
20200914,Coimbatore,Pollachi,10.662,77.0065,296.0,22.8,86.05,3.05,2.48,0.0
20200915,Coimbatore,Pollachi,10.662,77.0065,296.0,23.6,88.16,3.02,2.87,0.0
20200916,Coimbatore,Pollachi,10.662,77.0065,296.0,24.04,87.49,2.72,2.13,0.5412342548370361
20200917,Coimbatore,Pollachi,10.662,77.0065,296.0,23.92,89.24,2.77,4.99,0.7241644263267517
20200918,Coimbatore,Pollachi,10.662,77.0065,296.0,23.86,86.89,3.38,6.11,0.7549928426742554
20200919,Coimbatore,Pollachi,10.662,77.0065,296.0,23.41,86.43,4.07,11.88,2.8171463012695312
20200920,Coimbatore,Pollachi,10.662,77.0065,296.0,23.13,88.23,4.85,13.8,1.4986909627914429
20200921,Coimbatore,Pollachi,10.662,77.0065,296.0,23.05,87.67,4.39,6.41,0.0
20200922,Coimbatore,Pollachi,10.662,77.0065,296.0,22.56,86.12,3.58,2.78,0.0
20200923,Coimbatore,Pollachi,10.662,77.0065,296.0,23.05,88.33,2.61,1.29,0.0
20200924,Coimbatore,Pollachi,10.662,77.0065,296.0,23.39,88.62,1.78,1.15,0.0
20200925,Coimbatore,Pollachi,10.662,77.0065,296.0,23.11,88.39,1.79,4.64,5.652717590332031
20200926,Coimbatore,Pollachi,10.662,77.0065,296.0,22.04,88.96,1.66,0.97,5.252378463745117
20200927,Coimbatore,Pollachi,10.662,77.0065,296.0,23.57,86.12,1.58,4.11,5.252378463745117
20200928,Coimbatore,Pollachi,10.662,77.0065,296.0,23.91,86.11,1.88,1.7,5.252378463745117
20200929,Coimbatore,Pollachi,10.662,77.0065,296.0,23.67,88.77,2.59,12.39,7.878568172454834
20200930,Coimbatore,Pollachi,10.662,77.0065,296.0,23.09,88.96,2.47,3.35,0.0
20201001,Coimbatore,Pollachi,10.662,77.0065,296.0,22.85,88.7,2.06,0.04,0.0
20201002,Coimbatore,Pollachi,10.662,77.0065,296.0,23.25,87.01,1.92,1.16,0.0
20201003,Coimbatore,Pollachi,10.662,77.0065,296.0,23.51,86.26,2.33,1.58,0.0
20201004,Coimbatore,Pollachi,10.662,77.0065,296.0,23.74,84.79,2.13,0.03,0.0
20201005,Coimbatore,Pollachi,10.662,77.0065,296.0,23.77,83.04,1.89,0.02,0.0
20201006,Coimbatore,Pollachi,10.662,77.0065,296.0,24.73,84.61,1.63,1.59,0.0
20201007,Coimbatore,Pollachi,10.662,77.0065,296.0,24.32,88.96,1.79,4.95,10.833151817321776
20201008,Coimbatore,Pollachi,10.662,77.0065,296.0,24.59,88.14,1.03,5.77,10.833151817321776
20201009,Coimbatore,Pollachi,10.662,77.0065,296.0,23.41,93.42,1.64,17.9,10.833151817321776
20201010,Coimbatore,Pollachi,10.662,77.0065,296.0,23.04,90.43,1.78,5.31,5.416575908660889
20201011,Coimbatore,Pollachi,10.662,77.0065,296.0,22.38,88.79,2.61,4.15,6.570736408233643
20201012,Coimbatore,Pollachi,10.662,77.0065,296.0,23.06,89.51,3.17,6.03,0.0
20201013,Coimbatore,Pollachi,10.662,77.0065,296.0,23.19,88.5,3.94,3.27,0.0
20201014,Coimbatore,Pollachi,10.662,77.0065,296.0,23.36,86.86,3.54,2.1,6.570736408233643
20201015,Coimbatore,Pollachi,10.662,77.0065,296.0,23.34,87.44,2.69,1.38,0.0
20201016,Coimbatore,Pollachi,10.662,77.0065,296.0,23.73,88.85,2.18,2.27,0.0
20201017,Coimbatore,Pollachi,10.662,77.0065,296.0,23.54,87.81,1.63,2.11,21.46333122253418
20201018,Coimbatore,Pollachi,10.662,77.0065,296.0,23.55,86.32,1.41,1.82,0.0
20201019,Coimbatore,Pollachi,10.662,77.0065,296.0,23.81,87.05,1.55,6.84,0.0
20201020,Coimbatore,Pollachi,10.662,77.0065,296.0,22.95,91.59,1.8,7.71,0.0
20201021,Coimbatore,Pollachi,10.662,77.0065,296.0,23.54,88.07,2.33,2.44,12.492528915405272
20201022,Coimbatore,Pollachi,10.662,77.0065,296.0,23.69,88.52,2.34,1.91,0.0
20201023,Coimbatore,Pollachi,10.662,77.0065,296.0,23.54,87.71,2.36,0.04,0.0
20201024,Coimbatore,Pollachi,10.662,77.0065,296.0,22.75,82.04,1.77,0.02,0.0
20201025,Coimbatore,Pollachi,10.662,77.0065,296.0,22.86,83.85,1.26,57.95,0.0
20201026,Coimbatore,Pollachi,10.662,77.0065,296.0,24.39,81.66,0.65,27.2,1.501906394958496
20201027,Coimbatore,Pollachi,10.662,77.0065,296.0,24.58,81.84,0.69,0.21,1.809874415397644
20201028,Coimbatore,Pollachi,10.662,77.0065,296.0,24.7,79.43,0.83,0.16,0.9624460935592652
20201029,Coimbatore,Pollachi,10.662,77.0065,296.0,24.4,81.6,0.75,0.74,0.7108318209648132
20201030,Coimbatore,Pollachi,10.662,77.0065,296.0,24.63,80.26,0.65,1.49,0.8558667898178101
20201031,Coimbatore,Pollachi,10.662,77.0065,296.0,24.73,78.41,0.63,0.35,0.1744318157434463
20201101,Coimbatore,Pollachi,10.662,77.0065,296.0,24.75,80.55,0.63,2.5,0.0
20201102,Coimbatore,Pollachi,10.662,77.0065,296.0,24.87,82.88,0.38,11.46,7.025017738342285
20201103,Coimbatore,Pollachi,10.662,77.0065,296.0,24.57,83.19,1.17,4.45,3.5125088691711426
20201104,Coimbatore,Pollachi,10.662,77.0065,296.0,24.85,82.35,0.83,5.65,7.025017738342285
20201105,Coimbatore,Pollachi,10.662,77.0065,296.0,24.63,84.07,1.24,12.94,7.025017738342285
20201106,Coimbatore,Pollachi,10.662,77.0065,296.0,23.51,86.06,1.67,5.83,0.0
20201107,Coimbatore,Pollachi,10.662,77.0065,296.0,23.91,85.76,1.87,1.17,0.0
20201108,Coimbatore,Pollachi,10.662,77.0065,296.0,23.72,88.93,1.92,4.09,0.0
20201109,Coimbatore,Pollachi,10.662,77.0065,296.0,24.24,80.7,1.34,0.08,0.0
20201110,Coimbatore,Pollachi,10.662,77.0065,296.0,22.33,77.39,1.62,0.0,0.0
20201111,Coimbatore,Pollachi,10.662,77.0065,296.0,22.62,79.29,1.36,2.33,0.0
20201112,Coimbatore,Pollachi,10.662,77.0065,296.0,23.31,92.23,1.71,9.72,0.0
20201113,Coimbatore,Pollachi,10.662,77.0065,296.0,23.44,88.85,1.99,7.63,10.234692573547363
20201114,Coimbatore,Pollachi,10.662,77.0065,296.0,23.96,87.14,2.24,1.32,0.0
20201115,Coimbatore,Pollachi,10.662,77.0065,296.0,23.86,89.63,2.2,4.56,10.234692573547363
20201116,Coimbatore,Pollachi,10.662,77.0065,296.0,23.16,92.22,2.45,22.39,34.41149139404297
20201117,Coimbatore,Pollachi,10.662,77.0065,296.0,22.93,91.03,2.69,28.91,25.808618545532227
20201118,Coimbatore,Pollachi,10.662,77.0065,296.0,22.99,90.66,1.72,14.2,0.0
20201119,Coimbatore,Pollachi,10.662,77.0065,296.0,23.14,89.14,1.88,2.57,0.0
20201120,Coimbatore,Pollachi,10.662,77.0065,296.0,22.65,89.04,1.81,0.94,0.0
20201121,Coimbatore,Pollachi,10.662,77.0065,296.0,21.88,82.56,1.41,0.08,0.0
20201122,Coimbatore,Pollachi,10.662,77.0065,296.0,20.63,78.36,1.37,0.0,0.0
20201123,Coimbatore,Pollachi,10.662,77.0065,296.0,21.64,76.99,1.32,0.0,14.677557945251465
20201124,Coimbatore,Pollachi,10.662,77.0065,296.0,22.47,78.51,1.19,0.0,14.677557945251465
20201125,Coimbatore,Pollachi,10.662,77.0065,296.0,23.44,85.86,1.15,2.84,14.677557945251465
20201126,Coimbatore,Pollachi,10.662,77.0065,296.0,22.85,90.37,2.12,4.25,0.0
20201127,Coimbatore,Pollachi,10.662,77.0065,296.0,22.79,86.45,0.89,3.72,0.0
20201128,Coimbatore,Pollachi,10.662,77.0065,296.0,21.88,91.32,1.64,3.05,0.0
20201129,Coimbatore,Pollachi,10.662,77.0065,296.0,22.66,89.2,1.84,1.86,16.87830924987793
20201130,Coimbatore,Pollachi,10.662,77.0065,296.0,22.79,86.84,1.99,0.31,0.0
20201201,Coimbatore,Pollachi,10.662,77.0065,296.0,21.66,80.46,1.9,0.0,0.0
20201202,Coimbatore,Pollachi,10.662,77.0065,296.0,22.79,80.9,1.45,2.11,9.968006134033203
20201203,Coimbatore,Pollachi,10.662,77.0065,296.0,22.13,91.08,1.44,8.69,19.936012268066406
20201204,Coimbatore,Pollachi,10.662,77.0065,296.0,22.27,91.14,2.63,7.61,9.968006134033203
20201205,Coimbatore,Pollachi,10.662,77.0065,296.0,22.07,90.1,1.99,2.46,0.0
20201206,Coimbatore,Pollachi,10.662,77.0065,296.0,22.82,89.71,2.13,16.09,0.0
20201207,Coimbatore,Pollachi,10.662,77.0065,296.0,22.7,91.99,2.4,7.64,20.278614044189453
20201208,Coimbatore,Pollachi,10.662,77.0065,296.0,22.92,90.95,2.41,7.75,0.0
20201209,Coimbatore,Pollachi,10.662,77.0065,296.0,22.81,88.64,1.86,1.43,0.0
20201210,Coimbatore,Pollachi,10.662,77.0065,296.0,21.76,86.41,1.83,0.78,0.0
20201211,Coimbatore,Pollachi,10.662,77.0065,296.0,21.27,84.01,1.54,0.3,0.0
20201212,Coimbatore,Pollachi,10.662,77.0065,296.0,20.78,82.28,1.4,0.18,0.0
20201213,Coimbatore,Pollachi,10.662,77.0065,296.0,20.64,83.52,1.4,0.01,0.0
20201214,Coimbatore,Pollachi,10.662,77.0065,296.0,20.19,82.08,1.49,0.0,0.0
20201215,Coimbatore,Pollachi,10.662,77.0065,296.0,20.54,82.87,1.69,0.17,0.0
20201216,Coimbatore,Pollachi,10.662,77.0065,296.0,21.93,87.06,1.63,2.96,0.0
20201217,Coimbatore,Pollachi,10.662,77.0065,296.0,22.04,90.48,2.13,2.3,0.0
20201218,Coimbatore,Pollachi,10.662,77.0065,296.0,22.03,85.93,2.1,1.04,0.0
20201219,Coimbatore,Pollachi,10.662,77.0065,296.0,21.39,85.39,2.49,0.07,10.99878215789795
20201220,Coimbatore,Pollachi,10.662,77.0065,296.0,21.17,83.99,2.35,0.0,0.0
20201221,Coimbatore,Pollachi,10.662,77.0065,296.0,19.88,83.6,2.3,0.0,0.0
20201222,Coimbatore,Pollachi,10.662,77.0065,296.0,20.63,83.21,1.8,0.0,0.0
20201223,Coimbatore,Pollachi,10.662,77.0065,296.0,21.72,84.61,1.47,0.0,0.0
20201224,Coimbatore,Pollachi,10.662,77.0065,296.0,22.39,83.6,1.88,0.0,0.0
20201225,Coimbatore,Pollachi,10.662,77.0065,296.0,21.51,82.47,1.89,0.0,0.0
20201226,Coimbatore,Pollachi,10.662,77.0065,296.0,20.94,80.38,1.91,0.0,0.0
20201227,Coimbatore,Pollachi,10.662,77.0065,296.0,20.64,76.98,1.53,0.0,0.0
20201228,Coimbatore,Pollachi,10.662,77.0065,296.0,21.15,76.25,1.39,0.0,0.0
20201229,Coimbatore,Pollachi,10.662,77.0065,296.0,21.75,79.55,1.67,0.4,0.0
20201230,Coimbatore,Pollachi,10.662,77.0065,296.0,23.0,85.16,2.25,2.12,0.0
20201231,Coimbatore,Pollachi,10.662,77.0065,296.0,22.89,87.26,2.97,6.61,6.914850234985352
20210101,Coimbatore,Pollachi,10.662,77.0065,296.0,21.32,80.97,2.64,0.64,0.0
20210102,Coimbatore,Pollachi,10.662,77.0065,296.0,21.63,83.43,2.16,0.24,0.0
20210103,Coimbatore,Pollachi,10.662,77.0065,296.0,22.48,87.1,2.17,4.41,0.0
20210104,Coimbatore,Pollachi,10.662,77.0065,296.0,22.58,87.94,2.55,4.9,0.0
20210105,Coimbatore,Pollachi,10.662,77.0065,296.0,22.47,87.51,1.96,1.96,8.330283164978027
20210106,Coimbatore,Pollachi,10.662,77.0065,296.0,22.19,88.3,1.08,16.35,5.394559860229492
20210107,Coimbatore,Pollachi,10.662,77.0065,296.0,22.44,91.95,1.6,29.69,0.0
20210108,Coimbatore,Pollachi,10.662,77.0065,296.0,23.22,90.9,1.24,11.12,0.0
20210109,Coimbatore,Pollachi,10.662,77.0065,296.0,23.1,90.56,2.01,8.05,5.394559860229492
20210110,Coimbatore,Pollachi,10.662,77.0065,296.0,22.1,90.42,1.54,1.39,2.697279930114746
20210111,Coimbatore,Pollachi,10.662,77.0065,296.0,22.07,89.84,1.86,2.58,2.4630706310272217
20210112,Coimbatore,Pollachi,10.662,77.0065,296.0,21.4,91.82,2.69,8.22,1.4778423309326172
20210113,Coimbatore,Pollachi,10.662,77.0065,296.0,21.54,91.03,2.99,12.69,0.4926140904426574
20210114,Coimbatore,Pollachi,10.662,77.0065,296.0,22.01,89.79,2.66,7.45,0.0
20210115,Coimbatore,Pollachi,10.662,77.0065,296.0,21.85,89.89,2.25,2.93,0.0
20210116,Coimbatore,Pollachi,10.662,77.0065,296.0,22.43,88.45,2.05,0.57,0.0
20210117,Coimbatore,Pollachi,10.662,77.0065,296.0,21.67,83.91,1.83,0.07,0.0
20210118,Coimbatore,Pollachi,10.662,77.0065,296.0,20.66,82.29,1.98,0.0,0.0
20210119,Coimbatore,Pollachi,10.662,77.0065,296.0,20.82,81.23,1.61,0.0,0.0
20210120,Coimbatore,Pollachi,10.662,77.0065,296.0,22.01,81.2,1.14,0.0,0.0
20210121,Coimbatore,Pollachi,10.662,77.0065,296.0,22.99,86.42,1.12,0.23,0.0
20210122,Coimbatore,Pollachi,10.662,77.0065,296.0,23.27,86.45,1.41,1.92,0.0
20210123,Coimbatore,Pollachi,10.662,77.0065,296.0,22.82,84.81,1.59,0.91,0.0
20210124,Coimbatore,Pollachi,10.662,77.0065,296.0,22.38,81.74,1.55,0.0,0.0
20210125,Coimbatore,Pollachi,10.662,77.0065,296.0,21.12,81.88,1.85,0.0,0.0
20210126,Coimbatore,Pollachi,10.662,77.0065,296.0,20.76,78.42,1.77,0.0,0.0
20210127,Coimbatore,Pollachi,10.662,77.0065,296.0,20.04,75.01,1.68,0.0,0.0
20210128,Coimbatore,Pollachi,10.662,77.0065,296.0,20.55,78.43,1.85,0.0,0.0
20210129,Coimbatore,Pollachi,10.662,77.0065,296.0,21.82,80.42,1.66,0.0,0.0
20210130,Coimbatore,Pollachi,10.662,77.0065,296.0,22.73,77.76,1.68,0.04,0.0
20210131,Coimbatore,Pollachi,10.662,77.0065,296.0,22.0,76.29,1.88,0.2,0.0
20210201,Coimbatore,Pollachi,10.662,77.0065,296.0,21.66,73.59,2.0,0.18,0.0
20210202,Coimbatore,Pollachi,10.662,77.0065,296.0,21.74,73.77,2.08,0.0,0.0
20210203,Coimbatore,Pollachi,10.662,77.0065,296.0,22.19,78.37,2.21,0.06,0.0
20210204,Coimbatore,Pollachi,10.662,77.0065,296.0,22.15,71.92,2.01,0.03,0.0
20210205,Coimbatore,Pollachi,10.662,77.0065,296.0,22.13,72.1,1.72,0.0,0.0
20210206,Coimbatore,Pollachi,10.662,77.0065,296.0,21.73,71.03,1.94,0.0,0.0
20210207,Coimbatore,Pollachi,10.662,77.0065,296.0,21.22,63.57,1.93,0.0,0.0
20210208,Coimbatore,Pollachi,10.662,77.0065,296.0,21.04,65.31,2.15,0.0,0.0
20210209,Coimbatore,Pollachi,10.662,77.0065,296.0,21.17,68.04,2.11,0.0,0.0
20210210,Coimbatore,Pollachi,10.662,77.0065,296.0,20.56,64.79,1.94,0.0,0.0
20210211,Coimbatore,Pollachi,10.662,77.0065,296.0,20.56,65.93,1.79,0.0,0.0
20210212,Coimbatore,Pollachi,10.662,77.0065,296.0,20.77,67.47,1.83,0.0,0.0
20210213,Coimbatore,Pollachi,10.662,77.0065,296.0,21.61,67.7,1.52,0.0,0.0
20210214,Coimbatore,Pollachi,10.662,77.0065,296.0,22.84,64.36,1.2,0.0,0.0
20210215,Coimbatore,Pollachi,10.662,77.0065,296.0,23.76,65.38,0.97,0.0,0.0
20210216,Coimbatore,Pollachi,10.662,77.0065,296.0,24.45,70.15,1.02,0.0,0.0
20210217,Coimbatore,Pollachi,10.662,77.0065,296.0,24.57,70.19,1.39,0.0,0.0
20210218,Coimbatore,Pollachi,10.662,77.0065,296.0,23.33,72.82,1.88,0.17,0.0
20210219,Coimbatore,Pollachi,10.662,77.0065,296.0,23.99,67.54,1.4,0.91,0.0
20210220,Coimbatore,Pollachi,10.662,77.0065,296.0,24.14,76.78,1.82,7.26,0.0
20210221,Coimbatore,Pollachi,10.662,77.0065,296.0,24.06,79.01,1.64,7.63,0.0
20210222,Coimbatore,Pollachi,10.662,77.0065,296.0,24.17,73.25,2.09,3.74,0.0
20210223,Coimbatore,Pollachi,10.662,77.0065,296.0,24.6,70.71,1.77,0.99,0.0
20210224,Coimbatore,Pollachi,10.662,77.0065,296.0,24.5,65.25,1.63,0.0,0.0
20210225,Coimbatore,Pollachi,10.662,77.0065,296.0,25.23,63.67,1.28,0.0,0.0
20210226,Coimbatore,Pollachi,10.662,77.0065,296.0,26.53,59.94,1.05,0.0,0.0
20210227,Coimbatore,Pollachi,10.662,77.0065,296.0,26.91,57.78,1.03,0.0,0.0
20210228,Coimbatore,Pollachi,10.662,77.0065,296.0,25.22,55.18,1.74,0.0,0.0
20210301,Coimbatore,Pollachi,10.662,77.0065,296.0,24.52,57.61,1.52,0.0,0.0
20210302,Coimbatore,Pollachi,10.662,77.0065,296.0,24.73,56.91,1.86,0.0,0.0
20210303,Coimbatore,Pollachi,10.662,77.0065,296.0,24.02,59.06,2.3,0.0,0.0
20210304,Coimbatore,Pollachi,10.662,77.0065,296.0,23.4,62.05,2.05,0.0,0.0
20210305,Coimbatore,Pollachi,10.662,77.0065,296.0,24.4,57.57,1.61,0.0,0.0
20210306,Coimbatore,Pollachi,10.662,77.0065,296.0,25.59,57.43,1.32,0.0,0.0
20210307,Coimbatore,Pollachi,10.662,77.0065,296.0,25.87,55.7,1.54,0.0,0.0
20210308,Coimbatore,Pollachi,10.662,77.0065,296.0,26.07,59.69,1.62,0.0,0.0
20210309,Coimbatore,Pollachi,10.662,77.0065,296.0,26.28,62.21,1.95,0.06,0.0
20210310,Coimbatore,Pollachi,10.662,77.0065,296.0,26.38,63.61,1.74,5.86,7.5581207275390625
20210311,Coimbatore,Pollachi,10.662,77.0065,296.0,24.61,77.26,1.43,13.84,0.0
20210312,Coimbatore,Pollachi,10.662,77.0065,296.0,25.16,66.72,1.78,2.28,0.0
20210313,Coimbatore,Pollachi,10.662,77.0065,296.0,24.95,61.68,1.85,0.0,0.0
20210314,Coimbatore,Pollachi,10.662,77.0065,296.0,25.66,62.32,1.89,0.0,0.0
20210315,Coimbatore,Pollachi,10.662,77.0065,296.0,25.93,60.03,1.64,0.0,0.0
20210316,Coimbatore,Pollachi,10.662,77.0065,296.0,26.24,57.2,1.36,0.0,0.0
20210317,Coimbatore,Pollachi,10.662,77.0065,296.0,25.89,55.9,1.83,0.0,0.0
20210318,Coimbatore,Pollachi,10.662,77.0065,296.0,25.94,55.55,1.95,0.0,0.0
20210319,Coimbatore,Pollachi,10.662,77.0065,296.0,24.74,53.96,1.62,0.02,0.0
20210320,Coimbatore,Pollachi,10.662,77.0065,296.0,26.48,55.76,1.06,0.09,3.7788431644439697
20210321,Coimbatore,Pollachi,10.662,77.0065,296.0,26.79,56.23,1.42,2.95,11.705427169799805
20210322,Coimbatore,Pollachi,10.662,77.0065,296.0,26.22,57.65,1.51,1.56,0.0
20210323,Coimbatore,Pollachi,10.662,77.0065,296.0,26.89,56.88,1.72,0.08,0.0
20210324,Coimbatore,Pollachi,10.662,77.0065,296.0,27.48,58.29,1.52,0.07,0.0
20210325,Coimbatore,Pollachi,10.662,77.0065,296.0,26.5,63.71,1.15,2.45,5.852713584899902
20210326,Coimbatore,Pollachi,10.662,77.0065,296.0,27.15,58.12,2.07,0.05,0.0
20210327,Coimbatore,Pollachi,10.662,77.0065,296.0,27.86,58.52,1.64,0.02,0.0
20210328,Coimbatore,Pollachi,10.662,77.0065,296.0,27.72,61.21,1.1,0.74,12.522652626037598
20210329,Coimbatore,Pollachi,10.662,77.0065,296.0,27.87,62.71,1.5,0.6,0.0
20210330,Coimbatore,Pollachi,10.662,77.0065,296.0,28.58,63.82,1.67,0.93,0.0
20210331,Coimbatore,Pollachi,10.662,77.0065,296.0,29.08,64.7,2.43,0.22,0.0
20210401,Coimbatore,Pollachi,10.662,77.0065,296.0,29.14,63.28,2.24,0.51,0.0
20210402,Coimbatore,Pollachi,10.662,77.0065,296.0,28.18,61.7,2.36,0.07,0.0
20210403,Coimbatore,Pollachi,10.662,77.0065,296.0,27.79,61.13,2.78,0.13,0.0
20210404,Coimbatore,Pollachi,10.662,77.0065,296.0,29.07,55.91,1.87,1.1,0.0
20210405,Coimbatore,Pollachi,10.662,77.0065,296.0,30.13,54.42,1.24,0.67,0.0
20210406,Coimbatore,Pollachi,10.662,77.0065,296.0,30.01,51.52,1.6,0.45,0.0
20210407,Coimbatore,Pollachi,10.662,77.0065,296.0,29.64,45.8,1.8,0.12,0.0
20210408,Coimbatore,Pollachi,10.662,77.0065,296.0,29.04,46.66,1.32,0.14,0.0
20210409,Coimbatore,Pollachi,10.662,77.0065,296.0,29.1,46.05,1.75,0.01,0.0
20210410,Coimbatore,Pollachi,10.662,77.0065,296.0,28.93,48.93,1.79,0.03,0.0
20210411,Coimbatore,Pollachi,10.662,77.0065,296.0,29.42,52.81,1.13,0.6,2.552898645401001
20210412,Coimbatore,Pollachi,10.662,77.0065,296.0,28.24,63.46,1.3,5.52,5.105797290802002
20210413,Coimbatore,Pollachi,10.662,77.0065,296.0,26.97,69.66,1.13,2.83,5.105797290802002
20210414,Coimbatore,Pollachi,10.662,77.0065,296.0,26.86,72.53,0.58,9.58,10.211594581604004
20210415,Coimbatore,Pollachi,10.662,77.0065,296.0,25.78,79.12,1.18,10.67,5.105797290802002
20210416,Coimbatore,Pollachi,10.662,77.0065,296.0,25.04,81.47,1.09,3.51,4.211956977844238
20210417,Coimbatore,Pollachi,10.662,77.0065,296.0,25.85,77.75,0.75,1.1,0.0
20210418,Coimbatore,Pollachi,10.662,77.0065,296.0,26.12,76.69,0.99,0.87,0.0
20210419,Coimbatore,Pollachi,10.662,77.0065,296.0,25.87,78.22,1.33,2.74,2.105978488922119
20210420,Coimbatore,Pollachi,10.662,77.0065,296.0,24.72,85.66,0.95,2.58,8.423913955688477
20210421,Coimbatore,Pollachi,10.662,77.0065,296.0,26.2,77.53,0.98,2.32,0.0
20210422,Coimbatore,Pollachi,10.662,77.0065,296.0,27.12,72.49,1.2,0.25,0.0
20210423,Coimbatore,Pollachi,10.662,77.0065,296.0,27.12,72.61,0.86,4.25,0.0
20210424,Coimbatore,Pollachi,10.662,77.0065,296.0,27.49,71.43,0.6,3.46,15.279796600341797
20210425,Coimbatore,Pollachi,10.662,77.0065,296.0,27.12,73.18,0.94,3.11,0.0
20210426,Coimbatore,Pollachi,10.662,77.0065,296.0,26.76,73.91,0.48,0.77,1.35178804397583
20210427,Coimbatore,Pollachi,10.662,77.0065,296.0,26.35,74.09,0.59,0.12,4.05536413192749
20210428,Coimbatore,Pollachi,10.662,77.0065,296.0,27.8,67.78,0.95,0.05,0.0
20210429,Coimbatore,Pollachi,10.662,77.0065,296.0,27.38,72.68,1.1,0.21,0.0
20210430,Coimbatore,Pollachi,10.662,77.0065,296.0,27.37,72.75,0.83,1.35,0.0
20210501,Coimbatore,Pollachi,10.662,77.0065,296.0,27.57,71.88,1.19,1.35,0.0
20210502,Coimbatore,Pollachi,10.662,77.0065,296.0,27.12,72.76,1.0,3.51,3.4211976528167725
20210503,Coimbatore,Pollachi,10.662,77.0065,296.0,26.84,75.23,1.27,7.78,6.842395305633545
20210504,Coimbatore,Pollachi,10.662,77.0065,296.0,27.16,73.01,0.87,5.21,10.263592720031738
20210505,Coimbatore,Pollachi,10.662,77.0065,296.0,27.77,69.77,1.17,1.31,0.0
20210506,Coimbatore,Pollachi,10.662,77.0065,296.0,28.57,68.08,1.31,2.79,0.0
20210507,Coimbatore,Pollachi,10.662,77.0065,296.0,28.04,71.56,1.26,11.08,6.8050618171691895
20210508,Coimbatore,Pollachi,10.662,77.0065,296.0,26.6,75.4,1.5,1.05,0.0
20210509,Coimbatore,Pollachi,10.662,77.0065,296.0,27.96,72.3,1.0,0.77,0.0
20210510,Coimbatore,Pollachi,10.662,77.0065,296.0,26.75,81.17,1.24,1.78,6.8050618171691895
20210511,Coimbatore,Pollachi,10.662,77.0065,296.0,26.7,78.57,1.57,2.72,0.0
20210512,Coimbatore,Pollachi,10.662,77.0065,296.0,26.53,80.67,1.64,3.15,11.048049926757812
20210513,Coimbatore,Pollachi,10.662,77.0065,296.0,26.86,77.64,2.28,12.32,16.57207489013672
20210514,Coimbatore,Pollachi,10.662,77.0065,296.0,25.48,80.54,2.59,22.13,5.524024963378906
20210515,Coimbatore,Pollachi,10.662,77.0065,296.0,24.38,90.13,2.84,17.55,22.096099853515625
20210516,Coimbatore,Pollachi,10.662,77.0065,296.0,24.91,85.21,2.99,10.41,0.0
20210517,Coimbatore,Pollachi,10.662,77.0065,296.0,25.18,84.21,2.17,6.99,0.0
20210518,Coimbatore,Pollachi,10.662,77.0065,296.0,25.03,87.54,2.0,3.92,0.0
20210519,Coimbatore,Pollachi,10.662,77.0065,296.0,25.24,88.23,2.1,26.16,22.698909759521484
20210520,Coimbatore,Pollachi,10.662,77.0065,296.0,24.31,88.7,1.84,17.71,15.13260555267334
20210521,Coimbatore,Pollachi,10.662,77.0065,296.0,23.44,86.97,1.78,0.4,4.851851463317871
20210522,Coimbatore,Pollachi,10.662,77.0065,296.0,24.14,86.29,2.4,4.06,4.851851463317871
20210523,Coimbatore,Pollachi,10.662,77.0065,296.0,24.98,82.68,2.57,2.67,0.0
20210524,Coimbatore,Pollachi,10.662,77.0065,296.0,24.48,86.57,2.06,0.26,0.0
20210525,Coimbatore,Pollachi,10.662,77.0065,296.0,24.44,83.1,3.33,7.11,0.0
20210526,Coimbatore,Pollachi,10.662,77.0065,296.0,23.36,85.24,3.5,7.94,0.0
20210527,Coimbatore,Pollachi,10.662,77.0065,296.0,24.52,83.71,3.06,0.92,0.0
20210528,Coimbatore,Pollachi,10.662,77.0065,296.0,25.11,82.49,2.54,0.42,0.0
20210529,Coimbatore,Pollachi,10.662,77.0065,296.0,24.65,82.86,2.41,1.38,0.0
20210530,Coimbatore,Pollachi,10.662,77.0065,296.0,24.21,82.32,2.75,1.13,0.0
20210531,Coimbatore,Pollachi,10.662,77.0065,296.0,24.85,82.81,2.88,4.17,0.0
20210601,Coimbatore,Pollachi,10.662,77.0065,296.0,25.14,83.64,2.73,1.87,0.0
20210602,Coimbatore,Pollachi,10.662,77.0065,296.0,25.94,81.96,2.18,1.7,0.0
20210603,Coimbatore,Pollachi,10.662,77.0065,296.0,24.89,90.99,1.31,9.2,16.069692611694336
20210604,Coimbatore,Pollachi,10.662,77.0065,296.0,25.01,88.89,1.57,8.16,16.069692611694336
20210605,Coimbatore,Pollachi,10.662,77.0065,296.0,24.16,84.15,1.86,9.57,24.10453987121582
20210606,Coimbatore,Pollachi,10.662,77.0065,296.0,24.48,84.08,1.92,4.07,0.0
20210607,Coimbatore,Pollachi,10.662,77.0065,296.0,25.19,81.44,1.98,0.46,0.0
20210608,Coimbatore,Pollachi,10.662,77.0065,296.0,25.14,81.9,2.35,4.36,0.0
20210609,Coimbatore,Pollachi,10.662,77.0065,296.0,24.73,85.09,2.53,2.34,0.0
20210610,Coimbatore,Pollachi,10.662,77.0065,296.0,24.98,82.98,2.83,1.13,0.0
20210611,Coimbatore,Pollachi,10.662,77.0065,296.0,24.53,84.66,2.67,1.55,4.370682239532471
20210612,Coimbatore,Pollachi,10.662,77.0065,296.0,24.44,83.94,3.44,5.29,8.741364479064941
20210613,Coimbatore,Pollachi,10.662,77.0065,296.0,24.0,83.18,3.71,10.67,0.0
20210614,Coimbatore,Pollachi,10.662,77.0065,296.0,23.08,81.01,4.24,3.78,0.0
20210615,Coimbatore,Pollachi,10.662,77.0065,296.0,24.3,84.83,3.94,8.89,0.0
20210616,Coimbatore,Pollachi,10.662,77.0065,296.0,24.86,85.67,3.93,9.88,0.0
20210617,Coimbatore,Pollachi,10.662,77.0065,296.0,24.25,87.18,3.78,6.32,0.0
20210618,Coimbatore,Pollachi,10.662,77.0065,296.0,23.88,86.55,3.46,2.41,14.09449291229248
20210619,Coimbatore,Pollachi,10.662,77.0065,296.0,23.97,85.39,3.09,1.02,0.0
20210620,Coimbatore,Pollachi,10.662,77.0065,296.0,24.48,85.92,2.44,1.41,0.0
20210621,Coimbatore,Pollachi,10.662,77.0065,296.0,24.56,86.1,2.04,2.45,0.0
20210622,Coimbatore,Pollachi,10.662,77.0065,296.0,24.21,86.04,1.89,2.58,13.819246292114258
20210623,Coimbatore,Pollachi,10.662,77.0065,296.0,24.78,85.87,1.66,3.34,13.819246292114258
20210624,Coimbatore,Pollachi,10.662,77.0065,296.0,24.41,84.36,2.3,0.74,0.0
20210625,Coimbatore,Pollachi,10.662,77.0065,296.0,24.48,82.01,2.15,0.15,0.0
20210626,Coimbatore,Pollachi,10.662,77.0065,296.0,24.07,85.24,2.46,3.78,0.0
20210627,Coimbatore,Pollachi,10.662,77.0065,296.0,24.02,77.6,2.12,5.63,0.0
20210628,Coimbatore,Pollachi,10.662,77.0065,296.0,23.23,82.23,1.87,1.95,0.0
20210629,Coimbatore,Pollachi,10.662,77.0065,296.0,24.36,83.72,1.69,6.99,9.795333862304688
20210630,Coimbatore,Pollachi,10.662,77.0065,296.0,25.29,82.85,1.85,1.38,4.897666931152344
20210701,Coimbatore,Pollachi,10.662,77.0065,296.0,25.1,86.92,1.86,9.29,8.16182804107666
20210702,Coimbatore,Pollachi,10.662,77.0065,296.0,24.65,86.56,2.15,3.53,2.720609188079834
20210703,Coimbatore,Pollachi,10.662,77.0065,296.0,24.15,87.99,1.89,2.52,0.0
20210704,Coimbatore,Pollachi,10.662,77.0065,296.0,23.88,85.2,1.12,19.76,8.16182804107666
20210705,Coimbatore,Pollachi,10.662,77.0065,296.0,24.28,83.86,1.86,2.51,0.0
20210706,Coimbatore,Pollachi,10.662,77.0065,296.0,24.6,85.84,1.44,4.39,2.5102014541625977
20210707,Coimbatore,Pollachi,10.662,77.0065,296.0,24.83,84.79,2.04,6.0,5.020402908325195
20210708,Coimbatore,Pollachi,10.662,77.0065,296.0,24.78,85.94,2.19,3.79,5.020402908325195
20210709,Coimbatore,Pollachi,10.662,77.0065,296.0,23.62,89.52,3.34,6.08,2.5102014541625977
20210710,Coimbatore,Pollachi,10.662,77.0065,296.0,23.11,84.78,4.91,10.24,2.5102014541625977
20210711,Coimbatore,Pollachi,10.662,77.0065,296.0,23.22,83.38,4.33,2.47,0.0
20210712,Coimbatore,Pollachi,10.662,77.0065,296.0,23.46,86.69,4.15,4.1,0.0
20210713,Coimbatore,Pollachi,10.662,77.0065,296.0,23.77,85.05,4.47,5.39,0.0
20210714,Coimbatore,Pollachi,10.662,77.0065,296.0,23.57,84.15,3.92,12.54,7.047865390777588
20210715,Coimbatore,Pollachi,10.662,77.0065,296.0,23.76,84.66,3.69,7.99,7.047865390777588
20210716,Coimbatore,Pollachi,10.662,77.0065,296.0,24.12,85.86,3.21,12.61,0.0
20210717,Coimbatore,Pollachi,10.662,77.0065,296.0,23.99,86.64,2.55,5.62,9.269887924194336
20210718,Coimbatore,Pollachi,10.662,77.0065,296.0,23.79,88.45,3.11,6.13,9.269887924194336
20210719,Coimbatore,Pollachi,10.662,77.0065,296.0,23.6,88.33,3.24,1.69,0.0
20210720,Coimbatore,Pollachi,10.662,77.0065,296.0,24.2,85.16,3.74,2.58,0.0
20210721,Coimbatore,Pollachi,10.662,77.0065,296.0,23.92,86.07,3.74,7.18,0.0
20210722,Coimbatore,Pollachi,10.662,77.0065,296.0,23.73,87.22,4.84,14.7,5.934286117553711
20210723,Coimbatore,Pollachi,10.662,77.0065,296.0,23.79,87.27,4.89,12.68,0.0
20210724,Coimbatore,Pollachi,10.662,77.0065,296.0,23.74,87.87,3.84,6.55,0.0
20210725,Coimbatore,Pollachi,10.662,77.0065,296.0,23.35,85.89,3.54,4.32,0.0
20210726,Coimbatore,Pollachi,10.662,77.0065,296.0,24.17,85.65,3.06,5.01,0.0
20210727,Coimbatore,Pollachi,10.662,77.0065,296.0,23.95,87.06,3.09,3.39,0.0
20210728,Coimbatore,Pollachi,10.662,77.0065,296.0,23.99,85.74,3.06,2.52,0.0
20210729,Coimbatore,Pollachi,10.662,77.0065,296.0,24.04,86.18,3.01,1.4,0.0
20210730,Coimbatore,Pollachi,10.662,77.0065,296.0,23.86,86.29,2.94,1.18,0.0
20210731,Coimbatore,Pollachi,10.662,77.0065,296.0,24.16,85.61,2.84,0.98,0.0
20210801,Coimbatore,Pollachi,10.662,77.0065,296.0,24.16,84.46,2.81,0.42,0.0
20210802,Coimbatore,Pollachi,10.662,77.0065,296.0,23.79,84.81,3.16,1.96,0.0
20210803,Coimbatore,Pollachi,10.662,77.0065,296.0,23.72,85.24,3.0,1.47,0.0
20210804,Coimbatore,Pollachi,10.662,77.0065,296.0,23.87,86.13,3.33,1.57,0.0
20210805,Coimbatore,Pollachi,10.662,77.0065,296.0,23.98,85.19,3.36,4.55,0.0
20210806,Coimbatore,Pollachi,10.662,77.0065,296.0,24.58,85.82,3.51,5.29,0.0
20210807,Coimbatore,Pollachi,10.662,77.0065,296.0,24.37,87.11,3.18,9.31,0.0
20210808,Coimbatore,Pollachi,10.662,77.0065,296.0,23.94,86.91,2.53,3.85,27.96435546875
20210809,Coimbatore,Pollachi,10.662,77.0065,296.0,23.59,85.35,2.52,4.13,0.0
20210810,Coimbatore,Pollachi,10.662,77.0065,296.0,22.52,87.27,2.75,1.76,0.0
20210811,Coimbatore,Pollachi,10.662,77.0065,296.0,23.35,85.68,2.82,3.64,8.816940307617188
20210812,Coimbatore,Pollachi,10.662,77.0065,296.0,23.23,85.2,2.94,2.1,0.0
20210813,Coimbatore,Pollachi,10.662,77.0065,296.0,23.87,85.37,2.43,8.34,8.816940307617188
20210814,Coimbatore,Pollachi,10.662,77.0065,296.0,23.86,85.67,2.68,2.29,17.633880615234375
20210815,Coimbatore,Pollachi,10.662,77.0065,296.0,23.8,85.23,2.78,0.44,0.0
20210816,Coimbatore,Pollachi,10.662,77.0065,296.0,23.9,82.81,2.79,0.28,14.67535400390625
20210817,Coimbatore,Pollachi,10.662,77.0065,296.0,23.56,85.39,2.65,4.39,22.013029098510746
20210818,Coimbatore,Pollachi,10.662,77.0065,296.0,22.65,84.83,2.84,7.17,14.67535400390625
20210819,Coimbatore,Pollachi,10.662,77.0065,296.0,22.87,81.58,3.02,1.97,0.0
20210820,Coimbatore,Pollachi,10.662,77.0065,296.0,24.1,79.51,1.83,1.16,0.0
20210821,Coimbatore,Pollachi,10.662,77.0065,296.0,24.48,78.81,1.08,6.31,11.408835411071776
20210822,Coimbatore,Pollachi,10.662,77.0065,296.0,24.28,81.39,0.91,10.38,11.408835411071776
20210823,Coimbatore,Pollachi,10.662,77.0065,296.0,23.6,84.72,1.55,13.48,22.817670822143555
20210824,Coimbatore,Pollachi,10.662,77.0065,296.0,24.03,83.63,2.01,1.7,0.0
20210825,Coimbatore,Pollachi,10.662,77.0065,296.0,24.27,84.27,2.19,4.95,0.0
20210826,Coimbatore,Pollachi,10.662,77.0065,296.0,24.12,89.4,2.4,10.64,14.632140159606934
20210827,Coimbatore,Pollachi,10.662,77.0065,296.0,23.93,90.47,2.67,10.5,21.948211669921875
20210828,Coimbatore,Pollachi,10.662,77.0065,296.0,23.6,89.03,2.62,10.27,7.316070079803467
20210829,Coimbatore,Pollachi,10.662,77.0065,296.0,23.44,88.46,3.23,7.14,14.632140159606934
20210830,Coimbatore,Pollachi,10.662,77.0065,296.0,23.42,86.86,2.76,3.34,0.0
20210831,Coimbatore,Pollachi,10.662,77.0065,296.0,24.42,84.66,2.28,0.65,0.0
20210901,Coimbatore,Pollachi,10.662,77.0065,296.0,23.99,86.17,1.88,1.23,6.713826656341553
20210902,Coimbatore,Pollachi,10.662,77.0065,296.0,23.19,89.11,1.79,14.57,10.07073974609375
20210903,Coimbatore,Pollachi,10.662,77.0065,296.0,23.88,83.7,1.93,10.0,0.0
20210904,Coimbatore,Pollachi,10.662,77.0065,296.0,23.75,87.06,2.63,3.42,3.836472749710083
20210905,Coimbatore,Pollachi,10.662,77.0065,296.0,23.89,82.7,3.29,6.38,10.07073974609375
20210906,Coimbatore,Pollachi,10.662,77.0065,296.0,22.85,86.2,3.41,6.95,1.267920970916748
20210907,Coimbatore,Pollachi,10.662,77.0065,296.0,23.57,86.55,3.11,5.93,0.0
20210908,Coimbatore,Pollachi,10.662,77.0065,296.0,23.75,87.26,3.19,6.91,0.0
20210909,Coimbatore,Pollachi,10.662,77.0065,296.0,24.06,85.82,2.3,1.02,0.0
20210910,Coimbatore,Pollachi,10.662,77.0065,296.0,23.94,85.89,2.36,0.26,0.0
20210911,Coimbatore,Pollachi,10.662,77.0065,296.0,23.41,89.45,2.81,6.56,0.0
20210912,Coimbatore,Pollachi,10.662,77.0065,296.0,23.86,87.56,3.59,7.84,0.0
20210913,Coimbatore,Pollachi,10.662,77.0065,296.0,23.45,89.64,3.86,4.44,0.0
20210914,Coimbatore,Pollachi,10.662,77.0065,296.0,24.35,86.97,2.74,1.31,0.0
20210915,Coimbatore,Pollachi,10.662,77.0065,296.0,24.03,88.46,2.2,7.64,15.282407760620115
20210916,Coimbatore,Pollachi,10.662,77.0065,296.0,24.07,88.43,2.21,8.12,1.7210395336151123
20210917,Coimbatore,Pollachi,10.662,77.0065,296.0,24.37,85.79,1.69,4.79,3.4420790672302246
20210918,Coimbatore,Pollachi,10.662,77.0065,296.0,24.71,83.28,1.23,0.68,1.7210395336151123
20210919,Coimbatore,Pollachi,10.662,77.0065,296.0,23.77,87.43,1.16,4.96,3.4420790672302246
20210920,Coimbatore,Pollachi,10.662,77.0065,296.0,24.28,86.72,1.29,1.74,3.4420790672302246
20210921,Coimbatore,Pollachi,10.662,77.0065,296.0,24.21,85.41,1.82,0.34,0.0
20210922,Coimbatore,Pollachi,10.662,77.0065,296.0,24.71,82.07,1.68,1.23,0.0
20210923,Coimbatore,Pollachi,10.662,77.0065,296.0,24.73,84.35,1.73,5.19,5.156839847564697
20210924,Coimbatore,Pollachi,10.662,77.0065,296.0,25.14,82.66,1.37,7.71,5.156839847564697
20210925,Coimbatore,Pollachi,10.662,77.0065,296.0,24.77,85.28,2.01,7.78,1.7189465761184692
20210926,Coimbatore,Pollachi,10.662,77.0065,296.0,23.9,86.5,2.2,2.22,7.471294403076172
20210927,Coimbatore,Pollachi,10.662,77.0065,296.0,23.79,86.39,3.41,8.34,3.735647201538086
20210928,Coimbatore,Pollachi,10.662,77.0065,296.0,23.22,86.49,3.34,4.34,0.0
20210929,Coimbatore,Pollachi,10.662,77.0065,296.0,23.41,82.28,2.05,0.83,3.735647201538086
20210930,Coimbatore,Pollachi,10.662,77.0065,296.0,23.57,86.93,1.48,16.88,7.471294403076172
20211001,Coimbatore,Pollachi,10.662,77.0065,296.0,24.55,86.84,0.84,5.87,20.01824760437012
20211002,Coimbatore,Pollachi,10.662,77.0065,296.0,24.32,88.46,0.75,15.09,13.345499038696287
20211003,Coimbatore,Pollachi,10.662,77.0065,296.0,24.71,85.89,1.3,13.12,6.6727495193481445
20211004,Coimbatore,Pollachi,10.662,77.0065,296.0,24.72,85.04,0.97,3.15,6.6727495193481445
20211005,Coimbatore,Pollachi,10.662,77.0065,296.0,24.81,85.78,0.58,6.38,6.6727495193481445
20211006,Coimbatore,Pollachi,10.662,77.0065,296.0,23.82,89.33,1.22,2.27,0.0
20211007,Coimbatore,Pollachi,10.662,77.0065,296.0,24.45,85.57,1.63,0.39,0.0
20211008,Coimbatore,Pollachi,10.662,77.0065,296.0,24.36,88.83,2.24,13.41,22.63776588439941
20211009,Coimbatore,Pollachi,10.662,77.0065,296.0,24.01,90.89,2.52,5.89,0.0
20211010,Coimbatore,Pollachi,10.662,77.0065,296.0,23.98,89.97,1.96,5.26,0.0
20211011,Coimbatore,Pollachi,10.662,77.0065,296.0,23.33,90.19,2.61,26.01,8.522061347961426
20211012,Coimbatore,Pollachi,10.662,77.0065,296.0,22.54,91.06,2.88,15.37,0.0
20211013,Coimbatore,Pollachi,10.662,77.0065,296.0,22.92,90.02,2.05,2.48,0.0
20211014,Coimbatore,Pollachi,10.662,77.0065,296.0,24.03,90.59,2.09,2.29,25.566184997558597
20211015,Coimbatore,Pollachi,10.662,77.0065,296.0,24.41,89.19,1.56,1.81,0.0
20211016,Coimbatore,Pollachi,10.662,77.0065,296.0,24.29,92.93,2.62,35.2,33.17105865478516
20211017,Coimbatore,Pollachi,10.662,77.0065,296.0,24.02,91.1,3.29,7.57,22.114038467407227
20211018,Coimbatore,Pollachi,10.662,77.0065,296.0,23.44,91.77,2.25,3.61,5.528509616851807
20211019,Coimbatore,Pollachi,10.662,77.0065,296.0,23.83,87.62,1.08,1.46,5.528509616851807
20211020,Coimbatore,Pollachi,10.662,77.0065,296.0,23.71,88.67,0.54,25.22,16.585529327392578
20211021,Coimbatore,Pollachi,10.662,77.0065,296.0,23.53,89.8,0.89,21.29,15.71453857421875
20211022,Coimbatore,Pollachi,10.662,77.0065,296.0,24.02,88.71,1.04,10.29,0.0
20211023,Coimbatore,Pollachi,10.662,77.0065,296.0,24.54,81.52,0.48,12.27,15.71453857421875
20211024,Coimbatore,Pollachi,10.662,77.0065,296.0,23.28,88.41,0.82,8.51,23.57180595397949
20211025,Coimbatore,Pollachi,10.662,77.0065,296.0,23.63,87.82,0.7,6.17,0.0
20211026,Coimbatore,Pollachi,10.662,77.0065,296.0,24.16,86.32,0.87,3.56,0.0
20211027,Coimbatore,Pollachi,10.662,77.0065,296.0,23.68,89.45,1.03,5.05,6.715110778808594
20211028,Coimbatore,Pollachi,10.662,77.0065,296.0,23.35,88.66,0.92,2.64,6.715110778808594
20211029,Coimbatore,Pollachi,10.662,77.0065,296.0,22.68,89.35,1.22,1.15,0.0
20211030,Coimbatore,Pollachi,10.662,77.0065,296.0,22.52,91.34,1.71,6.99,13.430221557617188
20211031,Coimbatore,Pollachi,10.662,77.0065,296.0,23.11,89.51,1.3,3.37,26.86044311523437
20211101,Coimbatore,Pollachi,10.662,77.0065,296.0,22.67,91.88,1.41,15.93,17.94887924194336
20211102,Coimbatore,Pollachi,10.662,77.0065,296.0,22.5,94.26,2.25,21.13,17.94887924194336
20211103,Coimbatore,Pollachi,10.662,77.0065,296.0,22.87,93.59,1.55,3.49,0.0
20211104,Coimbatore,Pollachi,10.662,77.0065,296.0,23.13,92.34,1.12,17.38,11.965920448303224
20211105,Coimbatore,Pollachi,10.662,77.0065,296.0,23.04,91.9,0.9,6.54,11.965920448303224
20211106,Coimbatore,Pollachi,10.662,77.0065,296.0,23.53,85.48,0.8,4.89,22.346515655517575
20211107,Coimbatore,Pollachi,10.662,77.0065,296.0,22.92,89.01,1.17,14.72,7.448838710784912
20211108,Coimbatore,Pollachi,10.662,77.0065,296.0,22.61,92.27,0.91,4.28,0.0
20211109,Coimbatore,Pollachi,10.662,77.0065,296.0,22.52,88.17,0.78,2.77,7.448838710784912
20211110,Coimbatore,Pollachi,10.662,77.0065,296.0,22.23,89.17,0.87,3.15,7.448838710784912
20211111,Coimbatore,Pollachi,10.662,77.0065,296.0,22.47,89.81,1.41,1.68,0.0
20211112,Coimbatore,Pollachi,10.662,77.0065,296.0,22.82,91.72,2.19,13.04,0.0
20211113,Coimbatore,Pollachi,10.662,77.0065,296.0,23.52,90.24,1.47,4.86,0.0
20211114,Coimbatore,Pollachi,10.662,77.0065,296.0,22.74,94.43,1.44,6.82,8.655759811401367
20211115,Coimbatore,Pollachi,10.662,77.0065,296.0,23.27,94.2,1.38,12.96,17.311519622802734
20211116,Coimbatore,Pollachi,10.662,77.0065,296.0,23.39,93.1,1.15,3.07,26.46461677551269
20211117,Coimbatore,Pollachi,10.662,77.0065,296.0,23.7,87.81,0.49,26.36,17.643075942993164
20211118,Coimbatore,Pollachi,10.662,77.0065,296.0,23.31,89.58,1.21,8.88,35.28615188598633
20211119,Coimbatore,Pollachi,10.662,77.0065,296.0,22.57,95.02,2.92,6.17,0.0
20211120,Coimbatore,Pollachi,10.662,77.0065,296.0,22.96,93.71,2.38,2.42,0.0
20211121,Coimbatore,Pollachi,10.662,77.0065,296.0,23.5,85.17,0.73,0.31,0.0
20211122,Coimbatore,Pollachi,10.662,77.0065,296.0,23.28,88.9,1.12,6.95,8.091046333312988
20211123,Coimbatore,Pollachi,10.662,77.0065,296.0,23.09,91.72,1.2,10.98,8.091046333312988
20211124,Coimbatore,Pollachi,10.662,77.0065,296.0,22.75,89.61,1.28,1.39,8.091046333312988
20211125,Coimbatore,Pollachi,10.662,77.0065,296.0,21.92,90.22,1.79,16.6,24.27313804626465
20211126,Coimbatore,Pollachi,10.662,77.0065,296.0,22.07,91.88,1.9,5.61,19.09310531616211
20211127,Coimbatore,Pollachi,10.662,77.0065,296.0,21.94,92.97,1.79,1.88,9.546552658081056
20211128,Coimbatore,Pollachi,10.662,77.0065,296.0,22.45,93.0,2.24,4.58,0.0
20211129,Coimbatore,Pollachi,10.662,77.0065,296.0,21.89,92.41,2.81,17.36,9.546552658081056
20211130,Coimbatore,Pollachi,10.662,77.0065,296.0,22.23,93.06,2.23,11.03,19.09310531616211
20211201,Coimbatore,Pollachi,10.662,77.0065,296.0,23.42,90.24,1.52,4.1,17.181163787841797
20211202,Coimbatore,Pollachi,10.662,77.0065,296.0,23.74,90.94,1.5,1.96,0.0
20211203,Coimbatore,Pollachi,10.662,77.0065,296.0,23.58,87.54,0.9,2.3,0.0
20211204,Coimbatore,Pollachi,10.662,77.0065,296.0,23.54,89.83,0.56,6.22,17.181163787841797
20211205,Coimbatore,Pollachi,10.662,77.0065,296.0,24.04,87.34,0.78,8.62,17.181163787841797
20211206,Coimbatore,Pollachi,10.662,77.0065,296.0,23.23,92.71,0.92,0.29,0.0
20211207,Coimbatore,Pollachi,10.662,77.0065,296.0,23.48,90.14,1.21,0.44,0.0
20211208,Coimbatore,Pollachi,10.662,77.0065,296.0,22.43,88.43,1.67,0.15,0.0
20211209,Coimbatore,Pollachi,10.662,77.0065,296.0,22.92,89.26,1.77,2.32,0.0
20211210,Coimbatore,Pollachi,10.662,77.0065,296.0,21.73,88.36,2.26,0.51,0.0
20211211,Coimbatore,Pollachi,10.662,77.0065,296.0,22.15,90.9,2.1,1.67,0.0
20211212,Coimbatore,Pollachi,10.662,77.0065,296.0,22.26,90.35,2.65,0.41,0.0
20211213,Coimbatore,Pollachi,10.662,77.0065,296.0,21.87,90.85,2.07,0.08,0.0
20211214,Coimbatore,Pollachi,10.662,77.0065,296.0,21.98,90.07,2.64,1.47,0.0
20211215,Coimbatore,Pollachi,10.662,77.0065,296.0,21.82,89.65,2.23,0.77,0.0
20211216,Coimbatore,Pollachi,10.662,77.0065,296.0,21.47,87.28,1.8,0.01,0.0
20211217,Coimbatore,Pollachi,10.662,77.0065,296.0,21.22,86.46,1.49,0.0,0.0
20211218,Coimbatore,Pollachi,10.662,77.0065,296.0,20.48,85.86,1.61,0.0,0.0
20211219,Coimbatore,Pollachi,10.662,77.0065,296.0,19.39,83.98,1.7,0.0,0.0
20211220,Coimbatore,Pollachi,10.662,77.0065,296.0,18.82,86.02,1.72,0.0,0.0
20211221,Coimbatore,Pollachi,10.662,77.0065,296.0,19.85,83.72,1.3,0.0,0.0
20211222,Coimbatore,Pollachi,10.662,77.0065,296.0,19.38,85.04,1.36,0.0,0.0
20211223,Coimbatore,Pollachi,10.662,77.0065,296.0,19.31,83.11,1.33,0.0,0.0
20211224,Coimbatore,Pollachi,10.662,77.0065,296.0,18.92,80.69,1.39,0.0,0.0
20211225,Coimbatore,Pollachi,10.662,77.0065,296.0,19.41,84.11,1.44,0.0,0.0
20211226,Coimbatore,Pollachi,10.662,77.0065,296.0,19.55,86.51,1.54,0.0,0.0
20211227,Coimbatore,Pollachi,10.662,77.0065,296.0,19.83,87.22,1.68,0.0,0.0
20211228,Coimbatore,Pollachi,10.662,77.0065,296.0,19.88,85.64,1.71,0.0,0.0
20211229,Coimbatore,Pollachi,10.662,77.0065,296.0,20.0,85.85,1.61,0.0,0.0
20211230,Coimbatore,Pollachi,10.662,77.0065,296.0,20.83,88.1,1.89,1.6,0.0
20211231,Coimbatore,Pollachi,10.662,77.0065,296.0,22.31,89.51,2.82,4.73,0.0
20220101,Coimbatore,Pollachi,10.662,77.0065,296.0,22.52,90.08,2.84,11.09,4.468990802764893
20220102,Coimbatore,Pollachi,10.662,77.0065,296.0,21.82,88.86,2.7,1.93,0.0
20220103,Coimbatore,Pollachi,10.662,77.0065,296.0,21.09,85.23,2.11,0.02,0.0
20220104,Coimbatore,Pollachi,10.662,77.0065,296.0,21.31,86.91,1.87,0.0,0.0
20220105,Coimbatore,Pollachi,10.662,77.0065,296.0,21.26,85.65,1.29,0.0,0.0
20220106,Coimbatore,Pollachi,10.662,77.0065,296.0,20.95,87.12,1.61,0.0,0.0
20220107,Coimbatore,Pollachi,10.662,77.0065,296.0,21.74,87.04,1.53,0.04,1.028825044631958
20220108,Coimbatore,Pollachi,10.662,77.0065,296.0,21.77,87.73,1.75,0.08,0.0
20220109,Coimbatore,Pollachi,10.662,77.0065,296.0,21.75,86.3,1.55,0.0,0.0
20220110,Coimbatore,Pollachi,10.662,77.0065,296.0,21.33,83.69,1.33,0.0,0.0
20220111,Coimbatore,Pollachi,10.662,77.0065,296.0,22.03,84.19,1.36,0.0,0.0
20220112,Coimbatore,Pollachi,10.662,77.0065,296.0,22.74,82.33,0.75,0.0,0.0
20220113,Coimbatore,Pollachi,10.662,77.0065,296.0,23.22,81.23,0.75,0.0,0.0
20220114,Coimbatore,Pollachi,10.662,77.0065,296.0,23.36,79.28,0.82,0.0,0.0
20220115,Coimbatore,Pollachi,10.662,77.0065,296.0,23.48,80.22,0.77,0.13,0.0
20220116,Coimbatore,Pollachi,10.662,77.0065,296.0,22.75,85.38,1.84,3.95,0.0
20220117,Coimbatore,Pollachi,10.662,77.0065,296.0,22.52,83.7,2.11,1.42,0.0
20220118,Coimbatore,Pollachi,10.662,77.0065,296.0,21.77,82.0,2.03,0.01,0.0
20220119,Coimbatore,Pollachi,10.662,77.0065,296.0,22.02,79.43,1.62,0.0,0.0
20220120,Coimbatore,Pollachi,10.662,77.0065,296.0,22.32,70.7,0.92,0.0,0.0
20220121,Coimbatore,Pollachi,10.662,77.0065,296.0,23.11,71.89,0.65,0.0,0.0
20220122,Coimbatore,Pollachi,10.662,77.0065,296.0,23.51,77.08,1.15,0.0,0.0
20220123,Coimbatore,Pollachi,10.662,77.0065,296.0,22.47,76.66,1.32,0.0,0.0
20220124,Coimbatore,Pollachi,10.662,77.0065,296.0,22.17,71.48,0.87,0.0,0.0
20220125,Coimbatore,Pollachi,10.662,77.0065,296.0,21.89,77.7,0.57,0.0,0.0
20220126,Coimbatore,Pollachi,10.662,77.0065,296.0,22.8,80.44,0.6,0.37,0.0
20220127,Coimbatore,Pollachi,10.662,77.0065,296.0,22.69,78.38,1.77,3.53,0.0
20220128,Coimbatore,Pollachi,10.662,77.0065,296.0,22.47,77.75,2.7,0.9,0.0
20220129,Coimbatore,Pollachi,10.662,77.0065,296.0,22.91,79.01,2.36,0.04,0.0
20220130,Coimbatore,Pollachi,10.662,77.0065,296.0,24.04,77.82,1.39,0.0,0.0
20220131,Coimbatore,Pollachi,10.662,77.0065,296.0,24.26,75.69,1.31,0.0,0.0
20220201,Coimbatore,Pollachi,10.662,77.0065,296.0,24.16,76.85,1.42,0.03,0.0
20220202,Coimbatore,Pollachi,10.662,77.0065,296.0,23.08,73.86,1.45,0.05,0.0
20220203,Coimbatore,Pollachi,10.662,77.0065,296.0,22.72,71.57,0.9,0.0,0.0
20220204,Coimbatore,Pollachi,10.662,77.0065,296.0,23.59,72.24,1.34,0.0,0.0
20220205,Coimbatore,Pollachi,10.662,77.0065,296.0,23.98,70.5,0.67,0.0,0.0
20220206,Coimbatore,Pollachi,10.662,77.0065,296.0,23.91,73.92,1.59,0.0,0.0
20220207,Coimbatore,Pollachi,10.662,77.0065,296.0,23.64,73.94,1.43,0.0,0.0
20220208,Coimbatore,Pollachi,10.662,77.0065,296.0,23.49,71.88,1.38,0.0,0.0
20220209,Coimbatore,Pollachi,10.662,77.0065,296.0,22.68,68.75,1.93,0.01,0.0
20220210,Coimbatore,Pollachi,10.662,77.0065,296.0,22.36,58.18,1.73,0.0,0.0
20220211,Coimbatore,Pollachi,10.662,77.0065,296.0,23.18,67.23,2.25,0.33,0.0
20220212,Coimbatore,Pollachi,10.662,77.0065,296.0,22.67,76.87,1.99,1.44,0.0
20220213,Coimbatore,Pollachi,10.662,77.0065,296.0,23.38,71.66,1.97,0.11,0.0
20220214,Coimbatore,Pollachi,10.662,77.0065,296.0,23.66,70.21,1.92,0.04,0.0
20220215,Coimbatore,Pollachi,10.662,77.0065,296.0,24.0,70.47,1.49,0.17,0.0
20220216,Coimbatore,Pollachi,10.662,77.0065,296.0,24.14,69.03,1.11,0.16,0.0
20220217,Coimbatore,Pollachi,10.662,77.0065,296.0,24.44,63.76,1.23,0.02,0.0
20220218,Coimbatore,Pollachi,10.662,77.0065,296.0,24.15,65.09,1.93,0.0,0.0
20220219,Coimbatore,Pollachi,10.662,77.0065,296.0,24.25,65.13,2.21,0.0,0.0
20220220,Coimbatore,Pollachi,10.662,77.0065,296.0,25.36,64.75,1.24,0.0,0.0
20220221,Coimbatore,Pollachi,10.662,77.0065,296.0,26.59,63.88,0.5,0.0,0.0
20220222,Coimbatore,Pollachi,10.662,77.0065,296.0,26.58,64.44,1.22,0.0,0.0
20220223,Coimbatore,Pollachi,10.662,77.0065,296.0,24.75,60.88,2.31,0.04,0.0
20220224,Coimbatore,Pollachi,10.662,77.0065,296.0,23.91,60.17,2.02,0.16,0.0
20220225,Coimbatore,Pollachi,10.662,77.0065,296.0,24.42,57.28,2.03,0.0,0.0
20220226,Coimbatore,Pollachi,10.662,77.0065,296.0,23.85,58.05,1.97,0.0,0.0
20220227,Coimbatore,Pollachi,10.662,77.0065,296.0,25.43,62.19,2.27,0.12,0.0
20220228,Coimbatore,Pollachi,10.662,77.0065,296.0,24.42,56.38,2.17,0.03,0.0
20220301,Coimbatore,Pollachi,10.662,77.0065,296.0,24.69,54.68,2.07,0.0,0.0
20220302,Coimbatore,Pollachi,10.662,77.0065,296.0,24.15,47.39,2.22,0.0,0.0
20220303,Coimbatore,Pollachi,10.662,77.0065,296.0,23.97,50.34,2.32,0.0,0.0
20220304,Coimbatore,Pollachi,10.662,77.0065,296.0,25.43,46.35,1.83,0.0,0.0
20220305,Coimbatore,Pollachi,10.662,77.0065,296.0,26.37,55.81,1.79,0.0,0.0
20220306,Coimbatore,Pollachi,10.662,77.0065,296.0,26.78,55.18,2.09,0.09,0.0
20220307,Coimbatore,Pollachi,10.662,77.0065,296.0,25.24,60.98,2.1,0.99,0.0
20220308,Coimbatore,Pollachi,10.662,77.0065,296.0,26.06,65.66,1.75,1.33,15.267817497253418
20220309,Coimbatore,Pollachi,10.662,77.0065,296.0,26.89,53.53,1.71,0.22,0.0
20220310,Coimbatore,Pollachi,10.662,77.0065,296.0,26.37,46.1,1.76,0.0,0.0
20220311,Coimbatore,Pollachi,10.662,77.0065,296.0,26.37,44.31,2.13,0.0,0.0
20220312,Coimbatore,Pollachi,10.662,77.0065,296.0,26.21,41.77,2.14,0.0,0.0
20220313,Coimbatore,Pollachi,10.662,77.0065,296.0,26.1,43.43,2.49,0.0,0.0
20220314,Coimbatore,Pollachi,10.662,77.0065,296.0,27.03,43.53,1.98,0.0,0.0
20220315,Coimbatore,Pollachi,10.662,77.0065,296.0,27.86,45.22,1.28,0.02,0.0
20220316,Coimbatore,Pollachi,10.662,77.0065,296.0,28.68,54.88,1.05,0.3,0.0
20220317,Coimbatore,Pollachi,10.662,77.0065,296.0,28.86,50.2,1.29,0.07,8.063652992248535
20220318,Coimbatore,Pollachi,10.662,77.0065,296.0,29.0,49.32,1.22,0.18,0.0
20220319,Coimbatore,Pollachi,10.662,77.0065,296.0,27.99,61.31,2.04,0.45,0.0
20220320,Coimbatore,Pollachi,10.662,77.0065,296.0,27.27,64.32,2.37,1.04,0.0
20220321,Coimbatore,Pollachi,10.662,77.0065,296.0,27.5,64.9,2.05,3.49,0.0
20220322,Coimbatore,Pollachi,10.662,77.0065,296.0,27.73,66.51,1.46,2.79,0.0
20220323,Coimbatore,Pollachi,10.662,77.0065,296.0,27.53,70.28,0.9,17.81,0.0
20220324,Coimbatore,Pollachi,10.662,77.0065,296.0,27.03,72.43,0.82,5.56,0.0
20220325,Coimbatore,Pollachi,10.662,77.0065,296.0,27.07,72.22,0.83,3.78,0.0
20220326,Coimbatore,Pollachi,10.662,77.0065,296.0,27.54,71.68,0.78,2.76,0.0
20220327,Coimbatore,Pollachi,10.662,77.0065,296.0,27.86,69.37,0.71,1.02,0.0
20220328,Coimbatore,Pollachi,10.662,77.0065,296.0,28.35,66.76,1.37,0.45,0.0
20220329,Coimbatore,Pollachi,10.662,77.0065,296.0,28.27,69.44,1.02,0.86,0.0
20220330,Coimbatore,Pollachi,10.662,77.0065,296.0,28.45,67.78,1.12,1.63,0.0
20220331,Coimbatore,Pollachi,10.662,77.0065,296.0,28.63,64.12,1.06,0.2,0.0
20220401,Coimbatore,Pollachi,10.662,77.0065,296.0,28.03,67.56,1.26,0.67,0.0
20220402,Coimbatore,Pollachi,10.662,77.0065,296.0,28.04,67.12,1.07,1.08,0.0
20220403,Coimbatore,Pollachi,10.662,77.0065,296.0,28.16,65.62,1.19,0.98,0.0
20220404,Coimbatore,Pollachi,10.662,77.0065,296.0,28.32,61.05,1.68,0.12,0.0
20220405,Coimbatore,Pollachi,10.662,77.0065,296.0,28.23,58.47,1.51,0.23,0.0
20220406,Coimbatore,Pollachi,10.662,77.0065,296.0,27.63,64.74,1.03,3.89,9.55725383758545
20220407,Coimbatore,Pollachi,10.662,77.0065,296.0,28.89,62.06,1.07,0.56,0.0
20220408,Coimbatore,Pollachi,10.662,77.0065,296.0,27.79,68.55,0.67,9.91,14.335880279541016
20220409,Coimbatore,Pollachi,10.662,77.0065,296.0,26.76,74.98,0.78,9.82,14.335880279541016
20220410,Coimbatore,Pollachi,10.662,77.0065,296.0,26.76,72.47,1.28,1.87,4.778626918792725
20220411,Coimbatore,Pollachi,10.662,77.0065,296.0,27.54,69.6,1.0,3.98,8.494938850402832
20220412,Coimbatore,Pollachi,10.662,77.0065,296.0,27.33,71.88,0.59,8.64,8.494938850402832
20220413,Coimbatore,Pollachi,10.662,77.0065,296.0,26.53,76.08,1.15,12.15,12.74240779876709
20220414,Coimbatore,Pollachi,10.662,77.0065,296.0,25.02,77.59,0.94,16.84,12.74240779876709
20220415,Coimbatore,Pollachi,10.662,77.0065,296.0,26.89,70.56,1.27,1.64,4.247469425201416
20220416,Coimbatore,Pollachi,10.662,77.0065,296.0,26.6,77.63,1.87,3.32,0.0
20220417,Coimbatore,Pollachi,10.662,77.0065,296.0,26.83,78.08,1.66,7.18,0.0
20220418,Coimbatore,Pollachi,10.662,77.0065,296.0,26.39,75.64,1.67,2.48,0.0
20220419,Coimbatore,Pollachi,10.662,77.0065,296.0,25.93,76.76,1.11,1.41,0.0
20220420,Coimbatore,Pollachi,10.662,77.0065,296.0,28.01,67.22,0.82,0.0,0.0
20220421,Coimbatore,Pollachi,10.662,77.0065,296.0,27.45,72.86,1.07,0.0,5.513811111450195
20220422,Coimbatore,Pollachi,10.662,77.0065,296.0,26.85,74.01,1.14,1.71,5.513811111450195
20220423,Coimbatore,Pollachi,10.662,77.0065,296.0,25.95,76.07,1.19,21.38,16.541433334350586
20220424,Coimbatore,Pollachi,10.662,77.0065,296.0,27.63,66.82,1.22,0.4,0.0
20220425,Coimbatore,Pollachi,10.662,77.0065,296.0,27.72,66.71,0.74,0.1,0.0
20220426,Coimbatore,Pollachi,10.662,77.0065,296.0,28.35,68.75,0.91,0.0,0.0
20220427,Coimbatore,Pollachi,10.662,77.0065,296.0,27.95,68.4,1.03,0.01,0.0
20220428,Coimbatore,Pollachi,10.662,77.0065,296.0,27.95,70.89,0.94,0.15,0.0
20220429,Coimbatore,Pollachi,10.662,77.0065,296.0,28.52,72.37,1.35,1.12,3.228630304336548
20220430,Coimbatore,Pollachi,10.662,77.0065,296.0,28.2,71.49,1.7,0.57,0.0
20220501,Coimbatore,Pollachi,10.662,77.0065,296.0,27.26,75.71,1.88,3.57,4.408846378326416
20220502,Coimbatore,Pollachi,10.662,77.0065,296.0,27.51,73.86,2.18,2.58,0.0
20220503,Coimbatore,Pollachi,10.662,77.0065,296.0,26.68,80.02,0.98,5.67,4.408846378326416
20220504,Coimbatore,Pollachi,10.662,77.0065,296.0,28.12,72.26,1.3,3.6,13.22653865814209
20220505,Coimbatore,Pollachi,10.662,77.0065,296.0,26.48,77.92,1.69,2.26,0.0
20220506,Coimbatore,Pollachi,10.662,77.0065,296.0,26.51,67.82,1.19,0.18,0.0
20220507,Coimbatore,Pollachi,10.662,77.0065,296.0,26.91,75.54,1.78,3.34,2.191468954086304
20220508,Coimbatore,Pollachi,10.662,77.0065,296.0,27.5,74.54,1.48,4.03,6.574408054351807
20220509,Coimbatore,Pollachi,10.662,77.0065,296.0,26.36,82.9,2.54,4.57,2.191468954086304
20220510,Coimbatore,Pollachi,10.662,77.0065,296.0,26.02,79.02,3.14,3.69,13.148816108703612
20220511,Coimbatore,Pollachi,10.662,77.0065,296.0,25.85,77.6,3.8,2.28,0.0
20220512,Coimbatore,Pollachi,10.662,77.0065,296.0,25.0,79.78,3.38,4.21,0.0
20220513,Coimbatore,Pollachi,10.662,77.0065,296.0,25.1,79.04,3.02,4.86,0.0
20220514,Coimbatore,Pollachi,10.662,77.0065,296.0,24.21,85.78,2.87,13.48,0.0
20220515,Coimbatore,Pollachi,10.662,77.0065,296.0,24.25,90.64,2.28,12.85,7.728421688079834
20220516,Coimbatore,Pollachi,10.662,77.0065,296.0,24.55,89.07,2.53,7.02,3.772540807723999
20220517,Coimbatore,Pollachi,10.662,77.0065,296.0,25.34,82.61,1.67,12.99,15.090163230895996
20220518,Coimbatore,Pollachi,10.662,77.0065,296.0,25.01,84.95,2.54,10.05,18.862703323364254
20220519,Coimbatore,Pollachi,10.662,77.0065,296.0,23.92,85.75,3.51,6.17,7.545081615447998
20220520,Coimbatore,Pollachi,10.662,77.0065,296.0,24.35,83.04,3.13,4.39,0.0
20220521,Coimbatore,Pollachi,10.662,77.0065,296.0,24.54,81.04,3.0,3.69,0.0
20220522,Coimbatore,Pollachi,10.662,77.0065,296.0,24.91,81.7,3.17,0.87,0.0
20220523,Coimbatore,Pollachi,10.662,77.0065,296.0,25.88,83.06,2.69,3.9,0.0
20220524,Coimbatore,Pollachi,10.662,77.0065,296.0,26.59,81.16,1.92,3.77,9.954111099243164
20220525,Coimbatore,Pollachi,10.662,77.0065,296.0,26.27,82.53,1.24,8.39,9.954111099243164
20220526,Coimbatore,Pollachi,10.662,77.0065,296.0,24.6,85.61,2.11,5.36,5.427620887756348
20220527,Coimbatore,Pollachi,10.662,77.0065,296.0,24.33,85.25,2.13,3.11,0.0
20220528,Coimbatore,Pollachi,10.662,77.0065,296.0,24.5,86.47,2.34,2.32,0.0
20220529,Coimbatore,Pollachi,10.662,77.0065,296.0,25.0,81.48,2.25,5.39,0.0
20220530,Coimbatore,Pollachi,10.662,77.0065,296.0,25.26,80.44,2.37,3.1,0.0
20220531,Coimbatore,Pollachi,10.662,77.0065,296.0,25.12,81.74,2.44,4.16,0.0
20220601,Coimbatore,Pollachi,10.662,77.0065,296.0,24.68,85.2,2.69,5.42,0.0
20220602,Coimbatore,Pollachi,10.662,77.0065,296.0,24.52,84.41,2.06,1.91,0.0
20220603,Coimbatore,Pollachi,10.662,77.0065,296.0,24.71,81.78,2.33,0.25,8.529012680053711
20220604,Coimbatore,Pollachi,10.662,77.0065,296.0,25.74,80.04,1.31,0.38,0.0
20220605,Coimbatore,Pollachi,10.662,77.0065,296.0,25.32,83.79,1.81,6.58,25.5870361328125
20220606,Coimbatore,Pollachi,10.662,77.0065,296.0,25.79,79.74,1.25,4.41,6.111286163330078
20220607,Coimbatore,Pollachi,10.662,77.0065,296.0,24.95,85.77,1.83,1.33,3.055643081665039
20220608,Coimbatore,Pollachi,10.662,77.0065,296.0,25.06,81.85,2.7,0.25,0.0
20220609,Coimbatore,Pollachi,10.662,77.0065,296.0,25.31,80.36,2.63,0.94,3.055643081665039
20220610,Coimbatore,Pollachi,10.662,77.0065,296.0,24.57,83.57,2.78,3.24,3.055643081665039
20220611,Coimbatore,Pollachi,10.662,77.0065,296.0,24.74,79.73,2.78,2.84,0.0
20220612,Coimbatore,Pollachi,10.662,77.0065,296.0,23.47,81.72,2.43,6.5,0.0
20220613,Coimbatore,Pollachi,10.662,77.0065,296.0,24.34,81.54,2.28,5.32,0.0
20220614,Coimbatore,Pollachi,10.662,77.0065,296.0,24.43,84.29,2.55,5.45,18.94599151611328
20220615,Coimbatore,Pollachi,10.662,77.0065,296.0,24.34,84.18,1.96,4.19,18.94599151611328
20220616,Coimbatore,Pollachi,10.662,77.0065,296.0,24.18,86.71,1.15,11.7,3.752263307571411
20220617,Coimbatore,Pollachi,10.662,77.0065,296.0,23.08,85.37,1.55,15.71,7.47215461730957
20220618,Coimbatore,Pollachi,10.662,77.0065,296.0,23.24,86.23,1.55,5.83,5.56916093826294
20220619,Coimbatore,Pollachi,10.662,77.0065,296.0,23.79,86.51,1.83,5.24,3.965662240982056
20220620,Coimbatore,Pollachi,10.662,77.0065,296.0,24.17,82.22,2.19,1.92,3.4946064949035645
20220621,Coimbatore,Pollachi,10.662,77.0065,296.0,24.28,84.2,2.38,2.04,6.43026876449585
20220622,Coimbatore,Pollachi,10.662,77.0065,296.0,24.03,83.97,2.25,1.08,6.43026876449585
20220623,Coimbatore,Pollachi,10.662,77.0065,296.0,24.08,81.43,2.2,1.89,6.43026876449585
20220624,Coimbatore,Pollachi,10.662,77.0065,296.0,23.8,84.47,2.92,4.69,0.0
20220625,Coimbatore,Pollachi,10.662,77.0065,296.0,23.8,83.34,3.72,4.3,19.290807723999023
20220626,Coimbatore,Pollachi,10.662,77.0065,296.0,24.48,82.6,3.47,1.31,0.0
20220627,Coimbatore,Pollachi,10.662,77.0065,296.0,24.79,82.84,2.97,2.44,0.0
20220628,Coimbatore,Pollachi,10.662,77.0065,296.0,24.25,84.29,2.61,4.38,0.0
20220629,Coimbatore,Pollachi,10.662,77.0065,296.0,24.28,85.05,2.67,2.22,0.0
20220630,Coimbatore,Pollachi,10.662,77.0065,296.0,23.77,86.68,3.09,22.15,0.0
20220701,Coimbatore,Pollachi,10.662,77.0065,296.0,24.25,84.38,3.07,4.23,0.0
20220702,Coimbatore,Pollachi,10.662,77.0065,296.0,23.64,86.45,2.96,1.98,0.0
20220703,Coimbatore,Pollachi,10.662,77.0065,296.0,23.54,85.44,3.63,3.88,0.0
20220704,Coimbatore,Pollachi,10.662,77.0065,296.0,23.52,83.95,4.39,4.71,23.28079605102539
20220705,Coimbatore,Pollachi,10.662,77.0065,296.0,22.85,85.24,4.39,8.42,0.0
20220706,Coimbatore,Pollachi,10.662,77.0065,296.0,23.22,85.95,3.59,7.39,6.713820457458496
20220707,Coimbatore,Pollachi,10.662,77.0065,296.0,22.81,84.85,3.64,10.69,0.0
20220708,Coimbatore,Pollachi,10.662,77.0065,296.0,23.34,83.55,3.87,8.35,0.0
20220709,Coimbatore,Pollachi,10.662,77.0065,296.0,22.63,87.79,3.81,6.91,6.713820457458496
20220710,Coimbatore,Pollachi,10.662,77.0065,296.0,23.28,85.83,4.27,9.88,6.713820457458496
20220711,Coimbatore,Pollachi,10.662,77.0065,296.0,23.17,85.74,4.19,6.72,0.0
20220712,Coimbatore,Pollachi,10.662,77.0065,296.0,22.84,86.14,4.13,9.02,0.0
20220713,Coimbatore,Pollachi,10.662,77.0065,296.0,23.1,86.14,4.71,9.56,0.0
20220714,Coimbatore,Pollachi,10.662,77.0065,296.0,23.48,85.09,4.91,8.13,0.0
20220715,Coimbatore,Pollachi,10.662,77.0065,296.0,23.79,85.59,3.95,9.15,0.0
20220716,Coimbatore,Pollachi,10.662,77.0065,296.0,24.1,85.72,3.43,9.2,0.0
20220717,Coimbatore,Pollachi,10.662,77.0065,296.0,24.22,83.67,3.29,9.38,17.65311050415039
20220718,Coimbatore,Pollachi,10.662,77.0065,296.0,22.82,85.47,2.89,12.8,0.0
20220719,Coimbatore,Pollachi,10.662,77.0065,296.0,23.81,84.72,2.04,3.42,5.884369373321533
20220720,Coimbatore,Pollachi,10.662,77.0065,296.0,24.24,87.74,1.55,5.56,5.884369373321533
20220721,Coimbatore,Pollachi,10.662,77.0065,296.0,24.24,86.73,1.96,12.88,23.067590713500977
20220722,Coimbatore,Pollachi,10.662,77.0065,296.0,23.44,88.83,2.2,5.72,15.37839412689209
20220723,Coimbatore,Pollachi,10.662,77.0065,296.0,23.28,86.53,2.59,1.78,0.0
20220724,Coimbatore,Pollachi,10.662,77.0065,296.0,23.39,86.6,2.27,5.94,0.0
20220725,Coimbatore,Pollachi,10.662,77.0065,296.0,24.46,82.74,1.77,2.75,15.37839412689209
20220726,Coimbatore,Pollachi,10.662,77.0065,296.0,24.33,82.91,1.53,4.32,9.499398231506348
20220727,Coimbatore,Pollachi,10.662,77.0065,296.0,24.2,86.17,0.53,12.95,0.0
20220728,Coimbatore,Pollachi,10.662,77.0065,296.0,24.74,86.28,0.77,7.13,9.499398231506348
20220729,Coimbatore,Pollachi,10.662,77.0065,296.0,25.45,80.31,1.04,19.51,9.499398231506348
20220730,Coimbatore,Pollachi,10.662,77.0065,296.0,25.43,82.86,1.11,22.05,9.499398231506348
20220731,Coimbatore,Pollachi,10.662,77.0065,296.0,23.93,86.4,1.67,11.95,18.99879646301269
20220801,Coimbatore,Pollachi,10.662,77.0065,296.0,23.68,89.37,1.78,25.33,6.742774486541748
20220802,Coimbatore,Pollachi,10.662,77.0065,296.0,23.24,89.77,2.25,12.85,0.0
20220803,Coimbatore,Pollachi,10.662,77.0065,296.0,23.63,88.61,1.89,5.74,26.971097946166992
20220804,Coimbatore,Pollachi,10.662,77.0065,296.0,22.83,93.9,3.77,30.57,26.971097946166992
20220805,Coimbatore,Pollachi,10.662,77.0065,296.0,23.08,89.35,4.44,5.61,6.742774486541748
20220806,Coimbatore,Pollachi,10.662,77.0065,296.0,23.08,88.55,4.29,8.28,0.0
20220807,Coimbatore,Pollachi,10.662,77.0065,296.0,23.16,89.29,4.5,9.86,0.0
20220808,Coimbatore,Pollachi,10.662,77.0065,296.0,23.18,90.3,4.37,10.6,11.663719177246094
20220809,Coimbatore,Pollachi,10.662,77.0065,296.0,23.29,87.92,4.51,6.08,0.0
20220810,Coimbatore,Pollachi,10.662,77.0065,296.0,22.91,87.5,4.21,2.07,0.0
20220811,Coimbatore,Pollachi,10.662,77.0065,296.0,23.29,86.9,3.88,3.84,0.0
20220812,Coimbatore,Pollachi,10.662,77.0065,296.0,23.07,86.76,3.1,1.47,0.0
20220813,Coimbatore,Pollachi,10.662,77.0065,296.0,22.85,87.61,1.98,0.03,0.0
20220814,Coimbatore,Pollachi,10.662,77.0065,296.0,23.48,83.34,2.47,0.02,6.041873455047607
20220815,Coimbatore,Pollachi,10.662,77.0065,296.0,24.32,84.14,1.6,0.0,0.0
20220816,Coimbatore,Pollachi,10.662,77.0065,296.0,24.89,83.48,1.03,0.0,0.0
20220817,Coimbatore,Pollachi,10.662,77.0065,296.0,24.71,85.73,1.6,0.03,11.110669136047363
20220818,Coimbatore,Pollachi,10.662,77.0065,296.0,24.23,86.72,1.65,5.76,11.110669136047363
20220819,Coimbatore,Pollachi,10.662,77.0065,296.0,23.9,87.7,2.12,5.71,0.0
20220820,Coimbatore,Pollachi,10.662,77.0065,296.0,23.42,86.81,2.02,0.41,5.555334568023682
20220821,Coimbatore,Pollachi,10.662,77.0065,296.0,23.49,88.06,2.48,3.06,10.37525749206543
20220822,Coimbatore,Pollachi,10.662,77.0065,296.0,23.82,87.71,3.13,8.28,20.75051498413086
20220823,Coimbatore,Pollachi,10.662,77.0065,296.0,23.3,88.41,2.94,3.41,20.75051498413086
20220824,Coimbatore,Pollachi,10.662,77.0065,296.0,23.07,88.28,2.51,4.19,0.0
20220825,Coimbatore,Pollachi,10.662,77.0065,296.0,23.29,88.6,1.37,9.98,20.75051498413086
20220826,Coimbatore,Pollachi,10.662,77.0065,296.0,22.82,90.73,2.21,25.36,40.75017929077149
20220827,Coimbatore,Pollachi,10.662,77.0065,296.0,22.08,90.85,2.56,10.07,0.0
20220828,Coimbatore,Pollachi,10.662,77.0065,296.0,23.05,88.11,1.73,8.18,30.562633514404297
20220829,Coimbatore,Pollachi,10.662,77.0065,296.0,22.83,93.31,1.83,9.02,20.375089645385746
20220830,Coimbatore,Pollachi,10.662,77.0065,296.0,23.57,90.91,0.85,37.5,20.375089645385746
20220831,Coimbatore,Pollachi,10.662,77.0065,296.0,23.66,87.49,0.9,32.94,10.187544822692873
20220901,Coimbatore,Pollachi,10.662,77.0065,296.0,23.52,87.64,0.61,8.33,3.821471691131592
20220902,Coimbatore,Pollachi,10.662,77.0065,296.0,24.18,88.07,1.37,1.57,3.821471691131592
20220903,Coimbatore,Pollachi,10.662,77.0065,296.0,24.65,86.86,1.28,1.74,0.0
20220904,Coimbatore,Pollachi,10.662,77.0065,296.0,24.29,89.77,1.41,12.45,15.285886764526367
20220905,Coimbatore,Pollachi,10.662,77.0065,296.0,24.48,89.92,1.47,20.19,11.464415550231934
20220906,Coimbatore,Pollachi,10.662,77.0065,296.0,23.11,90.52,2.02,12.06,4.331737995147705
20220907,Coimbatore,Pollachi,10.662,77.0065,296.0,22.73,92.83,2.79,14.53,8.66347599029541
20220908,Coimbatore,Pollachi,10.662,77.0065,296.0,22.81,90.54,2.81,3.92,8.66347599029541
20220909,Coimbatore,Pollachi,10.662,77.0065,296.0,23.01,91.18,2.81,8.19,4.331737995147705
20220910,Coimbatore,Pollachi,10.662,77.0065,296.0,23.17,90.84,3.07,7.63,0.0
20220911,Coimbatore,Pollachi,10.662,77.0065,296.0,23.1,91.07,3.24,7.37,1.4745408296585083
20220912,Coimbatore,Pollachi,10.662,77.0065,296.0,23.16,89.67,3.37,2.51,0.0
20220913,Coimbatore,Pollachi,10.662,77.0065,296.0,23.26,89.58,2.59,3.2,0.0
20220914,Coimbatore,Pollachi,10.662,77.0065,296.0,23.55,90.15,1.92,3.39,0.0
20220915,Coimbatore,Pollachi,10.662,77.0065,296.0,23.48,87.91,1.99,0.13,0.0
20220916,Coimbatore,Pollachi,10.662,77.0065,296.0,23.58,88.54,1.73,0.21,0.0
20220917,Coimbatore,Pollachi,10.662,77.0065,296.0,23.62,88.93,1.71,0.56,0.0
20220918,Coimbatore,Pollachi,10.662,77.0065,296.0,23.79,88.05,1.85,1.81,3.396140813827514
20220919,Coimbatore,Pollachi,10.662,77.0065,296.0,23.43,89.78,2.18,0.48,0.0
20220920,Coimbatore,Pollachi,10.662,77.0065,296.0,23.29,87.55,1.89,0.02,0.0
20220921,Coimbatore,Pollachi,10.662,77.0065,296.0,23.55,87.33,2.08,0.0,0.0
20220922,Coimbatore,Pollachi,10.662,77.0065,296.0,23.25,86.13,2.28,0.01,0.0
20220923,Coimbatore,Pollachi,10.662,77.0065,296.0,23.25,86.65,2.03,0.01,0.0
20220924,Coimbatore,Pollachi,10.662,77.0065,296.0,23.28,87.17,1.69,0.19,0.0
20220925,Coimbatore,Pollachi,10.662,77.0065,296.0,24.21,83.44,1.43,3.43,1.7123544216156006
20220926,Coimbatore,Pollachi,10.662,77.0065,296.0,24.4,86.72,1.48,2.67,1.4305835962295532
20220927,Coimbatore,Pollachi,10.662,77.0065,296.0,23.71,85.33,1.41,0.0,0.9409853219985962
20220928,Coimbatore,Pollachi,10.662,77.0065,296.0,23.78,85.07,1.91,0.34,0.3726410269737243
20220929,Coimbatore,Pollachi,10.662,77.0065,296.0,23.1,88.45,1.68,0.17,2.403383016586304
20220930,Coimbatore,Pollachi,10.662,77.0065,296.0,22.95,89.0,2.24,1.79,0.1715507954359054
20221001,Coimbatore,Pollachi,10.662,77.0065,296.0,22.1,85.55,2.3,1.17,4.575267791748047
20221002,Coimbatore,Pollachi,10.662,77.0065,296.0,23.0,86.99,2.09,14.63,0.0
20221003,Coimbatore,Pollachi,10.662,77.0065,296.0,23.49,88.15,2.15,5.28,0.0
20221004,Coimbatore,Pollachi,10.662,77.0065,296.0,23.64,89.58,1.73,1.82,0.0
20221005,Coimbatore,Pollachi,10.662,77.0065,296.0,22.91,90.21,2.17,2.36,4.575267791748047
20221006,Coimbatore,Pollachi,10.662,77.0065,296.0,22.79,87.62,2.07,0.19,3.5965404510498047
20221007,Coimbatore,Pollachi,10.662,77.0065,296.0,22.93,85.22,1.78,0.08,0.0
20221008,Coimbatore,Pollachi,10.662,77.0065,296.0,22.84,81.34,1.21,0.09,10.789620399475098
20221009,Coimbatore,Pollachi,10.662,77.0065,296.0,23.62,88.71,0.92,10.53,14.38616180419922
20221010,Coimbatore,Pollachi,10.662,77.0065,296.0,22.93,89.13,1.55,19.09,7.193080902099609
20221011,Coimbatore,Pollachi,10.662,77.0065,296.0,24.06,84.44,0.81,6.83,14.353059768676758
20221012,Coimbatore,Pollachi,10.662,77.0065,296.0,24.3,86.24,0.75,4.13,3.588264942169189
20221013,Coimbatore,Pollachi,10.662,77.0065,296.0,24.18,88.44,0.79,5.59,0.0
20221014,Coimbatore,Pollachi,10.662,77.0065,296.0,23.7,88.37,1.56,6.18,10.764795303344728
20221015,Coimbatore,Pollachi,10.662,77.0065,296.0,22.95,89.46,0.63,6.88,10.764795303344728
20221016,Coimbatore,Pollachi,10.662,77.0065,296.0,23.81,88.56,1.02,11.71,8.725403785705566
20221017,Coimbatore,Pollachi,10.662,77.0065,296.0,24.05,89.9,1.12,4.53,8.725403785705566
20221018,Coimbatore,Pollachi,10.662,77.0065,296.0,22.87,93.68,1.26,9.35,0.0
20221019,Coimbatore,Pollachi,10.662,77.0065,296.0,23.34,86.81,0.96,5.32,0.0
20221020,Coimbatore,Pollachi,10.662,77.0065,296.0,23.57,90.09,0.94,17.81,17.450807571411133
20221021,Coimbatore,Pollachi,10.662,77.0065,296.0,23.8,87.34,1.02,9.43,6.054806232452393
20221022,Coimbatore,Pollachi,10.662,77.0065,296.0,24.23,82.66,1.01,0.89,0.0
20221023,Coimbatore,Pollachi,10.662,77.0065,296.0,24.15,85.99,0.89,1.67,0.0
20221024,Coimbatore,Pollachi,10.662,77.0065,296.0,23.66,88.78,1.04,1.31,3.0274031162261963
20221025,Coimbatore,Pollachi,10.662,77.0065,296.0,23.85,83.48,0.85,0.05,0.0
20221026,Coimbatore,Pollachi,10.662,77.0065,296.0,23.36,74.18,0.84,0.0,0.0
20221027,Coimbatore,Pollachi,10.662,77.0065,296.0,22.8,72.91,1.06,0.0,0.0
20221028,Coimbatore,Pollachi,10.662,77.0065,296.0,22.84,78.37,1.18,0.55,0.0
20221029,Coimbatore,Pollachi,10.662,77.0065,296.0,23.43,85.28,1.34,1.86,0.0
20221030,Coimbatore,Pollachi,10.662,77.0065,296.0,23.61,85.64,1.49,3.21,0.0
20221031,Coimbatore,Pollachi,10.662,77.0065,296.0,23.57,85.14,1.14,0.75,0.0
20221101,Coimbatore,Pollachi,10.662,77.0065,296.0,22.35,90.73,0.98,5.24,0.0
20221102,Coimbatore,Pollachi,10.662,77.0065,296.0,22.43,88.76,1.01,4.91,0.0
20221103,Coimbatore,Pollachi,10.662,77.0065,296.0,22.6,86.39,1.44,11.94,0.0
20221104,Coimbatore,Pollachi,10.662,77.0065,296.0,22.8,87.92,2.08,8.32,0.0
20221105,Coimbatore,Pollachi,10.662,77.0065,296.0,22.4,87.0,1.88,3.16,0.0
20221106,Coimbatore,Pollachi,10.662,77.0065,296.0,22.63,89.6,1.52,5.93,0.0
20221107,Coimbatore,Pollachi,10.662,77.0065,296.0,23.23,86.16,1.54,0.43,0.0
20221108,Coimbatore,Pollachi,10.662,77.0065,296.0,23.58,85.21,1.61,0.55,0.0
20221109,Coimbatore,Pollachi,10.662,77.0065,296.0,23.57,84.5,1.53,0.59,0.0
20221110,Coimbatore,Pollachi,10.662,77.0065,296.0,23.77,81.02,1.34,2.48,0.0
20221111,Coimbatore,Pollachi,10.662,77.0065,296.0,22.43,88.74,0.92,26.67,57.70408630371094
20221112,Coimbatore,Pollachi,10.662,77.0065,296.0,22.04,92.97,1.55,30.24,32.9737663269043
20221113,Coimbatore,Pollachi,10.662,77.0065,296.0,22.29,92.76,2.45,5.81,0.0
20221114,Coimbatore,Pollachi,10.662,77.0065,296.0,22.15,89.78,1.53,5.6,0.0
20221115,Coimbatore,Pollachi,10.662,77.0065,296.0,22.45,89.51,1.35,0.56,0.0
20221116,Coimbatore,Pollachi,10.662,77.0065,296.0,23.13,87.34,0.85,0.31,0.0
20221117,Coimbatore,Pollachi,10.662,77.0065,296.0,23.28,81.73,0.8,0.06,0.0
20221118,Coimbatore,Pollachi,10.662,77.0065,296.0,21.32,73.13,1.18,0.0,0.0
20221119,Coimbatore,Pollachi,10.662,77.0065,296.0,20.33,77.82,1.36,0.0,0.0
20221120,Coimbatore,Pollachi,10.662,77.0065,296.0,21.38,73.56,0.84,0.0,0.0
20221121,Coimbatore,Pollachi,10.662,77.0065,296.0,22.64,73.38,0.67,0.0,0.0
20221122,Coimbatore,Pollachi,10.662,77.0065,296.0,22.1,78.18,0.7,0.09,0.0
20221123,Coimbatore,Pollachi,10.662,77.0065,296.0,22.31,87.32,1.18,0.73,0.0
20221124,Coimbatore,Pollachi,10.662,77.0065,296.0,23.29,86.58,0.65,0.43,0.0
20221125,Coimbatore,Pollachi,10.662,77.0065,296.0,23.26,86.25,1.57,0.14,0.0
20221126,Coimbatore,Pollachi,10.662,77.0065,296.0,22.63,87.71,1.32,0.56,0.0
20221127,Coimbatore,Pollachi,10.662,77.0065,296.0,23.49,88.34,0.91,7.43,0.0
20221128,Coimbatore,Pollachi,10.662,77.0065,296.0,23.53,88.0,0.63,4.86,0.0
20221129,Coimbatore,Pollachi,10.662,77.0065,296.0,23.2,89.44,1.12,5.23,0.0
20221130,Coimbatore,Pollachi,10.662,77.0065,296.0,21.89,84.49,1.4,0.99,19.564180374145508
20221201,Coimbatore,Pollachi,10.662,77.0065,296.0,22.07,86.24,1.57,0.46,0.0
20221202,Coimbatore,Pollachi,10.662,77.0065,296.0,23.38,86.05,1.59,0.27,0.0
20221203,Coimbatore,Pollachi,10.662,77.0065,296.0,23.15,86.09,1.92,1.18,0.0
20221204,Coimbatore,Pollachi,10.662,77.0065,296.0,22.96,88.8,1.81,7.26,34.20530700683594
20221205,Coimbatore,Pollachi,10.662,77.0065,296.0,21.64,89.13,1.78,0.94,0.0
20221206,Coimbatore,Pollachi,10.662,77.0065,296.0,22.85,83.21,1.36,0.0,0.0
20221207,Coimbatore,Pollachi,10.662,77.0065,296.0,22.11,78.31,0.91,0.0,17.379182815551758
20221208,Coimbatore,Pollachi,10.662,77.0065,296.0,21.45,72.3,0.82,1.15,26.068777084350582
20221209,Coimbatore,Pollachi,10.662,77.0065,296.0,19.97,88.9,1.31,10.44,8.689591407775879
20221210,Coimbatore,Pollachi,10.662,77.0065,296.0,21.41,88.58,2.53,10.29,0.0
20221211,Coimbatore,Pollachi,10.662,77.0065,296.0,22.3,92.18,2.3,9.16,0.0
20221212,Coimbatore,Pollachi,10.662,77.0065,296.0,22.81,90.47,1.65,10.54,0.0
20221213,Coimbatore,Pollachi,10.662,77.0065,296.0,23.02,88.04,0.98,18.86,23.546106338500977
20221214,Coimbatore,Pollachi,10.662,77.0065,296.0,22.44,89.59,1.71,8.58,0.0
20221215,Coimbatore,Pollachi,10.662,77.0065,296.0,21.85,84.1,1.64,0.31,0.0
20221216,Coimbatore,Pollachi,10.662,77.0065,296.0,20.93,76.4,1.45,0.0,0.0
20221217,Coimbatore,Pollachi,10.662,77.0065,296.0,21.29,83.34,1.67,0.0,0.0
20221218,Coimbatore,Pollachi,10.662,77.0065,296.0,22.07,86.54,1.91,0.0,0.0
20221219,Coimbatore,Pollachi,10.662,77.0065,296.0,21.4,78.92,1.74,0.0,0.0
20221220,Coimbatore,Pollachi,10.662,77.0065,296.0,21.6,84.8,1.3,0.0,0.0
20221221,Coimbatore,Pollachi,10.662,77.0065,296.0,22.32,77.17,1.42,0.0,0.0
20221222,Coimbatore,Pollachi,10.662,77.0065,296.0,21.54,70.76,1.27,0.0,0.0
20221223,Coimbatore,Pollachi,10.662,77.0065,296.0,22.19,72.43,1.03,0.0,0.0
20221224,Coimbatore,Pollachi,10.662,77.0065,296.0,23.3,79.75,1.06,0.0,0.0
20221225,Coimbatore,Pollachi,10.662,77.0065,296.0,23.19,83.95,1.77,8.83,12.82685375213623
20221226,Coimbatore,Pollachi,10.662,77.0065,296.0,23.01,88.14,2.48,5.78,0.0
20221227,Coimbatore,Pollachi,10.662,77.0065,296.0,22.77,87.52,2.44,1.91,0.0
20221228,Coimbatore,Pollachi,10.662,77.0065,296.0,23.03,84.77,1.92,0.34,0.0
20221229,Coimbatore,Pollachi,10.662,77.0065,296.0,22.49,82.92,1.83,0.0,0.0
20221230,Coimbatore,Pollachi,10.662,77.0065,296.0,21.61,78.83,1.67,0.0,0.0
20221231,Coimbatore,Pollachi,10.662,77.0065,296.0,21.55,74.48,1.31,0.0,0.0
20230101,Coimbatore,Pollachi,10.662,77.0065,296.0,21.14,74.05,1.31,0.0,0.0
20230102,Coimbatore,Pollachi,10.662,77.0065,296.0,20.62,76.86,1.84,0.0,0.0
20230103,Coimbatore,Pollachi,10.662,77.0065,296.0,21.18,78.21,1.78,0.0,0.0
20230104,Coimbatore,Pollachi,10.662,77.0065,296.0,21.42,77.24,1.81,0.0,0.0
20230105,Coimbatore,Pollachi,10.662,77.0065,296.0,21.21,75.8,1.93,0.0,0.0
20230106,Coimbatore,Pollachi,10.662,77.0065,296.0,21.47,77.32,2.14,0.0,0.0
20230107,Coimbatore,Pollachi,10.662,77.0065,296.0,21.66,76.08,2.18,0.0,0.0
20230108,Coimbatore,Pollachi,10.662,77.0065,296.0,22.23,77.8,1.75,0.01,0.0
20230109,Coimbatore,Pollachi,10.662,77.0065,296.0,21.93,74.83,1.74,0.0,0.0
20230110,Coimbatore,Pollachi,10.662,77.0065,296.0,20.16,67.41,1.92,0.0,0.0
20230111,Coimbatore,Pollachi,10.662,77.0065,296.0,20.63,66.6,1.58,0.0,0.0
20230112,Coimbatore,Pollachi,10.662,77.0065,296.0,20.63,65.49,1.58,0.0,0.0
20230113,Coimbatore,Pollachi,10.662,77.0065,296.0,20.95,67.22,1.34,0.0,3.3211328983306885
20230114,Coimbatore,Pollachi,10.662,77.0065,296.0,21.07,66.81,1.31,0.0,1.107044339179993
20230115,Coimbatore,Pollachi,10.662,77.0065,296.0,20.88,67.26,1.41,0.0,0.0
20230116,Coimbatore,Pollachi,10.662,77.0065,296.0,21.04,66.36,1.53,0.0,0.0
20230117,Coimbatore,Pollachi,10.662,77.0065,296.0,21.03,68.25,1.5,0.0,0.0
20230118,Coimbatore,Pollachi,10.662,77.0065,296.0,20.89,70.57,1.88,0.0,0.0
20230119,Coimbatore,Pollachi,10.662,77.0065,296.0,21.08,66.29,1.86,0.0,0.0
20230120,Coimbatore,Pollachi,10.662,77.0065,296.0,20.72,72.48,2.05,0.0,0.0
20230121,Coimbatore,Pollachi,10.662,77.0065,296.0,22.03,70.23,1.68,0.0,0.0
20230122,Coimbatore,Pollachi,10.662,77.0065,296.0,21.85,67.43,1.82,0.0,0.0
20230123,Coimbatore,Pollachi,10.662,77.0065,296.0,22.79,74.43,1.64,1.26,0.0
20230124,Coimbatore,Pollachi,10.662,77.0065,296.0,22.93,81.9,1.45,4.34,0.0
20230125,Coimbatore,Pollachi,10.662,77.0065,296.0,22.91,71.57,1.62,0.12,0.0
20230126,Coimbatore,Pollachi,10.662,77.0065,296.0,22.03,68.68,1.64,0.0,0.0
20230127,Coimbatore,Pollachi,10.662,77.0065,296.0,21.62,64.6,1.72,0.0,0.0
20230128,Coimbatore,Pollachi,10.662,77.0065,296.0,21.49,59.44,1.79,0.0,0.0
20230129,Coimbatore,Pollachi,10.662,77.0065,296.0,22.02,65.11,1.86,0.0,0.0
20230130,Coimbatore,Pollachi,10.662,77.0065,296.0,23.68,74.82,1.34,0.25,0.0
20230131,Coimbatore,Pollachi,10.662,77.0065,296.0,24.63,66.41,1.57,0.19,0.0
20230201,Coimbatore,Pollachi,10.662,77.0065,296.0,24.41,58.13,1.72,0.0,1.915009617805481
20230202,Coimbatore,Pollachi,10.662,77.0065,296.0,23.29,64.32,2.11,1.08,3.830019235610962
20230203,Coimbatore,Pollachi,10.662,77.0065,296.0,23.89,71.46,1.94,2.16,0.0
20230204,Coimbatore,Pollachi,10.662,77.0065,296.0,24.08,71.54,2.27,3.17,0.0
20230205,Coimbatore,Pollachi,10.662,77.0065,296.0,24.15,59.18,1.77,0.03,0.0
20230206,Coimbatore,Pollachi,10.662,77.0065,296.0,23.7,59.86,1.6,0.0,1.642694354057312
20230207,Coimbatore,Pollachi,10.662,77.0065,296.0,24.02,58.24,1.21,0.0,0.0
20230208,Coimbatore,Pollachi,10.662,77.0065,296.0,23.72,60.4,1.67,0.0,0.0
20230209,Coimbatore,Pollachi,10.662,77.0065,296.0,23.69,60.96,1.59,0.0,0.0
20230210,Coimbatore,Pollachi,10.662,77.0065,296.0,23.6,57.51,2.06,0.0,0.0
20230211,Coimbatore,Pollachi,10.662,77.0065,296.0,23.25,56.29,1.71,0.0,0.0
20230212,Coimbatore,Pollachi,10.662,77.0065,296.0,23.51,50.91,1.86,0.0,0.0
20230213,Coimbatore,Pollachi,10.662,77.0065,296.0,23.36,50.3,2.18,0.0,0.0
20230214,Coimbatore,Pollachi,10.662,77.0065,296.0,23.4,52.97,1.69,0.0,0.0
20230215,Coimbatore,Pollachi,10.662,77.0065,296.0,23.94,49.49,1.67,0.0,0.0
20230216,Coimbatore,Pollachi,10.662,77.0065,296.0,23.64,51.43,2.26,0.0,0.0
20230217,Coimbatore,Pollachi,10.662,77.0065,296.0,23.43,54.66,2.01,0.0,0.0
20230218,Coimbatore,Pollachi,10.662,77.0065,296.0,23.66,55.2,1.73,0.0,0.0
20230219,Coimbatore,Pollachi,10.662,77.0065,296.0,24.37,52.62,1.6,0.0,0.0
20230220,Coimbatore,Pollachi,10.662,77.0065,296.0,25.39,51.35,1.15,0.0,0.0
20230221,Coimbatore,Pollachi,10.662,77.0065,296.0,25.38,47.43,1.66,0.0,0.0
20230222,Coimbatore,Pollachi,10.662,77.0065,296.0,25.15,42.65,2.13,0.0,0.0
20230223,Coimbatore,Pollachi,10.662,77.0065,296.0,23.74,47.2,2.14,0.0,0.0
20230224,Coimbatore,Pollachi,10.662,77.0065,296.0,25.18,51.24,1.58,0.0,0.0
20230225,Coimbatore,Pollachi,10.662,77.0065,296.0,25.37,41.49,2.15,0.0,0.0
20230226,Coimbatore,Pollachi,10.662,77.0065,296.0,24.58,41.77,2.38,0.0,0.0
20230227,Coimbatore,Pollachi,10.662,77.0065,296.0,23.91,47.62,2.41,0.0,0.0
20230228,Coimbatore,Pollachi,10.662,77.0065,296.0,24.59,51.23,2.39,0.01,0.0
20230301,Coimbatore,Pollachi,10.662,77.0065,296.0,26.59,56.12,3.12,0.04,0.0
20230302,Coimbatore,Pollachi,10.662,77.0065,296.0,25.98,46.62,2.86,0.03,0.0
20230303,Coimbatore,Pollachi,10.662,77.0065,296.0,24.68,35.78,2.71,0.0,0.0
20230304,Coimbatore,Pollachi,10.662,77.0065,296.0,25.57,44.09,2.67,0.0,0.0
20230305,Coimbatore,Pollachi,10.662,77.0065,296.0,26.35,49.29,2.36,1.35,0.0
20230306,Coimbatore,Pollachi,10.662,77.0065,296.0,25.39,38.07,2.17,0.03,0.0
20230307,Coimbatore,Pollachi,10.662,77.0065,296.0,25.46,39.35,2.22,0.0,0.0
20230308,Coimbatore,Pollachi,10.662,77.0065,296.0,25.51,48.5,2.59,0.0,0.0
20230309,Coimbatore,Pollachi,10.662,77.0065,296.0,25.95,49.92,2.51,0.0,0.0
20230310,Coimbatore,Pollachi,10.662,77.0065,296.0,26.14,46.95,2.3,0.0,0.0
20230311,Coimbatore,Pollachi,10.662,77.0065,296.0,26.8,46.43,2.21,0.0,0.0
20230312,Coimbatore,Pollachi,10.662,77.0065,296.0,26.82,49.34,2.66,0.0,0.0
20230313,Coimbatore,Pollachi,10.662,77.0065,296.0,27.01,52.27,2.5,0.0,0.0
20230314,Coimbatore,Pollachi,10.662,77.0065,296.0,27.25,42.79,1.64,0.0,0.0
20230315,Coimbatore,Pollachi,10.662,77.0065,296.0,28.75,44.6,0.94,0.12,0.0
20230316,Coimbatore,Pollachi,10.662,77.0065,296.0,28.21,56.08,0.76,0.47,0.0
20230317,Coimbatore,Pollachi,10.662,77.0065,296.0,27.97,61.26,0.77,7.19,0.0
20230318,Coimbatore,Pollachi,10.662,77.0065,296.0,26.99,69.07,1.32,2.47,0.0
20230319,Coimbatore,Pollachi,10.662,77.0065,296.0,26.87,66.84,1.54,1.25,0.0
20230320,Coimbatore,Pollachi,10.662,77.0065,296.0,26.62,62.47,1.98,1.33,0.0
20230321,Coimbatore,Pollachi,10.662,77.0065,296.0,26.53,55.29,2.03,0.09,0.0
20230322,Coimbatore,Pollachi,10.662,77.0065,296.0,26.62,49.67,1.33,0.02,0.0
20230323,Coimbatore,Pollachi,10.662,77.0065,296.0,27.63,57.12,1.27,0.34,4.68004322052002
20230324,Coimbatore,Pollachi,10.662,77.0065,296.0,27.99,59.92,0.92,2.44,9.36008644104004
20230325,Coimbatore,Pollachi,10.662,77.0065,296.0,26.41,73.43,0.86,5.14,0.0
20230326,Coimbatore,Pollachi,10.662,77.0065,296.0,27.18,67.41,1.0,2.49,0.0
20230327,Coimbatore,Pollachi,10.662,77.0065,296.0,26.63,70.14,1.15,0.42,0.0
20230328,Coimbatore,Pollachi,10.662,77.0065,296.0,28.72,61.17,1.16,0.9,0.0
20230329,Coimbatore,Pollachi,10.662,77.0065,296.0,27.29,71.79,1.02,4.88,0.0
20230330,Coimbatore,Pollachi,10.662,77.0065,296.0,27.87,65.75,0.87,3.28,15.86047649383545
20230331,Coimbatore,Pollachi,10.662,77.0065,296.0,28.27,63.33,1.03,1.15,0.0
20230401,Coimbatore,Pollachi,10.662,77.0065,296.0,27.73,62.76,1.35,1.29,0.0
20230402,Coimbatore,Pollachi,10.662,77.0065,296.0,27.12,66.81,1.37,1.77,0.0
20230403,Coimbatore,Pollachi,10.662,77.0065,296.0,25.4,74.23,0.89,3.47,0.0
20230404,Coimbatore,Pollachi,10.662,77.0065,296.0,26.38,73.11,0.79,3.17,0.0
20230405,Coimbatore,Pollachi,10.662,77.0065,296.0,27.9,64.23,0.94,0.18,0.0
20230406,Coimbatore,Pollachi,10.662,77.0065,296.0,28.23,63.42,0.86,0.03,0.0
20230407,Coimbatore,Pollachi,10.662,77.0065,296.0,28.59,54.36,1.79,0.01,0.0
20230408,Coimbatore,Pollachi,10.662,77.0065,296.0,28.66,49.07,2.39,0.01,0.0
20230409,Coimbatore,Pollachi,10.662,77.0065,296.0,28.58,48.73,1.79,0.03,0.0
20230410,Coimbatore,Pollachi,10.662,77.0065,296.0,29.12,48.89,2.21,0.36,0.0
20230411,Coimbatore,Pollachi,10.662,77.0065,296.0,28.94,49.8,1.81,0.49,0.0
20230412,Coimbatore,Pollachi,10.662,77.0065,296.0,28.98,44.43,1.48,0.0,0.0
20230413,Coimbatore,Pollachi,10.662,77.0065,296.0,29.8,34.22,1.48,0.0,0.0
20230414,Coimbatore,Pollachi,10.662,77.0065,296.0,29.18,42.85,1.07,0.0,0.0
20230415,Coimbatore,Pollachi,10.662,77.0065,296.0,29.73,45.06,1.46,0.0,0.0
20230416,Coimbatore,Pollachi,10.662,77.0065,296.0,28.81,44.89,1.19,0.0,0.0
20230417,Coimbatore,Pollachi,10.662,77.0065,296.0,29.26,45.27,1.16,0.0,0.0
20230418,Coimbatore,Pollachi,10.662,77.0065,296.0,30.14,46.26,1.2,0.0,0.0
20230419,Coimbatore,Pollachi,10.662,77.0065,296.0,30.1,48.73,1.18,0.0,0.0
20230420,Coimbatore,Pollachi,10.662,77.0065,296.0,30.11,57.17,2.18,0.0,0.0
20230421,Coimbatore,Pollachi,10.662,77.0065,296.0,29.94,57.68,2.13,0.28,0.0
20230422,Coimbatore,Pollachi,10.662,77.0065,296.0,30.17,58.09,1.65,1.93,0.0
20230423,Coimbatore,Pollachi,10.662,77.0065,296.0,29.75,61.83,1.51,1.45,3.076328754425049
20230424,Coimbatore,Pollachi,10.662,77.0065,296.0,28.05,65.92,1.08,4.37,0.0
20230425,Coimbatore,Pollachi,10.662,77.0065,296.0,27.95,66.69,1.18,5.01,6.152657508850098
20230426,Coimbatore,Pollachi,10.662,77.0065,296.0,25.79,80.64,1.46,8.39,6.729029178619385
20230427,Coimbatore,Pollachi,10.662,77.0065,296.0,27.34,71.84,1.44,6.87,3.3645145893096924
20230428,Coimbatore,Pollachi,10.662,77.0065,296.0,27.35,68.54,1.49,5.65,3.3645145893096924
20230429,Coimbatore,Pollachi,10.662,77.0065,296.0,26.89,75.49,1.16,18.81,10.093544006347656
20230430,Coimbatore,Pollachi,10.662,77.0065,296.0,26.95,74.32,1.09,3.5,6.729029178619385
20230501,Coimbatore,Pollachi,10.662,77.0065,296.0,24.67,87.93,1.09,26.95,8.3213472366333
20230502,Coimbatore,Pollachi,10.662,77.0065,296.0,26.04,81.97,1.5,10.29,8.3213472366333
20230503,Coimbatore,Pollachi,10.662,77.0065,296.0,24.71,84.69,1.72,3.96,8.3213472366333
20230504,Coimbatore,Pollachi,10.662,77.0065,296.0,25.39,79.08,1.27,2.56,4.16067361831665
20230505,Coimbatore,Pollachi,10.662,77.0065,296.0,24.6,80.16,1.41,2.63,4.16067361831665
20230506,Coimbatore,Pollachi,10.662,77.0065,296.0,25.22,78.55,1.38,6.22,11.127138137817385
20230507,Coimbatore,Pollachi,10.662,77.0065,296.0,24.51,81.24,1.81,2.21,3.709045886993408
20230508,Coimbatore,Pollachi,10.662,77.0065,296.0,25.23,80.32,1.17,3.96,3.709045886993408
20230509,Coimbatore,Pollachi,10.662,77.0065,296.0,27.0,73.7,1.19,2.04,7.418091773986816
20230510,Coimbatore,Pollachi,10.662,77.0065,296.0,26.79,76.62,1.33,1.49,0.0
20230511,Coimbatore,Pollachi,10.662,77.0065,296.0,26.68,78.69,1.29,2.91,9.285712242126465
20230512,Coimbatore,Pollachi,10.662,77.0065,296.0,26.48,74.75,2.3,0.63,0.0
20230513,Coimbatore,Pollachi,10.662,77.0065,296.0,26.93,70.96,2.77,0.0,0.0
20230514,Coimbatore,Pollachi,10.662,77.0065,296.0,26.66,75.04,2.26,0.0,0.0
20230515,Coimbatore,Pollachi,10.662,77.0065,296.0,27.16,76.94,2.38,0.0,0.0
20230516,Coimbatore,Pollachi,10.662,77.0065,296.0,28.41,70.91,1.81,0.25,0.0
20230517,Coimbatore,Pollachi,10.662,77.0065,296.0,26.96,73.9,1.29,2.06,4.337467193603516
20230518,Coimbatore,Pollachi,10.662,77.0065,296.0,28.27,71.06,1.35,0.5,4.337467193603516
20230519,Coimbatore,Pollachi,10.662,77.0065,296.0,26.93,77.79,1.3,1.83,0.0
20230520,Coimbatore,Pollachi,10.662,77.0065,296.0,27.78,73.18,1.75,1.18,0.0
20230521,Coimbatore,Pollachi,10.662,77.0065,296.0,27.29,76.05,1.4,4.7,4.88218355178833
20230522,Coimbatore,Pollachi,10.662,77.0065,296.0,26.64,79.56,1.3,2.41,0.0
20230523,Coimbatore,Pollachi,10.662,77.0065,296.0,27.75,71.2,1.5,0.34,4.88218355178833
20230524,Coimbatore,Pollachi,10.662,77.0065,296.0,26.39,80.54,1.72,7.04,0.0
20230525,Coimbatore,Pollachi,10.662,77.0065,296.0,26.61,78.99,2.17,2.69,0.0
20230526,Coimbatore,Pollachi,10.662,77.0065,296.0,27.2,74.85,2.15,3.32,0.0
20230527,Coimbatore,Pollachi,10.662,77.0065,296.0,26.75,76.59,1.96,3.5,6.966827869415283
20230528,Coimbatore,Pollachi,10.662,77.0065,296.0,27.27,75.08,1.08,0.82,0.0
20230529,Coimbatore,Pollachi,10.662,77.0065,296.0,27.19,75.83,0.93,1.72,13.933655738830566
20230530,Coimbatore,Pollachi,10.662,77.0065,296.0,27.17,75.54,1.63,1.02,13.933655738830566
20230531,Coimbatore,Pollachi,10.662,77.0065,296.0,26.59,74.49,1.36,1.3,6.966829299926758
20230601,Coimbatore,Pollachi,10.662,77.0065,296.0,26.5,78.32,2.49,0.46,0.0
20230602,Coimbatore,Pollachi,10.662,77.0065,296.0,26.69,76.21,1.89,4.98,0.0
20230603,Coimbatore,Pollachi,10.662,77.0065,296.0,27.29,73.47,2.13,1.48,7.485525131225586
20230604,Coimbatore,Pollachi,10.662,77.0065,296.0,26.11,77.54,2.1,1.65,7.485525131225586
20230605,Coimbatore,Pollachi,10.662,77.0065,296.0,25.94,80.47,2.52,2.07,14.971050262451172
20230606,Coimbatore,Pollachi,10.662,77.0065,296.0,26.66,76.23,2.68,2.07,0.0
20230607,Coimbatore,Pollachi,10.662,77.0065,296.0,26.29,79.34,2.98,3.79,0.0
20230608,Coimbatore,Pollachi,10.662,77.0065,296.0,26.12,78.9,2.85,3.36,0.0
20230609,Coimbatore,Pollachi,10.662,77.0065,296.0,26.25,78.55,3.24,2.1,0.0
20230610,Coimbatore,Pollachi,10.662,77.0065,296.0,25.72,77.61,3.49,1.26,0.0
20230611,Coimbatore,Pollachi,10.662,77.0065,296.0,26.13,78.24,3.15,0.91,0.0
20230612,Coimbatore,Pollachi,10.662,77.0065,296.0,26.09,80.93,2.85,6.36,36.05369567871094
20230613,Coimbatore,Pollachi,10.662,77.0065,296.0,25.97,80.11,2.97,3.48,0.0
20230614,Coimbatore,Pollachi,10.662,77.0065,296.0,25.45,82.18,2.76,1.77,0.0
20230615,Coimbatore,Pollachi,10.662,77.0065,296.0,26.76,76.29,2.66,0.31,0.0
20230616,Coimbatore,Pollachi,10.662,77.0065,296.0,27.2,73.07,3.28,0.18,0.0
20230617,Coimbatore,Pollachi,10.662,77.0065,296.0,25.1,85.27,2.82,7.29,0.0
20230618,Coimbatore,Pollachi,10.662,77.0065,296.0,25.65,80.95,2.38,4.49,0.0
20230619,Coimbatore,Pollachi,10.662,77.0065,296.0,25.91,72.97,2.05,0.43,0.0
20230620,Coimbatore,Pollachi,10.662,77.0065,296.0,26.14,76.31,1.82,7.81,44.425567626953125
20230621,Coimbatore,Pollachi,10.662,77.0065,296.0,26.3,78.4,2.02,13.32,58.23699569702149
20230622,Coimbatore,Pollachi,10.662,77.0065,296.0,25.31,79.83,2.17,8.53,0.0
20230623,Coimbatore,Pollachi,10.662,77.0065,296.0,24.7,75.29,2.61,1.52,0.0
20230624,Coimbatore,Pollachi,10.662,77.0065,296.0,24.65,78.94,2.7,0.21,0.0
20230625,Coimbatore,Pollachi,10.662,77.0065,296.0,24.57,82.11,2.68,3.89,0.0
20230626,Coimbatore,Pollachi,10.662,77.0065,296.0,24.31,74.87,2.8,0.54,0.0
20230627,Coimbatore,Pollachi,10.662,77.0065,296.0,24.41,79.77,2.85,5.33,0.0
20230628,Coimbatore,Pollachi,10.662,77.0065,296.0,24.98,75.91,2.96,1.46,0.0
20230629,Coimbatore,Pollachi,10.662,77.0065,296.0,25.15,79.0,3.13,3.2,0.0
20230630,Coimbatore,Pollachi,10.662,77.0065,296.0,24.41,78.0,2.48,1.56,0.0
20230701,Coimbatore,Pollachi,10.662,77.0065,296.0,25.53,78.23,2.32,1.74,0.0
20230702,Coimbatore,Pollachi,10.662,77.0065,296.0,24.24,77.99,3.12,4.04,5.010971546173096
20230703,Coimbatore,Pollachi,10.662,77.0065,296.0,24.71,82.28,3.91,11.05,5.010971546173096
20230704,Coimbatore,Pollachi,10.662,77.0065,296.0,24.52,82.54,4.63,9.63,5.010971546173096
20230705,Coimbatore,Pollachi,10.662,77.0065,296.0,23.66,85.91,4.45,15.37,0.0
20230706,Coimbatore,Pollachi,10.662,77.0065,296.0,24.12,84.96,3.98,10.31,4.492931842803955
20230707,Coimbatore,Pollachi,10.662,77.0065,296.0,23.8,84.69,3.57,9.92,0.0
20230708,Coimbatore,Pollachi,10.662,77.0065,296.0,24.37,81.24,2.64,4.42,0.0
20230709,Coimbatore,Pollachi,10.662,77.0065,296.0,24.66,81.42,2.36,2.56,0.0
20230710,Coimbatore,Pollachi,10.662,77.0065,296.0,25.22,82.63,1.89,4.47,13.478795051574709
20230711,Coimbatore,Pollachi,10.662,77.0065,296.0,24.94,80.71,2.26,3.35,3.671797513961792
20230712,Coimbatore,Pollachi,10.662,77.0065,296.0,24.61,78.51,2.71,0.66,0.0
20230713,Coimbatore,Pollachi,10.662,77.0065,296.0,24.18,76.97,2.8,2.26,7.343595027923584
20230714,Coimbatore,Pollachi,10.662,77.0065,296.0,24.39,79.31,3.07,0.37,0.0
20230715,Coimbatore,Pollachi,10.662,77.0065,296.0,24.85,79.43,2.74,0.33,0.0
20230716,Coimbatore,Pollachi,10.662,77.0065,296.0,25.27,81.34,2.67,0.89,0.0
20230717,Coimbatore,Pollachi,10.662,77.0065,296.0,25.05,82.15,3.12,0.89,0.0
20230718,Coimbatore,Pollachi,10.662,77.0065,296.0,24.63,84.27,3.89,4.5,0.0
20230719,Coimbatore,Pollachi,10.662,77.0065,296.0,24.73,82.13,4.73,4.46,0.0
20230720,Coimbatore,Pollachi,10.662,77.0065,296.0,25.13,80.87,4.62,1.94,0.0
20230721,Coimbatore,Pollachi,10.662,77.0065,296.0,24.58,81.26,4.78,2.82,8.667016983032227
20230722,Coimbatore,Pollachi,10.662,77.0065,296.0,24.14,80.89,4.68,6.36,0.0
20230723,Coimbatore,Pollachi,10.662,77.0065,296.0,23.74,83.82,4.23,14.02,0.0
20230724,Coimbatore,Pollachi,10.662,77.0065,296.0,23.25,85.55,3.97,11.41,5.778010845184326
20230725,Coimbatore,Pollachi,10.662,77.0065,296.0,22.81,86.09,3.19,5.66,0.0
20230726,Coimbatore,Pollachi,10.662,77.0065,296.0,23.66,82.44,3.93,4.07,7.408279418945312
20230727,Coimbatore,Pollachi,10.662,77.0065,296.0,23.99,81.11,3.86,0.99,0.0
20230728,Coimbatore,Pollachi,10.662,77.0065,296.0,24.33,79.57,3.73,0.55,0.0
20230729,Coimbatore,Pollachi,10.662,77.0065,296.0,24.87,79.28,3.57,0.08,0.0
20230730,Coimbatore,Pollachi,10.662,77.0065,296.0,25.13,78.81,3.37,0.04,0.0
20230731,Coimbatore,Pollachi,10.662,77.0065,296.0,25.38,78.75,3.68,0.21,0.0
20230801,Coimbatore,Pollachi,10.662,77.0065,296.0,25.23,78.54,3.61,0.12,0.0
20230802,Coimbatore,Pollachi,10.662,77.0065,296.0,24.58,80.5,3.48,0.71,0.0
20230803,Coimbatore,Pollachi,10.662,77.0065,296.0,25.11,80.02,3.54,0.9,0.0
20230804,Coimbatore,Pollachi,10.662,77.0065,296.0,25.22,80.15,3.29,0.61,0.0
20230805,Coimbatore,Pollachi,10.662,77.0065,296.0,25.53,77.79,3.25,0.21,0.0
20230806,Coimbatore,Pollachi,10.662,77.0065,296.0,25.8,78.12,2.87,0.87,5.121452808380127
20230807,Coimbatore,Pollachi,10.662,77.0065,296.0,25.82,78.23,2.7,0.31,0.0
20230808,Coimbatore,Pollachi,10.662,77.0065,296.0,25.09,80.81,2.29,5.33,5.121452808380127
20230809,Coimbatore,Pollachi,10.662,77.0065,296.0,25.21,80.44,2.09,3.56,10.242905616760254
20230810,Coimbatore,Pollachi,10.662,77.0065,296.0,24.96,83.89,1.51,6.6,10.242905616760254
20230811,Coimbatore,Pollachi,10.662,77.0065,296.0,25.75,81.22,1.29,5.3,13.675824165344238
20230812,Coimbatore,Pollachi,10.662,77.0065,296.0,24.98,82.87,2.01,4.82,3.41895604133606
20230813,Coimbatore,Pollachi,10.662,77.0065,296.0,25.52,78.68,2.3,1.3,0.0
20230814,Coimbatore,Pollachi,10.662,77.0065,296.0,25.35,76.68,2.42,0.05,3.41895604133606
20230815,Coimbatore,Pollachi,10.662,77.0065,296.0,24.99,76.94,2.43,0.07,0.0
20230816,Coimbatore,Pollachi,10.662,77.0065,296.0,25.56,75.94,2.6,0.04,0.0
20230817,Coimbatore,Pollachi,10.662,77.0065,296.0,25.67,76.98,3.19,0.02,0.0
20230818,Coimbatore,Pollachi,10.662,77.0065,296.0,24.95,78.29,3.22,0.19,0.0
20230819,Coimbatore,Pollachi,10.662,77.0065,296.0,25.22,78.32,3.4,0.25,0.0
20230820,Coimbatore,Pollachi,10.662,77.0065,296.0,26.04,76.97,2.95,0.42,0.0
20230821,Coimbatore,Pollachi,10.662,77.0065,296.0,26.64,73.71,2.29,0.08,0.0
20230822,Coimbatore,Pollachi,10.662,77.0065,296.0,26.46,77.14,1.77,2.26,7.527077198028564
20230823,Coimbatore,Pollachi,10.662,77.0065,296.0,26.24,75.47,2.34,3.47,0.0
20230824,Coimbatore,Pollachi,10.662,77.0065,296.0,26.01,75.42,2.62,0.67,0.0
20230825,Coimbatore,Pollachi,10.662,77.0065,296.0,25.39,75.49,2.31,0.0,0.0
20230826,Coimbatore,Pollachi,10.662,77.0065,296.0,25.93,75.72,2.21,0.15,0.0
20230827,Coimbatore,Pollachi,10.662,77.0065,296.0,26.04,76.01,2.16,0.59,11.408029556274414
20230828,Coimbatore,Pollachi,10.662,77.0065,296.0,26.33,74.45,2.3,0.27,0.0
20230829,Coimbatore,Pollachi,10.662,77.0065,296.0,25.54,79.14,2.14,7.92,17.112043380737305
20230830,Coimbatore,Pollachi,10.662,77.0065,296.0,24.45,84.68,2.52,7.19,0.0
20230831,Coimbatore,Pollachi,10.662,77.0065,296.0,25.38,80.83,2.25,6.2,17.112043380737305
20230901,Coimbatore,Pollachi,10.662,77.0065,296.0,25.24,83.07,1.63,17.23,7.172517776489258
20230902,Coimbatore,Pollachi,10.662,77.0065,296.0,24.59,83.94,2.55,8.49,3.586258888244629
20230903,Coimbatore,Pollachi,10.662,77.0065,296.0,23.94,82.12,2.95,4.88,0.0
20230904,Coimbatore,Pollachi,10.662,77.0065,296.0,23.59,82.39,2.95,1.02,0.0
20230905,Coimbatore,Pollachi,10.662,77.0065,296.0,23.7,82.81,3.19,4.91,0.0
20230906,Coimbatore,Pollachi,10.662,77.0065,296.0,23.28,84.55,2.74,6.92,0.0
20230907,Coimbatore,Pollachi,10.662,77.0065,296.0,23.47,83.3,2.63,6.69,1.3358056545257568
20230908,Coimbatore,Pollachi,10.662,77.0065,296.0,24.19,80.75,3.13,1.45,0.0
20230909,Coimbatore,Pollachi,10.662,77.0065,296.0,24.69,81.67,3.17,2.71,0.0
20230910,Coimbatore,Pollachi,10.662,77.0065,296.0,23.77,80.12,3.55,5.1,0.0
20230911,Coimbatore,Pollachi,10.662,77.0065,296.0,23.68,79.97,3.08,4.43,0.0
20230912,Coimbatore,Pollachi,10.662,77.0065,296.0,24.23,81.72,2.53,1.27,4.780925273895264
20230913,Coimbatore,Pollachi,10.662,77.0065,296.0,25.26,79.32,2.76,0.72,0.0
20230914,Coimbatore,Pollachi,10.662,77.0065,296.0,24.21,83.84,2.79,2.54,0.0
20230915,Coimbatore,Pollachi,10.662,77.0065,296.0,23.37,84.59,2.99,3.33,0.0
20230916,Coimbatore,Pollachi,10.662,77.0065,296.0,24.53,82.57,2.84,3.92,0.0
20230917,Coimbatore,Pollachi,10.662,77.0065,296.0,24.83,83.62,2.32,11.72,4.51648473739624
20230918,Coimbatore,Pollachi,10.662,77.0065,296.0,24.82,83.72,2.48,13.01,9.03296947479248
20230919,Coimbatore,Pollachi,10.662,77.0065,296.0,24.87,84.7,2.51,13.87,4.51648473739624
20230920,Coimbatore,Pollachi,10.662,77.0065,296.0,24.49,84.14,2.17,3.04,0.0
20230921,Coimbatore,Pollachi,10.662,77.0065,296.0,23.98,84.96,1.72,6.45,0.0
20230922,Coimbatore,Pollachi,10.662,77.0065,296.0,24.41,86.18,1.75,5.42,0.0
20230923,Coimbatore,Pollachi,10.662,77.0065,296.0,24.45,85.17,2.43,5.02,0.0
20230924,Coimbatore,Pollachi,10.662,77.0065,296.0,23.89,87.05,2.03,2.09,6.7093682289123535
20230925,Coimbatore,Pollachi,10.662,77.0065,296.0,24.84,81.31,2.16,0.97,6.7093682289123535
20230926,Coimbatore,Pollachi,10.662,77.0065,296.0,24.8,81.99,2.35,2.64,0.0
20230927,Coimbatore,Pollachi,10.662,77.0065,296.0,24.41,79.93,2.58,2.77,0.0
20230928,Coimbatore,Pollachi,10.662,77.0065,296.0,23.87,83.86,2.94,5.11,9.096121788024902
20230929,Coimbatore,Pollachi,10.662,77.0065,296.0,23.23,87.71,3.08,5.49,0.0
20230930,Coimbatore,Pollachi,10.662,77.0065,296.0,24.01,84.78,3.03,9.89,0.0
20231001,Coimbatore,Pollachi,10.662,77.0065,296.0,24.63,87.07,3.43,7.67,0.0
20231002,Coimbatore,Pollachi,10.662,77.0065,296.0,24.73,85.68,2.69,4.01,0.0
20231003,Coimbatore,Pollachi,10.662,77.0065,296.0,25.0,81.25,2.2,0.27,0.0
20231004,Coimbatore,Pollachi,10.662,77.0065,296.0,25.08,79.64,2.06,0.1,0.0
20231005,Coimbatore,Pollachi,10.662,77.0065,296.0,24.78,76.3,2.0,0.11,0.0
20231006,Coimbatore,Pollachi,10.662,77.0065,296.0,24.12,73.19,1.87,0.09,0.0
20231007,Coimbatore,Pollachi,10.662,77.0065,296.0,24.32,74.21,1.28,0.72,0.0
20231008,Coimbatore,Pollachi,10.662,77.0065,296.0,25.04,80.15,1.43,8.2,5.331865310668945
20231009,Coimbatore,Pollachi,10.662,77.0065,296.0,24.96,83.63,1.36,8.77,15.995595932006836
20231010,Coimbatore,Pollachi,10.662,77.0065,296.0,25.11,81.2,1.5,7.88,5.331865310668945
20231011,Coimbatore,Pollachi,10.662,77.0065,296.0,23.54,86.88,1.53,13.26,18.8527889251709
20231012,Coimbatore,Pollachi,10.662,77.0065,296.0,24.2,86.68,0.81,3.37,9.42639446258545
20231013,Coimbatore,Pollachi,10.662,77.0065,296.0,25.17,76.78,0.95,2.12,0.0
20231014,Coimbatore,Pollachi,10.662,77.0065,296.0,24.33,82.82,0.58,19.59,28.279184341430664
20231015,Coimbatore,Pollachi,10.662,77.0065,296.0,23.33,92.58,0.89,23.56,9.42639446258545
20231016,Coimbatore,Pollachi,10.662,77.0065,296.0,24.25,84.76,1.11,7.56,19.36832427978516
20231017,Coimbatore,Pollachi,10.662,77.0065,296.0,23.05,86.29,0.87,13.82,0.0
20231018,Coimbatore,Pollachi,10.662,77.0065,296.0,24.86,79.36,1.15,1.33,0.0
20231019,Coimbatore,Pollachi,10.662,77.0065,296.0,25.24,77.03,1.01,1.27,0.0
20231020,Coimbatore,Pollachi,10.662,77.0065,296.0,25.16,77.68,1.11,1.04,0.0
20231021,Coimbatore,Pollachi,10.662,77.0065,296.0,25.06,78.51,1.18,0.53,0.0
20231022,Coimbatore,Pollachi,10.662,77.0065,296.0,25.05,79.29,0.97,0.28,0.0
20231023,Coimbatore,Pollachi,10.662,77.0065,296.0,24.55,83.63,0.7,0.45,0.0
20231024,Coimbatore,Pollachi,10.662,77.0065,296.0,24.98,80.61,0.74,1.65,0.0
20231025,Coimbatore,Pollachi,10.662,77.0065,296.0,24.89,82.6,0.55,20.98,0.0
20231026,Coimbatore,Pollachi,10.662,77.0065,296.0,25.03,81.67,0.78,5.43,0.0
20231027,Coimbatore,Pollachi,10.662,77.0065,296.0,24.96,80.42,1.01,0.29,0.0
20231028,Coimbatore,Pollachi,10.662,77.0065,296.0,24.97,81.1,1.06,0.4,0.0
20231029,Coimbatore,Pollachi,10.662,77.0065,296.0,23.66,87.35,1.26,6.47,14.823549270629885
20231030,Coimbatore,Pollachi,10.662,77.0065,296.0,23.03,89.46,1.42,9.52,14.823549270629885
20231031,Coimbatore,Pollachi,10.662,77.0065,296.0,23.48,85.23,1.2,6.11,0.0
20231101,Coimbatore,Pollachi,10.662,77.0065,296.0,24.28,84.84,0.9,18.05,12.048463821411133
20231102,Coimbatore,Pollachi,10.662,77.0065,296.0,24.6,84.41,1.4,5.69,0.0
20231103,Coimbatore,Pollachi,10.662,77.0065,296.0,24.14,87.07,1.16,7.83,12.048463821411133
20231104,Coimbatore,Pollachi,10.662,77.0065,296.0,24.36,87.39,0.61,30.29,24.096927642822266
20231105,Coimbatore,Pollachi,10.662,77.0065,296.0,22.75,92.56,0.63,11.03,12.048463821411133
20231106,Coimbatore,Pollachi,10.662,77.0065,296.0,24.48,82.86,0.35,8.44,6.777862071990967
20231107,Coimbatore,Pollachi,10.662,77.0065,296.0,23.64,90.61,1.05,16.49,13.555724143981934
20231108,Coimbatore,Pollachi,10.662,77.0065,296.0,24.09,86.77,0.81,21.13,13.555724143981934
20231109,Coimbatore,Pollachi,10.662,77.0065,296.0,23.04,89.5,1.21,15.16,0.0
20231110,Coimbatore,Pollachi,10.662,77.0065,296.0,23.02,87.39,1.53,1.56,0.0
20231111,Coimbatore,Pollachi,10.662,77.0065,296.0,23.11,86.51,1.61,0.38,0.0
20231112,Coimbatore,Pollachi,10.662,77.0065,296.0,22.3,81.99,1.53,0.06,0.0
20231113,Coimbatore,Pollachi,10.662,77.0065,296.0,22.59,84.13,1.38,0.53,0.0
20231114,Coimbatore,Pollachi,10.662,77.0065,296.0,22.0,85.19,1.56,3.67,0.0
20231115,Coimbatore,Pollachi,10.662,77.0065,296.0,23.41,76.88,0.83,0.69,0.0
20231116,Coimbatore,Pollachi,10.662,77.0065,296.0,23.93,85.14,0.78,0.27,0.0
20231117,Coimbatore,Pollachi,10.662,77.0065,296.0,24.43,84.82,1.06,1.14,0.0
20231118,Coimbatore,Pollachi,10.662,77.0065,296.0,24.34,86.41,1.4,0.58,0.0
20231119,Coimbatore,Pollachi,10.662,77.0065,296.0,23.68,85.77,2.0,0.26,0.0
20231120,Coimbatore,Pollachi,10.662,77.0065,296.0,24.08,82.76,1.11,0.0,0.0
20231121,Coimbatore,Pollachi,10.662,77.0065,296.0,24.48,85.82,0.77,6.4,12.771747589111328
20231122,Coimbatore,Pollachi,10.662,77.0065,296.0,23.62,92.98,0.76,31.16,19.157623291015625
20231123,Coimbatore,Pollachi,10.662,77.0065,296.0,23.49,90.96,1.86,8.34,6.385873794555664
20231124,Coimbatore,Pollachi,10.662,77.0065,296.0,23.17,89.95,1.56,2.52,0.0
20231125,Coimbatore,Pollachi,10.662,77.0065,296.0,23.71,89.82,1.78,4.32,0.0
20231126,Coimbatore,Pollachi,10.662,77.0065,296.0,23.31,90.27,2.57,3.49,0.0
20231127,Coimbatore,Pollachi,10.662,77.0065,296.0,23.7,87.94,1.99,2.84,0.0
20231128,Coimbatore,Pollachi,10.662,77.0065,296.0,23.34,89.92,1.56,2.08,0.0
20231129,Coimbatore,Pollachi,10.662,77.0065,296.0,23.0,90.59,1.65,2.2,11.362685203552246
20231130,Coimbatore,Pollachi,10.662,77.0065,296.0,22.73,89.2,1.57,1.19,0.0
20231201,Coimbatore,Pollachi,10.662,77.0065,296.0,23.63,85.92,1.11,0.84,0.0
20231202,Coimbatore,Pollachi,10.662,77.0065,296.0,24.21,80.17,0.8,0.65,0.0
20231203,Coimbatore,Pollachi,10.662,77.0065,296.0,24.8,85.35,1.02,2.69,0.0
20231204,Coimbatore,Pollachi,10.662,77.0065,296.0,24.81,85.35,1.2,0.86,20.469318389892575
20231205,Coimbatore,Pollachi,10.662,77.0065,296.0,24.29,87.31,1.29,0.02,8.187726974487305
20231206,Coimbatore,Pollachi,10.662,77.0065,296.0,24.28,86.0,0.88,0.0,0.0
20231207,Coimbatore,Pollachi,10.662,77.0065,296.0,24.29,86.82,0.76,3.94,0.0
20231208,Coimbatore,Pollachi,10.662,77.0065,296.0,23.37,95.3,0.49,29.61,15.812777519226074
20231209,Coimbatore,Pollachi,10.662,77.0065,296.0,23.15,91.52,1.55,17.5,7.906388759613037
20231210,Coimbatore,Pollachi,10.662,77.0065,296.0,23.33,87.76,1.7,2.15,0.0
20231211,Coimbatore,Pollachi,10.662,77.0065,296.0,22.72,86.2,1.53,1.21,0.0
20231212,Coimbatore,Pollachi,10.662,77.0065,296.0,22.37,89.42,1.43,0.63,0.0
20231213,Coimbatore,Pollachi,10.662,77.0065,296.0,22.09,87.05,1.69,0.01,1.9793671369552608
20231214,Coimbatore,Pollachi,10.662,77.0065,296.0,21.24,83.13,1.81,0.01,0.0
20231215,Coimbatore,Pollachi,10.662,77.0065,296.0,22.14,88.8,1.45,0.06,0.0
20231216,Coimbatore,Pollachi,10.662,77.0065,296.0,23.74,87.46,1.77,1.82,0.0
20231217,Coimbatore,Pollachi,10.662,77.0065,296.0,22.5,92.44,2.6,15.11,19.75617790222168
20231218,Coimbatore,Pollachi,10.662,77.0065,296.0,21.53,91.93,2.51,4.29,0.0
20231219,Coimbatore,Pollachi,10.662,77.0065,296.0,20.99,88.12,2.44,0.92,0.0
20231220,Coimbatore,Pollachi,10.662,77.0065,296.0,22.06,86.14,2.2,1.16,0.0
20231221,Coimbatore,Pollachi,10.662,77.0065,296.0,22.36,89.8,2.01,0.9,0.0
20231222,Coimbatore,Pollachi,10.662,77.0065,296.0,22.94,87.36,1.61,0.06,0.0
20231223,Coimbatore,Pollachi,10.662,77.0065,296.0,21.14,85.11,1.8,0.0,0.0
20231224,Coimbatore,Pollachi,10.662,77.0065,296.0,20.98,84.98,1.69,0.05,0.0
20231225,Coimbatore,Pollachi,10.662,77.0065,296.0,22.92,87.73,2.46,0.61,0.0
20231226,Coimbatore,Pollachi,10.662,77.0065,296.0,21.73,81.88,2.47,0.03,0.0
20231227,Coimbatore,Pollachi,10.662,77.0065,296.0,21.58,82.04,2.43,0.0,0.0
20231228,Coimbatore,Pollachi,10.662,77.0065,296.0,22.42,84.81,2.57,0.04,0.0
20231229,Coimbatore,Pollachi,10.662,77.0065,296.0,22.92,85.66,2.48,0.44,0.0
20231230,Coimbatore,Pollachi,10.662,77.0065,296.0,22.02,85.55,2.32,0.53,0.0
20231231,Coimbatore,Pollachi,10.662,77.0065,296.0,21.51,80.82,2.01,0.01,0.0
20190101,Coimbatore,Sulur_Plains,11.0261,77.1261,371.0,20.37,63.57,2.01,0.0,0.0
20190102,Coimbatore,Sulur_Plains,11.0261,77.1261,371.0,19.84,64.52,2.2,0.0,0.0
20190103,Coimbatore,Sulur_Plains,11.0261,77.1261,371.0,20.33,65.91,2.19,0.0,0.0
20190104,Coimbatore,Sulur_Plains,11.0261,77.1261,371.0,20.31,64.99,2.34,0.0,0.0
20190105,Coimbatore,Sulur_Plains,11.0261,77.1261,371.0,20.27,67.04,1.96,0.0,0.0
20190106,Coimbatore,Sulur_Plains,11.0261,77.1261,371.0,20.83,68.13,1.74,0.0,0.0
20190107,Coimbatore,Sulur_Plains,11.0261,77.1261,371.0,21.42,67.0,1.7,0.0,0.0
20190108,Coimbatore,Sulur_Plains,11.0261,77.1261,371.0,22.04,62.59,1.76,0.0,0.0
20190109,Coimbatore,Sulur_Plains,11.0261,77.1261,371.0,21.27,60.49,1.79,0.0,0.0
20190110,Coimbatore,Sulur_Plains,11.0261,77.1261,371.0,21.25,61.81,1.8,0.0,0.0
20190111,Coimbatore,Sulur_Plains,11.0261,77.1261,371.0,21.85,64.53,1.56,0.0,0.0
20190112,Coimbatore,Sulur_Plains,11.0261,77.1261,371.0,21.86,64.05,1.89,0.0,0.0
20190113,Coimbatore,Sulur_Plains,11.0261,77.1261,371.0,21.73,58.39,1.73,0.0,0.0
20190114,Coimbatore,Sulur_Plains,11.0261,77.1261,371.0,22.17,66.4,1.79,0.0,0.0
20190115,Coimbatore,Sulur_Plains,11.0261,77.1261,371.0,22.09,56.38,1.8,0.03,1.3973342180252075
20190116,Coimbatore,Sulur_Plains,11.0261,77.1261,371.0,21.51,55.18,1.98,0.0,0.0
20190117,Coimbatore,Sulur_Plains,11.0261,77.1261,371.0,21.71,61.17,2.03,0.0,0.0
20190118,Coimbatore,Sulur_Plains,11.0261,77.1261,371.0,21.58,59.46,1.91,0.0,0.0
20190119,Coimbatore,Sulur_Plains,11.0261,77.1261,371.0,21.78,56.03,1.85,0.0,0.0
20190120,Coimbatore,Sulur_Plains,11.0261,77.1261,371.0,21.63,52.79,2.07,0.0,0.0
20190121,Coimbatore,Sulur_Plains,11.0261,77.1261,371.0,21.62,51.06,1.72,0.0,0.0
20190122,Coimbatore,Sulur_Plains,11.0261,77.1261,371.0,22.34,51.94,1.32,0.0,0.0
20190123,Coimbatore,Sulur_Plains,11.0261,77.1261,371.0,23.13,52.62,1.25,0.0,0.0
20190124,Coimbatore,Sulur_Plains,11.0261,77.1261,371.0,24.51,56.85,0.93,0.0,0.0
20190125,Coimbatore,Sulur_Plains,11.0261,77.1261,371.0,25.14,61.74,1.04,0.0,0.0
20190126,Coimbatore,Sulur_Plains,11.0261,77.1261,371.0,26.17,61.5,0.82,0.0,0.0
20190127,Coimbatore,Sulur_Plains,11.0261,77.1261,371.0,26.38,60.41,1.12,0.0,0.0
20190128,Coimbatore,Sulur_Plains,11.0261,77.1261,371.0,26.3,58.28,1.05,0.0,0.0
20190129,Coimbatore,Sulur_Plains,11.0261,77.1261,371.0,25.52,55.47,2.03,0.02,0.0
20190130,Coimbatore,Sulur_Plains,11.0261,77.1261,371.0,24.9,54.64,2.39,0.05,0.0
20190131,Coimbatore,Sulur_Plains,11.0261,77.1261,371.0,24.55,57.18,2.41,0.0,0.0
20190201,Coimbatore,Sulur_Plains,11.0261,77.1261,371.0,24.41,56.31,1.93,0.0,0.0
20190202,Coimbatore,Sulur_Plains,11.0261,77.1261,371.0,25.25,55.67,1.5,0.0,0.0
20190203,Coimbatore,Sulur_Plains,11.0261,77.1261,371.0,25.73,53.32,2.0,0.0,0.0
20190204,Coimbatore,Sulur_Plains,11.0261,77.1261,371.0,25.9,55.01,2.54,0.0,0.0
20190205,Coimbatore,Sulur_Plains,11.0261,77.1261,371.0,25.65,58.9,2.45,0.02,0.0
20190206,Coimbatore,Sulur_Plains,11.0261,77.1261,371.0,26.03,53.16,2.02,0.04,0.0
20190207,Coimbatore,Sulur_Plains,11.0261,77.1261,371.0,26.8,52.58,1.23,0.1,0.0
20190208,Coimbatore,Sulur_Plains,11.0261,77.1261,371.0,27.58,55.42,0.88,0.0,0.0
20190209,Coimbatore,Sulur_Plains,11.0261,77.1261,371.0,27.44,61.53,0.84,1.95,0.0
20190210,Coimbatore,Sulur_Plains,11.0261,77.1261,371.0,26.59,66.8,0.85,3.48,0.0
20190211,Coimbatore,Sulur_Plains,11.0261,77.1261,371.0,26.43,58.48,2.95,0.21,0.0
20190212,Coimbatore,Sulur_Plains,11.0261,77.1261,371.0,25.76,56.28,3.4,0.0,0.0
20190213,Coimbatore,Sulur_Plains,11.0261,77.1261,371.0,25.61,52.22,2.84,0.0,0.0
20190214,Coimbatore,Sulur_Plains,11.0261,77.1261,371.0,26.44,57.22,2.23,0.0,0.0
20190215,Coimbatore,Sulur_Plains,11.0261,77.1261,371.0,27.9,55.26,1.38,0.04,0.0
20190216,Coimbatore,Sulur_Plains,11.0261,77.1261,371.0,28.73,53.34,1.18,0.04,0.0
20190217,Coimbatore,Sulur_Plains,11.0261,77.1261,371.0,28.65,51.33,1.8,0.01,0.0
20190218,Coimbatore,Sulur_Plains,11.0261,77.1261,371.0,28.39,44.03,0.97,0.0,0.0
20190219,Coimbatore,Sulur_Plains,11.0261,77.1261,371.0,28.17,53.04,1.5,2.07,0.0
20190220,Coimbatore,Sulur_Plains,11.0261,77.1261,371.0,27.61,53.63,2.71,0.83,0.0
20190221,Coimbatore,Sulur_Plains,11.0261,77.1261,371.0,26.65,49.35,2.56,0.0,0.0
20190222,Coimbatore,Sulur_Plains,11.0261,77.1261,371.0,25.47,44.93,2.65,0.0,0.0
20190223,Coimbatore,Sulur_Plains,11.0261,77.1261,371.0,25.71,39.47,2.53,0.0,0.0
20190224,Coimbatore,Sulur_Plains,11.0261,77.1261,371.0,26.2,40.81,2.15,0.0,0.0
20190225,Coimbatore,Sulur_Plains,11.0261,77.1261,371.0,27.31,37.08,1.38,0.0,0.0
20190226,Coimbatore,Sulur_Plains,11.0261,77.1261,371.0,28.1,49.4,1.12,0.0,0.0
20190227,Coimbatore,Sulur_Plains,11.0261,77.1261,371.0,28.22,56.83,2.32,0.0,0.0
20190228,Coimbatore,Sulur_Plains,11.0261,77.1261,371.0,28.25,53.2,1.65,0.1,0.0
20190301,Coimbatore,Sulur_Plains,11.0261,77.1261,371.0,29.14,52.21,1.01,2.0,3.912379264831543
20190302,Coimbatore,Sulur_Plains,11.0261,77.1261,371.0,28.29,58.92,1.66,6.75,0.0
20190303,Coimbatore,Sulur_Plains,11.0261,77.1261,371.0,28.34,55.83,1.34,0.08,0.0
20190304,Coimbatore,Sulur_Plains,11.0261,77.1261,371.0,28.52,53.82,1.22,0.0,0.0
20190305,Coimbatore,Sulur_Plains,11.0261,77.1261,371.0,29.08,55.45,1.32,0.0,0.0
20190306,Coimbatore,Sulur_Plains,11.0261,77.1261,371.0,29.04,55.97,1.91,0.54,0.0
20190307,Coimbatore,Sulur_Plains,11.0261,77.1261,371.0,29.45,54.61,1.88,0.33,0.0
20190308,Coimbatore,Sulur_Plains,11.0261,77.1261,371.0,28.66,58.65,2.31,0.01,0.0
20190309,Coimbatore,Sulur_Plains,11.0261,77.1261,371.0,28.3,59.13,1.2,1.66,3.5925612449646
20190310,Coimbatore,Sulur_Plains,11.0261,77.1261,371.0,28.92,59.0,1.01,1.77,0.0
20190311,Coimbatore,Sulur_Plains,11.0261,77.1261,371.0,29.17,51.07,1.38,0.0,0.0
20190312,Coimbatore,Sulur_Plains,11.0261,77.1261,371.0,28.24,42.15,1.94,0.0,0.0
20190313,Coimbatore,Sulur_Plains,11.0261,77.1261,371.0,27.6,35.85,2.19,0.0,0.0
20190314,Coimbatore,Sulur_Plains,11.0261,77.1261,371.0,27.76,34.3,2.31,0.0,0.0
20190315,Coimbatore,Sulur_Plains,11.0261,77.1261,371.0,27.97,31.81,2.18,0.0,0.0
20190316,Coimbatore,Sulur_Plains,11.0261,77.1261,371.0,27.76,38.46,1.87,0.0,0.0
20190317,Coimbatore,Sulur_Plains,11.0261,77.1261,371.0,28.13,39.44,1.51,0.0,0.0
20190318,Coimbatore,Sulur_Plains,11.0261,77.1261,371.0,28.77,48.32,1.15,0.06,0.0
20190319,Coimbatore,Sulur_Plains,11.0261,77.1261,371.0,29.06,53.02,1.0,0.14,0.0
20190320,Coimbatore,Sulur_Plains,11.0261,77.1261,371.0,29.5,51.49,0.89,0.0,0.0
20190321,Coimbatore,Sulur_Plains,11.0261,77.1261,371.0,29.47,45.23,1.32,0.0,0.0
20190322,Coimbatore,Sulur_Plains,11.0261,77.1261,371.0,29.32,44.63,1.36,0.0,0.0
20190323,Coimbatore,Sulur_Plains,11.0261,77.1261,371.0,29.96,45.45,0.89,0.0,0.0
20190324,Coimbatore,Sulur_Plains,11.0261,77.1261,371.0,30.46,44.27,1.49,0.0,0.0
20190325,Coimbatore,Sulur_Plains,11.0261,77.1261,371.0,30.26,39.65,1.95,0.0,0.0
20190326,Coimbatore,Sulur_Plains,11.0261,77.1261,371.0,30.13,40.04,1.9,0.01,0.0
20190327,Coimbatore,Sulur_Plains,11.0261,77.1261,371.0,29.39,35.94,1.44,0.05,0.0
20190328,Coimbatore,Sulur_Plains,11.0261,77.1261,371.0,30.06,42.01,1.76,0.0,0.0
20190329,Coimbatore,Sulur_Plains,11.0261,77.1261,371.0,30.44,47.59,1.26,0.0,0.0
20190330,Coimbatore,Sulur_Plains,11.0261,77.1261,371.0,30.46,48.26,1.52,0.0,0.0
20190331,Coimbatore,Sulur_Plains,11.0261,77.1261,371.0,30.48,49.7,1.36,0.0,0.0
20190401,Coimbatore,Sulur_Plains,11.0261,77.1261,371.0,30.41,49.9,1.62,0.0,0.0
20190402,Coimbatore,Sulur_Plains,11.0261,77.1261,371.0,30.82,47.9,1.38,0.0,0.0
20190403,Coimbatore,Sulur_Plains,11.0261,77.1261,371.0,31.06,43.17,1.62,0.0,0.0
20190404,Coimbatore,Sulur_Plains,11.0261,77.1261,371.0,30.25,43.27,1.19,0.0,0.0
20190405,Coimbatore,Sulur_Plains,11.0261,77.1261,371.0,30.52,47.12,1.31,0.04,0.0
20190406,Coimbatore,Sulur_Plains,11.0261,77.1261,371.0,30.66,44.13,1.31,0.06,0.0
20190407,Coimbatore,Sulur_Plains,11.0261,77.1261,371.0,31.0,44.37,1.0,0.0,0.0
20190408,Coimbatore,Sulur_Plains,11.0261,77.1261,371.0,31.14,47.35,1.39,0.13,0.0
20190409,Coimbatore,Sulur_Plains,11.0261,77.1261,371.0,30.94,52.89,1.44,0.45,0.0
20190410,Coimbatore,Sulur_Plains,11.0261,77.1261,371.0,31.4,47.04,1.54,0.11,0.0
20190411,Coimbatore,Sulur_Plains,11.0261,77.1261,371.0,31.04,46.16,1.32,0.0,0.0
20190412,Coimbatore,Sulur_Plains,11.0261,77.1261,371.0,31.58,41.36,1.26,0.0,0.0
20190413,Coimbatore,Sulur_Plains,11.0261,77.1261,371.0,31.21,40.55,1.65,0.0,0.0
20190414,Coimbatore,Sulur_Plains,11.0261,77.1261,371.0,31.1,36.4,1.81,0.0,0.0
20190415,Coimbatore,Sulur_Plains,11.0261,77.1261,371.0,30.24,45.82,0.96,0.0,0.0
20190416,Coimbatore,Sulur_Plains,11.0261,77.1261,371.0,30.65,53.86,1.54,1.79,0.0
20190417,Coimbatore,Sulur_Plains,11.0261,77.1261,371.0,28.17,69.13,1.05,8.26,7.528005123138428
20190418,Coimbatore,Sulur_Plains,11.0261,77.1261,371.0,28.96,66.65,1.24,5.85,7.528005123138428
20190419,Coimbatore,Sulur_Plains,11.0261,77.1261,371.0,28.11,71.95,1.27,8.96,7.528005123138428
20190420,Coimbatore,Sulur_Plains,11.0261,77.1261,371.0,27.32,76.22,1.15,16.22,3.764002561569214
20190421,Coimbatore,Sulur_Plains,11.0261,77.1261,371.0,27.61,71.25,1.28,8.89,0.2100575864315033
20190422,Coimbatore,Sulur_Plains,11.0261,77.1261,371.0,28.74,66.6,0.89,9.75,0.5657606720924377
20190423,Coimbatore,Sulur_Plains,11.0261,77.1261,371.0,28.4,68.2,1.1,13.79,0.1657615751028061
20190424,Coimbatore,Sulur_Plains,11.0261,77.1261,371.0,28.68,63.17,0.92,0.43,0.0147181004285812
20190425,Coimbatore,Sulur_Plains,11.0261,77.1261,371.0,28.74,62.36,0.88,0.75,0.0165395718067884
20190426,Coimbatore,Sulur_Plains,11.0261,77.1261,371.0,29.07,64.34,1.17,0.77,0.8633643388748169
20190427,Coimbatore,Sulur_Plains,11.0261,77.1261,371.0,30.01,61.67,1.28,0.02,1.7267286777496338
20190428,Coimbatore,Sulur_Plains,11.0261,77.1261,371.0,29.78,61.03,1.1,0.0,0.8633643388748169
20190429,Coimbatore,Sulur_Plains,11.0261,77.1261,371.0,27.86,71.9,1.83,0.5,0.0
20190430,Coimbatore,Sulur_Plains,11.0261,77.1261,371.0,26.83,74.8,3.02,0.84,2.59009313583374
20190501,Coimbatore,Sulur_Plains,11.0261,77.1261,371.0,27.04,72.89,3.48,2.13,3.298415422439575
20190502,Coimbatore,Sulur_Plains,11.0261,77.1261,371.0,27.07,69.79,3.12,0.29,0.0
20190503,Coimbatore,Sulur_Plains,11.0261,77.1261,371.0,27.31,65.6,3.16,0.0,0.0
20190504,Coimbatore,Sulur_Plains,11.0261,77.1261,371.0,27.72,64.03,2.59,0.0,0.0
20190505,Coimbatore,Sulur_Plains,11.0261,77.1261,371.0,28.46,65.06,1.65,0.0,0.0
20190506,Coimbatore,Sulur_Plains,11.0261,77.1261,371.0,29.42,64.75,1.73,0.22,6.772191524505615
20190507,Coimbatore,Sulur_Plains,11.0261,77.1261,371.0,27.57,73.06,2.85,1.11,0.0
20190508,Coimbatore,Sulur_Plains,11.0261,77.1261,371.0,26.05,74.52,2.6,1.9,0.0
20190509,Coimbatore,Sulur_Plains,11.0261,77.1261,371.0,27.51,68.56,2.09,2.01,0.0
20190510,Coimbatore,Sulur_Plains,11.0261,77.1261,371.0,28.85,65.12,1.63,1.33,0.0
20190511,Coimbatore,Sulur_Plains,11.0261,77.1261,371.0,28.36,70.19,1.89,1.03,2.656639337539673
20190512,Coimbatore,Sulur_Plains,11.0261,77.1261,371.0,28.16,71.05,1.92,0.98,0.0
20190513,Coimbatore,Sulur_Plains,11.0261,77.1261,371.0,28.35,67.91,2.09,0.2,2.656639337539673
20190514,Coimbatore,Sulur_Plains,11.0261,77.1261,371.0,28.1,69.46,2.11,0.96,0.0
20190515,Coimbatore,Sulur_Plains,11.0261,77.1261,371.0,27.28,76.56,1.8,8.62,5.313278675079346
20190516,Coimbatore,Sulur_Plains,11.0261,77.1261,371.0,28.18,71.31,1.7,1.83,0.0
20190517,Coimbatore,Sulur_Plains,11.0261,77.1261,371.0,27.62,73.6,1.61,1.23,9.366195678710938
20190518,Coimbatore,Sulur_Plains,11.0261,77.1261,371.0,28.09,70.52,1.09,0.16,0.0
20190519,Coimbatore,Sulur_Plains,11.0261,77.1261,371.0,28.86,68.81,1.51,0.02,0.0
20190520,Coimbatore,Sulur_Plains,11.0261,77.1261,371.0,29.71,63.66,1.22,0.0,0.0
20190521,Coimbatore,Sulur_Plains,11.0261,77.1261,371.0,28.47,69.04,1.87,0.44,0.0
20190522,Coimbatore,Sulur_Plains,11.0261,77.1261,371.0,29.75,62.85,1.26,0.21,0.0
20190523,Coimbatore,Sulur_Plains,11.0261,77.1261,371.0,28.35,70.7,2.22,0.16,1.5609877109527588
20190524,Coimbatore,Sulur_Plains,11.0261,77.1261,371.0,27.54,75.34,2.12,0.92,3.1219754219055176
20190525,Coimbatore,Sulur_Plains,11.0261,77.1261,371.0,26.71,77.86,2.89,2.91,4.682962894439697
20190526,Coimbatore,Sulur_Plains,11.0261,77.1261,371.0,27.22,76.6,2.62,1.0,3.243471145629883
20190527,Coimbatore,Sulur_Plains,11.0261,77.1261,371.0,28.8,69.39,1.68,0.33,0.0
20190528,Coimbatore,Sulur_Plains,11.0261,77.1261,371.0,28.6,70.2,1.93,10.51,3.243471145629883
20190529,Coimbatore,Sulur_Plains,11.0261,77.1261,371.0,27.06,79.73,1.68,10.06,3.243471145629883
20190530,Coimbatore,Sulur_Plains,11.0261,77.1261,371.0,27.09,74.19,1.87,3.14,6.486942291259766
20190531,Coimbatore,Sulur_Plains,11.0261,77.1261,371.0,25.93,76.23,2.05,4.73,3.243471145629883
20190601,Coimbatore,Sulur_Plains,11.0261,77.1261,371.0,27.43,72.57,2.35,0.84,0.0
20190602,Coimbatore,Sulur_Plains,11.0261,77.1261,371.0,27.15,77.11,2.79,4.47,4.026292324066162
20190603,Coimbatore,Sulur_Plains,11.0261,77.1261,371.0,26.13,80.61,2.26,0.94,2.684195041656494
20190604,Coimbatore,Sulur_Plains,11.0261,77.1261,371.0,26.3,79.06,2.83,10.61,4.026292324066162
20190605,Coimbatore,Sulur_Plains,11.0261,77.1261,371.0,26.42,78.36,1.42,16.98,5.368390083312988
20190606,Coimbatore,Sulur_Plains,11.0261,77.1261,371.0,27.09,79.0,1.31,4.55,0.0
20190607,Coimbatore,Sulur_Plains,11.0261,77.1261,371.0,26.47,81.73,2.51,0.8,1.6908199787139893
20190608,Coimbatore,Sulur_Plains,11.0261,77.1261,371.0,26.81,76.39,2.65,0.71,0.0
20190609,Coimbatore,Sulur_Plains,11.0261,77.1261,371.0,25.84,77.27,3.02,4.33,1.6908199787139893
20190610,Coimbatore,Sulur_Plains,11.0261,77.1261,371.0,25.48,79.98,3.42,5.86,0.0
20190611,Coimbatore,Sulur_Plains,11.0261,77.1261,371.0,25.82,79.93,4.23,6.54,0.4399729669094085
20190612,Coimbatore,Sulur_Plains,11.0261,77.1261,371.0,26.03,80.35,4.27,2.58,0.3738162219524383
20190613,Coimbatore,Sulur_Plains,11.0261,77.1261,371.0,25.82,80.95,4.1,2.25,0.3865580558776855
20190614,Coimbatore,Sulur_Plains,11.0261,77.1261,371.0,25.19,78.01,3.51,5.33,0.2119762599468231
20190615,Coimbatore,Sulur_Plains,11.0261,77.1261,371.0,25.7,77.26,2.95,2.61,0.2752906680107116
20190616,Coimbatore,Sulur_Plains,11.0261,77.1261,371.0,26.65,78.61,3.0,0.48,0.0
20190617,Coimbatore,Sulur_Plains,11.0261,77.1261,371.0,26.53,78.04,3.24,0.39,1.632656216621399
20190618,Coimbatore,Sulur_Plains,11.0261,77.1261,371.0,26.48,77.3,3.19,1.77,0.0
20190619,Coimbatore,Sulur_Plains,11.0261,77.1261,371.0,25.76,82.61,3.28,3.5,0.0
20190620,Coimbatore,Sulur_Plains,11.0261,77.1261,371.0,25.54,77.65,3.38,2.38,0.0
20190621,Coimbatore,Sulur_Plains,11.0261,77.1261,371.0,24.98,79.29,3.06,7.64,2.2355551719665527
20190622,Coimbatore,Sulur_Plains,11.0261,77.1261,371.0,24.47,85.29,3.7,7.88,0.0
20190623,Coimbatore,Sulur_Plains,11.0261,77.1261,371.0,24.95,80.5,3.5,4.59,0.0
20190624,Coimbatore,Sulur_Plains,11.0261,77.1261,371.0,26.08,78.11,3.18,3.16,0.0
20190625,Coimbatore,Sulur_Plains,11.0261,77.1261,371.0,25.7,81.87,2.76,2.74,1.1177775859832764
20190626,Coimbatore,Sulur_Plains,11.0261,77.1261,371.0,25.33,82.58,2.44,0.73,0.6176124811172485
20190627,Coimbatore,Sulur_Plains,11.0261,77.1261,371.0,26.07,78.64,3.42,0.04,0.0
20190628,Coimbatore,Sulur_Plains,11.0261,77.1261,371.0,26.08,76.09,3.74,0.05,0.0
20190629,Coimbatore,Sulur_Plains,11.0261,77.1261,371.0,25.94,76.7,3.76,0.07,0.0
20190630,Coimbatore,Sulur_Plains,11.0261,77.1261,371.0,25.53,78.01,3.8,0.06,1.235224962234497
20190701,Coimbatore,Sulur_Plains,11.0261,77.1261,371.0,26.41,76.54,3.6,0.08,0.0
20190702,Coimbatore,Sulur_Plains,11.0261,77.1261,371.0,25.05,84.13,3.61,4.46,0.0
20190703,Coimbatore,Sulur_Plains,11.0261,77.1261,371.0,25.27,83.57,3.61,2.95,0.0
20190704,Coimbatore,Sulur_Plains,11.0261,77.1261,371.0,25.08,85.53,3.44,8.14,0.0
20190705,Coimbatore,Sulur_Plains,11.0261,77.1261,371.0,24.99,83.67,3.82,5.3,0.0
20190706,Coimbatore,Sulur_Plains,11.0261,77.1261,371.0,25.02,83.84,3.98,6.06,0.0
20190707,Coimbatore,Sulur_Plains,11.0261,77.1261,371.0,25.35,82.36,3.61,3.82,0.0
20190708,Coimbatore,Sulur_Plains,11.0261,77.1261,371.0,25.41,83.44,3.37,3.63,0.0
20190709,Coimbatore,Sulur_Plains,11.0261,77.1261,371.0,24.55,84.49,3.01,5.91,0.0
20190710,Coimbatore,Sulur_Plains,11.0261,77.1261,371.0,24.27,78.32,3.47,3.7,0.0
20190711,Coimbatore,Sulur_Plains,11.0261,77.1261,371.0,25.04,74.64,2.49,3.08,0.5477637052536011
20190712,Coimbatore,Sulur_Plains,11.0261,77.1261,371.0,24.81,75.78,1.9,0.55,0.0
20190713,Coimbatore,Sulur_Plains,11.0261,77.1261,371.0,25.31,79.39,2.22,4.18,0.0
20190714,Coimbatore,Sulur_Plains,11.0261,77.1261,371.0,24.85,83.74,2.52,6.05,0.5477637052536011
20190715,Coimbatore,Sulur_Plains,11.0261,77.1261,371.0,24.22,79.87,2.82,5.09,0.0
20190716,Coimbatore,Sulur_Plains,11.0261,77.1261,371.0,24.23,79.35,3.13,3.81,1.6588163375854492
20190717,Coimbatore,Sulur_Plains,11.0261,77.1261,371.0,24.2,80.18,2.85,2.55,0.0
20190718,Coimbatore,Sulur_Plains,11.0261,77.1261,371.0,23.85,81.68,2.78,10.3,1.6588163375854492
20190719,Coimbatore,Sulur_Plains,11.0261,77.1261,371.0,23.62,85.46,3.65,13.68,0.8294081687927246
20190720,Coimbatore,Sulur_Plains,11.0261,77.1261,371.0,23.63,85.33,4.0,8.95,0.0
20190721,Coimbatore,Sulur_Plains,11.0261,77.1261,371.0,24.13,84.66,4.5,6.31,0.0
20190722,Coimbatore,Sulur_Plains,11.0261,77.1261,371.0,23.66,85.73,3.92,8.2,1.115125298500061
20190723,Coimbatore,Sulur_Plains,11.0261,77.1261,371.0,23.82,80.47,3.78,3.46,0.0
20190724,Coimbatore,Sulur_Plains,11.0261,77.1261,371.0,24.38,82.94,2.91,7.76,0.0
20190725,Coimbatore,Sulur_Plains,11.0261,77.1261,371.0,24.01,83.09,2.9,4.91,2.548857927322388
20190726,Coimbatore,Sulur_Plains,11.0261,77.1261,371.0,23.79,83.43,2.9,2.36,1.838003754615784
20190727,Coimbatore,Sulur_Plains,11.0261,77.1261,371.0,24.43,81.58,2.63,0.01,0.0
20190728,Coimbatore,Sulur_Plains,11.0261,77.1261,371.0,24.36,81.85,3.19,0.65,0.0
20190729,Coimbatore,Sulur_Plains,11.0261,77.1261,371.0,24.41,82.94,3.27,0.7,0.0
20190730,Coimbatore,Sulur_Plains,11.0261,77.1261,371.0,24.41,79.1,2.94,0.15,1.838003754615784
20190731,Coimbatore,Sulur_Plains,11.0261,77.1261,371.0,24.78,78.0,2.61,0.06,0.0
20190801,Coimbatore,Sulur_Plains,11.0261,77.1261,371.0,25.11,81.45,3.1,1.03,0.0
20190802,Coimbatore,Sulur_Plains,11.0261,77.1261,371.0,24.3,85.19,3.37,2.9,1.2074767351150513
20190803,Coimbatore,Sulur_Plains,11.0261,77.1261,371.0,24.31,85.61,3.29,1.28,0.0
20190804,Coimbatore,Sulur_Plains,11.0261,77.1261,371.0,24.07,85.79,3.46,7.21,1.2074767351150513
20190805,Coimbatore,Sulur_Plains,11.0261,77.1261,371.0,23.69,84.45,3.89,8.18,1.2074767351150513
20190806,Coimbatore,Sulur_Plains,11.0261,77.1261,371.0,23.92,84.57,4.37,16.32,0.0
20190807,Coimbatore,Sulur_Plains,11.0261,77.1261,371.0,23.65,87.78,4.68,17.85,9.026851654052734
20190808,Coimbatore,Sulur_Plains,11.0261,77.1261,371.0,23.92,89.29,5.23,50.65,22.56712913513184
20190809,Coimbatore,Sulur_Plains,11.0261,77.1261,371.0,23.63,89.43,4.77,44.38,4.513425827026367
20190810,Coimbatore,Sulur_Plains,11.0261,77.1261,371.0,23.26,86.73,4.15,14.08,0.0
20190811,Coimbatore,Sulur_Plains,11.0261,77.1261,371.0,23.29,85.66,3.68,4.52,0.0
20190812,Coimbatore,Sulur_Plains,11.0261,77.1261,371.0,23.59,84.5,3.78,2.66,0.0
20190813,Coimbatore,Sulur_Plains,11.0261,77.1261,371.0,23.83,86.04,3.26,8.46,0.0
20190814,Coimbatore,Sulur_Plains,11.0261,77.1261,371.0,23.68,89.64,3.52,7.02,0.0
20190815,Coimbatore,Sulur_Plains,11.0261,77.1261,371.0,23.55,87.81,2.57,1.51,0.0
20190816,Coimbatore,Sulur_Plains,11.0261,77.1261,371.0,23.37,86.0,2.65,8.91,5.779162883758545
20190817,Coimbatore,Sulur_Plains,11.0261,77.1261,371.0,23.04,89.0,2.52,4.55,2.8895814418792725
20190818,Coimbatore,Sulur_Plains,11.0261,77.1261,371.0,22.95,90.68,2.01,7.2,5.779162883758545
20190819,Coimbatore,Sulur_Plains,11.0261,77.1261,371.0,23.73,87.83,2.01,7.6,5.779162883758545
20190820,Coimbatore,Sulur_Plains,11.0261,77.1261,371.0,23.93,88.51,2.3,7.48,8.668744087219238
20190821,Coimbatore,Sulur_Plains,11.0261,77.1261,371.0,23.31,89.46,2.59,7.99,13.800200462341309
20190822,Coimbatore,Sulur_Plains,11.0261,77.1261,371.0,22.71,89.56,3.17,9.27,6.900100231170654
20190823,Coimbatore,Sulur_Plains,11.0261,77.1261,371.0,22.34,87.71,3.46,4.19,0.0
20190824,Coimbatore,Sulur_Plains,11.0261,77.1261,371.0,22.71,88.13,3.2,2.58,0.0
20190825,Coimbatore,Sulur_Plains,11.0261,77.1261,371.0,22.75,87.14,3.21,4.03,0.0
20190826,Coimbatore,Sulur_Plains,11.0261,77.1261,371.0,23.27,87.55,3.36,6.87,0.0
20190827,Coimbatore,Sulur_Plains,11.0261,77.1261,371.0,23.14,87.78,3.46,4.68,0.0
20190828,Coimbatore,Sulur_Plains,11.0261,77.1261,371.0,23.46,86.53,3.11,3.19,0.0
20190829,Coimbatore,Sulur_Plains,11.0261,77.1261,371.0,23.22,89.58,3.22,14.49,4.862642288208008
20190830,Coimbatore,Sulur_Plains,11.0261,77.1261,371.0,23.08,86.94,3.42,1.09,0.0
20190831,Coimbatore,Sulur_Plains,11.0261,77.1261,371.0,23.3,90.08,3.22,3.01,9.725284576416016
20190901,Coimbatore,Sulur_Plains,11.0261,77.1261,371.0,23.43,91.36,2.54,5.02,0.0
20190902,Coimbatore,Sulur_Plains,11.0261,77.1261,371.0,23.46,90.96,2.45,8.36,3.323772668838501
20190903,Coimbatore,Sulur_Plains,11.0261,77.1261,371.0,23.64,87.93,3.08,4.55,6.647545337677002
20190904,Coimbatore,Sulur_Plains,11.0261,77.1261,371.0,23.48,88.85,3.2,3.99,0.0
20190905,Coimbatore,Sulur_Plains,11.0261,77.1261,371.0,23.59,88.81,3.48,3.94,0.0
20190906,Coimbatore,Sulur_Plains,11.0261,77.1261,371.0,23.96,89.27,3.33,5.63,0.0
20190907,Coimbatore,Sulur_Plains,11.0261,77.1261,371.0,23.95,88.22,3.35,3.5,0.0
20190908,Coimbatore,Sulur_Plains,11.0261,77.1261,371.0,23.28,88.07,3.31,8.42,0.0
20190909,Coimbatore,Sulur_Plains,11.0261,77.1261,371.0,23.13,88.62,2.62,2.96,0.0
20190910,Coimbatore,Sulur_Plains,11.0261,77.1261,371.0,24.27,88.72,2.35,3.99,0.0
20190911,Coimbatore,Sulur_Plains,11.0261,77.1261,371.0,24.16,90.78,2.27,15.57,5.848928451538086
20190912,Coimbatore,Sulur_Plains,11.0261,77.1261,371.0,23.8,90.47,1.97,6.0,3.8992857933044434
20190913,Coimbatore,Sulur_Plains,11.0261,77.1261,371.0,23.31,90.5,2.04,14.26,5.848928451538086
20190914,Coimbatore,Sulur_Plains,11.0261,77.1261,371.0,23.79,87.59,1.9,2.53,1.9496428966522217
20190915,Coimbatore,Sulur_Plains,11.0261,77.1261,371.0,23.65,87.92,1.6,8.48,5.848928451538086
20190916,Coimbatore,Sulur_Plains,11.0261,77.1261,371.0,24.21,87.69,2.21,10.67,6.561023712158203
20190917,Coimbatore,Sulur_Plains,11.0261,77.1261,371.0,23.83,86.8,2.17,13.03,9.841535568237305
20190918,Coimbatore,Sulur_Plains,11.0261,77.1261,371.0,23.9,87.25,2.22,7.31,0.0
20190919,Coimbatore,Sulur_Plains,11.0261,77.1261,371.0,23.05,89.42,2.34,4.89,9.841535568237305
20190920,Coimbatore,Sulur_Plains,11.0261,77.1261,371.0,23.4,86.04,1.68,0.72,0.0
20190921,Coimbatore,Sulur_Plains,11.0261,77.1261,371.0,24.19,86.58,1.85,0.97,0.0
20190922,Coimbatore,Sulur_Plains,11.0261,77.1261,371.0,23.96,89.46,1.19,9.88,5.782433986663818
20190923,Coimbatore,Sulur_Plains,11.0261,77.1261,371.0,24.05,89.28,1.57,14.99,7.709911823272705
20190924,Coimbatore,Sulur_Plains,11.0261,77.1261,371.0,24.14,88.69,0.95,14.2,1.9274779558181765
20190925,Coimbatore,Sulur_Plains,11.0261,77.1261,371.0,23.68,90.88,1.44,8.6,3.854955911636353
20190926,Coimbatore,Sulur_Plains,11.0261,77.1261,371.0,22.8,90.22,1.54,2.26,0.0
20190927,Coimbatore,Sulur_Plains,11.0261,77.1261,371.0,24.04,83.69,0.74,5.64,9.627503395080566
20190928,Coimbatore,Sulur_Plains,11.0261,77.1261,371.0,24.54,83.93,0.95,6.85,0.0
20190929,Coimbatore,Sulur_Plains,11.0261,77.1261,371.0,23.61,86.5,1.24,11.68,0.0
20190930,Coimbatore,Sulur_Plains,11.0261,77.1261,371.0,22.99,89.87,1.51,12.84,0.0
20191001,Coimbatore,Sulur_Plains,11.0261,77.1261,371.0,23.91,87.34,1.31,5.2,4.8412275314331055
20191002,Coimbatore,Sulur_Plains,11.0261,77.1261,371.0,24.91,85.3,0.73,4.67,0.0
20191003,Coimbatore,Sulur_Plains,11.0261,77.1261,371.0,24.77,86.16,0.82,2.26,0.0
20191004,Coimbatore,Sulur_Plains,11.0261,77.1261,371.0,24.5,88.3,1.37,1.09,2.4206137657165527
20191005,Coimbatore,Sulur_Plains,11.0261,77.1261,371.0,23.53,89.31,1.28,1.93,0.0
20191006,Coimbatore,Sulur_Plains,11.0261,77.1261,371.0,23.63,88.2,1.14,4.04,0.0
20191007,Coimbatore,Sulur_Plains,11.0261,77.1261,371.0,23.21,87.97,1.5,9.16,0.0
20191008,Coimbatore,Sulur_Plains,11.0261,77.1261,371.0,24.06,85.41,1.05,6.62,2.495013236999512
20191009,Coimbatore,Sulur_Plains,11.0261,77.1261,371.0,24.52,86.68,1.07,2.97,2.495013236999512
20191010,Coimbatore,Sulur_Plains,11.0261,77.1261,371.0,23.48,91.18,0.84,0.61,0.0
20191011,Coimbatore,Sulur_Plains,11.0261,77.1261,371.0,24.26,87.66,0.68,6.38,2.48488998413086
20191012,Coimbatore,Sulur_Plains,11.0261,77.1261,371.0,24.88,84.08,0.71,10.49,7.454670429229736
20191013,Coimbatore,Sulur_Plains,11.0261,77.1261,371.0,24.35,87.36,0.97,22.86,4.969779968261719
20191014,Coimbatore,Sulur_Plains,11.0261,77.1261,371.0,24.45,88.38,1.23,6.92,2.48488998413086
20191015,Coimbatore,Sulur_Plains,11.0261,77.1261,371.0,24.15,89.31,1.23,6.4,9.939559936523438
20191016,Coimbatore,Sulur_Plains,11.0261,77.1261,371.0,23.59,90.24,1.43,26.98,15.147761344909668
20191017,Coimbatore,Sulur_Plains,11.0261,77.1261,371.0,23.25,90.69,1.22,17.03,3.786940336227417
20191018,Coimbatore,Sulur_Plains,11.0261,77.1261,371.0,23.81,89.84,1.03,29.15,3.786940336227417
20191019,Coimbatore,Sulur_Plains,11.0261,77.1261,371.0,23.68,90.26,1.27,10.3,0.0
20191020,Coimbatore,Sulur_Plains,11.0261,77.1261,371.0,23.44,91.11,0.9,25.3,7.573880672454834
20191021,Coimbatore,Sulur_Plains,11.0261,77.1261,371.0,22.45,92.08,1.02,19.85,31.051212310791016
20191022,Coimbatore,Sulur_Plains,11.0261,77.1261,371.0,23.01,91.33,1.67,4.77,12.42048454284668
20191023,Coimbatore,Sulur_Plains,11.0261,77.1261,371.0,22.82,91.74,1.98,7.71,18.630725860595703
20191024,Coimbatore,Sulur_Plains,11.0261,77.1261,371.0,22.43,91.78,2.13,4.12,0.0
20191025,Coimbatore,Sulur_Plains,11.0261,77.1261,371.0,22.44,90.44,1.91,2.77,0.0
20191026,Coimbatore,Sulur_Plains,11.0261,77.1261,371.0,22.99,90.63,1.64,1.47,0.0
20191027,Coimbatore,Sulur_Plains,11.0261,77.1261,371.0,22.99,86.64,0.76,0.22,0.0
20191028,Coimbatore,Sulur_Plains,11.0261,77.1261,371.0,22.99,88.86,1.14,1.03,0.0
20191029,Coimbatore,Sulur_Plains,11.0261,77.1261,371.0,21.78,90.05,1.87,7.06,32.402469635009766
20191030,Coimbatore,Sulur_Plains,11.0261,77.1261,371.0,22.65,90.84,1.42,39.7,0.0
20191031,Coimbatore,Sulur_Plains,11.0261,77.1261,371.0,22.63,93.95,1.59,11.78,0.0
20191101,Coimbatore,Sulur_Plains,11.0261,77.1261,371.0,23.34,81.14,0.63,0.49,0.0
20191102,Coimbatore,Sulur_Plains,11.0261,77.1261,371.0,23.14,88.56,0.98,1.98,0.0
20191103,Coimbatore,Sulur_Plains,11.0261,77.1261,371.0,23.38,89.08,1.18,9.76,18.499435424804688
20191104,Coimbatore,Sulur_Plains,11.0261,77.1261,371.0,24.06,85.13,0.55,3.29,0.0
20191105,Coimbatore,Sulur_Plains,11.0261,77.1261,371.0,24.46,83.62,0.93,0.29,0.0
20191106,Coimbatore,Sulur_Plains,11.0261,77.1261,371.0,24.48,88.92,0.96,0.9,0.0
20191107,Coimbatore,Sulur_Plains,11.0261,77.1261,371.0,23.94,90.24,0.55,3.53,7.521186351776123
20191108,Coimbatore,Sulur_Plains,11.0261,77.1261,371.0,24.26,89.03,0.94,4.9,3.7605931758880615
20191109,Coimbatore,Sulur_Plains,11.0261,77.1261,371.0,24.5,85.54,0.8,8.11,7.521186351776123
20191110,Coimbatore,Sulur_Plains,11.0261,77.1261,371.0,23.77,92.89,0.53,10.11,7.521186351776123
20191111,Coimbatore,Sulur_Plains,11.0261,77.1261,371.0,23.09,91.96,0.98,6.4,13.576966285705566
20191112,Coimbatore,Sulur_Plains,11.0261,77.1261,371.0,21.88,91.16,1.61,1.52,4.189420223236084
20191113,Coimbatore,Sulur_Plains,11.0261,77.1261,371.0,22.86,87.86,1.91,0.05,0.9433780312538148
20191114,Coimbatore,Sulur_Plains,11.0261,77.1261,371.0,23.03,90.28,1.71,2.33,6.845945358276367
20191115,Coimbatore,Sulur_Plains,11.0261,77.1261,371.0,23.56,90.59,1.95,5.2,20.02811622619629
20191116,Coimbatore,Sulur_Plains,11.0261,77.1261,371.0,23.45,90.06,1.59,3.69,0.0
20191117,Coimbatore,Sulur_Plains,11.0261,77.1261,371.0,23.43,86.4,1.61,0.79,0.0
20191118,Coimbatore,Sulur_Plains,11.0261,77.1261,371.0,23.52,88.09,1.61,2.24,0.0
20191119,Coimbatore,Sulur_Plains,11.0261,77.1261,371.0,23.62,87.59,1.74,1.4,0.0
20191120,Coimbatore,Sulur_Plains,11.0261,77.1261,371.0,23.29,90.54,1.49,6.73,17.85393714904785
20191121,Coimbatore,Sulur_Plains,11.0261,77.1261,371.0,23.51,89.76,2.06,3.65,13.593947410583496
20191122,Coimbatore,Sulur_Plains,11.0261,77.1261,371.0,22.65,90.45,1.91,1.61,0.0
20191123,Coimbatore,Sulur_Plains,11.0261,77.1261,371.0,22.54,88.02,2.14,0.48,0.0
20191124,Coimbatore,Sulur_Plains,11.0261,77.1261,371.0,22.72,89.05,2.06,0.5,0.0
20191125,Coimbatore,Sulur_Plains,11.0261,77.1261,371.0,22.85,88.64,2.28,0.14,0.0
20191126,Coimbatore,Sulur_Plains,11.0261,77.1261,371.0,22.46,86.79,2.44,0.72,0.0
20191127,Coimbatore,Sulur_Plains,11.0261,77.1261,371.0,22.89,89.94,2.24,2.43,0.0
20191128,Coimbatore,Sulur_Plains,11.0261,77.1261,371.0,23.08,91.32,2.18,2.6,0.0
20191129,Coimbatore,Sulur_Plains,11.0261,77.1261,371.0,23.31,91.28,2.14,6.02,0.0
20191130,Coimbatore,Sulur_Plains,11.0261,77.1261,371.0,23.15,91.31,1.91,4.04,20.3908748626709
20191201,Coimbatore,Sulur_Plains,11.0261,77.1261,371.0,23.49,91.35,1.2,16.97,0.0
20191202,Coimbatore,Sulur_Plains,11.0261,77.1261,371.0,22.51,92.98,1.91,16.32,0.0
20191203,Coimbatore,Sulur_Plains,11.0261,77.1261,371.0,22.54,92.19,2.01,2.61,0.0
20191204,Coimbatore,Sulur_Plains,11.0261,77.1261,371.0,22.25,88.63,2.57,0.66,0.0
20191205,Coimbatore,Sulur_Plains,11.0261,77.1261,371.0,21.82,86.85,2.73,0.25,0.0
20191206,Coimbatore,Sulur_Plains,11.0261,77.1261,371.0,21.21,87.05,2.47,0.05,0.0
20191207,Coimbatore,Sulur_Plains,11.0261,77.1261,371.0,21.99,89.88,2.36,1.05,6.610779762268066
20191208,Coimbatore,Sulur_Plains,11.0261,77.1261,371.0,21.58,87.9,2.17,0.33,0.0
20191209,Coimbatore,Sulur_Plains,11.0261,77.1261,371.0,21.41,87.08,2.12,0.2,0.0
20191210,Coimbatore,Sulur_Plains,11.0261,77.1261,371.0,21.1,84.65,1.7,0.05,0.0
20191211,Coimbatore,Sulur_Plains,11.0261,77.1261,371.0,21.89,85.98,1.53,0.0,0.0
20191212,Coimbatore,Sulur_Plains,11.0261,77.1261,371.0,21.78,85.16,1.48,0.0,0.0
20191213,Coimbatore,Sulur_Plains,11.0261,77.1261,371.0,22.73,88.21,1.94,0.84,0.0
20191214,Coimbatore,Sulur_Plains,11.0261,77.1261,371.0,22.49,92.42,2.42,10.72,7.086921691894531
20191215,Coimbatore,Sulur_Plains,11.0261,77.1261,371.0,21.97,88.5,2.4,1.26,0.0
20191216,Coimbatore,Sulur_Plains,11.0261,77.1261,371.0,21.77,88.81,1.9,0.0,0.0
20191217,Coimbatore,Sulur_Plains,11.0261,77.1261,371.0,22.06,86.71,2.27,0.17,0.0
20191218,Coimbatore,Sulur_Plains,11.0261,77.1261,371.0,22.12,87.55,2.49,0.07,0.0
20191219,Coimbatore,Sulur_Plains,11.0261,77.1261,371.0,22.36,87.48,2.6,0.01,0.0
20191220,Coimbatore,Sulur_Plains,11.0261,77.1261,371.0,22.18,87.83,2.07,0.0,0.0
20191221,Coimbatore,Sulur_Plains,11.0261,77.1261,371.0,21.44,87.45,1.99,0.0,0.0
20191222,Coimbatore,Sulur_Plains,11.0261,77.1261,371.0,22.13,85.45,1.84,0.0,0.0
20191223,Coimbatore,Sulur_Plains,11.0261,77.1261,371.0,21.78,85.56,1.7,0.0,0.0
20191224,Coimbatore,Sulur_Plains,11.0261,77.1261,371.0,22.46,86.38,1.58,0.73,0.0
20191225,Coimbatore,Sulur_Plains,11.0261,77.1261,371.0,23.02,89.06,2.23,2.88,7.971612930297852
20191226,Coimbatore,Sulur_Plains,11.0261,77.1261,371.0,23.18,86.15,1.4,0.21,0.0
20191227,Coimbatore,Sulur_Plains,11.0261,77.1261,371.0,22.92,84.85,1.57,0.0,0.0
20191228,Coimbatore,Sulur_Plains,11.0261,77.1261,371.0,22.26,83.14,1.77,0.0,0.0
20191229,Coimbatore,Sulur_Plains,11.0261,77.1261,371.0,22.48,83.89,1.94,0.0,0.0
20191230,Coimbatore,Sulur_Plains,11.0261,77.1261,371.0,22.42,83.22,1.85,0.07,0.0
20191231,Coimbatore,Sulur_Plains,11.0261,77.1261,371.0,22.83,84.71,1.61,0.89,0.0
20200101,Coimbatore,Sulur_Plains,11.0261,77.1261,371.0,23.29,84.19,1.5,0.39,0.0
20200102,Coimbatore,Sulur_Plains,11.0261,77.1261,371.0,23.47,83.99,1.45,0.0,0.0
20200103,Coimbatore,Sulur_Plains,11.0261,77.1261,371.0,24.16,81.69,1.29,0.0,0.0
20200104,Coimbatore,Sulur_Plains,11.0261,77.1261,371.0,24.82,79.67,0.74,0.0,0.0
20200105,Coimbatore,Sulur_Plains,11.0261,77.1261,371.0,24.29,81.83,1.6,0.0,0.0
20200106,Coimbatore,Sulur_Plains,11.0261,77.1261,371.0,23.62,80.84,2.32,0.01,0.0
20200107,Coimbatore,Sulur_Plains,11.0261,77.1261,371.0,23.06,79.6,2.04,0.01,0.0
20200108,Coimbatore,Sulur_Plains,11.0261,77.1261,371.0,22.89,77.51,1.51,0.0,0.0
20200109,Coimbatore,Sulur_Plains,11.0261,77.1261,371.0,22.67,76.74,1.41,0.0,0.0
20200110,Coimbatore,Sulur_Plains,11.0261,77.1261,371.0,22.06,76.82,1.98,0.0,0.0
20200111,Coimbatore,Sulur_Plains,11.0261,77.1261,371.0,21.53,72.99,2.15,0.0,0.0
20200112,Coimbatore,Sulur_Plains,11.0261,77.1261,371.0,21.42,75.82,1.95,0.0,0.0
20200113,Coimbatore,Sulur_Plains,11.0261,77.1261,371.0,22.42,76.01,1.23,0.0,0.0
20200114,Coimbatore,Sulur_Plains,11.0261,77.1261,371.0,22.2,73.99,1.26,0.0,0.0
20200115,Coimbatore,Sulur_Plains,11.0261,77.1261,371.0,21.32,72.68,1.61,0.0,0.0
20200116,Coimbatore,Sulur_Plains,11.0261,77.1261,371.0,21.45,70.68,1.35,0.0,0.0
20200117,Coimbatore,Sulur_Plains,11.0261,77.1261,371.0,22.63,73.71,1.28,0.03,0.0
20200118,Coimbatore,Sulur_Plains,11.0261,77.1261,371.0,24.04,78.97,2.11,1.18,0.0
20200119,Coimbatore,Sulur_Plains,11.0261,77.1261,371.0,23.68,79.55,2.14,3.06,0.0
20200120,Coimbatore,Sulur_Plains,11.0261,77.1261,371.0,23.47,73.46,1.98,0.04,0.0
20200121,Coimbatore,Sulur_Plains,11.0261,77.1261,371.0,22.96,69.5,2.09,0.0,0.0
20200122,Coimbatore,Sulur_Plains,11.0261,77.1261,371.0,23.02,71.48,2.55,0.0,0.0
20200123,Coimbatore,Sulur_Plains,11.0261,77.1261,371.0,23.85,75.73,2.67,0.0,0.0
20200124,Coimbatore,Sulur_Plains,11.0261,77.1261,371.0,22.87,65.2,2.42,0.0,0.0
20200125,Coimbatore,Sulur_Plains,11.0261,77.1261,371.0,21.93,62.99,1.66,0.0,0.0
20200126,Coimbatore,Sulur_Plains,11.0261,77.1261,371.0,22.65,64.4,1.47,0.0,0.0
20200127,Coimbatore,Sulur_Plains,11.0261,77.1261,371.0,23.79,62.5,1.21,0.0,0.0
20200128,Coimbatore,Sulur_Plains,11.0261,77.1261,371.0,24.45,68.02,0.94,0.0,0.0
20200129,Coimbatore,Sulur_Plains,11.0261,77.1261,371.0,24.75,64.34,1.03,0.0,0.0
20200130,Coimbatore,Sulur_Plains,11.0261,77.1261,371.0,25.2,64.05,1.09,0.0,0.0
20200131,Coimbatore,Sulur_Plains,11.0261,77.1261,371.0,24.59,66.34,1.47,0.0,0.0
20200201,Coimbatore,Sulur_Plains,11.0261,77.1261,371.0,24.37,66.43,1.62,0.0,0.0
20200202,Coimbatore,Sulur_Plains,11.0261,77.1261,371.0,23.66,65.38,2.03,0.0,0.0
20200203,Coimbatore,Sulur_Plains,11.0261,77.1261,371.0,23.59,65.64,1.75,0.0,0.0
20200204,Coimbatore,Sulur_Plains,11.0261,77.1261,371.0,24.03,65.23,1.7,0.01,0.0
20200205,Coimbatore,Sulur_Plains,11.0261,77.1261,371.0,24.42,72.36,1.54,1.35,0.0
20200206,Coimbatore,Sulur_Plains,11.0261,77.1261,371.0,24.49,66.75,1.23,0.56,0.0
20200207,Coimbatore,Sulur_Plains,11.0261,77.1261,371.0,24.21,73.78,1.1,0.62,0.0
20200208,Coimbatore,Sulur_Plains,11.0261,77.1261,371.0,25.36,68.39,0.9,0.0,0.0
20200209,Coimbatore,Sulur_Plains,11.0261,77.1261,371.0,25.22,65.65,1.53,0.29,0.0
20200210,Coimbatore,Sulur_Plains,11.0261,77.1261,371.0,25.37,64.59,2.43,0.21,0.0
20200211,Coimbatore,Sulur_Plains,11.0261,77.1261,371.0,25.09,61.77,2.95,0.0,0.0
20200212,Coimbatore,Sulur_Plains,11.0261,77.1261,371.0,24.99,61.58,2.6,0.0,0.0
20200213,Coimbatore,Sulur_Plains,11.0261,77.1261,371.0,25.06,58.12,2.22,0.0,0.0
20200214,Coimbatore,Sulur_Plains,11.0261,77.1261,371.0,25.0,58.6,1.3,0.0,0.0
20200215,Coimbatore,Sulur_Plains,11.0261,77.1261,371.0,26.13,56.15,1.26,0.0,0.0
20200216,Coimbatore,Sulur_Plains,11.0261,77.1261,371.0,24.95,50.99,1.85,0.0,0.0
20200217,Coimbatore,Sulur_Plains,11.0261,77.1261,371.0,24.04,48.41,2.02,0.0,0.0
20200218,Coimbatore,Sulur_Plains,11.0261,77.1261,371.0,24.25,53.16,2.22,0.0,0.0
20200219,Coimbatore,Sulur_Plains,11.0261,77.1261,371.0,23.29,59.83,2.01,0.0,0.0
20200220,Coimbatore,Sulur_Plains,11.0261,77.1261,371.0,23.84,55.75,2.49,0.0,0.0
20200221,Coimbatore,Sulur_Plains,11.0261,77.1261,371.0,24.68,59.64,2.52,0.0,0.0
20200222,Coimbatore,Sulur_Plains,11.0261,77.1261,371.0,26.45,61.57,3.25,0.0,0.0
20200223,Coimbatore,Sulur_Plains,11.0261,77.1261,371.0,25.87,58.89,2.81,0.0,3.308030843734741
20200224,Coimbatore,Sulur_Plains,11.0261,77.1261,371.0,25.92,56.69,2.49,0.0,0.0
20200225,Coimbatore,Sulur_Plains,11.0261,77.1261,371.0,26.8,52.72,1.47,0.0,0.0
20200226,Coimbatore,Sulur_Plains,11.0261,77.1261,371.0,27.08,51.23,1.9,0.01,0.0
20200227,Coimbatore,Sulur_Plains,11.0261,77.1261,371.0,27.41,51.43,1.84,0.11,0.0
20200228,Coimbatore,Sulur_Plains,11.0261,77.1261,371.0,27.44,56.22,2.31,0.07,0.0
20200229,Coimbatore,Sulur_Plains,11.0261,77.1261,371.0,27.25,54.73,1.53,0.09,0.0
20200301,Coimbatore,Sulur_Plains,11.0261,77.1261,371.0,27.52,57.82,1.6,1.22,0.0
20200302,Coimbatore,Sulur_Plains,11.0261,77.1261,371.0,24.3,75.7,1.09,3.55,0.0
20200303,Coimbatore,Sulur_Plains,11.0261,77.1261,371.0,24.4,71.12,1.03,0.59,0.0
20200304,Coimbatore,Sulur_Plains,11.0261,77.1261,371.0,25.69,70.45,0.99,0.52,0.0
20200305,Coimbatore,Sulur_Plains,11.0261,77.1261,371.0,26.82,67.57,1.52,0.22,0.0
20200306,Coimbatore,Sulur_Plains,11.0261,77.1261,371.0,27.61,61.73,1.53,0.02,0.0
20200307,Coimbatore,Sulur_Plains,11.0261,77.1261,371.0,28.01,58.67,2.06,0.0,0.0
20200308,Coimbatore,Sulur_Plains,11.0261,77.1261,371.0,28.16,59.03,0.85,0.79,0.0
20200309,Coimbatore,Sulur_Plains,11.0261,77.1261,371.0,28.78,60.14,0.84,0.27,6.952104568481445
20200310,Coimbatore,Sulur_Plains,11.0261,77.1261,371.0,29.3,48.99,1.24,0.0,0.0
20200311,Coimbatore,Sulur_Plains,11.0261,77.1261,371.0,28.95,52.59,1.16,0.51,0.0
20200312,Coimbatore,Sulur_Plains,11.0261,77.1261,371.0,28.74,54.56,1.25,1.07,0.0
20200313,Coimbatore,Sulur_Plains,11.0261,77.1261,371.0,28.15,43.37,1.66,0.0,0.0
20200314,Coimbatore,Sulur_Plains,11.0261,77.1261,371.0,28.47,46.17,1.7,0.0,0.0
20200315,Coimbatore,Sulur_Plains,11.0261,77.1261,371.0,28.64,49.28,1.83,0.0,0.0
20200316,Coimbatore,Sulur_Plains,11.0261,77.1261,371.0,28.95,49.14,2.2,0.0,0.0
20200317,Coimbatore,Sulur_Plains,11.0261,77.1261,371.0,28.77,48.55,2.61,0.0,0.0
20200318,Coimbatore,Sulur_Plains,11.0261,77.1261,371.0,28.55,48.51,1.86,0.0,0.0
20200319,Coimbatore,Sulur_Plains,11.0261,77.1261,371.0,29.49,43.13,1.37,0.0,0.0
20200320,Coimbatore,Sulur_Plains,11.0261,77.1261,371.0,29.4,53.52,1.28,1.0,2.860214710235596
20200321,Coimbatore,Sulur_Plains,11.0261,77.1261,371.0,28.42,60.55,1.04,4.33,2.400698661804199
20200322,Coimbatore,Sulur_Plains,11.0261,77.1261,371.0,29.0,56.6,0.82,0.33,0.0
20200323,Coimbatore,Sulur_Plains,11.0261,77.1261,371.0,29.06,56.46,1.04,0.32,2.400698661804199
20200324,Coimbatore,Sulur_Plains,11.0261,77.1261,371.0,29.64,49.92,1.29,0.07,0.0
20200325,Coimbatore,Sulur_Plains,11.0261,77.1261,371.0,29.25,50.71,1.3,0.09,0.0
20200326,Coimbatore,Sulur_Plains,11.0261,77.1261,371.0,29.16,46.01,2.0,0.01,0.0
20200327,Coimbatore,Sulur_Plains,11.0261,77.1261,371.0,29.2,45.71,1.78,0.0,0.0
20200328,Coimbatore,Sulur_Plains,11.0261,77.1261,371.0,29.33,42.34,1.43,0.01,0.0
20200329,Coimbatore,Sulur_Plains,11.0261,77.1261,371.0,29.46,42.32,1.21,0.05,0.0
20200330,Coimbatore,Sulur_Plains,11.0261,77.1261,371.0,29.45,37.91,1.63,0.17,0.0
20200331,Coimbatore,Sulur_Plains,11.0261,77.1261,371.0,29.29,36.24,1.87,0.33,0.0
20200401,Coimbatore,Sulur_Plains,11.0261,77.1261,371.0,29.38,39.2,2.0,0.0,0.0
20200402,Coimbatore,Sulur_Plains,11.0261,77.1261,371.0,30.49,41.11,1.68,0.0,0.0
20200403,Coimbatore,Sulur_Plains,11.0261,77.1261,371.0,30.35,41.54,1.3,0.0,0.0
20200404,Coimbatore,Sulur_Plains,11.0261,77.1261,371.0,30.21,43.6,0.9,0.0,0.0
20200405,Coimbatore,Sulur_Plains,11.0261,77.1261,371.0,30.34,51.43,1.44,0.28,1.8446404933929443
20200406,Coimbatore,Sulur_Plains,11.0261,77.1261,371.0,29.01,61.77,1.04,1.56,0.0
20200407,Coimbatore,Sulur_Plains,11.0261,77.1261,371.0,25.76,79.72,0.83,2.87,4.598254203796387
20200408,Coimbatore,Sulur_Plains,11.0261,77.1261,371.0,28.0,61.7,1.07,0.47,2.2991271018981934
20200409,Coimbatore,Sulur_Plains,11.0261,77.1261,371.0,28.57,64.81,1.01,5.25,0.0
20200410,Coimbatore,Sulur_Plains,11.0261,77.1261,371.0,28.71,58.92,1.65,0.28,0.0
20200411,Coimbatore,Sulur_Plains,11.0261,77.1261,371.0,28.84,53.25,1.77,0.39,0.0
20200412,Coimbatore,Sulur_Plains,11.0261,77.1261,371.0,28.74,49.94,1.69,0.41,0.0
20200413,Coimbatore,Sulur_Plains,11.0261,77.1261,371.0,29.23,43.55,1.54,0.0,0.0
20200414,Coimbatore,Sulur_Plains,11.0261,77.1261,371.0,29.95,41.44,1.66,0.01,0.0
20200415,Coimbatore,Sulur_Plains,11.0261,77.1261,371.0,30.3,44.88,1.23,0.02,0.0
20200416,Coimbatore,Sulur_Plains,11.0261,77.1261,371.0,30.42,48.84,0.97,0.07,0.0
20200417,Coimbatore,Sulur_Plains,11.0261,77.1261,371.0,30.77,52.05,1.47,0.19,0.0
20200418,Coimbatore,Sulur_Plains,11.0261,77.1261,371.0,30.89,52.46,1.46,0.24,0.0
20200419,Coimbatore,Sulur_Plains,11.0261,77.1261,371.0,30.76,52.11,1.45,0.05,0.0
20200420,Coimbatore,Sulur_Plains,11.0261,77.1261,371.0,31.04,47.99,1.67,0.28,0.0
20200421,Coimbatore,Sulur_Plains,11.0261,77.1261,371.0,31.09,49.75,1.03,0.69,0.0
20200422,Coimbatore,Sulur_Plains,11.0261,77.1261,371.0,30.15,59.78,1.6,1.71,0.0
20200423,Coimbatore,Sulur_Plains,11.0261,77.1261,371.0,29.65,63.79,1.88,1.13,0.0
20200424,Coimbatore,Sulur_Plains,11.0261,77.1261,371.0,28.21,62.11,1.98,0.89,1.5768003463745115
20200425,Coimbatore,Sulur_Plains,11.0261,77.1261,371.0,29.4,59.57,1.38,0.57,3.1536006927490234
20200426,Coimbatore,Sulur_Plains,11.0261,77.1261,371.0,27.36,71.82,1.14,5.06,7.346085548400879
20200427,Coimbatore,Sulur_Plains,11.0261,77.1261,371.0,28.46,69.03,0.86,1.09,0.0
20200428,Coimbatore,Sulur_Plains,11.0261,77.1261,371.0,27.0,76.63,1.18,2.52,11.01912784576416
20200429,Coimbatore,Sulur_Plains,11.0261,77.1261,371.0,25.26,78.41,1.76,10.54,3.67304277420044
20200430,Coimbatore,Sulur_Plains,11.0261,77.1261,371.0,27.85,60.67,1.14,0.12,0.0
20200501,Coimbatore,Sulur_Plains,11.0261,77.1261,371.0,28.45,67.18,1.09,4.3,0.0
20200502,Coimbatore,Sulur_Plains,11.0261,77.1261,371.0,28.59,68.66,0.99,2.04,1.541570067405701
20200503,Coimbatore,Sulur_Plains,11.0261,77.1261,371.0,30.17,62.19,1.25,0.48,0.0
20200504,Coimbatore,Sulur_Plains,11.0261,77.1261,371.0,29.65,64.08,0.98,0.2,0.0
20200505,Coimbatore,Sulur_Plains,11.0261,77.1261,371.0,29.57,64.16,1.04,0.14,0.0
20200506,Coimbatore,Sulur_Plains,11.0261,77.1261,371.0,28.0,73.71,1.45,2.48,2.718657970428467
20200507,Coimbatore,Sulur_Plains,11.0261,77.1261,371.0,27.52,76.36,1.51,3.63,2.718657970428467
20200508,Coimbatore,Sulur_Plains,11.0261,77.1261,371.0,26.73,79.96,1.13,2.88,0.0
20200509,Coimbatore,Sulur_Plains,11.0261,77.1261,371.0,29.46,64.93,1.33,0.07,0.0
20200510,Coimbatore,Sulur_Plains,11.0261,77.1261,371.0,28.51,69.29,0.59,0.12,0.0
20200511,Coimbatore,Sulur_Plains,11.0261,77.1261,371.0,28.28,69.02,0.88,0.18,3.013630151748657
20200512,Coimbatore,Sulur_Plains,11.0261,77.1261,371.0,27.81,69.01,0.9,0.46,0.0
20200513,Coimbatore,Sulur_Plains,11.0261,77.1261,371.0,29.15,56.67,1.27,0.37,1.5068150758743286
20200514,Coimbatore,Sulur_Plains,11.0261,77.1261,371.0,27.93,71.79,1.22,0.26,3.013630151748657
20200515,Coimbatore,Sulur_Plains,11.0261,77.1261,371.0,27.85,73.33,1.47,0.88,0.0
20200516,Coimbatore,Sulur_Plains,11.0261,77.1261,371.0,27.92,70.7,2.35,0.72,3.5528392791748047
20200517,Coimbatore,Sulur_Plains,11.0261,77.1261,371.0,27.23,75.89,2.76,4.66,5.329258918762207
20200518,Coimbatore,Sulur_Plains,11.0261,77.1261,371.0,26.04,76.35,3.62,5.75,0.0
20200519,Coimbatore,Sulur_Plains,11.0261,77.1261,371.0,26.65,75.61,3.82,1.1,1.7764196395874023
20200520,Coimbatore,Sulur_Plains,11.0261,77.1261,371.0,27.66,71.12,3.53,0.42,1.7764196395874023
20200521,Coimbatore,Sulur_Plains,11.0261,77.1261,371.0,26.27,74.89,2.84,2.28,2.1330933570861816
20200522,Coimbatore,Sulur_Plains,11.0261,77.1261,371.0,27.58,67.72,2.86,0.44,1.4138365983963013
20200523,Coimbatore,Sulur_Plains,11.0261,77.1261,371.0,28.7,69.95,2.74,0.03,3.192894697189331
20200524,Coimbatore,Sulur_Plains,11.0261,77.1261,371.0,28.21,72.47,3.06,0.51,1.1943857669830322
20200525,Coimbatore,Sulur_Plains,11.0261,77.1261,371.0,27.26,77.6,2.65,2.86,2.899393320083618
20200526,Coimbatore,Sulur_Plains,11.0261,77.1261,371.0,27.36,76.08,2.32,0.92,0.0
20200527,Coimbatore,Sulur_Plains,11.0261,77.1261,371.0,27.24,76.95,2.68,2.02,2.833536386489868
20200528,Coimbatore,Sulur_Plains,11.0261,77.1261,371.0,26.86,79.17,2.65,19.29,8.500609397888184
20200529,Coimbatore,Sulur_Plains,11.0261,77.1261,371.0,26.61,75.31,2.11,4.0,0.0
20200530,Coimbatore,Sulur_Plains,11.0261,77.1261,371.0,26.36,77.43,1.63,2.47,0.0
20200531,Coimbatore,Sulur_Plains,11.0261,77.1261,371.0,26.35,79.36,2.57,1.77,0.0
20200601,Coimbatore,Sulur_Plains,11.0261,77.1261,371.0,25.82,82.97,2.82,3.16,1.5555328130722046
20200602,Coimbatore,Sulur_Plains,11.0261,77.1261,371.0,25.15,81.71,3.14,9.91,1.0737404823303225
20200603,Coimbatore,Sulur_Plains,11.0261,77.1261,371.0,25.15,82.93,3.25,1.48,1.5504302978515625
20200604,Coimbatore,Sulur_Plains,11.0261,77.1261,371.0,25.11,81.6,3.68,5.93,1.1076878309249878
20200605,Coimbatore,Sulur_Plains,11.0261,77.1261,371.0,25.52,81.32,3.1,5.15,0.863939106464386
20200606,Coimbatore,Sulur_Plains,11.0261,77.1261,371.0,25.52,79.25,3.25,5.71,1.9797511100769043
20200607,Coimbatore,Sulur_Plains,11.0261,77.1261,371.0,25.12,81.15,2.86,5.07,0.0
20200608,Coimbatore,Sulur_Plains,11.0261,77.1261,371.0,25.82,72.24,2.89,0.14,0.0
20200609,Coimbatore,Sulur_Plains,11.0261,77.1261,371.0,25.22,77.07,2.69,2.1,0.0
20200610,Coimbatore,Sulur_Plains,11.0261,77.1261,371.0,24.99,77.5,3.35,3.29,1.9797511100769043
20200611,Coimbatore,Sulur_Plains,11.0261,77.1261,371.0,25.12,76.22,3.62,0.86,0.4009577929973602
20200612,Coimbatore,Sulur_Plains,11.0261,77.1261,371.0,24.81,74.82,4.43,2.91,0.3686419725418091
20200613,Coimbatore,Sulur_Plains,11.0261,77.1261,371.0,25.61,74.08,3.95,1.95,0.1337736845016479
20200614,Coimbatore,Sulur_Plains,11.0261,77.1261,371.0,25.43,77.28,4.05,3.16,0.640002429485321
20200615,Coimbatore,Sulur_Plains,11.0261,77.1261,371.0,25.87,79.94,3.44,1.61,0.1510027050971985
20200616,Coimbatore,Sulur_Plains,11.0261,77.1261,371.0,25.31,84.83,3.18,3.7,0.0
20200617,Coimbatore,Sulur_Plains,11.0261,77.1261,371.0,24.87,83.3,3.24,2.68,0.8051577806472778
20200618,Coimbatore,Sulur_Plains,11.0261,77.1261,371.0,24.57,80.21,3.27,2.0,0.8051577806472778
20200619,Coimbatore,Sulur_Plains,11.0261,77.1261,371.0,24.57,81.06,2.63,1.77,0.0
20200620,Coimbatore,Sulur_Plains,11.0261,77.1261,371.0,25.08,75.92,2.67,0.64,0.0
20200621,Coimbatore,Sulur_Plains,11.0261,77.1261,371.0,24.13,81.27,3.18,3.67,1.1842527389526367
20200622,Coimbatore,Sulur_Plains,11.0261,77.1261,371.0,24.88,78.25,3.43,2.98,0.0
20200623,Coimbatore,Sulur_Plains,11.0261,77.1261,371.0,24.84,75.45,2.59,0.21,0.0
20200624,Coimbatore,Sulur_Plains,11.0261,77.1261,371.0,25.28,75.18,2.53,1.11,2.368505477905273
20200625,Coimbatore,Sulur_Plains,11.0261,77.1261,371.0,24.4,81.9,1.86,10.13,1.1842527389526367
20200626,Coimbatore,Sulur_Plains,11.0261,77.1261,371.0,24.68,81.5,2.42,4.62,0.0
20200627,Coimbatore,Sulur_Plains,11.0261,77.1261,371.0,24.76,83.95,2.88,3.24,0.0
20200628,Coimbatore,Sulur_Plains,11.0261,77.1261,371.0,25.16,85.8,2.66,10.76,3.4179253578186035
20200629,Coimbatore,Sulur_Plains,11.0261,77.1261,371.0,25.02,86.14,2.59,7.42,0.0
20200630,Coimbatore,Sulur_Plains,11.0261,77.1261,371.0,25.41,77.95,3.17,2.18,0.0
20200701,Coimbatore,Sulur_Plains,11.0261,77.1261,371.0,24.63,79.83,3.02,0.51,0.0
20200702,Coimbatore,Sulur_Plains,11.0261,77.1261,371.0,24.13,82.55,2.82,6.26,0.9414052963256836
20200703,Coimbatore,Sulur_Plains,11.0261,77.1261,371.0,23.1,83.39,3.39,8.3,0.9414052963256836
20200704,Coimbatore,Sulur_Plains,11.0261,77.1261,371.0,23.46,83.82,3.87,7.85,1.8828105926513672
20200705,Coimbatore,Sulur_Plains,11.0261,77.1261,371.0,24.39,79.35,3.43,3.53,0.4707026481628418
20200706,Coimbatore,Sulur_Plains,11.0261,77.1261,371.0,23.5,85.54,3.13,14.36,1.6515320539474487
20200707,Coimbatore,Sulur_Plains,11.0261,77.1261,371.0,24.02,82.98,3.36,6.02,0.0
20200708,Coimbatore,Sulur_Plains,11.0261,77.1261,371.0,24.24,87.35,2.33,9.52,0.0
20200709,Coimbatore,Sulur_Plains,11.0261,77.1261,371.0,23.45,87.62,1.72,20.77,1.6515320539474487
20200710,Coimbatore,Sulur_Plains,11.0261,77.1261,371.0,23.95,85.44,1.75,2.34,0.0
20200711,Coimbatore,Sulur_Plains,11.0261,77.1261,371.0,24.08,84.29,2.29,5.84,1.0399198532104492
20200712,Coimbatore,Sulur_Plains,11.0261,77.1261,371.0,24.42,82.83,3.06,2.31,0.0
20200713,Coimbatore,Sulur_Plains,11.0261,77.1261,371.0,24.16,83.58,1.93,4.32,1.0399198532104492
20200714,Coimbatore,Sulur_Plains,11.0261,77.1261,371.0,24.14,87.55,2.05,3.49,1.0399198532104492
20200715,Coimbatore,Sulur_Plains,11.0261,77.1261,371.0,23.74,89.58,2.79,5.72,1.5598797798156738
20200716,Coimbatore,Sulur_Plains,11.0261,77.1261,371.0,23.98,86.15,3.17,10.43,0.2000699192285537
20200717,Coimbatore,Sulur_Plains,11.0261,77.1261,371.0,23.16,88.06,2.46,10.15,0.2227904349565506
20200718,Coimbatore,Sulur_Plains,11.0261,77.1261,371.0,23.79,85.96,2.28,3.04,2.0518336296081543
20200719,Coimbatore,Sulur_Plains,11.0261,77.1261,371.0,23.99,86.09,1.08,5.31,1.6885058879852295
20200720,Coimbatore,Sulur_Plains,11.0261,77.1261,371.0,23.97,90.48,1.71,32.56,0.8119175434112549
20200721,Coimbatore,Sulur_Plains,11.0261,77.1261,371.0,24.3,84.81,0.9,2.4,0.0
20200722,Coimbatore,Sulur_Plains,11.0261,77.1261,371.0,24.87,86.63,0.95,0.63,1.2428102493286133
20200723,Coimbatore,Sulur_Plains,11.0261,77.1261,371.0,24.33,89.08,1.61,6.82,4.971240997314453
20200724,Coimbatore,Sulur_Plains,11.0261,77.1261,371.0,23.86,87.38,2.3,12.75,1.2428102493286133
20200725,Coimbatore,Sulur_Plains,11.0261,77.1261,371.0,22.95,89.32,2.28,2.26,1.2428102493286133
20200726,Coimbatore,Sulur_Plains,11.0261,77.1261,371.0,23.46,87.15,2.15,1.72,0.0
20200727,Coimbatore,Sulur_Plains,11.0261,77.1261,371.0,23.96,84.42,2.28,2.43,1.2160600423812866
20200728,Coimbatore,Sulur_Plains,11.0261,77.1261,371.0,23.85,87.57,2.65,5.47,4.8642401695251465
20200729,Coimbatore,Sulur_Plains,11.0261,77.1261,371.0,23.45,89.33,2.64,16.24,2.432120084762573
20200730,Coimbatore,Sulur_Plains,11.0261,77.1261,371.0,23.43,88.28,3.25,7.34,0.0
20200731,Coimbatore,Sulur_Plains,11.0261,77.1261,371.0,23.99,89.01,2.95,10.18,2.432120084762573
20200801,Coimbatore,Sulur_Plains,11.0261,77.1261,371.0,23.33,87.67,3.17,7.08,6.28897762298584
20200802,Coimbatore,Sulur_Plains,11.0261,77.1261,371.0,23.24,87.98,4.15,8.62,0.0
20200803,Coimbatore,Sulur_Plains,11.0261,77.1261,371.0,23.48,88.48,4.62,13.01,0.0
20200804,Coimbatore,Sulur_Plains,11.0261,77.1261,371.0,23.57,86.75,5.08,15.98,6.28897762298584
20200805,Coimbatore,Sulur_Plains,11.0261,77.1261,371.0,23.64,87.97,5.93,10.24,0.0
20200806,Coimbatore,Sulur_Plains,11.0261,77.1261,371.0,24.66,86.59,5.25,22.51,3.3688035011291504
20200807,Coimbatore,Sulur_Plains,11.0261,77.1261,371.0,23.94,88.31,4.48,27.33,0.0
20200808,Coimbatore,Sulur_Plains,11.0261,77.1261,371.0,23.45,88.45,3.8,18.95,6.737607002258301
20200809,Coimbatore,Sulur_Plains,11.0261,77.1261,371.0,22.58,90.45,2.91,13.34,3.3688035011291504
20200810,Coimbatore,Sulur_Plains,11.0261,77.1261,371.0,23.16,90.94,3.46,2.45,0.0
20200811,Coimbatore,Sulur_Plains,11.0261,77.1261,371.0,23.69,89.11,2.94,6.38,0.0
20200812,Coimbatore,Sulur_Plains,11.0261,77.1261,371.0,23.84,89.15,3.18,2.61,0.0
20200813,Coimbatore,Sulur_Plains,11.0261,77.1261,371.0,23.59,90.11,2.69,5.32,0.0
20200814,Coimbatore,Sulur_Plains,11.0261,77.1261,371.0,23.16,90.03,2.71,2.39,3.988386631011963
20200815,Coimbatore,Sulur_Plains,11.0261,77.1261,371.0,23.28,89.81,2.92,1.08,1.3294621706008911
20200816,Coimbatore,Sulur_Plains,11.0261,77.1261,371.0,23.49,89.42,2.76,1.15,1.367497205734253
20200817,Coimbatore,Sulur_Plains,11.0261,77.1261,371.0,24.11,87.4,2.71,2.48,0.0
20200818,Coimbatore,Sulur_Plains,11.0261,77.1261,371.0,24.2,88.19,2.65,3.35,0.0
20200819,Coimbatore,Sulur_Plains,11.0261,77.1261,371.0,23.77,89.03,2.31,0.87,0.0
20200820,Coimbatore,Sulur_Plains,11.0261,77.1261,371.0,23.48,90.37,2.23,0.42,1.367497205734253
20200821,Coimbatore,Sulur_Plains,11.0261,77.1261,371.0,24.43,86.49,2.04,0.05,1.4547605514526367
20200822,Coimbatore,Sulur_Plains,11.0261,77.1261,371.0,24.63,86.91,1.93,6.15,1.4547605514526367
20200823,Coimbatore,Sulur_Plains,11.0261,77.1261,371.0,24.07,87.8,1.85,2.7,2.909521102905273
20200824,Coimbatore,Sulur_Plains,11.0261,77.1261,371.0,24.33,86.88,1.57,11.0,2.909521102905273
20200825,Coimbatore,Sulur_Plains,11.0261,77.1261,371.0,24.53,86.06,1.48,2.45,2.909521102905273
20200826,Coimbatore,Sulur_Plains,11.0261,77.1261,371.0,24.33,86.89,1.09,1.13,2.761251926422119
20200827,Coimbatore,Sulur_Plains,11.0261,77.1261,371.0,24.45,84.02,1.8,0.12,0.0
20200828,Coimbatore,Sulur_Plains,11.0261,77.1261,371.0,24.71,82.13,2.03,0.09,0.0
20200829,Coimbatore,Sulur_Plains,11.0261,77.1261,371.0,24.22,84.74,2.23,0.09,0.0
20200830,Coimbatore,Sulur_Plains,11.0261,77.1261,371.0,24.79,85.77,1.89,1.09,1.3806259632110596
20200831,Coimbatore,Sulur_Plains,11.0261,77.1261,371.0,24.05,88.64,1.39,3.24,4.1418776512146
20200901,Coimbatore,Sulur_Plains,11.0261,77.1261,371.0,23.68,88.69,2.03,12.27,9.364500999450684
20200902,Coimbatore,Sulur_Plains,11.0261,77.1261,371.0,23.02,90.35,1.84,14.78,4.682250499725342
20200903,Coimbatore,Sulur_Plains,11.0261,77.1261,371.0,24.02,88.91,1.24,5.41,2.341125249862671
20200904,Coimbatore,Sulur_Plains,11.0261,77.1261,371.0,24.63,87.35,0.96,6.66,2.341125249862671
20200905,Coimbatore,Sulur_Plains,11.0261,77.1261,371.0,25.2,83.85,0.89,2.46,2.341125249862671
20200906,Coimbatore,Sulur_Plains,11.0261,77.1261,371.0,24.5,87.49,1.83,18.71,7.687004089355469
20200907,Coimbatore,Sulur_Plains,11.0261,77.1261,371.0,23.43,90.21,2.92,6.87,0.0
20200908,Coimbatore,Sulur_Plains,11.0261,77.1261,371.0,23.92,89.62,1.7,4.8,3.8435020446777344
20200909,Coimbatore,Sulur_Plains,11.0261,77.1261,371.0,23.77,89.02,2.3,14.78,11.530506134033203
20200910,Coimbatore,Sulur_Plains,11.0261,77.1261,371.0,23.43,89.4,3.55,8.29,0.0
20200911,Coimbatore,Sulur_Plains,11.0261,77.1261,371.0,23.44,88.05,3.83,10.29,2.2058420181274414
20200912,Coimbatore,Sulur_Plains,11.0261,77.1261,371.0,22.6,89.17,2.91,6.5,2.2058420181274414
20200913,Coimbatore,Sulur_Plains,11.0261,77.1261,371.0,22.05,88.56,2.34,4.42,11.029210090637209
20200914,Coimbatore,Sulur_Plains,11.0261,77.1261,371.0,22.8,86.05,3.05,2.48,0.0
20200915,Coimbatore,Sulur_Plains,11.0261,77.1261,371.0,23.6,88.16,3.02,2.87,0.0
20200916,Coimbatore,Sulur_Plains,11.0261,77.1261,371.0,24.04,87.49,2.72,2.13,0.864864706993103
20200917,Coimbatore,Sulur_Plains,11.0261,77.1261,371.0,23.92,89.24,2.77,4.99,0.666461169719696
20200918,Coimbatore,Sulur_Plains,11.0261,77.1261,371.0,23.86,86.89,3.38,6.11,1.0357003211975098
20200919,Coimbatore,Sulur_Plains,11.0261,77.1261,371.0,23.41,86.43,4.07,11.88,3.0150468349456787
20200920,Coimbatore,Sulur_Plains,11.0261,77.1261,371.0,23.13,88.23,4.85,13.8,1.3155598640441897
20200921,Coimbatore,Sulur_Plains,11.0261,77.1261,371.0,23.05,87.67,4.39,6.41,0.0
20200922,Coimbatore,Sulur_Plains,11.0261,77.1261,371.0,22.56,86.12,3.58,2.78,1.2709351778030396
20200923,Coimbatore,Sulur_Plains,11.0261,77.1261,371.0,23.05,88.33,2.61,1.29,0.0
20200924,Coimbatore,Sulur_Plains,11.0261,77.1261,371.0,23.39,88.62,1.78,1.15,0.0
20200925,Coimbatore,Sulur_Plains,11.0261,77.1261,371.0,23.11,88.39,1.79,4.64,1.2709351778030396
20200926,Coimbatore,Sulur_Plains,11.0261,77.1261,371.0,22.04,88.96,1.66,0.97,3.333584308624268
20200927,Coimbatore,Sulur_Plains,11.0261,77.1261,371.0,23.57,86.12,1.58,4.11,5.0003767013549805
20200928,Coimbatore,Sulur_Plains,11.0261,77.1261,371.0,23.91,86.11,1.88,1.7,5.0003767013549805
20200929,Coimbatore,Sulur_Plains,11.0261,77.1261,371.0,23.67,88.77,2.59,12.39,6.667168617248535
20200930,Coimbatore,Sulur_Plains,11.0261,77.1261,371.0,23.09,88.96,2.47,3.35,1.6667921543121338
20201001,Coimbatore,Sulur_Plains,11.0261,77.1261,371.0,22.85,88.7,2.06,0.04,0.0
20201002,Coimbatore,Sulur_Plains,11.0261,77.1261,371.0,23.25,87.01,1.92,1.16,0.0
20201003,Coimbatore,Sulur_Plains,11.0261,77.1261,371.0,23.51,86.26,2.33,1.58,0.0
20201004,Coimbatore,Sulur_Plains,11.0261,77.1261,371.0,23.74,84.79,2.13,0.03,0.0
20201005,Coimbatore,Sulur_Plains,11.0261,77.1261,371.0,23.77,83.04,1.89,0.02,0.0
20201006,Coimbatore,Sulur_Plains,11.0261,77.1261,371.0,24.73,84.61,1.63,1.59,0.0
20201007,Coimbatore,Sulur_Plains,11.0261,77.1261,371.0,24.32,88.96,1.79,4.95,3.695080995559693
20201008,Coimbatore,Sulur_Plains,11.0261,77.1261,371.0,24.59,88.14,1.03,5.77,7.390161991119385
20201009,Coimbatore,Sulur_Plains,11.0261,77.1261,371.0,23.41,93.42,1.64,17.9,11.085243225097656
20201010,Coimbatore,Sulur_Plains,11.0261,77.1261,371.0,23.04,90.43,1.78,5.31,3.695080995559693
20201011,Coimbatore,Sulur_Plains,11.0261,77.1261,371.0,22.38,88.79,2.61,4.15,0.0
20201012,Coimbatore,Sulur_Plains,11.0261,77.1261,371.0,23.06,89.51,3.17,6.03,0.0
20201013,Coimbatore,Sulur_Plains,11.0261,77.1261,371.0,23.19,88.5,3.94,3.27,0.0
20201014,Coimbatore,Sulur_Plains,11.0261,77.1261,371.0,23.36,86.86,3.54,2.1,0.0
20201015,Coimbatore,Sulur_Plains,11.0261,77.1261,371.0,23.34,87.44,2.69,1.38,0.0
20201016,Coimbatore,Sulur_Plains,11.0261,77.1261,371.0,23.73,88.85,2.18,2.27,0.0
20201017,Coimbatore,Sulur_Plains,11.0261,77.1261,371.0,23.54,87.81,1.63,2.11,6.835612773895264
20201018,Coimbatore,Sulur_Plains,11.0261,77.1261,371.0,23.55,86.32,1.41,1.82,4.557075023651123
20201019,Coimbatore,Sulur_Plains,11.0261,77.1261,371.0,23.81,87.05,1.55,6.84,0.0
20201020,Coimbatore,Sulur_Plains,11.0261,77.1261,371.0,22.95,91.59,1.8,7.71,9.114150047302246
20201021,Coimbatore,Sulur_Plains,11.0261,77.1261,371.0,23.54,88.07,2.33,2.44,10.972599029541016
20201022,Coimbatore,Sulur_Plains,11.0261,77.1261,371.0,23.69,88.52,2.34,1.91,0.0
20201023,Coimbatore,Sulur_Plains,11.0261,77.1261,371.0,23.54,87.71,2.36,0.04,0.0
20201024,Coimbatore,Sulur_Plains,11.0261,77.1261,371.0,22.75,82.04,1.77,0.02,0.0
20201025,Coimbatore,Sulur_Plains,11.0261,77.1261,371.0,22.86,83.85,1.26,57.95,5.486299514770508
20201026,Coimbatore,Sulur_Plains,11.0261,77.1261,371.0,24.39,81.66,0.65,27.2,0.8961908221244812
20201027,Coimbatore,Sulur_Plains,11.0261,77.1261,371.0,24.58,81.84,0.69,0.21,0.64311683177948
20201028,Coimbatore,Sulur_Plains,11.0261,77.1261,371.0,24.7,79.43,0.83,0.16,0.2629976570606231
20201029,Coimbatore,Sulur_Plains,11.0261,77.1261,371.0,24.4,81.6,0.75,0.74,0.2728726863861084
20201030,Coimbatore,Sulur_Plains,11.0261,77.1261,371.0,24.63,80.26,0.65,1.49,0.4446549117565155
20201031,Coimbatore,Sulur_Plains,11.0261,77.1261,371.0,24.73,78.41,0.63,0.35,0.0459490232169628
20201101,Coimbatore,Sulur_Plains,11.0261,77.1261,371.0,24.75,80.55,0.63,2.5,0.0
20201102,Coimbatore,Sulur_Plains,11.0261,77.1261,371.0,24.87,82.88,0.38,11.46,5.755362510681152
20201103,Coimbatore,Sulur_Plains,11.0261,77.1261,371.0,24.57,83.19,1.17,4.45,5.755362510681152
20201104,Coimbatore,Sulur_Plains,11.0261,77.1261,371.0,24.85,82.35,0.83,5.65,5.755362510681152
20201105,Coimbatore,Sulur_Plains,11.0261,77.1261,371.0,24.63,84.07,1.24,12.94,5.755362510681152
20201106,Coimbatore,Sulur_Plains,11.0261,77.1261,371.0,23.51,86.06,1.67,5.83,0.0
20201107,Coimbatore,Sulur_Plains,11.0261,77.1261,371.0,23.91,85.76,1.87,1.17,14.135082244873049
20201108,Coimbatore,Sulur_Plains,11.0261,77.1261,371.0,23.72,88.93,1.92,4.09,0.0
20201109,Coimbatore,Sulur_Plains,11.0261,77.1261,371.0,24.24,80.7,1.34,0.08,0.0
20201110,Coimbatore,Sulur_Plains,11.0261,77.1261,371.0,22.33,77.39,1.62,0.0,0.0
20201111,Coimbatore,Sulur_Plains,11.0261,77.1261,371.0,22.62,79.29,1.36,2.33,0.0
20201112,Coimbatore,Sulur_Plains,11.0261,77.1261,371.0,23.31,92.23,1.71,9.72,0.0
20201113,Coimbatore,Sulur_Plains,11.0261,77.1261,371.0,23.44,88.85,1.99,7.63,5.646245956420898
20201114,Coimbatore,Sulur_Plains,11.0261,77.1261,371.0,23.96,87.14,2.24,1.32,0.0
20201115,Coimbatore,Sulur_Plains,11.0261,77.1261,371.0,23.86,89.63,2.2,4.56,11.292491912841797
20201116,Coimbatore,Sulur_Plains,11.0261,77.1261,371.0,23.16,92.22,2.45,22.39,32.302093505859375
20201117,Coimbatore,Sulur_Plains,11.0261,77.1261,371.0,22.93,91.03,2.69,28.91,16.151046752929688
20201118,Coimbatore,Sulur_Plains,11.0261,77.1261,371.0,22.99,90.66,1.72,14.2,0.0
20201119,Coimbatore,Sulur_Plains,11.0261,77.1261,371.0,23.14,89.14,1.88,2.57,0.0
20201120,Coimbatore,Sulur_Plains,11.0261,77.1261,371.0,22.65,89.04,1.81,0.94,0.0
20201121,Coimbatore,Sulur_Plains,11.0261,77.1261,371.0,21.88,82.56,1.41,0.08,0.0
20201122,Coimbatore,Sulur_Plains,11.0261,77.1261,371.0,20.63,78.36,1.37,0.0,7.300293445587158
20201123,Coimbatore,Sulur_Plains,11.0261,77.1261,371.0,21.64,76.99,1.32,0.0,7.300293445587158
20201124,Coimbatore,Sulur_Plains,11.0261,77.1261,371.0,22.47,78.51,1.19,0.0,7.300293445587158
20201125,Coimbatore,Sulur_Plains,11.0261,77.1261,371.0,23.44,85.86,1.15,2.84,21.900880813598636
20201126,Coimbatore,Sulur_Plains,11.0261,77.1261,371.0,22.85,90.37,2.12,4.25,0.0
20201127,Coimbatore,Sulur_Plains,11.0261,77.1261,371.0,22.79,86.45,0.89,3.72,0.0
20201128,Coimbatore,Sulur_Plains,11.0261,77.1261,371.0,21.88,91.32,1.64,3.05,0.0
20201129,Coimbatore,Sulur_Plains,11.0261,77.1261,371.0,22.66,89.2,1.84,1.86,0.0
20201130,Coimbatore,Sulur_Plains,11.0261,77.1261,371.0,22.79,86.84,1.99,0.31,0.0
20201201,Coimbatore,Sulur_Plains,11.0261,77.1261,371.0,21.66,80.46,1.9,0.0,4.815203666687012
20201202,Coimbatore,Sulur_Plains,11.0261,77.1261,371.0,22.79,80.9,1.45,2.11,9.630407333374023
20201203,Coimbatore,Sulur_Plains,11.0261,77.1261,371.0,22.13,91.08,1.44,8.69,33.706424713134766
20201204,Coimbatore,Sulur_Plains,11.0261,77.1261,371.0,22.27,91.14,2.63,7.61,4.815203666687012
20201205,Coimbatore,Sulur_Plains,11.0261,77.1261,371.0,22.07,90.1,1.99,2.46,0.0
20201206,Coimbatore,Sulur_Plains,11.0261,77.1261,371.0,22.82,89.71,2.13,16.09,0.0
20201207,Coimbatore,Sulur_Plains,11.0261,77.1261,371.0,22.7,91.99,2.4,7.64,0.0
20201208,Coimbatore,Sulur_Plains,11.0261,77.1261,371.0,22.92,90.95,2.41,7.75,0.0
20201209,Coimbatore,Sulur_Plains,11.0261,77.1261,371.0,22.81,88.64,1.86,1.43,0.0
20201210,Coimbatore,Sulur_Plains,11.0261,77.1261,371.0,21.76,86.41,1.83,0.78,0.0
20201211,Coimbatore,Sulur_Plains,11.0261,77.1261,371.0,21.27,84.01,1.54,0.3,0.0
20201212,Coimbatore,Sulur_Plains,11.0261,77.1261,371.0,20.78,82.28,1.4,0.18,0.0
20201213,Coimbatore,Sulur_Plains,11.0261,77.1261,371.0,20.64,83.52,1.4,0.01,0.0
20201214,Coimbatore,Sulur_Plains,11.0261,77.1261,371.0,20.19,82.08,1.49,0.0,0.0
20201215,Coimbatore,Sulur_Plains,11.0261,77.1261,371.0,20.54,82.87,1.69,0.17,0.0
20201216,Coimbatore,Sulur_Plains,11.0261,77.1261,371.0,21.93,87.06,1.63,2.96,0.0
20201217,Coimbatore,Sulur_Plains,11.0261,77.1261,371.0,22.04,90.48,2.13,2.3,0.0
20201218,Coimbatore,Sulur_Plains,11.0261,77.1261,371.0,22.03,85.93,2.1,1.04,0.0
20201219,Coimbatore,Sulur_Plains,11.0261,77.1261,371.0,21.39,85.39,2.49,0.07,0.0
20201220,Coimbatore,Sulur_Plains,11.0261,77.1261,371.0,21.17,83.99,2.35,0.0,0.0
20201221,Coimbatore,Sulur_Plains,11.0261,77.1261,371.0,19.88,83.6,2.3,0.0,0.0
20201222,Coimbatore,Sulur_Plains,11.0261,77.1261,371.0,20.63,83.21,1.8,0.0,0.0
20201223,Coimbatore,Sulur_Plains,11.0261,77.1261,371.0,21.72,84.61,1.47,0.0,0.0
20201224,Coimbatore,Sulur_Plains,11.0261,77.1261,371.0,22.39,83.6,1.88,0.0,0.0
20201225,Coimbatore,Sulur_Plains,11.0261,77.1261,371.0,21.51,82.47,1.89,0.0,0.0
20201226,Coimbatore,Sulur_Plains,11.0261,77.1261,371.0,20.94,80.38,1.91,0.0,0.0
20201227,Coimbatore,Sulur_Plains,11.0261,77.1261,371.0,20.64,76.98,1.53,0.0,0.0
20201228,Coimbatore,Sulur_Plains,11.0261,77.1261,371.0,21.15,76.25,1.39,0.0,0.0
20201229,Coimbatore,Sulur_Plains,11.0261,77.1261,371.0,21.75,79.55,1.67,0.4,0.0
20201230,Coimbatore,Sulur_Plains,11.0261,77.1261,371.0,23.0,85.16,2.25,2.12,0.0
20201231,Coimbatore,Sulur_Plains,11.0261,77.1261,371.0,22.89,87.26,2.97,6.61,0.0
20210101,Coimbatore,Sulur_Plains,11.0261,77.1261,371.0,21.32,80.97,2.64,0.64,0.0
20210102,Coimbatore,Sulur_Plains,11.0261,77.1261,371.0,21.63,83.43,2.16,0.24,0.0
20210103,Coimbatore,Sulur_Plains,11.0261,77.1261,371.0,22.48,87.1,2.17,4.41,0.0
20210104,Coimbatore,Sulur_Plains,11.0261,77.1261,371.0,22.58,87.94,2.55,4.9,0.0
20210105,Coimbatore,Sulur_Plains,11.0261,77.1261,371.0,22.47,87.51,1.96,1.96,0.0
20210106,Coimbatore,Sulur_Plains,11.0261,77.1261,371.0,22.19,88.3,1.08,16.35,4.605338096618652
20210107,Coimbatore,Sulur_Plains,11.0261,77.1261,371.0,22.44,91.95,1.6,29.69,3.070225477218628
20210108,Coimbatore,Sulur_Plains,11.0261,77.1261,371.0,23.22,90.9,1.24,11.12,0.0
20210109,Coimbatore,Sulur_Plains,11.0261,77.1261,371.0,23.1,90.56,2.01,8.05,0.0
20210110,Coimbatore,Sulur_Plains,11.0261,77.1261,371.0,22.1,90.42,1.54,1.39,4.605338096618652
20210111,Coimbatore,Sulur_Plains,11.0261,77.1261,371.0,22.07,89.84,1.86,2.58,1.4318039417266846
20210112,Coimbatore,Sulur_Plains,11.0261,77.1261,371.0,21.4,91.82,2.69,8.22,0.4772679805755615
20210113,Coimbatore,Sulur_Plains,11.0261,77.1261,371.0,21.54,91.03,2.99,12.69,0.4772679805755615
20210114,Coimbatore,Sulur_Plains,11.0261,77.1261,371.0,22.01,89.79,2.66,7.45,0.0
20210115,Coimbatore,Sulur_Plains,11.0261,77.1261,371.0,21.85,89.89,2.25,2.93,0.0
20210116,Coimbatore,Sulur_Plains,11.0261,77.1261,371.0,22.43,88.45,2.05,0.57,0.0
20210117,Coimbatore,Sulur_Plains,11.0261,77.1261,371.0,21.67,83.91,1.83,0.07,0.0
20210118,Coimbatore,Sulur_Plains,11.0261,77.1261,371.0,20.66,82.29,1.98,0.0,0.0
20210119,Coimbatore,Sulur_Plains,11.0261,77.1261,371.0,20.82,81.23,1.61,0.0,0.0
20210120,Coimbatore,Sulur_Plains,11.0261,77.1261,371.0,22.01,81.2,1.14,0.0,0.0
20210121,Coimbatore,Sulur_Plains,11.0261,77.1261,371.0,22.99,86.42,1.12,0.23,0.0
20210122,Coimbatore,Sulur_Plains,11.0261,77.1261,371.0,23.27,86.45,1.41,1.92,0.0
20210123,Coimbatore,Sulur_Plains,11.0261,77.1261,371.0,22.82,84.81,1.59,0.91,0.0
20210124,Coimbatore,Sulur_Plains,11.0261,77.1261,371.0,22.38,81.74,1.55,0.0,0.0
20210125,Coimbatore,Sulur_Plains,11.0261,77.1261,371.0,21.12,81.88,1.85,0.0,0.0
20210126,Coimbatore,Sulur_Plains,11.0261,77.1261,371.0,20.76,78.42,1.77,0.0,0.0
20210127,Coimbatore,Sulur_Plains,11.0261,77.1261,371.0,20.04,75.01,1.68,0.0,0.0
20210128,Coimbatore,Sulur_Plains,11.0261,77.1261,371.0,20.55,78.43,1.85,0.0,0.0
20210129,Coimbatore,Sulur_Plains,11.0261,77.1261,371.0,21.82,80.42,1.66,0.0,0.0
20210130,Coimbatore,Sulur_Plains,11.0261,77.1261,371.0,22.73,77.76,1.68,0.04,0.0
20210131,Coimbatore,Sulur_Plains,11.0261,77.1261,371.0,22.0,76.29,1.88,0.2,0.0
20210201,Coimbatore,Sulur_Plains,11.0261,77.1261,371.0,21.66,73.59,2.0,0.18,0.0
20210202,Coimbatore,Sulur_Plains,11.0261,77.1261,371.0,21.74,73.77,2.08,0.0,0.0
20210203,Coimbatore,Sulur_Plains,11.0261,77.1261,371.0,22.19,78.37,2.21,0.06,0.0
20210204,Coimbatore,Sulur_Plains,11.0261,77.1261,371.0,22.15,71.92,2.01,0.03,0.0
20210205,Coimbatore,Sulur_Plains,11.0261,77.1261,371.0,22.13,72.1,1.72,0.0,0.0
20210206,Coimbatore,Sulur_Plains,11.0261,77.1261,371.0,21.73,71.03,1.94,0.0,0.0
20210207,Coimbatore,Sulur_Plains,11.0261,77.1261,371.0,21.22,63.57,1.93,0.0,0.0
20210208,Coimbatore,Sulur_Plains,11.0261,77.1261,371.0,21.04,65.31,2.15,0.0,0.0
20210209,Coimbatore,Sulur_Plains,11.0261,77.1261,371.0,21.17,68.04,2.11,0.0,0.0
20210210,Coimbatore,Sulur_Plains,11.0261,77.1261,371.0,20.56,64.79,1.94,0.0,0.0
20210211,Coimbatore,Sulur_Plains,11.0261,77.1261,371.0,20.56,65.93,1.79,0.0,0.0
20210212,Coimbatore,Sulur_Plains,11.0261,77.1261,371.0,20.77,67.47,1.83,0.0,0.0
20210213,Coimbatore,Sulur_Plains,11.0261,77.1261,371.0,21.61,67.7,1.52,0.0,0.0
20210214,Coimbatore,Sulur_Plains,11.0261,77.1261,371.0,22.84,64.36,1.2,0.0,0.0
20210215,Coimbatore,Sulur_Plains,11.0261,77.1261,371.0,23.76,65.38,0.97,0.0,2.807269096374512
20210216,Coimbatore,Sulur_Plains,11.0261,77.1261,371.0,24.45,70.15,1.02,0.0,0.0
20210217,Coimbatore,Sulur_Plains,11.0261,77.1261,371.0,24.57,70.19,1.39,0.0,0.0
20210218,Coimbatore,Sulur_Plains,11.0261,77.1261,371.0,23.33,72.82,1.88,0.17,0.0
20210219,Coimbatore,Sulur_Plains,11.0261,77.1261,371.0,23.99,67.54,1.4,0.91,0.0
20210220,Coimbatore,Sulur_Plains,11.0261,77.1261,371.0,24.14,76.78,1.82,7.26,2.5537946224212646
20210221,Coimbatore,Sulur_Plains,11.0261,77.1261,371.0,24.06,79.01,1.64,7.63,0.0
20210222,Coimbatore,Sulur_Plains,11.0261,77.1261,371.0,24.17,73.25,2.09,3.74,0.0
20210223,Coimbatore,Sulur_Plains,11.0261,77.1261,371.0,24.6,70.71,1.77,0.99,0.0
20210224,Coimbatore,Sulur_Plains,11.0261,77.1261,371.0,24.5,65.25,1.63,0.0,0.0
20210225,Coimbatore,Sulur_Plains,11.0261,77.1261,371.0,25.23,63.67,1.28,0.0,0.0
20210226,Coimbatore,Sulur_Plains,11.0261,77.1261,371.0,26.53,59.94,1.05,0.0,0.0
20210227,Coimbatore,Sulur_Plains,11.0261,77.1261,371.0,26.91,57.78,1.03,0.0,0.0
20210228,Coimbatore,Sulur_Plains,11.0261,77.1261,371.0,25.22,55.18,1.74,0.0,0.0
20210301,Coimbatore,Sulur_Plains,11.0261,77.1261,371.0,24.52,57.61,1.52,0.0,0.0
20210302,Coimbatore,Sulur_Plains,11.0261,77.1261,371.0,24.73,56.91,1.86,0.0,0.0
20210303,Coimbatore,Sulur_Plains,11.0261,77.1261,371.0,24.02,59.06,2.3,0.0,0.0
20210304,Coimbatore,Sulur_Plains,11.0261,77.1261,371.0,23.4,62.05,2.05,0.0,0.0
20210305,Coimbatore,Sulur_Plains,11.0261,77.1261,371.0,24.4,57.57,1.61,0.0,0.0
20210306,Coimbatore,Sulur_Plains,11.0261,77.1261,371.0,25.59,57.43,1.32,0.0,0.0
20210307,Coimbatore,Sulur_Plains,11.0261,77.1261,371.0,25.87,55.7,1.54,0.0,0.0
20210308,Coimbatore,Sulur_Plains,11.0261,77.1261,371.0,26.07,59.69,1.62,0.0,0.0
20210309,Coimbatore,Sulur_Plains,11.0261,77.1261,371.0,26.28,62.21,1.95,0.06,0.0
20210310,Coimbatore,Sulur_Plains,11.0261,77.1261,371.0,26.38,63.61,1.74,5.86,12.039159774780272
20210311,Coimbatore,Sulur_Plains,11.0261,77.1261,371.0,24.61,77.26,1.43,13.84,0.0
20210312,Coimbatore,Sulur_Plains,11.0261,77.1261,371.0,25.16,66.72,1.78,2.28,0.0
20210313,Coimbatore,Sulur_Plains,11.0261,77.1261,371.0,24.95,61.68,1.85,0.0,0.0
20210314,Coimbatore,Sulur_Plains,11.0261,77.1261,371.0,25.66,62.32,1.89,0.0,0.0
20210315,Coimbatore,Sulur_Plains,11.0261,77.1261,371.0,25.93,60.03,1.64,0.0,0.0
20210316,Coimbatore,Sulur_Plains,11.0261,77.1261,371.0,26.24,57.2,1.36,0.0,0.0
20210317,Coimbatore,Sulur_Plains,11.0261,77.1261,371.0,25.89,55.9,1.83,0.0,0.0
20210318,Coimbatore,Sulur_Plains,11.0261,77.1261,371.0,25.94,55.55,1.95,0.0,0.0
20210319,Coimbatore,Sulur_Plains,11.0261,77.1261,371.0,24.74,53.96,1.62,0.02,0.0
20210320,Coimbatore,Sulur_Plains,11.0261,77.1261,371.0,26.48,55.76,1.06,0.09,3.092692375183105
20210321,Coimbatore,Sulur_Plains,11.0261,77.1261,371.0,26.79,56.23,1.42,2.95,11.21869659423828
20210322,Coimbatore,Sulur_Plains,11.0261,77.1261,371.0,26.22,57.65,1.51,1.56,0.0
20210323,Coimbatore,Sulur_Plains,11.0261,77.1261,371.0,26.89,56.88,1.72,0.08,0.0
20210324,Coimbatore,Sulur_Plains,11.0261,77.1261,371.0,27.48,58.29,1.52,0.07,0.0
20210325,Coimbatore,Sulur_Plains,11.0261,77.1261,371.0,26.5,63.71,1.15,2.45,0.0
20210326,Coimbatore,Sulur_Plains,11.0261,77.1261,371.0,27.15,58.12,2.07,0.05,0.0
20210327,Coimbatore,Sulur_Plains,11.0261,77.1261,371.0,27.86,58.52,1.64,0.02,0.0
20210328,Coimbatore,Sulur_Plains,11.0261,77.1261,371.0,27.72,61.21,1.1,0.74,0.0
20210329,Coimbatore,Sulur_Plains,11.0261,77.1261,371.0,27.87,62.71,1.5,0.6,0.0
20210330,Coimbatore,Sulur_Plains,11.0261,77.1261,371.0,28.58,63.82,1.67,0.93,0.0
20210331,Coimbatore,Sulur_Plains,11.0261,77.1261,371.0,29.08,64.7,2.43,0.22,0.0
20210401,Coimbatore,Sulur_Plains,11.0261,77.1261,371.0,29.14,63.28,2.24,0.51,1.160284399986267
20210402,Coimbatore,Sulur_Plains,11.0261,77.1261,371.0,28.18,61.7,2.36,0.07,0.0
20210403,Coimbatore,Sulur_Plains,11.0261,77.1261,371.0,27.79,61.13,2.78,0.13,0.0
20210404,Coimbatore,Sulur_Plains,11.0261,77.1261,371.0,29.07,55.91,1.87,1.1,0.0
20210405,Coimbatore,Sulur_Plains,11.0261,77.1261,371.0,30.13,54.42,1.24,0.67,0.0
20210406,Coimbatore,Sulur_Plains,11.0261,77.1261,371.0,30.01,51.52,1.6,0.45,0.0
20210407,Coimbatore,Sulur_Plains,11.0261,77.1261,371.0,29.64,45.8,1.8,0.12,0.0
20210408,Coimbatore,Sulur_Plains,11.0261,77.1261,371.0,29.04,46.66,1.32,0.14,0.0
20210409,Coimbatore,Sulur_Plains,11.0261,77.1261,371.0,29.1,46.05,1.75,0.01,0.0
20210410,Coimbatore,Sulur_Plains,11.0261,77.1261,371.0,28.93,48.93,1.79,0.03,0.0
20210411,Coimbatore,Sulur_Plains,11.0261,77.1261,371.0,29.42,52.81,1.13,0.6,0.0
20210412,Coimbatore,Sulur_Plains,11.0261,77.1261,371.0,28.24,63.46,1.3,5.52,4.401779651641846
20210413,Coimbatore,Sulur_Plains,11.0261,77.1261,371.0,26.97,69.66,1.13,2.83,2.9345200061798096
20210414,Coimbatore,Sulur_Plains,11.0261,77.1261,371.0,26.86,72.53,0.58,9.58,5.869040012359619
20210415,Coimbatore,Sulur_Plains,11.0261,77.1261,371.0,25.78,79.12,1.18,10.67,2.9345200061798096
20210416,Coimbatore,Sulur_Plains,11.0261,77.1261,371.0,25.04,81.47,1.09,3.51,1.3358051776885986
20210417,Coimbatore,Sulur_Plains,11.0261,77.1261,371.0,25.85,77.75,0.75,1.1,1.3358051776885986
20210418,Coimbatore,Sulur_Plains,11.0261,77.1261,371.0,26.12,76.69,0.99,0.87,0.0
20210419,Coimbatore,Sulur_Plains,11.0261,77.1261,371.0,25.87,78.22,1.33,2.74,2.6716103553771973
20210420,Coimbatore,Sulur_Plains,11.0261,77.1261,371.0,24.72,85.66,0.95,2.58,2.6716103553771973
20210421,Coimbatore,Sulur_Plains,11.0261,77.1261,371.0,26.2,77.53,0.98,2.32,0.0
20210422,Coimbatore,Sulur_Plains,11.0261,77.1261,371.0,27.12,72.49,1.2,0.25,0.0
20210423,Coimbatore,Sulur_Plains,11.0261,77.1261,371.0,27.12,72.61,0.86,4.25,0.0
20210424,Coimbatore,Sulur_Plains,11.0261,77.1261,371.0,27.49,71.43,0.6,3.46,9.66586971282959
20210425,Coimbatore,Sulur_Plains,11.0261,77.1261,371.0,27.12,73.18,0.94,3.11,3.221956253051758
20210426,Coimbatore,Sulur_Plains,11.0261,77.1261,371.0,26.76,73.91,0.48,0.77,0.0
20210427,Coimbatore,Sulur_Plains,11.0261,77.1261,371.0,26.35,74.09,0.59,0.12,2.402064085006714
20210428,Coimbatore,Sulur_Plains,11.0261,77.1261,371.0,27.8,67.78,0.95,0.05,0.0
20210429,Coimbatore,Sulur_Plains,11.0261,77.1261,371.0,27.38,72.68,1.1,0.21,0.0
20210430,Coimbatore,Sulur_Plains,11.0261,77.1261,371.0,27.37,72.75,0.83,1.35,0.0
20210501,Coimbatore,Sulur_Plains,11.0261,77.1261,371.0,27.57,71.88,1.19,1.35,0.0
20210502,Coimbatore,Sulur_Plains,11.0261,77.1261,371.0,27.12,72.76,1.0,3.51,2.3661463260650635
20210503,Coimbatore,Sulur_Plains,11.0261,77.1261,371.0,26.84,75.23,1.27,7.78,2.3661463260650635
20210504,Coimbatore,Sulur_Plains,11.0261,77.1261,371.0,27.16,73.01,0.87,5.21,4.732292652130127
20210505,Coimbatore,Sulur_Plains,11.0261,77.1261,371.0,27.77,69.77,1.17,1.31,0.0
20210506,Coimbatore,Sulur_Plains,11.0261,77.1261,371.0,28.57,68.08,1.31,2.79,0.0
20210507,Coimbatore,Sulur_Plains,11.0261,77.1261,371.0,28.04,71.56,1.26,11.08,1.9800928831100464
20210508,Coimbatore,Sulur_Plains,11.0261,77.1261,371.0,26.6,75.4,1.5,1.05,0.0
20210509,Coimbatore,Sulur_Plains,11.0261,77.1261,371.0,27.96,72.3,1.0,0.77,0.0
20210510,Coimbatore,Sulur_Plains,11.0261,77.1261,371.0,26.75,81.17,1.24,1.78,3.9601857662200928
20210511,Coimbatore,Sulur_Plains,11.0261,77.1261,371.0,26.7,78.57,1.57,2.72,0.0
20210512,Coimbatore,Sulur_Plains,11.0261,77.1261,371.0,26.53,80.67,1.64,3.15,5.121658802032471
20210513,Coimbatore,Sulur_Plains,11.0261,77.1261,371.0,26.86,77.64,2.28,12.32,15.36497688293457
20210514,Coimbatore,Sulur_Plains,11.0261,77.1261,371.0,25.48,80.54,2.59,22.13,0.0
20210515,Coimbatore,Sulur_Plains,11.0261,77.1261,371.0,24.38,90.13,2.84,17.55,20.486635208129883
20210516,Coimbatore,Sulur_Plains,11.0261,77.1261,371.0,24.91,85.21,2.99,10.41,0.0
20210517,Coimbatore,Sulur_Plains,11.0261,77.1261,371.0,25.18,84.21,2.17,6.99,0.0
20210518,Coimbatore,Sulur_Plains,11.0261,77.1261,371.0,25.03,87.54,2.0,3.92,0.0
20210519,Coimbatore,Sulur_Plains,11.0261,77.1261,371.0,25.24,88.23,2.1,26.16,20.3197078704834
20210520,Coimbatore,Sulur_Plains,11.0261,77.1261,371.0,24.31,88.7,1.84,17.71,13.54647159576416
20210521,Coimbatore,Sulur_Plains,11.0261,77.1261,371.0,23.44,86.97,1.78,0.4,5.189859390258789
20210522,Coimbatore,Sulur_Plains,11.0261,77.1261,371.0,24.14,86.29,2.4,4.06,0.0
20210523,Coimbatore,Sulur_Plains,11.0261,77.1261,371.0,24.98,82.68,2.57,2.67,0.0
20210524,Coimbatore,Sulur_Plains,11.0261,77.1261,371.0,24.48,86.57,2.06,0.26,0.0
20210525,Coimbatore,Sulur_Plains,11.0261,77.1261,371.0,24.44,83.1,3.33,7.11,5.189859390258789
20210526,Coimbatore,Sulur_Plains,11.0261,77.1261,371.0,23.36,85.24,3.5,7.94,0.0
20210527,Coimbatore,Sulur_Plains,11.0261,77.1261,371.0,24.52,83.71,3.06,0.92,0.0
20210528,Coimbatore,Sulur_Plains,11.0261,77.1261,371.0,25.11,82.49,2.54,0.42,0.0
20210529,Coimbatore,Sulur_Plains,11.0261,77.1261,371.0,24.65,82.86,2.41,1.38,0.0
20210530,Coimbatore,Sulur_Plains,11.0261,77.1261,371.0,24.21,82.32,2.75,1.13,0.0
20210531,Coimbatore,Sulur_Plains,11.0261,77.1261,371.0,24.85,82.81,2.88,4.17,0.0
20210601,Coimbatore,Sulur_Plains,11.0261,77.1261,371.0,25.14,83.64,2.73,1.87,0.0
20210602,Coimbatore,Sulur_Plains,11.0261,77.1261,371.0,25.94,81.96,2.18,1.7,2.3083531856536865
20210603,Coimbatore,Sulur_Plains,11.0261,77.1261,371.0,24.89,90.99,1.31,9.2,2.3083531856536865
20210604,Coimbatore,Sulur_Plains,11.0261,77.1261,371.0,25.01,88.89,1.57,8.16,6.9250593185424805
20210605,Coimbatore,Sulur_Plains,11.0261,77.1261,371.0,24.16,84.15,1.86,9.57,4.616706371307373
20210606,Coimbatore,Sulur_Plains,11.0261,77.1261,371.0,24.48,84.08,1.92,4.07,0.0
20210607,Coimbatore,Sulur_Plains,11.0261,77.1261,371.0,25.19,81.44,1.98,0.46,0.0
20210608,Coimbatore,Sulur_Plains,11.0261,77.1261,371.0,25.14,81.9,2.35,4.36,2.8929247856140137
20210609,Coimbatore,Sulur_Plains,11.0261,77.1261,371.0,24.73,85.09,2.53,2.34,0.0
20210610,Coimbatore,Sulur_Plains,11.0261,77.1261,371.0,24.98,82.98,2.83,1.13,0.0
20210611,Coimbatore,Sulur_Plains,11.0261,77.1261,371.0,24.53,84.66,2.67,1.55,0.0
20210612,Coimbatore,Sulur_Plains,11.0261,77.1261,371.0,24.44,83.94,3.44,5.29,2.448850631713867
20210613,Coimbatore,Sulur_Plains,11.0261,77.1261,371.0,24.0,83.18,3.71,10.67,0.0
20210614,Coimbatore,Sulur_Plains,11.0261,77.1261,371.0,23.08,81.01,4.24,3.78,0.0
20210615,Coimbatore,Sulur_Plains,11.0261,77.1261,371.0,24.3,84.83,3.94,8.89,0.0
20210616,Coimbatore,Sulur_Plains,11.0261,77.1261,371.0,24.86,85.67,3.93,9.88,0.0
20210617,Coimbatore,Sulur_Plains,11.0261,77.1261,371.0,24.25,87.18,3.78,6.32,0.0
20210618,Coimbatore,Sulur_Plains,11.0261,77.1261,371.0,23.88,86.55,3.46,2.41,1.5249398946762085
20210619,Coimbatore,Sulur_Plains,11.0261,77.1261,371.0,23.97,85.39,3.09,1.02,0.7624699473381042
20210620,Coimbatore,Sulur_Plains,11.0261,77.1261,371.0,24.48,85.92,2.44,1.41,0.0
20210621,Coimbatore,Sulur_Plains,11.0261,77.1261,371.0,24.56,86.1,2.04,2.45,0.0
20210622,Coimbatore,Sulur_Plains,11.0261,77.1261,371.0,24.21,86.04,1.89,2.58,1.804520845413208
20210623,Coimbatore,Sulur_Plains,11.0261,77.1261,371.0,24.78,85.87,1.66,3.34,1.804520845413208
20210624,Coimbatore,Sulur_Plains,11.0261,77.1261,371.0,24.41,84.36,2.3,0.74,0.0
20210625,Coimbatore,Sulur_Plains,11.0261,77.1261,371.0,24.48,82.01,2.15,0.15,0.0
20210626,Coimbatore,Sulur_Plains,11.0261,77.1261,371.0,24.07,85.24,2.46,3.78,0.0
20210627,Coimbatore,Sulur_Plains,11.0261,77.1261,371.0,24.02,77.6,2.12,5.63,0.0
20210628,Coimbatore,Sulur_Plains,11.0261,77.1261,371.0,23.23,82.23,1.87,1.95,0.0
20210629,Coimbatore,Sulur_Plains,11.0261,77.1261,371.0,24.36,83.72,1.69,6.99,1.6095259189605713
20210630,Coimbatore,Sulur_Plains,11.0261,77.1261,371.0,25.29,82.85,1.85,1.38,0.0
20210701,Coimbatore,Sulur_Plains,11.0261,77.1261,371.0,25.1,86.92,1.86,9.29,2.5896170139312744
20210702,Coimbatore,Sulur_Plains,11.0261,77.1261,371.0,24.65,86.56,2.15,3.53,0.0
20210703,Coimbatore,Sulur_Plains,11.0261,77.1261,371.0,24.15,87.99,1.89,2.52,0.0
20210704,Coimbatore,Sulur_Plains,11.0261,77.1261,371.0,23.88,85.2,1.12,19.76,2.5896170139312744
20210705,Coimbatore,Sulur_Plains,11.0261,77.1261,371.0,24.28,83.86,1.86,2.51,0.0
20210706,Coimbatore,Sulur_Plains,11.0261,77.1261,371.0,24.6,85.84,1.44,4.39,0.0
20210707,Coimbatore,Sulur_Plains,11.0261,77.1261,371.0,24.83,84.79,2.04,6.0,0.4485556483268738
20210708,Coimbatore,Sulur_Plains,11.0261,77.1261,371.0,24.78,85.94,2.19,3.79,0.8971112966537476
20210709,Coimbatore,Sulur_Plains,11.0261,77.1261,371.0,23.62,89.52,3.34,6.08,0.8971112966537476
20210710,Coimbatore,Sulur_Plains,11.0261,77.1261,371.0,23.11,84.78,4.91,10.24,0.4485556483268738
20210711,Coimbatore,Sulur_Plains,11.0261,77.1261,371.0,23.22,83.38,4.33,2.47,0.5661662817001343
20210712,Coimbatore,Sulur_Plains,11.0261,77.1261,371.0,23.46,86.69,4.15,4.1,0.0
20210713,Coimbatore,Sulur_Plains,11.0261,77.1261,371.0,23.77,85.05,4.47,5.39,0.0
20210714,Coimbatore,Sulur_Plains,11.0261,77.1261,371.0,23.57,84.15,3.92,12.54,0.5661662817001343
20210715,Coimbatore,Sulur_Plains,11.0261,77.1261,371.0,23.76,84.66,3.69,7.99,1.6984988451004028
20210716,Coimbatore,Sulur_Plains,11.0261,77.1261,371.0,24.12,85.86,3.21,12.61,0.5453452467918396
20210717,Coimbatore,Sulur_Plains,11.0261,77.1261,371.0,23.99,86.64,2.55,5.62,1.6360357999801636
20210718,Coimbatore,Sulur_Plains,11.0261,77.1261,371.0,23.79,88.45,3.11,6.13,1.0906904935836792
20210719,Coimbatore,Sulur_Plains,11.0261,77.1261,371.0,23.6,88.33,3.24,1.69,0.0
20210720,Coimbatore,Sulur_Plains,11.0261,77.1261,371.0,24.2,85.16,3.74,2.58,0.5453452467918396
20210721,Coimbatore,Sulur_Plains,11.0261,77.1261,371.0,23.92,86.07,3.74,7.18,0.0
20210722,Coimbatore,Sulur_Plains,11.0261,77.1261,371.0,23.73,87.22,4.84,14.7,0.0
20210723,Coimbatore,Sulur_Plains,11.0261,77.1261,371.0,23.79,87.27,4.89,12.68,0.0
20210724,Coimbatore,Sulur_Plains,11.0261,77.1261,371.0,23.74,87.87,3.84,6.55,0.0
20210725,Coimbatore,Sulur_Plains,11.0261,77.1261,371.0,23.35,85.89,3.54,4.32,0.0
20210726,Coimbatore,Sulur_Plains,11.0261,77.1261,371.0,24.17,85.65,3.06,5.01,0.0
20210727,Coimbatore,Sulur_Plains,11.0261,77.1261,371.0,23.95,87.06,3.09,3.39,0.0
20210728,Coimbatore,Sulur_Plains,11.0261,77.1261,371.0,23.99,85.74,3.06,2.52,0.0
20210729,Coimbatore,Sulur_Plains,11.0261,77.1261,371.0,24.04,86.18,3.01,1.4,0.0
20210730,Coimbatore,Sulur_Plains,11.0261,77.1261,371.0,23.86,86.29,2.94,1.18,0.0
20210731,Coimbatore,Sulur_Plains,11.0261,77.1261,371.0,24.16,85.61,2.84,0.98,0.0
20210801,Coimbatore,Sulur_Plains,11.0261,77.1261,371.0,24.16,84.46,2.81,0.42,0.0
20210802,Coimbatore,Sulur_Plains,11.0261,77.1261,371.0,23.79,84.81,3.16,1.96,0.0
20210803,Coimbatore,Sulur_Plains,11.0261,77.1261,371.0,23.72,85.24,3.0,1.47,0.0
20210804,Coimbatore,Sulur_Plains,11.0261,77.1261,371.0,23.87,86.13,3.33,1.57,0.0
20210805,Coimbatore,Sulur_Plains,11.0261,77.1261,371.0,23.98,85.19,3.36,4.55,0.0
20210806,Coimbatore,Sulur_Plains,11.0261,77.1261,371.0,24.58,85.82,3.51,5.29,0.0
20210807,Coimbatore,Sulur_Plains,11.0261,77.1261,371.0,24.37,87.11,3.18,9.31,3.3192596435546875
20210808,Coimbatore,Sulur_Plains,11.0261,77.1261,371.0,23.94,86.91,2.53,3.85,3.3192596435546875
20210809,Coimbatore,Sulur_Plains,11.0261,77.1261,371.0,23.59,85.35,2.52,4.13,0.0
20210810,Coimbatore,Sulur_Plains,11.0261,77.1261,371.0,22.52,87.27,2.75,1.76,0.0
20210811,Coimbatore,Sulur_Plains,11.0261,77.1261,371.0,23.35,85.68,2.82,3.64,1.883470177650452
20210812,Coimbatore,Sulur_Plains,11.0261,77.1261,371.0,23.23,85.2,2.94,2.1,1.883470177650452
20210813,Coimbatore,Sulur_Plains,11.0261,77.1261,371.0,23.87,85.37,2.43,8.34,1.883470177650452
20210814,Coimbatore,Sulur_Plains,11.0261,77.1261,371.0,23.86,85.67,2.68,2.29,3.7669403553009033
20210815,Coimbatore,Sulur_Plains,11.0261,77.1261,371.0,23.8,85.23,2.78,0.44,0.0
20210816,Coimbatore,Sulur_Plains,11.0261,77.1261,371.0,23.9,82.81,2.79,0.28,0.0
20210817,Coimbatore,Sulur_Plains,11.0261,77.1261,371.0,23.56,85.39,2.65,4.39,8.159531593322754
20210818,Coimbatore,Sulur_Plains,11.0261,77.1261,371.0,22.65,84.83,2.84,7.17,5.439687252044678
20210819,Coimbatore,Sulur_Plains,11.0261,77.1261,371.0,22.87,81.58,3.02,1.97,0.0
20210820,Coimbatore,Sulur_Plains,11.0261,77.1261,371.0,24.1,79.51,1.83,1.16,0.0
20210821,Coimbatore,Sulur_Plains,11.0261,77.1261,371.0,24.48,78.81,1.08,6.31,7.724216461181641
20210822,Coimbatore,Sulur_Plains,11.0261,77.1261,371.0,24.28,81.39,0.91,10.38,1.9310541152954104
20210823,Coimbatore,Sulur_Plains,11.0261,77.1261,371.0,23.6,84.72,1.55,13.48,5.793162345886231
20210824,Coimbatore,Sulur_Plains,11.0261,77.1261,371.0,24.03,83.63,2.01,1.7,0.0
20210825,Coimbatore,Sulur_Plains,11.0261,77.1261,371.0,24.27,84.27,2.19,4.95,0.0
20210826,Coimbatore,Sulur_Plains,11.0261,77.1261,371.0,24.12,89.4,2.4,10.64,2.9268295764923096
20210827,Coimbatore,Sulur_Plains,11.0261,77.1261,371.0,23.93,90.47,2.67,10.5,5.853659152984619
20210828,Coimbatore,Sulur_Plains,11.0261,77.1261,371.0,23.6,89.03,2.62,10.27,8.780489921569824
20210829,Coimbatore,Sulur_Plains,11.0261,77.1261,371.0,23.44,88.46,3.23,7.14,2.9268295764923096
20210830,Coimbatore,Sulur_Plains,11.0261,77.1261,371.0,23.42,86.86,2.76,3.34,0.0
20210831,Coimbatore,Sulur_Plains,11.0261,77.1261,371.0,24.42,84.66,2.28,0.65,0.0
20210901,Coimbatore,Sulur_Plains,11.0261,77.1261,371.0,23.99,86.17,1.88,1.23,3.659367561340332
20210902,Coimbatore,Sulur_Plains,11.0261,77.1261,371.0,23.19,89.11,1.79,14.57,7.318735122680664
20210903,Coimbatore,Sulur_Plains,11.0261,77.1261,371.0,23.88,83.7,1.93,10.0,0.0
20210904,Coimbatore,Sulur_Plains,11.0261,77.1261,371.0,23.75,87.06,2.63,3.42,0.0
20210905,Coimbatore,Sulur_Plains,11.0261,77.1261,371.0,23.89,82.7,3.29,6.38,5.48905086517334
20210906,Coimbatore,Sulur_Plains,11.0261,77.1261,371.0,22.85,86.2,3.41,6.95,0.0
20210907,Coimbatore,Sulur_Plains,11.0261,77.1261,371.0,23.57,86.55,3.11,5.93,0.0
20210908,Coimbatore,Sulur_Plains,11.0261,77.1261,371.0,23.75,87.26,3.19,6.91,0.0
20210909,Coimbatore,Sulur_Plains,11.0261,77.1261,371.0,24.06,85.82,2.3,1.02,0.0
20210910,Coimbatore,Sulur_Plains,11.0261,77.1261,371.0,23.94,85.89,2.36,0.26,0.0
20210911,Coimbatore,Sulur_Plains,11.0261,77.1261,371.0,23.41,89.45,2.81,6.56,0.0
20210912,Coimbatore,Sulur_Plains,11.0261,77.1261,371.0,23.86,87.56,3.59,7.84,0.0
20210913,Coimbatore,Sulur_Plains,11.0261,77.1261,371.0,23.45,89.64,3.86,4.44,0.0
20210914,Coimbatore,Sulur_Plains,11.0261,77.1261,371.0,24.35,86.97,2.74,1.31,0.0
20210915,Coimbatore,Sulur_Plains,11.0261,77.1261,371.0,24.03,88.46,2.2,7.64,7.873447895050049
20210916,Coimbatore,Sulur_Plains,11.0261,77.1261,371.0,24.07,88.43,2.21,8.12,2.893472194671631
20210917,Coimbatore,Sulur_Plains,11.0261,77.1261,371.0,24.37,85.79,1.69,4.79,2.893472194671631
20210918,Coimbatore,Sulur_Plains,11.0261,77.1261,371.0,24.71,83.28,1.23,0.68,0.0
20210919,Coimbatore,Sulur_Plains,11.0261,77.1261,371.0,23.77,87.43,1.16,4.96,4.340208530426025
20210920,Coimbatore,Sulur_Plains,11.0261,77.1261,371.0,24.28,86.72,1.29,1.74,1.4467360973358154
20210921,Coimbatore,Sulur_Plains,11.0261,77.1261,371.0,24.21,85.41,1.82,0.34,0.0
20210922,Coimbatore,Sulur_Plains,11.0261,77.1261,371.0,24.71,82.07,1.68,1.23,0.0
20210923,Coimbatore,Sulur_Plains,11.0261,77.1261,371.0,24.73,84.35,1.73,5.19,3.0903728008270264
20210924,Coimbatore,Sulur_Plains,11.0261,77.1261,371.0,25.14,82.66,1.37,7.71,4.635559558868408
20210925,Coimbatore,Sulur_Plains,11.0261,77.1261,371.0,24.77,85.28,2.01,7.78,1.5451864004135132
20210926,Coimbatore,Sulur_Plains,11.0261,77.1261,371.0,23.9,86.5,2.2,2.22,3.2584238052368164
20210927,Coimbatore,Sulur_Plains,11.0261,77.1261,371.0,23.79,86.39,3.41,8.34,3.2584238052368164
20210928,Coimbatore,Sulur_Plains,11.0261,77.1261,371.0,23.22,86.49,3.34,4.34,0.0
20210929,Coimbatore,Sulur_Plains,11.0261,77.1261,371.0,23.41,82.28,2.05,0.83,0.0
20210930,Coimbatore,Sulur_Plains,11.0261,77.1261,371.0,23.57,86.93,1.48,16.88,6.516847610473633
20211001,Coimbatore,Sulur_Plains,11.0261,77.1261,371.0,24.55,86.84,0.84,5.87,11.83317756652832
20211002,Coimbatore,Sulur_Plains,11.0261,77.1261,371.0,24.32,88.46,0.75,15.09,7.88878583908081
20211003,Coimbatore,Sulur_Plains,11.0261,77.1261,371.0,24.71,85.89,1.3,13.12,7.88878583908081
20211004,Coimbatore,Sulur_Plains,11.0261,77.1261,371.0,24.72,85.04,0.97,3.15,11.83317756652832
20211005,Coimbatore,Sulur_Plains,11.0261,77.1261,371.0,24.81,85.78,0.58,6.38,3.944392919540405
20211006,Coimbatore,Sulur_Plains,11.0261,77.1261,371.0,23.82,89.33,1.22,2.27,0.0
20211007,Coimbatore,Sulur_Plains,11.0261,77.1261,371.0,24.45,85.57,1.63,0.39,7.767810344696045
20211008,Coimbatore,Sulur_Plains,11.0261,77.1261,371.0,24.36,88.83,2.24,13.41,15.53562068939209
20211009,Coimbatore,Sulur_Plains,11.0261,77.1261,371.0,24.01,90.89,2.52,5.89,0.0
20211010,Coimbatore,Sulur_Plains,11.0261,77.1261,371.0,23.98,89.97,1.96,5.26,7.767810344696045
20211011,Coimbatore,Sulur_Plains,11.0261,77.1261,371.0,23.33,90.19,2.61,26.01,14.644309043884276
20211012,Coimbatore,Sulur_Plains,11.0261,77.1261,371.0,22.54,91.06,2.88,15.37,0.0
20211013,Coimbatore,Sulur_Plains,11.0261,77.1261,371.0,22.92,90.02,2.05,2.48,0.0
20211014,Coimbatore,Sulur_Plains,11.0261,77.1261,371.0,24.03,90.59,2.09,2.29,4.881436347961426
20211015,Coimbatore,Sulur_Plains,11.0261,77.1261,371.0,24.41,89.19,1.56,1.81,9.762872695922852
20211016,Coimbatore,Sulur_Plains,11.0261,77.1261,371.0,24.29,92.93,2.62,35.2,20.122783660888672
20211017,Coimbatore,Sulur_Plains,11.0261,77.1261,371.0,24.02,91.1,3.29,7.57,10.061391830444336
20211018,Coimbatore,Sulur_Plains,11.0261,77.1261,371.0,23.44,91.77,2.25,3.61,10.061391830444336
20211019,Coimbatore,Sulur_Plains,11.0261,77.1261,371.0,23.83,87.62,1.08,1.46,5.030695915222168
20211020,Coimbatore,Sulur_Plains,11.0261,77.1261,371.0,23.71,88.67,0.54,25.22,10.061391830444336
20211021,Coimbatore,Sulur_Plains,11.0261,77.1261,371.0,23.53,89.8,0.89,21.29,10.70667839050293
20211022,Coimbatore,Sulur_Plains,11.0261,77.1261,371.0,24.02,88.71,1.04,10.29,0.0
20211023,Coimbatore,Sulur_Plains,11.0261,77.1261,371.0,24.54,81.52,0.48,12.27,16.06001853942871
20211024,Coimbatore,Sulur_Plains,11.0261,77.1261,371.0,23.28,88.41,0.82,8.51,16.06001853942871
20211025,Coimbatore,Sulur_Plains,11.0261,77.1261,371.0,23.63,87.82,0.7,6.17,5.353339195251465
20211026,Coimbatore,Sulur_Plains,11.0261,77.1261,371.0,24.16,86.32,0.87,3.56,6.0853705406188965
20211027,Coimbatore,Sulur_Plains,11.0261,77.1261,371.0,23.68,89.45,1.03,5.05,0.0
20211028,Coimbatore,Sulur_Plains,11.0261,77.1261,371.0,23.35,88.66,0.92,2.64,6.0853705406188965
20211029,Coimbatore,Sulur_Plains,11.0261,77.1261,371.0,22.68,89.35,1.22,1.15,0.0
20211030,Coimbatore,Sulur_Plains,11.0261,77.1261,371.0,22.52,91.34,1.71,6.99,6.0853705406188965
20211031,Coimbatore,Sulur_Plains,11.0261,77.1261,371.0,23.11,89.51,1.3,3.37,24.341482162475582
20211101,Coimbatore,Sulur_Plains,11.0261,77.1261,371.0,22.67,91.88,1.41,15.93,18.936473846435547
20211102,Coimbatore,Sulur_Plains,11.0261,77.1261,371.0,22.5,94.26,2.25,21.13,9.468236923217772
20211103,Coimbatore,Sulur_Plains,11.0261,77.1261,371.0,22.87,93.59,1.55,3.49,9.468236923217772
20211104,Coimbatore,Sulur_Plains,11.0261,77.1261,371.0,23.13,92.34,1.12,17.38,4.734118461608887
20211105,Coimbatore,Sulur_Plains,11.0261,77.1261,371.0,23.04,91.9,0.9,6.54,18.936473846435547
20211106,Coimbatore,Sulur_Plains,11.0261,77.1261,371.0,23.53,85.48,0.8,4.89,34.35664749145508
20211107,Coimbatore,Sulur_Plains,11.0261,77.1261,371.0,22.92,89.01,1.17,14.72,0.0
20211108,Coimbatore,Sulur_Plains,11.0261,77.1261,371.0,22.61,92.27,0.91,4.28,0.0
20211109,Coimbatore,Sulur_Plains,11.0261,77.1261,371.0,22.52,88.17,0.78,2.77,8.58916187286377
20211110,Coimbatore,Sulur_Plains,11.0261,77.1261,371.0,22.23,89.17,0.87,3.15,8.58916187286377
20211111,Coimbatore,Sulur_Plains,11.0261,77.1261,371.0,22.47,89.81,1.41,1.68,0.0
20211112,Coimbatore,Sulur_Plains,11.0261,77.1261,371.0,22.82,91.72,2.19,13.04,0.0
20211113,Coimbatore,Sulur_Plains,11.0261,77.1261,371.0,23.52,90.24,1.47,4.86,0.0
20211114,Coimbatore,Sulur_Plains,11.0261,77.1261,371.0,22.74,94.43,1.44,6.82,0.0
20211115,Coimbatore,Sulur_Plains,11.0261,77.1261,371.0,23.27,94.2,1.38,12.96,19.00885009765625
20211116,Coimbatore,Sulur_Plains,11.0261,77.1261,371.0,23.39,93.1,1.15,3.07,16.260765075683594
20211117,Coimbatore,Sulur_Plains,11.0261,77.1261,371.0,23.7,87.81,0.49,26.36,16.260765075683594
20211118,Coimbatore,Sulur_Plains,11.0261,77.1261,371.0,23.31,89.58,1.21,8.88,40.65191268920898
20211119,Coimbatore,Sulur_Plains,11.0261,77.1261,371.0,22.57,95.02,2.92,6.17,0.0
20211120,Coimbatore,Sulur_Plains,11.0261,77.1261,371.0,22.96,93.71,2.38,2.42,16.260765075683594
20211121,Coimbatore,Sulur_Plains,11.0261,77.1261,371.0,23.5,85.17,0.73,0.31,0.0
20211122,Coimbatore,Sulur_Plains,11.0261,77.1261,371.0,23.28,88.9,1.12,6.95,5.708592414855957
20211123,Coimbatore,Sulur_Plains,11.0261,77.1261,371.0,23.09,91.72,1.2,10.98,5.708592414855957
20211124,Coimbatore,Sulur_Plains,11.0261,77.1261,371.0,22.75,89.61,1.28,1.39,11.417184829711914
20211125,Coimbatore,Sulur_Plains,11.0261,77.1261,371.0,21.92,90.22,1.79,16.6,17.125778198242188
20211126,Coimbatore,Sulur_Plains,11.0261,77.1261,371.0,22.07,91.88,1.9,5.61,33.48520278930664
20211127,Coimbatore,Sulur_Plains,11.0261,77.1261,371.0,21.94,92.97,1.79,1.88,0.0
20211128,Coimbatore,Sulur_Plains,11.0261,77.1261,371.0,22.45,93.0,2.24,4.58,0.0
20211129,Coimbatore,Sulur_Plains,11.0261,77.1261,371.0,21.89,92.41,2.81,17.36,0.0
20211130,Coimbatore,Sulur_Plains,11.0261,77.1261,371.0,22.23,93.06,2.23,11.03,11.161734580993652
20211201,Coimbatore,Sulur_Plains,11.0261,77.1261,371.0,23.42,90.24,1.52,4.1,0.0
20211202,Coimbatore,Sulur_Plains,11.0261,77.1261,371.0,23.74,90.94,1.5,1.96,0.0
20211203,Coimbatore,Sulur_Plains,11.0261,77.1261,371.0,23.58,87.54,0.9,2.3,0.0
20211204,Coimbatore,Sulur_Plains,11.0261,77.1261,371.0,23.54,89.83,0.56,6.22,0.0
20211205,Coimbatore,Sulur_Plains,11.0261,77.1261,371.0,24.04,87.34,0.78,8.62,18.300405502319336
20211206,Coimbatore,Sulur_Plains,11.0261,77.1261,371.0,23.23,92.71,0.92,0.29,0.0
20211207,Coimbatore,Sulur_Plains,11.0261,77.1261,371.0,23.48,90.14,1.21,0.44,0.0
20211208,Coimbatore,Sulur_Plains,11.0261,77.1261,371.0,22.43,88.43,1.67,0.15,0.0
20211209,Coimbatore,Sulur_Plains,11.0261,77.1261,371.0,22.92,89.26,1.77,2.32,0.0
20211210,Coimbatore,Sulur_Plains,11.0261,77.1261,371.0,21.73,88.36,2.26,0.51,0.0
20211211,Coimbatore,Sulur_Plains,11.0261,77.1261,371.0,22.15,90.9,2.1,1.67,0.0
20211212,Coimbatore,Sulur_Plains,11.0261,77.1261,371.0,22.26,90.35,2.65,0.41,0.0
20211213,Coimbatore,Sulur_Plains,11.0261,77.1261,371.0,21.87,90.85,2.07,0.08,0.0
20211214,Coimbatore,Sulur_Plains,11.0261,77.1261,371.0,21.98,90.07,2.64,1.47,0.0
20211215,Coimbatore,Sulur_Plains,11.0261,77.1261,371.0,21.82,89.65,2.23,0.77,0.0
20211216,Coimbatore,Sulur_Plains,11.0261,77.1261,371.0,21.47,87.28,1.8,0.01,0.0
20211217,Coimbatore,Sulur_Plains,11.0261,77.1261,371.0,21.22,86.46,1.49,0.0,0.0
20211218,Coimbatore,Sulur_Plains,11.0261,77.1261,371.0,20.48,85.86,1.61,0.0,0.0
20211219,Coimbatore,Sulur_Plains,11.0261,77.1261,371.0,19.39,83.98,1.7,0.0,0.0
20211220,Coimbatore,Sulur_Plains,11.0261,77.1261,371.0,18.82,86.02,1.72,0.0,0.0
20211221,Coimbatore,Sulur_Plains,11.0261,77.1261,371.0,19.85,83.72,1.3,0.0,0.0
20211222,Coimbatore,Sulur_Plains,11.0261,77.1261,371.0,19.38,85.04,1.36,0.0,0.0
20211223,Coimbatore,Sulur_Plains,11.0261,77.1261,371.0,19.31,83.11,1.33,0.0,0.0
20211224,Coimbatore,Sulur_Plains,11.0261,77.1261,371.0,18.92,80.69,1.39,0.0,0.0
20211225,Coimbatore,Sulur_Plains,11.0261,77.1261,371.0,19.41,84.11,1.44,0.0,0.0
20211226,Coimbatore,Sulur_Plains,11.0261,77.1261,371.0,19.55,86.51,1.54,0.0,0.0
20211227,Coimbatore,Sulur_Plains,11.0261,77.1261,371.0,19.83,87.22,1.68,0.0,0.0
20211228,Coimbatore,Sulur_Plains,11.0261,77.1261,371.0,19.88,85.64,1.71,0.0,0.0
20211229,Coimbatore,Sulur_Plains,11.0261,77.1261,371.0,20.0,85.85,1.61,0.0,0.0
20211230,Coimbatore,Sulur_Plains,11.0261,77.1261,371.0,20.83,88.1,1.89,1.6,0.0
20211231,Coimbatore,Sulur_Plains,11.0261,77.1261,371.0,22.31,89.51,2.82,4.73,0.0
20220101,Coimbatore,Sulur_Plains,11.0261,77.1261,371.0,22.52,90.08,2.84,11.09,0.0
20220102,Coimbatore,Sulur_Plains,11.0261,77.1261,371.0,21.82,88.86,2.7,1.93,0.0
20220103,Coimbatore,Sulur_Plains,11.0261,77.1261,371.0,21.09,85.23,2.11,0.02,0.0
20220104,Coimbatore,Sulur_Plains,11.0261,77.1261,371.0,21.31,86.91,1.87,0.0,0.0
20220105,Coimbatore,Sulur_Plains,11.0261,77.1261,371.0,21.26,85.65,1.29,0.0,0.0
20220106,Coimbatore,Sulur_Plains,11.0261,77.1261,371.0,20.95,87.12,1.61,0.0,0.0
20220107,Coimbatore,Sulur_Plains,11.0261,77.1261,371.0,21.74,87.04,1.53,0.04,0.0
20220108,Coimbatore,Sulur_Plains,11.0261,77.1261,371.0,21.77,87.73,1.75,0.08,0.0
20220109,Coimbatore,Sulur_Plains,11.0261,77.1261,371.0,21.75,86.3,1.55,0.0,0.0
20220110,Coimbatore,Sulur_Plains,11.0261,77.1261,371.0,21.33,83.69,1.33,0.0,0.0
20220111,Coimbatore,Sulur_Plains,11.0261,77.1261,371.0,22.03,84.19,1.36,0.0,0.0
20220112,Coimbatore,Sulur_Plains,11.0261,77.1261,371.0,22.74,82.33,0.75,0.0,0.0
20220113,Coimbatore,Sulur_Plains,11.0261,77.1261,371.0,23.22,81.23,0.75,0.0,0.0
20220114,Coimbatore,Sulur_Plains,11.0261,77.1261,371.0,23.36,79.28,0.82,0.0,0.0
20220115,Coimbatore,Sulur_Plains,11.0261,77.1261,371.0,23.48,80.22,0.77,0.13,0.0
20220116,Coimbatore,Sulur_Plains,11.0261,77.1261,371.0,22.75,85.38,1.84,3.95,0.0
20220117,Coimbatore,Sulur_Plains,11.0261,77.1261,371.0,22.52,83.7,2.11,1.42,0.0
20220118,Coimbatore,Sulur_Plains,11.0261,77.1261,371.0,21.77,82.0,2.03,0.01,0.0
20220119,Coimbatore,Sulur_Plains,11.0261,77.1261,371.0,22.02,79.43,1.62,0.0,0.0
20220120,Coimbatore,Sulur_Plains,11.0261,77.1261,371.0,22.32,70.7,0.92,0.0,0.0
20220121,Coimbatore,Sulur_Plains,11.0261,77.1261,371.0,23.11,71.89,0.65,0.0,0.0
20220122,Coimbatore,Sulur_Plains,11.0261,77.1261,371.0,23.51,77.08,1.15,0.0,0.0
20220123,Coimbatore,Sulur_Plains,11.0261,77.1261,371.0,22.47,76.66,1.32,0.0,0.0
20220124,Coimbatore,Sulur_Plains,11.0261,77.1261,371.0,22.17,71.48,0.87,0.0,0.0
20220125,Coimbatore,Sulur_Plains,11.0261,77.1261,371.0,21.89,77.7,0.57,0.0,0.0
20220126,Coimbatore,Sulur_Plains,11.0261,77.1261,371.0,22.8,80.44,0.6,0.37,0.0
20220127,Coimbatore,Sulur_Plains,11.0261,77.1261,371.0,22.69,78.38,1.77,3.53,0.0
20220128,Coimbatore,Sulur_Plains,11.0261,77.1261,371.0,22.47,77.75,2.7,0.9,0.0
20220129,Coimbatore,Sulur_Plains,11.0261,77.1261,371.0,22.91,79.01,2.36,0.04,0.0
20220130,Coimbatore,Sulur_Plains,11.0261,77.1261,371.0,24.04,77.82,1.39,0.0,0.0
20220131,Coimbatore,Sulur_Plains,11.0261,77.1261,371.0,24.26,75.69,1.31,0.0,0.0
20220201,Coimbatore,Sulur_Plains,11.0261,77.1261,371.0,24.16,76.85,1.42,0.03,0.0
20220202,Coimbatore,Sulur_Plains,11.0261,77.1261,371.0,23.08,73.86,1.45,0.05,0.0
20220203,Coimbatore,Sulur_Plains,11.0261,77.1261,371.0,22.72,71.57,0.9,0.0,0.0
20220204,Coimbatore,Sulur_Plains,11.0261,77.1261,371.0,23.59,72.24,1.34,0.0,0.0
20220205,Coimbatore,Sulur_Plains,11.0261,77.1261,371.0,23.98,70.5,0.67,0.0,0.0
20220206,Coimbatore,Sulur_Plains,11.0261,77.1261,371.0,23.91,73.92,1.59,0.0,0.0
20220207,Coimbatore,Sulur_Plains,11.0261,77.1261,371.0,23.64,73.94,1.43,0.0,0.0
20220208,Coimbatore,Sulur_Plains,11.0261,77.1261,371.0,23.49,71.88,1.38,0.0,0.0
20220209,Coimbatore,Sulur_Plains,11.0261,77.1261,371.0,22.68,68.75,1.93,0.01,0.0
20220210,Coimbatore,Sulur_Plains,11.0261,77.1261,371.0,22.36,58.18,1.73,0.0,5.1906514167785645
20220211,Coimbatore,Sulur_Plains,11.0261,77.1261,371.0,23.18,67.23,2.25,0.33,0.0
20220212,Coimbatore,Sulur_Plains,11.0261,77.1261,371.0,22.67,76.87,1.99,1.44,0.0
20220213,Coimbatore,Sulur_Plains,11.0261,77.1261,371.0,23.38,71.66,1.97,0.11,0.0
20220214,Coimbatore,Sulur_Plains,11.0261,77.1261,371.0,23.66,70.21,1.92,0.04,0.0
20220215,Coimbatore,Sulur_Plains,11.0261,77.1261,371.0,24.0,70.47,1.49,0.17,0.0
20220216,Coimbatore,Sulur_Plains,11.0261,77.1261,371.0,24.14,69.03,1.11,0.16,0.0
20220217,Coimbatore,Sulur_Plains,11.0261,77.1261,371.0,24.44,63.76,1.23,0.02,0.0
20220218,Coimbatore,Sulur_Plains,11.0261,77.1261,371.0,24.15,65.09,1.93,0.0,0.0
20220219,Coimbatore,Sulur_Plains,11.0261,77.1261,371.0,24.25,65.13,2.21,0.0,0.0
20220220,Coimbatore,Sulur_Plains,11.0261,77.1261,371.0,25.36,64.75,1.24,0.0,0.0
20220221,Coimbatore,Sulur_Plains,11.0261,77.1261,371.0,26.59,63.88,0.5,0.0,0.0
20220222,Coimbatore,Sulur_Plains,11.0261,77.1261,371.0,26.58,64.44,1.22,0.0,0.0
20220223,Coimbatore,Sulur_Plains,11.0261,77.1261,371.0,24.75,60.88,2.31,0.04,0.0
20220224,Coimbatore,Sulur_Plains,11.0261,77.1261,371.0,23.91,60.17,2.02,0.16,0.0
20220225,Coimbatore,Sulur_Plains,11.0261,77.1261,371.0,24.42,57.28,2.03,0.0,0.0
20220226,Coimbatore,Sulur_Plains,11.0261,77.1261,371.0,23.85,58.05,1.97,0.0,0.0
20220227,Coimbatore,Sulur_Plains,11.0261,77.1261,371.0,25.43,62.19,2.27,0.12,0.0
20220228,Coimbatore,Sulur_Plains,11.0261,77.1261,371.0,24.42,56.38,2.17,0.03,0.0
20220301,Coimbatore,Sulur_Plains,11.0261,77.1261,371.0,24.69,54.68,2.07,0.0,0.0
20220302,Coimbatore,Sulur_Plains,11.0261,77.1261,371.0,24.15,47.39,2.22,0.0,0.0
20220303,Coimbatore,Sulur_Plains,11.0261,77.1261,371.0,23.97,50.34,2.32,0.0,0.0
20220304,Coimbatore,Sulur_Plains,11.0261,77.1261,371.0,25.43,46.35,1.83,0.0,0.0
20220305,Coimbatore,Sulur_Plains,11.0261,77.1261,371.0,26.37,55.81,1.79,0.0,5.104191303253174
20220306,Coimbatore,Sulur_Plains,11.0261,77.1261,371.0,26.78,55.18,2.09,0.09,0.0
20220307,Coimbatore,Sulur_Plains,11.0261,77.1261,371.0,25.24,60.98,2.1,0.99,0.0
20220308,Coimbatore,Sulur_Plains,11.0261,77.1261,371.0,26.06,65.66,1.75,1.33,0.0
20220309,Coimbatore,Sulur_Plains,11.0261,77.1261,371.0,26.89,53.53,1.71,0.22,0.0
20220310,Coimbatore,Sulur_Plains,11.0261,77.1261,371.0,26.37,46.1,1.76,0.0,0.0
20220311,Coimbatore,Sulur_Plains,11.0261,77.1261,371.0,26.37,44.31,2.13,0.0,0.0
20220312,Coimbatore,Sulur_Plains,11.0261,77.1261,371.0,26.21,41.77,2.14,0.0,0.0
20220313,Coimbatore,Sulur_Plains,11.0261,77.1261,371.0,26.1,43.43,2.49,0.0,5.957532405853272
20220314,Coimbatore,Sulur_Plains,11.0261,77.1261,371.0,27.03,43.53,1.98,0.0,0.0
20220315,Coimbatore,Sulur_Plains,11.0261,77.1261,371.0,27.86,45.22,1.28,0.02,0.0
20220316,Coimbatore,Sulur_Plains,11.0261,77.1261,371.0,28.68,54.88,1.05,0.3,0.0
20220317,Coimbatore,Sulur_Plains,11.0261,77.1261,371.0,28.86,50.2,1.29,0.07,0.0
20220318,Coimbatore,Sulur_Plains,11.0261,77.1261,371.0,29.0,49.32,1.22,0.18,0.0
20220319,Coimbatore,Sulur_Plains,11.0261,77.1261,371.0,27.99,61.31,2.04,0.45,0.0
20220320,Coimbatore,Sulur_Plains,11.0261,77.1261,371.0,27.27,64.32,2.37,1.04,5.167717933654785
20220321,Coimbatore,Sulur_Plains,11.0261,77.1261,371.0,27.5,64.9,2.05,3.49,0.0
20220322,Coimbatore,Sulur_Plains,11.0261,77.1261,371.0,27.73,66.51,1.46,2.79,0.0
20220323,Coimbatore,Sulur_Plains,11.0261,77.1261,371.0,27.53,70.28,0.9,17.81,0.0
20220324,Coimbatore,Sulur_Plains,11.0261,77.1261,371.0,27.03,72.43,0.82,5.56,0.0
20220325,Coimbatore,Sulur_Plains,11.0261,77.1261,371.0,27.07,72.22,0.83,3.78,0.0
20220326,Coimbatore,Sulur_Plains,11.0261,77.1261,371.0,27.54,71.68,0.78,2.76,0.0
20220327,Coimbatore,Sulur_Plains,11.0261,77.1261,371.0,27.86,69.37,0.71,1.02,0.0
20220328,Coimbatore,Sulur_Plains,11.0261,77.1261,371.0,28.35,66.76,1.37,0.45,0.0
20220329,Coimbatore,Sulur_Plains,11.0261,77.1261,371.0,28.27,69.44,1.02,0.86,0.0
20220330,Coimbatore,Sulur_Plains,11.0261,77.1261,371.0,28.45,67.78,1.12,1.63,0.0
20220331,Coimbatore,Sulur_Plains,11.0261,77.1261,371.0,28.63,64.12,1.06,0.2,0.0
20220401,Coimbatore,Sulur_Plains,11.0261,77.1261,371.0,28.03,67.56,1.26,0.67,0.0
20220402,Coimbatore,Sulur_Plains,11.0261,77.1261,371.0,28.04,67.12,1.07,1.08,0.0
20220403,Coimbatore,Sulur_Plains,11.0261,77.1261,371.0,28.16,65.62,1.19,0.98,0.0
20220404,Coimbatore,Sulur_Plains,11.0261,77.1261,371.0,28.32,61.05,1.68,0.12,0.0
20220405,Coimbatore,Sulur_Plains,11.0261,77.1261,371.0,28.23,58.47,1.51,0.23,0.0
20220406,Coimbatore,Sulur_Plains,11.0261,77.1261,371.0,27.63,64.74,1.03,3.89,0.0
20220407,Coimbatore,Sulur_Plains,11.0261,77.1261,371.0,28.89,62.06,1.07,0.56,0.0
20220408,Coimbatore,Sulur_Plains,11.0261,77.1261,371.0,27.79,68.55,0.67,9.91,4.593623638153076
20220409,Coimbatore,Sulur_Plains,11.0261,77.1261,371.0,26.76,74.98,0.78,9.82,13.780869483947754
20220410,Coimbatore,Sulur_Plains,11.0261,77.1261,371.0,26.76,72.47,1.28,1.87,4.593623638153076
20220411,Coimbatore,Sulur_Plains,11.0261,77.1261,371.0,27.54,69.6,1.0,3.98,5.605961322784424
20220412,Coimbatore,Sulur_Plains,11.0261,77.1261,371.0,27.33,71.88,0.59,8.64,14.014904022216797
20220413,Coimbatore,Sulur_Plains,11.0261,77.1261,371.0,26.53,76.08,1.15,12.15,2.802980661392212
20220414,Coimbatore,Sulur_Plains,11.0261,77.1261,371.0,25.02,77.59,0.94,16.84,2.802980661392212
20220415,Coimbatore,Sulur_Plains,11.0261,77.1261,371.0,26.89,70.56,1.27,1.64,5.605961322784424
20220416,Coimbatore,Sulur_Plains,11.0261,77.1261,371.0,26.6,77.63,1.87,3.32,0.0
20220417,Coimbatore,Sulur_Plains,11.0261,77.1261,371.0,26.83,78.08,1.66,7.18,2.9719152450561523
20220418,Coimbatore,Sulur_Plains,11.0261,77.1261,371.0,26.39,75.64,1.67,2.48,2.9719152450561523
20220419,Coimbatore,Sulur_Plains,11.0261,77.1261,371.0,25.93,76.76,1.11,1.41,0.0
20220420,Coimbatore,Sulur_Plains,11.0261,77.1261,371.0,28.01,67.22,0.82,0.0,0.0
20220421,Coimbatore,Sulur_Plains,11.0261,77.1261,371.0,27.45,72.86,1.07,0.0,2.9151997566223145
20220422,Coimbatore,Sulur_Plains,11.0261,77.1261,371.0,26.85,74.01,1.14,1.71,2.9151997566223145
20220423,Coimbatore,Sulur_Plains,11.0261,77.1261,371.0,25.95,76.07,1.19,21.38,8.745599746704102
20220424,Coimbatore,Sulur_Plains,11.0261,77.1261,371.0,27.63,66.82,1.22,0.4,0.0
20220425,Coimbatore,Sulur_Plains,11.0261,77.1261,371.0,27.72,66.71,0.74,0.1,0.0
20220426,Coimbatore,Sulur_Plains,11.0261,77.1261,371.0,28.35,68.75,0.91,0.0,0.0
20220427,Coimbatore,Sulur_Plains,11.0261,77.1261,371.0,27.95,68.4,1.03,0.01,0.0
20220428,Coimbatore,Sulur_Plains,11.0261,77.1261,371.0,27.95,70.89,0.94,0.15,0.0
20220429,Coimbatore,Sulur_Plains,11.0261,77.1261,371.0,28.52,72.37,1.35,1.12,2.4757304191589355
20220430,Coimbatore,Sulur_Plains,11.0261,77.1261,371.0,28.2,71.49,1.7,0.57,0.0
20220501,Coimbatore,Sulur_Plains,11.0261,77.1261,371.0,27.26,75.71,1.88,3.57,8.038962364196777
20220502,Coimbatore,Sulur_Plains,11.0261,77.1261,371.0,27.51,73.86,2.18,2.58,0.0
20220503,Coimbatore,Sulur_Plains,11.0261,77.1261,371.0,26.68,80.02,0.98,5.67,4.019481182098389
20220504,Coimbatore,Sulur_Plains,11.0261,77.1261,371.0,28.12,72.26,1.3,3.6,8.038962364196777
20220505,Coimbatore,Sulur_Plains,11.0261,77.1261,371.0,26.48,77.92,1.69,2.26,0.0
20220506,Coimbatore,Sulur_Plains,11.0261,77.1261,371.0,26.51,67.82,1.19,0.18,0.0
20220507,Coimbatore,Sulur_Plains,11.0261,77.1261,371.0,26.91,75.54,1.78,3.34,0.0
20220508,Coimbatore,Sulur_Plains,11.0261,77.1261,371.0,27.5,74.54,1.48,4.03,7.069490909576416
20220509,Coimbatore,Sulur_Plains,11.0261,77.1261,371.0,26.36,82.9,2.54,4.57,1.767372727394104
20220510,Coimbatore,Sulur_Plains,11.0261,77.1261,371.0,26.02,79.02,3.14,3.69,10.60423755645752
20220511,Coimbatore,Sulur_Plains,11.0261,77.1261,371.0,25.85,77.6,3.8,2.28,0.0
20220512,Coimbatore,Sulur_Plains,11.0261,77.1261,371.0,25.0,79.78,3.38,4.21,0.0
20220513,Coimbatore,Sulur_Plains,11.0261,77.1261,371.0,25.1,79.04,3.02,4.86,6.315432548522949
20220514,Coimbatore,Sulur_Plains,11.0261,77.1261,371.0,24.21,85.78,2.87,13.48,6.315432548522949
20220515,Coimbatore,Sulur_Plains,11.0261,77.1261,371.0,24.25,90.64,2.28,12.85,12.630865097045898
20220516,Coimbatore,Sulur_Plains,11.0261,77.1261,371.0,24.55,89.07,2.53,7.02,5.738290309906006
20220517,Coimbatore,Sulur_Plains,11.0261,77.1261,371.0,25.34,82.61,1.67,12.99,11.476580619812012
20220518,Coimbatore,Sulur_Plains,11.0261,77.1261,371.0,25.01,84.95,2.54,10.05,17.21487045288086
20220519,Coimbatore,Sulur_Plains,11.0261,77.1261,371.0,23.92,85.75,3.51,6.17,11.476580619812012
20220520,Coimbatore,Sulur_Plains,11.0261,77.1261,371.0,24.35,83.04,3.13,4.39,0.0
20220521,Coimbatore,Sulur_Plains,11.0261,77.1261,371.0,24.54,81.04,3.0,3.69,0.0
20220522,Coimbatore,Sulur_Plains,11.0261,77.1261,371.0,24.91,81.7,3.17,0.87,0.0
20220523,Coimbatore,Sulur_Plains,11.0261,77.1261,371.0,25.88,83.06,2.69,3.9,0.0
20220524,Coimbatore,Sulur_Plains,11.0261,77.1261,371.0,26.59,81.16,1.92,3.77,0.0
20220525,Coimbatore,Sulur_Plains,11.0261,77.1261,371.0,26.27,82.53,1.24,8.39,6.021725177764893
20220526,Coimbatore,Sulur_Plains,11.0261,77.1261,371.0,24.6,85.61,2.11,5.36,4.790974140167236
20220527,Coimbatore,Sulur_Plains,11.0261,77.1261,371.0,24.33,85.25,2.13,3.11,4.790974140167236
20220528,Coimbatore,Sulur_Plains,11.0261,77.1261,371.0,24.5,86.47,2.34,2.32,0.0
20220529,Coimbatore,Sulur_Plains,11.0261,77.1261,371.0,25.0,81.48,2.25,5.39,0.0
20220530,Coimbatore,Sulur_Plains,11.0261,77.1261,371.0,25.26,80.44,2.37,3.1,0.0
20220531,Coimbatore,Sulur_Plains,11.0261,77.1261,371.0,25.12,81.74,2.44,4.16,4.790974140167236
20220601,Coimbatore,Sulur_Plains,11.0261,77.1261,371.0,24.68,85.2,2.69,5.42,0.0
20220602,Coimbatore,Sulur_Plains,11.0261,77.1261,371.0,24.52,84.41,2.06,1.91,0.0
20220603,Coimbatore,Sulur_Plains,11.0261,77.1261,371.0,24.71,81.78,2.33,0.25,0.0
20220604,Coimbatore,Sulur_Plains,11.0261,77.1261,371.0,25.74,80.04,1.31,0.38,0.0
20220605,Coimbatore,Sulur_Plains,11.0261,77.1261,371.0,25.32,83.79,1.81,6.58,6.837063789367676
20220606,Coimbatore,Sulur_Plains,11.0261,77.1261,371.0,25.79,79.74,1.25,4.41,2.4626028537750244
20220607,Coimbatore,Sulur_Plains,11.0261,77.1261,371.0,24.95,85.77,1.83,1.33,0.8208675980567932
20220608,Coimbatore,Sulur_Plains,11.0261,77.1261,371.0,25.06,81.85,2.7,0.25,0.0
20220609,Coimbatore,Sulur_Plains,11.0261,77.1261,371.0,25.31,80.36,2.63,0.94,0.0
20220610,Coimbatore,Sulur_Plains,11.0261,77.1261,371.0,24.57,83.57,2.78,3.24,0.0
20220611,Coimbatore,Sulur_Plains,11.0261,77.1261,371.0,24.74,79.73,2.78,2.84,0.0
20220612,Coimbatore,Sulur_Plains,11.0261,77.1261,371.0,23.47,81.72,2.43,6.5,0.0
20220613,Coimbatore,Sulur_Plains,11.0261,77.1261,371.0,24.34,81.54,2.28,5.32,0.0
20220614,Coimbatore,Sulur_Plains,11.0261,77.1261,371.0,24.43,84.29,2.55,5.45,1.5676876306533811
20220615,Coimbatore,Sulur_Plains,11.0261,77.1261,371.0,24.34,84.18,1.96,4.19,3.1353752613067627
20220616,Coimbatore,Sulur_Plains,11.0261,77.1261,371.0,24.18,86.71,1.15,11.7,1.0630613565444946
20220617,Coimbatore,Sulur_Plains,11.0261,77.1261,371.0,23.08,85.37,1.55,15.71,1.5107861757278442
20220618,Coimbatore,Sulur_Plains,11.0261,77.1261,371.0,23.24,86.23,1.55,5.83,1.293859362602234
20220619,Coimbatore,Sulur_Plains,11.0261,77.1261,371.0,23.79,86.51,1.83,5.24,0.8255375623703003
20220620,Coimbatore,Sulur_Plains,11.0261,77.1261,371.0,24.17,82.22,2.19,1.92,0.8132319450378418
20220621,Coimbatore,Sulur_Plains,11.0261,77.1261,371.0,24.28,84.2,2.38,2.04,1.813623070716858
20220622,Coimbatore,Sulur_Plains,11.0261,77.1261,371.0,24.03,83.97,2.25,1.08,0.6045410633087158
20220623,Coimbatore,Sulur_Plains,11.0261,77.1261,371.0,24.08,81.43,2.2,1.89,0.6045410633087158
20220624,Coimbatore,Sulur_Plains,11.0261,77.1261,371.0,23.8,84.47,2.92,4.69,0.0
20220625,Coimbatore,Sulur_Plains,11.0261,77.1261,371.0,23.8,83.34,3.72,4.3,1.2090821266174316
20220626,Coimbatore,Sulur_Plains,11.0261,77.1261,371.0,24.48,82.6,3.47,1.31,0.0
20220627,Coimbatore,Sulur_Plains,11.0261,77.1261,371.0,24.79,82.84,2.97,2.44,0.0
20220628,Coimbatore,Sulur_Plains,11.0261,77.1261,371.0,24.25,84.29,2.61,4.38,0.0
20220629,Coimbatore,Sulur_Plains,11.0261,77.1261,371.0,24.28,85.05,2.67,2.22,0.0
20220630,Coimbatore,Sulur_Plains,11.0261,77.1261,371.0,23.77,86.68,3.09,22.15,1.2997231483459473
20220701,Coimbatore,Sulur_Plains,11.0261,77.1261,371.0,24.25,84.38,3.07,4.23,0.0
20220702,Coimbatore,Sulur_Plains,11.0261,77.1261,371.0,23.64,86.45,2.96,1.98,0.0
20220703,Coimbatore,Sulur_Plains,11.0261,77.1261,371.0,23.54,85.44,3.63,3.88,2.953987836837769
20220704,Coimbatore,Sulur_Plains,11.0261,77.1261,371.0,23.52,83.95,4.39,4.71,0.0
20220705,Coimbatore,Sulur_Plains,11.0261,77.1261,371.0,22.85,85.24,4.39,8.42,0.0
20220706,Coimbatore,Sulur_Plains,11.0261,77.1261,371.0,23.22,85.95,3.59,7.39,0.0
20220707,Coimbatore,Sulur_Plains,11.0261,77.1261,371.0,22.81,84.85,3.64,10.69,1.3454924821853638
20220708,Coimbatore,Sulur_Plains,11.0261,77.1261,371.0,23.34,83.55,3.87,8.35,0.0
20220709,Coimbatore,Sulur_Plains,11.0261,77.1261,371.0,22.63,87.79,3.81,6.91,1.3454924821853638
20220710,Coimbatore,Sulur_Plains,11.0261,77.1261,371.0,23.28,85.83,4.27,9.88,0.0
20220711,Coimbatore,Sulur_Plains,11.0261,77.1261,371.0,23.17,85.74,4.19,6.72,0.0
20220712,Coimbatore,Sulur_Plains,11.0261,77.1261,371.0,22.84,86.14,4.13,9.02,0.0
20220713,Coimbatore,Sulur_Plains,11.0261,77.1261,371.0,23.1,86.14,4.71,9.56,0.0
20220714,Coimbatore,Sulur_Plains,11.0261,77.1261,371.0,23.48,85.09,4.91,8.13,0.0
20220715,Coimbatore,Sulur_Plains,11.0261,77.1261,371.0,23.79,85.59,3.95,9.15,0.0
20220716,Coimbatore,Sulur_Plains,11.0261,77.1261,371.0,24.1,85.72,3.43,9.2,1.6675070524215698
20220717,Coimbatore,Sulur_Plains,11.0261,77.1261,371.0,24.22,83.67,3.29,9.38,2.918137311935425
20220718,Coimbatore,Sulur_Plains,11.0261,77.1261,371.0,22.82,85.47,2.89,12.8,0.0
20220719,Coimbatore,Sulur_Plains,11.0261,77.1261,371.0,23.81,84.72,2.04,3.42,0.0
20220720,Coimbatore,Sulur_Plains,11.0261,77.1261,371.0,24.24,87.74,1.55,5.56,0.0
20220721,Coimbatore,Sulur_Plains,11.0261,77.1261,371.0,24.24,86.73,1.96,12.88,5.671080589294434
20220722,Coimbatore,Sulur_Plains,11.0261,77.1261,371.0,23.44,88.83,2.2,5.72,5.671080589294434
20220723,Coimbatore,Sulur_Plains,11.0261,77.1261,371.0,23.28,86.53,2.59,1.78,2.835540294647217
20220724,Coimbatore,Sulur_Plains,11.0261,77.1261,371.0,23.39,86.6,2.27,5.94,0.0
20220725,Coimbatore,Sulur_Plains,11.0261,77.1261,371.0,24.46,82.74,1.77,2.75,0.0
20220726,Coimbatore,Sulur_Plains,11.0261,77.1261,371.0,24.33,82.91,1.53,4.32,0.0
20220727,Coimbatore,Sulur_Plains,11.0261,77.1261,371.0,24.2,86.17,0.53,12.95,3.635446786880493
20220728,Coimbatore,Sulur_Plains,11.0261,77.1261,371.0,24.74,86.28,0.77,7.13,0.0
20220729,Coimbatore,Sulur_Plains,11.0261,77.1261,371.0,25.45,80.31,1.04,19.51,0.0
20220730,Coimbatore,Sulur_Plains,11.0261,77.1261,371.0,25.43,82.86,1.11,22.05,1.8177233934402464
20220731,Coimbatore,Sulur_Plains,11.0261,77.1261,371.0,23.93,86.4,1.67,11.95,3.635446786880493
20220801,Coimbatore,Sulur_Plains,11.0261,77.1261,371.0,23.68,89.37,1.78,25.33,3.560135841369629
20220802,Coimbatore,Sulur_Plains,11.0261,77.1261,371.0,23.24,89.77,2.25,12.85,1.7800679206848145
20220803,Coimbatore,Sulur_Plains,11.0261,77.1261,371.0,23.63,88.61,1.89,5.74,5.340203762054443
20220804,Coimbatore,Sulur_Plains,11.0261,77.1261,371.0,22.83,93.9,3.77,30.57,5.340203762054443
20220805,Coimbatore,Sulur_Plains,11.0261,77.1261,371.0,23.08,89.35,4.44,5.61,1.7800679206848145
20220806,Coimbatore,Sulur_Plains,11.0261,77.1261,371.0,23.08,88.55,4.29,8.28,4.047929763793945
20220807,Coimbatore,Sulur_Plains,11.0261,77.1261,371.0,23.16,89.29,4.5,9.86,0.0
20220808,Coimbatore,Sulur_Plains,11.0261,77.1261,371.0,23.18,90.3,4.37,10.6,0.0
20220809,Coimbatore,Sulur_Plains,11.0261,77.1261,371.0,23.29,87.92,4.51,6.08,0.0
20220810,Coimbatore,Sulur_Plains,11.0261,77.1261,371.0,22.91,87.5,4.21,2.07,0.0
20220811,Coimbatore,Sulur_Plains,11.0261,77.1261,371.0,23.29,86.9,3.88,3.84,0.0
20220812,Coimbatore,Sulur_Plains,11.0261,77.1261,371.0,23.07,86.76,3.1,1.47,0.0
20220813,Coimbatore,Sulur_Plains,11.0261,77.1261,371.0,22.85,87.61,1.98,0.03,0.0
20220814,Coimbatore,Sulur_Plains,11.0261,77.1261,371.0,23.48,83.34,2.47,0.02,0.0
20220815,Coimbatore,Sulur_Plains,11.0261,77.1261,371.0,24.32,84.14,1.6,0.0,0.0
20220816,Coimbatore,Sulur_Plains,11.0261,77.1261,371.0,24.89,83.48,1.03,0.0,0.0
20220817,Coimbatore,Sulur_Plains,11.0261,77.1261,371.0,24.71,85.73,1.6,0.03,0.0
20220818,Coimbatore,Sulur_Plains,11.0261,77.1261,371.0,24.23,86.72,1.65,5.76,6.131679534912109
20220819,Coimbatore,Sulur_Plains,11.0261,77.1261,371.0,23.9,87.7,2.12,5.71,0.0
20220820,Coimbatore,Sulur_Plains,11.0261,77.1261,371.0,23.42,86.81,2.02,0.41,2.0438930988311768
20220821,Coimbatore,Sulur_Plains,11.0261,77.1261,371.0,23.49,88.06,2.48,3.06,3.172170639038086
20220822,Coimbatore,Sulur_Plains,11.0261,77.1261,371.0,23.82,87.71,3.13,8.28,3.172170639038086
20220823,Coimbatore,Sulur_Plains,11.0261,77.1261,371.0,23.3,88.41,2.94,3.41,9.516511917114258
20220824,Coimbatore,Sulur_Plains,11.0261,77.1261,371.0,23.07,88.28,2.51,4.19,0.0
20220825,Coimbatore,Sulur_Plains,11.0261,77.1261,371.0,23.29,88.6,1.37,9.98,6.344341278076172
20220826,Coimbatore,Sulur_Plains,11.0261,77.1261,371.0,22.82,90.73,2.21,25.36,12.430521965026855
20220827,Coimbatore,Sulur_Plains,11.0261,77.1261,371.0,22.08,90.85,2.56,10.07,6.215260982513428
20220828,Coimbatore,Sulur_Plains,11.0261,77.1261,371.0,23.05,88.11,1.73,8.18,12.430521965026855
20220829,Coimbatore,Sulur_Plains,11.0261,77.1261,371.0,22.83,93.31,1.83,9.02,3.107630491256714
20220830,Coimbatore,Sulur_Plains,11.0261,77.1261,371.0,23.57,90.91,0.85,37.5,0.0
20220831,Coimbatore,Sulur_Plains,11.0261,77.1261,371.0,23.66,87.49,0.9,32.94,3.107630491256714
20220901,Coimbatore,Sulur_Plains,11.0261,77.1261,371.0,23.52,87.64,0.61,8.33,5.674790382385254
20220902,Coimbatore,Sulur_Plains,11.0261,77.1261,371.0,24.18,88.07,1.37,1.57,2.837395191192627
20220903,Coimbatore,Sulur_Plains,11.0261,77.1261,371.0,24.65,86.86,1.28,1.74,0.0
20220904,Coimbatore,Sulur_Plains,11.0261,77.1261,371.0,24.29,89.77,1.41,12.45,5.674790382385254
20220905,Coimbatore,Sulur_Plains,11.0261,77.1261,371.0,24.48,89.92,1.47,20.19,2.837395191192627
20220906,Coimbatore,Sulur_Plains,11.0261,77.1261,371.0,23.11,90.52,2.02,12.06,5.078847408294678
20220907,Coimbatore,Sulur_Plains,11.0261,77.1261,371.0,22.73,92.83,2.79,14.53,10.157694816589355
20220908,Coimbatore,Sulur_Plains,11.0261,77.1261,371.0,22.81,90.54,2.81,3.92,0.0
20220909,Coimbatore,Sulur_Plains,11.0261,77.1261,371.0,23.01,91.18,2.81,8.19,0.0
20220910,Coimbatore,Sulur_Plains,11.0261,77.1261,371.0,23.17,90.84,3.07,7.63,0.0
20220911,Coimbatore,Sulur_Plains,11.0261,77.1261,371.0,23.1,91.07,3.24,7.37,0.0
20220912,Coimbatore,Sulur_Plains,11.0261,77.1261,371.0,23.16,89.67,3.37,2.51,0.0
20220913,Coimbatore,Sulur_Plains,11.0261,77.1261,371.0,23.26,89.58,2.59,3.2,0.0
20220914,Coimbatore,Sulur_Plains,11.0261,77.1261,371.0,23.55,90.15,1.92,3.39,0.0
20220915,Coimbatore,Sulur_Plains,11.0261,77.1261,371.0,23.48,87.91,1.99,0.13,0.0
20220916,Coimbatore,Sulur_Plains,11.0261,77.1261,371.0,23.58,88.54,1.73,0.21,0.0
20220917,Coimbatore,Sulur_Plains,11.0261,77.1261,371.0,23.62,88.93,1.71,0.56,0.0
20220918,Coimbatore,Sulur_Plains,11.0261,77.1261,371.0,23.79,88.05,1.85,1.81,0.7028585076332092
20220919,Coimbatore,Sulur_Plains,11.0261,77.1261,371.0,23.43,89.78,2.18,0.48,0.0
20220920,Coimbatore,Sulur_Plains,11.0261,77.1261,371.0,23.29,87.55,1.89,0.02,0.0
20220921,Coimbatore,Sulur_Plains,11.0261,77.1261,371.0,23.55,87.33,2.08,0.0,0.0
20220922,Coimbatore,Sulur_Plains,11.0261,77.1261,371.0,23.25,86.13,2.28,0.01,0.0
20220923,Coimbatore,Sulur_Plains,11.0261,77.1261,371.0,23.25,86.65,2.03,0.01,0.0
20220924,Coimbatore,Sulur_Plains,11.0261,77.1261,371.0,23.28,87.17,1.69,0.19,0.0
20220925,Coimbatore,Sulur_Plains,11.0261,77.1261,371.0,24.21,83.44,1.43,3.43,2.488513469696045
20220926,Coimbatore,Sulur_Plains,11.0261,77.1261,371.0,24.4,86.72,1.48,2.67,2.791398286819458
20220927,Coimbatore,Sulur_Plains,11.0261,77.1261,371.0,23.71,85.33,1.41,0.0,0.5723358988761902
20220928,Coimbatore,Sulur_Plains,11.0261,77.1261,371.0,23.78,85.07,1.91,0.34,0.6367051601409912
20220929,Coimbatore,Sulur_Plains,11.0261,77.1261,371.0,23.1,88.45,1.68,0.17,2.350187063217163
20220930,Coimbatore,Sulur_Plains,11.0261,77.1261,371.0,22.95,89.0,2.24,1.79,0.1634459346532821
20221001,Coimbatore,Sulur_Plains,11.0261,77.1261,371.0,22.1,85.55,2.3,1.17,2.518770217895508
20221002,Coimbatore,Sulur_Plains,11.0261,77.1261,371.0,23.0,86.99,2.09,14.63,2.518770217895508
20221003,Coimbatore,Sulur_Plains,11.0261,77.1261,371.0,23.49,88.15,2.15,5.28,2.518770217895508
20221004,Coimbatore,Sulur_Plains,11.0261,77.1261,371.0,23.64,89.58,1.73,1.82,2.518770217895508
20221005,Coimbatore,Sulur_Plains,11.0261,77.1261,371.0,22.91,90.21,2.17,2.36,0.0
20221006,Coimbatore,Sulur_Plains,11.0261,77.1261,371.0,22.79,87.62,2.07,0.19,5.062223434448242
20221007,Coimbatore,Sulur_Plains,11.0261,77.1261,371.0,22.93,85.22,1.78,0.08,0.0
20221008,Coimbatore,Sulur_Plains,11.0261,77.1261,371.0,22.84,81.34,1.21,0.09,5.062223434448242
20221009,Coimbatore,Sulur_Plains,11.0261,77.1261,371.0,23.62,88.71,0.92,10.53,12.655559539794922
20221010,Coimbatore,Sulur_Plains,11.0261,77.1261,371.0,22.93,89.13,1.55,19.09,12.655559539794922
20221011,Coimbatore,Sulur_Plains,11.0261,77.1261,371.0,24.06,84.44,0.81,6.83,6.495710849761963
20221012,Coimbatore,Sulur_Plains,11.0261,77.1261,371.0,24.3,86.24,0.75,4.13,0.0
20221013,Coimbatore,Sulur_Plains,11.0261,77.1261,371.0,24.18,88.44,0.79,5.59,0.0
20221014,Coimbatore,Sulur_Plains,11.0261,77.1261,371.0,23.7,88.37,1.56,6.18,9.74356746673584
20221015,Coimbatore,Sulur_Plains,11.0261,77.1261,371.0,22.95,89.46,0.63,6.88,6.495710849761963
20221016,Coimbatore,Sulur_Plains,11.0261,77.1261,371.0,23.81,88.56,1.02,11.71,9.04728889465332
20221017,Coimbatore,Sulur_Plains,11.0261,77.1261,371.0,24.05,89.9,1.12,4.53,9.04728889465332
20221018,Coimbatore,Sulur_Plains,11.0261,77.1261,371.0,22.87,93.68,1.26,9.35,0.0
20221019,Coimbatore,Sulur_Plains,11.0261,77.1261,371.0,23.34,86.81,0.96,5.32,4.52364444732666
20221020,Coimbatore,Sulur_Plains,11.0261,77.1261,371.0,23.57,90.09,0.94,17.81,9.04728889465332
20221021,Coimbatore,Sulur_Plains,11.0261,77.1261,371.0,23.8,87.34,1.02,9.43,13.396766662597656
20221022,Coimbatore,Sulur_Plains,11.0261,77.1261,371.0,24.23,82.66,1.01,0.89,0.0
20221023,Coimbatore,Sulur_Plains,11.0261,77.1261,371.0,24.15,85.99,0.89,1.67,0.0
20221024,Coimbatore,Sulur_Plains,11.0261,77.1261,371.0,23.66,88.78,1.04,1.31,0.0
20221025,Coimbatore,Sulur_Plains,11.0261,77.1261,371.0,23.85,83.48,0.85,0.05,0.0
20221026,Coimbatore,Sulur_Plains,11.0261,77.1261,371.0,23.36,74.18,0.84,0.0,0.0
20221027,Coimbatore,Sulur_Plains,11.0261,77.1261,371.0,22.8,72.91,1.06,0.0,0.0
20221028,Coimbatore,Sulur_Plains,11.0261,77.1261,371.0,22.84,78.37,1.18,0.55,0.0
20221029,Coimbatore,Sulur_Plains,11.0261,77.1261,371.0,23.43,85.28,1.34,1.86,0.0
20221030,Coimbatore,Sulur_Plains,11.0261,77.1261,371.0,23.61,85.64,1.49,3.21,0.0
20221031,Coimbatore,Sulur_Plains,11.0261,77.1261,371.0,23.57,85.14,1.14,0.75,0.0
20221101,Coimbatore,Sulur_Plains,11.0261,77.1261,371.0,22.35,90.73,0.98,5.24,23.193716049194336
20221102,Coimbatore,Sulur_Plains,11.0261,77.1261,371.0,22.43,88.76,1.01,4.91,0.0
20221103,Coimbatore,Sulur_Plains,11.0261,77.1261,371.0,22.6,86.39,1.44,11.94,0.0
20221104,Coimbatore,Sulur_Plains,11.0261,77.1261,371.0,22.8,87.92,2.08,8.32,0.0
20221105,Coimbatore,Sulur_Plains,11.0261,77.1261,371.0,22.4,87.0,1.88,3.16,0.0
20221106,Coimbatore,Sulur_Plains,11.0261,77.1261,371.0,22.63,89.6,1.52,5.93,0.0
20221107,Coimbatore,Sulur_Plains,11.0261,77.1261,371.0,23.23,86.16,1.54,0.43,0.0
20221108,Coimbatore,Sulur_Plains,11.0261,77.1261,371.0,23.58,85.21,1.61,0.55,0.0
20221109,Coimbatore,Sulur_Plains,11.0261,77.1261,371.0,23.57,84.5,1.53,0.59,0.0
20221110,Coimbatore,Sulur_Plains,11.0261,77.1261,371.0,23.77,81.02,1.34,2.48,0.0
20221111,Coimbatore,Sulur_Plains,11.0261,77.1261,371.0,22.43,88.74,0.92,26.67,47.34622573852539
20221112,Coimbatore,Sulur_Plains,11.0261,77.1261,371.0,22.04,92.97,1.55,30.24,20.291240692138672
20221113,Coimbatore,Sulur_Plains,11.0261,77.1261,371.0,22.29,92.76,2.45,5.81,6.763746738433838
20221114,Coimbatore,Sulur_Plains,11.0261,77.1261,371.0,22.15,89.78,1.53,5.6,6.763746738433838
20221115,Coimbatore,Sulur_Plains,11.0261,77.1261,371.0,22.45,89.51,1.35,0.56,0.0
20221116,Coimbatore,Sulur_Plains,11.0261,77.1261,371.0,23.13,87.34,0.85,0.31,0.0
20221117,Coimbatore,Sulur_Plains,11.0261,77.1261,371.0,23.28,81.73,0.8,0.06,0.0
20221118,Coimbatore,Sulur_Plains,11.0261,77.1261,371.0,21.32,73.13,1.18,0.0,0.0
20221119,Coimbatore,Sulur_Plains,11.0261,77.1261,371.0,20.33,77.82,1.36,0.0,4.727474689483643
20221120,Coimbatore,Sulur_Plains,11.0261,77.1261,371.0,21.38,73.56,0.84,0.0,0.0
20221121,Coimbatore,Sulur_Plains,11.0261,77.1261,371.0,22.64,73.38,0.67,0.0,0.0
20221122,Coimbatore,Sulur_Plains,11.0261,77.1261,371.0,22.1,78.18,0.7,0.09,0.0
20221123,Coimbatore,Sulur_Plains,11.0261,77.1261,371.0,22.31,87.32,1.18,0.73,0.0
20221124,Coimbatore,Sulur_Plains,11.0261,77.1261,371.0,23.29,86.58,0.65,0.43,0.0
20221125,Coimbatore,Sulur_Plains,11.0261,77.1261,371.0,23.26,86.25,1.57,0.14,0.0
20221126,Coimbatore,Sulur_Plains,11.0261,77.1261,371.0,22.63,87.71,1.32,0.56,0.0
20221127,Coimbatore,Sulur_Plains,11.0261,77.1261,371.0,23.49,88.34,0.91,7.43,0.0
20221128,Coimbatore,Sulur_Plains,11.0261,77.1261,371.0,23.53,88.0,0.63,4.86,0.0
20221129,Coimbatore,Sulur_Plains,11.0261,77.1261,371.0,23.2,89.44,1.12,5.23,0.0
20221130,Coimbatore,Sulur_Plains,11.0261,77.1261,371.0,21.89,84.49,1.4,0.99,0.0
20221201,Coimbatore,Sulur_Plains,11.0261,77.1261,371.0,22.07,86.24,1.57,0.46,0.0
20221202,Coimbatore,Sulur_Plains,11.0261,77.1261,371.0,23.38,86.05,1.59,0.27,0.0
20221203,Coimbatore,Sulur_Plains,11.0261,77.1261,371.0,23.15,86.09,1.92,1.18,0.0
20221204,Coimbatore,Sulur_Plains,11.0261,77.1261,371.0,22.96,88.8,1.81,7.26,16.045442581176758
20221205,Coimbatore,Sulur_Plains,11.0261,77.1261,371.0,21.64,89.13,1.78,0.94,16.045442581176758
20221206,Coimbatore,Sulur_Plains,11.0261,77.1261,371.0,22.85,83.21,1.36,0.0,0.0
20221207,Coimbatore,Sulur_Plains,11.0261,77.1261,371.0,22.11,78.31,0.91,0.0,0.0
20221208,Coimbatore,Sulur_Plains,11.0261,77.1261,371.0,21.45,72.3,0.82,1.15,16.835365295410156
20221209,Coimbatore,Sulur_Plains,11.0261,77.1261,371.0,19.97,88.9,1.31,10.44,5.611788749694824
20221210,Coimbatore,Sulur_Plains,11.0261,77.1261,371.0,21.41,88.58,2.53,10.29,0.0
20221211,Coimbatore,Sulur_Plains,11.0261,77.1261,371.0,22.3,92.18,2.3,9.16,0.0
20221212,Coimbatore,Sulur_Plains,11.0261,77.1261,371.0,22.81,90.47,1.65,10.54,0.0
20221213,Coimbatore,Sulur_Plains,11.0261,77.1261,371.0,23.02,88.04,0.98,18.86,0.0
20221214,Coimbatore,Sulur_Plains,11.0261,77.1261,371.0,22.44,89.59,1.71,8.58,0.0
20221215,Coimbatore,Sulur_Plains,11.0261,77.1261,371.0,21.85,84.1,1.64,0.31,0.0
20221216,Coimbatore,Sulur_Plains,11.0261,77.1261,371.0,20.93,76.4,1.45,0.0,0.0
20221217,Coimbatore,Sulur_Plains,11.0261,77.1261,371.0,21.29,83.34,1.67,0.0,0.0
20221218,Coimbatore,Sulur_Plains,11.0261,77.1261,371.0,22.07,86.54,1.91,0.0,0.0
20221219,Coimbatore,Sulur_Plains,11.0261,77.1261,371.0,21.4,78.92,1.74,0.0,0.0
20221220,Coimbatore,Sulur_Plains,11.0261,77.1261,371.0,21.6,84.8,1.3,0.0,0.0
20221221,Coimbatore,Sulur_Plains,11.0261,77.1261,371.0,22.32,77.17,1.42,0.0,0.0
20221222,Coimbatore,Sulur_Plains,11.0261,77.1261,371.0,21.54,70.76,1.27,0.0,0.0
20221223,Coimbatore,Sulur_Plains,11.0261,77.1261,371.0,22.19,72.43,1.03,0.0,0.0
20221224,Coimbatore,Sulur_Plains,11.0261,77.1261,371.0,23.3,79.75,1.06,0.0,0.0
20221225,Coimbatore,Sulur_Plains,11.0261,77.1261,371.0,23.19,83.95,1.77,8.83,11.677248001098633
20221226,Coimbatore,Sulur_Plains,11.0261,77.1261,371.0,23.01,88.14,2.48,5.78,10.337594032287598
20221227,Coimbatore,Sulur_Plains,11.0261,77.1261,371.0,22.77,87.52,2.44,1.91,0.0
20221228,Coimbatore,Sulur_Plains,11.0261,77.1261,371.0,23.03,84.77,1.92,0.34,0.0
20221229,Coimbatore,Sulur_Plains,11.0261,77.1261,371.0,22.49,82.92,1.83,0.0,0.0
20221230,Coimbatore,Sulur_Plains,11.0261,77.1261,371.0,21.61,78.83,1.67,0.0,0.0
20221231,Coimbatore,Sulur_Plains,11.0261,77.1261,371.0,21.55,74.48,1.31,0.0,0.0
20230101,Coimbatore,Sulur_Plains,11.0261,77.1261,371.0,21.14,74.05,1.31,0.0,0.0
20230102,Coimbatore,Sulur_Plains,11.0261,77.1261,371.0,20.62,76.86,1.84,0.0,0.0
20230103,Coimbatore,Sulur_Plains,11.0261,77.1261,371.0,21.18,78.21,1.78,0.0,0.0
20230104,Coimbatore,Sulur_Plains,11.0261,77.1261,371.0,21.42,77.24,1.81,0.0,0.0
20230105,Coimbatore,Sulur_Plains,11.0261,77.1261,371.0,21.21,75.8,1.93,0.0,0.0
20230106,Coimbatore,Sulur_Plains,11.0261,77.1261,371.0,21.47,77.32,2.14,0.0,0.0
20230107,Coimbatore,Sulur_Plains,11.0261,77.1261,371.0,21.66,76.08,2.18,0.0,0.0
20230108,Coimbatore,Sulur_Plains,11.0261,77.1261,371.0,22.23,77.8,1.75,0.01,0.0
20230109,Coimbatore,Sulur_Plains,11.0261,77.1261,371.0,21.93,74.83,1.74,0.0,0.0
20230110,Coimbatore,Sulur_Plains,11.0261,77.1261,371.0,20.16,67.41,1.92,0.0,0.0
20230111,Coimbatore,Sulur_Plains,11.0261,77.1261,371.0,20.63,66.6,1.58,0.0,0.0
20230112,Coimbatore,Sulur_Plains,11.0261,77.1261,371.0,20.63,65.49,1.58,0.0,0.0
20230113,Coimbatore,Sulur_Plains,11.0261,77.1261,371.0,20.95,67.22,1.34,0.0,1.7570511102676392
20230114,Coimbatore,Sulur_Plains,11.0261,77.1261,371.0,21.07,66.81,1.31,0.0,0.0
20230115,Coimbatore,Sulur_Plains,11.0261,77.1261,371.0,20.88,67.26,1.41,0.0,0.0
20230116,Coimbatore,Sulur_Plains,11.0261,77.1261,371.0,21.04,66.36,1.53,0.0,0.0
20230117,Coimbatore,Sulur_Plains,11.0261,77.1261,371.0,21.03,68.25,1.5,0.0,0.0
20230118,Coimbatore,Sulur_Plains,11.0261,77.1261,371.0,20.89,70.57,1.88,0.0,0.0
20230119,Coimbatore,Sulur_Plains,11.0261,77.1261,371.0,21.08,66.29,1.86,0.0,0.0
20230120,Coimbatore,Sulur_Plains,11.0261,77.1261,371.0,20.72,72.48,2.05,0.0,0.0
20230121,Coimbatore,Sulur_Plains,11.0261,77.1261,371.0,22.03,70.23,1.68,0.0,0.0
20230122,Coimbatore,Sulur_Plains,11.0261,77.1261,371.0,21.85,67.43,1.82,0.0,0.0
20230123,Coimbatore,Sulur_Plains,11.0261,77.1261,371.0,22.79,74.43,1.64,1.26,0.0
20230124,Coimbatore,Sulur_Plains,11.0261,77.1261,371.0,22.93,81.9,1.45,4.34,0.0
20230125,Coimbatore,Sulur_Plains,11.0261,77.1261,371.0,22.91,71.57,1.62,0.12,0.0
20230126,Coimbatore,Sulur_Plains,11.0261,77.1261,371.0,22.03,68.68,1.64,0.0,0.0
20230127,Coimbatore,Sulur_Plains,11.0261,77.1261,371.0,21.62,64.6,1.72,0.0,0.0
20230128,Coimbatore,Sulur_Plains,11.0261,77.1261,371.0,21.49,59.44,1.79,0.0,0.0
20230129,Coimbatore,Sulur_Plains,11.0261,77.1261,371.0,22.02,65.11,1.86,0.0,0.0
20230130,Coimbatore,Sulur_Plains,11.0261,77.1261,371.0,23.68,74.82,1.34,0.25,0.0
20230131,Coimbatore,Sulur_Plains,11.0261,77.1261,371.0,24.63,66.41,1.57,0.19,0.0
20230201,Coimbatore,Sulur_Plains,11.0261,77.1261,371.0,24.41,58.13,1.72,0.0,0.0
20230202,Coimbatore,Sulur_Plains,11.0261,77.1261,371.0,23.29,64.32,2.11,1.08,0.0
20230203,Coimbatore,Sulur_Plains,11.0261,77.1261,371.0,23.89,71.46,1.94,2.16,5.129211902618408
20230204,Coimbatore,Sulur_Plains,11.0261,77.1261,371.0,24.08,71.54,2.27,3.17,0.0
20230205,Coimbatore,Sulur_Plains,11.0261,77.1261,371.0,24.15,59.18,1.77,0.03,0.0
20230206,Coimbatore,Sulur_Plains,11.0261,77.1261,371.0,23.7,59.86,1.6,0.0,0.0
20230207,Coimbatore,Sulur_Plains,11.0261,77.1261,371.0,24.02,58.24,1.21,0.0,0.0
20230208,Coimbatore,Sulur_Plains,11.0261,77.1261,371.0,23.72,60.4,1.67,0.0,0.0
20230209,Coimbatore,Sulur_Plains,11.0261,77.1261,371.0,23.69,60.96,1.59,0.0,0.0
20230210,Coimbatore,Sulur_Plains,11.0261,77.1261,371.0,23.6,57.51,2.06,0.0,0.0
20230211,Coimbatore,Sulur_Plains,11.0261,77.1261,371.0,23.25,56.29,1.71,0.0,0.0
20230212,Coimbatore,Sulur_Plains,11.0261,77.1261,371.0,23.51,50.91,1.86,0.0,0.0
20230213,Coimbatore,Sulur_Plains,11.0261,77.1261,371.0,23.36,50.3,2.18,0.0,0.0
20230214,Coimbatore,Sulur_Plains,11.0261,77.1261,371.0,23.4,52.97,1.69,0.0,0.0
20230215,Coimbatore,Sulur_Plains,11.0261,77.1261,371.0,23.94,49.49,1.67,0.0,0.0
20230216,Coimbatore,Sulur_Plains,11.0261,77.1261,371.0,23.64,51.43,2.26,0.0,0.0
20230217,Coimbatore,Sulur_Plains,11.0261,77.1261,371.0,23.43,54.66,2.01,0.0,0.0
20230218,Coimbatore,Sulur_Plains,11.0261,77.1261,371.0,23.66,55.2,1.73,0.0,0.0
20230219,Coimbatore,Sulur_Plains,11.0261,77.1261,371.0,24.37,52.62,1.6,0.0,0.0
20230220,Coimbatore,Sulur_Plains,11.0261,77.1261,371.0,25.39,51.35,1.15,0.0,0.0
20230221,Coimbatore,Sulur_Plains,11.0261,77.1261,371.0,25.38,47.43,1.66,0.0,0.0
20230222,Coimbatore,Sulur_Plains,11.0261,77.1261,371.0,25.15,42.65,2.13,0.0,1.7750113010406494
20230223,Coimbatore,Sulur_Plains,11.0261,77.1261,371.0,23.74,47.2,2.14,0.0,0.0
20230224,Coimbatore,Sulur_Plains,11.0261,77.1261,371.0,25.18,51.24,1.58,0.0,0.0
20230225,Coimbatore,Sulur_Plains,11.0261,77.1261,371.0,25.37,41.49,2.15,0.0,0.0
20230226,Coimbatore,Sulur_Plains,11.0261,77.1261,371.0,24.58,41.77,2.38,0.0,0.0
20230227,Coimbatore,Sulur_Plains,11.0261,77.1261,371.0,23.91,47.62,2.41,0.0,0.0
20230228,Coimbatore,Sulur_Plains,11.0261,77.1261,371.0,24.59,51.23,2.39,0.01,0.0
20230301,Coimbatore,Sulur_Plains,11.0261,77.1261,371.0,26.59,56.12,3.12,0.04,0.0
20230302,Coimbatore,Sulur_Plains,11.0261,77.1261,371.0,25.98,46.62,2.86,0.03,0.0
20230303,Coimbatore,Sulur_Plains,11.0261,77.1261,371.0,24.68,35.78,2.71,0.0,0.0
20230304,Coimbatore,Sulur_Plains,11.0261,77.1261,371.0,25.57,44.09,2.67,0.0,0.0
20230305,Coimbatore,Sulur_Plains,11.0261,77.1261,371.0,26.35,49.29,2.36,1.35,0.0
20230306,Coimbatore,Sulur_Plains,11.0261,77.1261,371.0,25.39,38.07,2.17,0.03,0.0
20230307,Coimbatore,Sulur_Plains,11.0261,77.1261,371.0,25.46,39.35,2.22,0.0,0.0
20230308,Coimbatore,Sulur_Plains,11.0261,77.1261,371.0,25.51,48.5,2.59,0.0,0.0
20230309,Coimbatore,Sulur_Plains,11.0261,77.1261,371.0,25.95,49.92,2.51,0.0,0.0
20230310,Coimbatore,Sulur_Plains,11.0261,77.1261,371.0,26.14,46.95,2.3,0.0,0.0
20230311,Coimbatore,Sulur_Plains,11.0261,77.1261,371.0,26.8,46.43,2.21,0.0,0.0
20230312,Coimbatore,Sulur_Plains,11.0261,77.1261,371.0,26.82,49.34,2.66,0.0,0.0
20230313,Coimbatore,Sulur_Plains,11.0261,77.1261,371.0,27.01,52.27,2.5,0.0,0.0
20230314,Coimbatore,Sulur_Plains,11.0261,77.1261,371.0,27.25,42.79,1.64,0.0,0.0
20230315,Coimbatore,Sulur_Plains,11.0261,77.1261,371.0,28.75,44.6,0.94,0.12,4.267400741577148
20230316,Coimbatore,Sulur_Plains,11.0261,77.1261,371.0,28.21,56.08,0.76,0.47,0.0
20230317,Coimbatore,Sulur_Plains,11.0261,77.1261,371.0,27.97,61.26,0.77,7.19,3.483149766921997
20230318,Coimbatore,Sulur_Plains,11.0261,77.1261,371.0,26.99,69.07,1.32,2.47,0.0
20230319,Coimbatore,Sulur_Plains,11.0261,77.1261,371.0,26.87,66.84,1.54,1.25,0.0
20230320,Coimbatore,Sulur_Plains,11.0261,77.1261,371.0,26.62,62.47,1.98,1.33,0.0
20230321,Coimbatore,Sulur_Plains,11.0261,77.1261,371.0,26.53,55.29,2.03,0.09,0.0
20230322,Coimbatore,Sulur_Plains,11.0261,77.1261,371.0,26.62,49.67,1.33,0.02,0.0
20230323,Coimbatore,Sulur_Plains,11.0261,77.1261,371.0,27.63,57.12,1.27,0.34,0.0
20230324,Coimbatore,Sulur_Plains,11.0261,77.1261,371.0,27.99,59.92,0.92,2.44,16.705350875854492
20230325,Coimbatore,Sulur_Plains,11.0261,77.1261,371.0,26.41,73.43,0.86,5.14,0.0
20230326,Coimbatore,Sulur_Plains,11.0261,77.1261,371.0,27.18,67.41,1.0,2.49,0.0
20230327,Coimbatore,Sulur_Plains,11.0261,77.1261,371.0,26.63,70.14,1.15,0.42,0.0
20230328,Coimbatore,Sulur_Plains,11.0261,77.1261,371.0,28.72,61.17,1.16,0.9,0.0
20230329,Coimbatore,Sulur_Plains,11.0261,77.1261,371.0,27.29,71.79,1.02,4.88,0.0
20230330,Coimbatore,Sulur_Plains,11.0261,77.1261,371.0,27.87,65.75,0.87,3.28,0.0
20230331,Coimbatore,Sulur_Plains,11.0261,77.1261,371.0,28.27,63.33,1.03,1.15,0.0
20230401,Coimbatore,Sulur_Plains,11.0261,77.1261,371.0,27.73,62.76,1.35,1.29,1.9211461544036863
20230402,Coimbatore,Sulur_Plains,11.0261,77.1261,371.0,27.12,66.81,1.37,1.77,0.0
20230403,Coimbatore,Sulur_Plains,11.0261,77.1261,371.0,25.4,74.23,0.89,3.47,0.0
20230404,Coimbatore,Sulur_Plains,11.0261,77.1261,371.0,26.38,73.11,0.79,3.17,0.0
20230405,Coimbatore,Sulur_Plains,11.0261,77.1261,371.0,27.9,64.23,0.94,0.18,0.0
20230406,Coimbatore,Sulur_Plains,11.0261,77.1261,371.0,28.23,63.42,0.86,0.03,0.0
20230407,Coimbatore,Sulur_Plains,11.0261,77.1261,371.0,28.59,54.36,1.79,0.01,0.0
20230408,Coimbatore,Sulur_Plains,11.0261,77.1261,371.0,28.66,49.07,2.39,0.01,0.0
20230409,Coimbatore,Sulur_Plains,11.0261,77.1261,371.0,28.58,48.73,1.79,0.03,0.0
20230410,Coimbatore,Sulur_Plains,11.0261,77.1261,371.0,29.12,48.89,2.21,0.36,0.0
20230411,Coimbatore,Sulur_Plains,11.0261,77.1261,371.0,28.94,49.8,1.81,0.49,0.0
20230412,Coimbatore,Sulur_Plains,11.0261,77.1261,371.0,28.98,44.43,1.48,0.0,0.0
20230413,Coimbatore,Sulur_Plains,11.0261,77.1261,371.0,29.8,34.22,1.48,0.0,0.0
20230414,Coimbatore,Sulur_Plains,11.0261,77.1261,371.0,29.18,42.85,1.07,0.0,0.0
20230415,Coimbatore,Sulur_Plains,11.0261,77.1261,371.0,29.73,45.06,1.46,0.0,0.0
20230416,Coimbatore,Sulur_Plains,11.0261,77.1261,371.0,28.81,44.89,1.19,0.0,0.0
20230417,Coimbatore,Sulur_Plains,11.0261,77.1261,371.0,29.26,45.27,1.16,0.0,0.0
20230418,Coimbatore,Sulur_Plains,11.0261,77.1261,371.0,30.14,46.26,1.2,0.0,0.0
20230419,Coimbatore,Sulur_Plains,11.0261,77.1261,371.0,30.1,48.73,1.18,0.0,0.0
20230420,Coimbatore,Sulur_Plains,11.0261,77.1261,371.0,30.11,57.17,2.18,0.0,0.0
20230421,Coimbatore,Sulur_Plains,11.0261,77.1261,371.0,29.94,57.68,2.13,0.28,0.0
20230422,Coimbatore,Sulur_Plains,11.0261,77.1261,371.0,30.17,58.09,1.65,1.93,0.0
20230423,Coimbatore,Sulur_Plains,11.0261,77.1261,371.0,29.75,61.83,1.51,1.45,3.253776788711548
20230424,Coimbatore,Sulur_Plains,11.0261,77.1261,371.0,28.05,65.92,1.08,4.37,0.0
20230425,Coimbatore,Sulur_Plains,11.0261,77.1261,371.0,27.95,66.69,1.18,5.01,3.253776788711548
20230426,Coimbatore,Sulur_Plains,11.0261,77.1261,371.0,25.79,80.64,1.46,8.39,2.9948618412017822
20230427,Coimbatore,Sulur_Plains,11.0261,77.1261,371.0,27.34,71.84,1.44,6.87,0.0
20230428,Coimbatore,Sulur_Plains,11.0261,77.1261,371.0,27.35,68.54,1.49,5.65,2.9948618412017822
20230429,Coimbatore,Sulur_Plains,11.0261,77.1261,371.0,26.89,75.49,1.16,18.81,5.9897236824035645
20230430,Coimbatore,Sulur_Plains,11.0261,77.1261,371.0,26.95,74.32,1.09,3.5,5.9897236824035645
20230501,Coimbatore,Sulur_Plains,11.0261,77.1261,371.0,24.67,87.93,1.09,26.95,7.577832221984863
20230502,Coimbatore,Sulur_Plains,11.0261,77.1261,371.0,26.04,81.97,1.5,10.29,11.366747856140137
20230503,Coimbatore,Sulur_Plains,11.0261,77.1261,371.0,24.71,84.69,1.72,3.96,7.577832221984863
20230504,Coimbatore,Sulur_Plains,11.0261,77.1261,371.0,25.39,79.08,1.27,2.56,3.788916110992432
20230505,Coimbatore,Sulur_Plains,11.0261,77.1261,371.0,24.6,80.16,1.41,2.63,0.0
20230506,Coimbatore,Sulur_Plains,11.0261,77.1261,371.0,25.22,78.55,1.38,6.22,8.197628021240234
20230507,Coimbatore,Sulur_Plains,11.0261,77.1261,371.0,24.51,81.24,1.81,2.21,2.7325427532196045
20230508,Coimbatore,Sulur_Plains,11.0261,77.1261,371.0,25.23,80.32,1.17,3.96,5.465085506439209
20230509,Coimbatore,Sulur_Plains,11.0261,77.1261,371.0,27.0,73.7,1.19,2.04,8.197628021240234
20230510,Coimbatore,Sulur_Plains,11.0261,77.1261,371.0,26.79,76.62,1.33,1.49,0.0
20230511,Coimbatore,Sulur_Plains,11.0261,77.1261,371.0,26.68,78.69,1.29,2.91,7.658733367919922
20230512,Coimbatore,Sulur_Plains,11.0261,77.1261,371.0,26.48,74.75,2.3,0.63,0.0
20230513,Coimbatore,Sulur_Plains,11.0261,77.1261,371.0,26.93,70.96,2.77,0.0,0.0
20230514,Coimbatore,Sulur_Plains,11.0261,77.1261,371.0,26.66,75.04,2.26,0.0,0.0
20230515,Coimbatore,Sulur_Plains,11.0261,77.1261,371.0,27.16,76.94,2.38,0.0,0.0
20230516,Coimbatore,Sulur_Plains,11.0261,77.1261,371.0,28.41,70.91,1.81,0.25,0.0
20230517,Coimbatore,Sulur_Plains,11.0261,77.1261,371.0,26.96,73.9,1.29,2.06,2.279728889465332
20230518,Coimbatore,Sulur_Plains,11.0261,77.1261,371.0,28.27,71.06,1.35,0.5,4.559457778930664
20230519,Coimbatore,Sulur_Plains,11.0261,77.1261,371.0,26.93,77.79,1.3,1.83,2.279728889465332
20230520,Coimbatore,Sulur_Plains,11.0261,77.1261,371.0,27.78,73.18,1.75,1.18,2.279728889465332
20230521,Coimbatore,Sulur_Plains,11.0261,77.1261,371.0,27.29,76.05,1.4,4.7,6.075983047485352
20230522,Coimbatore,Sulur_Plains,11.0261,77.1261,371.0,26.64,79.56,1.3,2.41,0.0
20230523,Coimbatore,Sulur_Plains,11.0261,77.1261,371.0,27.75,71.2,1.5,0.34,0.0
20230524,Coimbatore,Sulur_Plains,11.0261,77.1261,371.0,26.39,80.54,1.72,7.04,2.025327682495117
20230525,Coimbatore,Sulur_Plains,11.0261,77.1261,371.0,26.61,78.99,2.17,2.69,2.025327682495117
20230526,Coimbatore,Sulur_Plains,11.0261,77.1261,371.0,27.2,74.85,2.15,3.32,0.0
20230527,Coimbatore,Sulur_Plains,11.0261,77.1261,371.0,26.75,76.59,1.96,3.5,0.0
20230528,Coimbatore,Sulur_Plains,11.0261,77.1261,371.0,27.27,75.08,1.08,0.82,0.0
20230529,Coimbatore,Sulur_Plains,11.0261,77.1261,371.0,27.19,75.83,0.93,1.72,4.683130264282227
20230530,Coimbatore,Sulur_Plains,11.0261,77.1261,371.0,27.17,75.54,1.63,1.02,14.049391746520996
20230531,Coimbatore,Sulur_Plains,11.0261,77.1261,371.0,26.59,74.49,1.36,1.3,9.366251945495604
20230601,Coimbatore,Sulur_Plains,11.0261,77.1261,371.0,26.5,78.32,2.49,0.46,1.512649655342102
20230602,Coimbatore,Sulur_Plains,11.0261,77.1261,371.0,26.69,76.21,1.89,4.98,1.512649655342102
20230603,Coimbatore,Sulur_Plains,11.0261,77.1261,371.0,27.29,73.47,2.13,1.48,4.537949562072754
20230604,Coimbatore,Sulur_Plains,11.0261,77.1261,371.0,26.11,77.54,2.1,1.65,1.512649655342102
20230605,Coimbatore,Sulur_Plains,11.0261,77.1261,371.0,25.94,80.47,2.52,2.07,3.025299310684204
20230606,Coimbatore,Sulur_Plains,11.0261,77.1261,371.0,26.66,76.23,2.68,2.07,0.0
20230607,Coimbatore,Sulur_Plains,11.0261,77.1261,371.0,26.29,79.34,2.98,3.79,0.0
20230608,Coimbatore,Sulur_Plains,11.0261,77.1261,371.0,26.12,78.9,2.85,3.36,0.0
20230609,Coimbatore,Sulur_Plains,11.0261,77.1261,371.0,26.25,78.55,3.24,2.1,0.0
20230610,Coimbatore,Sulur_Plains,11.0261,77.1261,371.0,25.72,77.61,3.49,1.26,0.0
20230611,Coimbatore,Sulur_Plains,11.0261,77.1261,371.0,26.13,78.24,3.15,0.91,0.0
20230612,Coimbatore,Sulur_Plains,11.0261,77.1261,371.0,26.09,80.93,2.85,6.36,2.2302510738372803
20230613,Coimbatore,Sulur_Plains,11.0261,77.1261,371.0,25.97,80.11,2.97,3.48,2.2302510738372803
20230614,Coimbatore,Sulur_Plains,11.0261,77.1261,371.0,25.45,82.18,2.76,1.77,0.0
20230615,Coimbatore,Sulur_Plains,11.0261,77.1261,371.0,26.76,76.29,2.66,0.31,0.0
20230616,Coimbatore,Sulur_Plains,11.0261,77.1261,371.0,27.2,73.07,3.28,0.18,0.0
20230617,Coimbatore,Sulur_Plains,11.0261,77.1261,371.0,25.1,85.27,2.82,7.29,1.183682203292847
20230618,Coimbatore,Sulur_Plains,11.0261,77.1261,371.0,25.65,80.95,2.38,4.49,0.0
20230619,Coimbatore,Sulur_Plains,11.0261,77.1261,371.0,25.91,72.97,2.05,0.43,0.0
20230620,Coimbatore,Sulur_Plains,11.0261,77.1261,371.0,26.14,76.31,1.82,7.81,4.734728813171387
20230621,Coimbatore,Sulur_Plains,11.0261,77.1261,371.0,26.3,78.4,2.02,13.32,5.546246528625488
20230622,Coimbatore,Sulur_Plains,11.0261,77.1261,371.0,25.31,79.83,2.17,8.53,1.386561632156372
20230623,Coimbatore,Sulur_Plains,11.0261,77.1261,371.0,24.7,75.29,2.61,1.52,0.0
20230624,Coimbatore,Sulur_Plains,11.0261,77.1261,371.0,24.65,78.94,2.7,0.21,0.0
20230625,Coimbatore,Sulur_Plains,11.0261,77.1261,371.0,24.57,82.11,2.68,3.89,1.386561632156372
20230626,Coimbatore,Sulur_Plains,11.0261,77.1261,371.0,24.31,74.87,2.8,0.54,0.0
20230627,Coimbatore,Sulur_Plains,11.0261,77.1261,371.0,24.41,79.77,2.85,5.33,2.099277973175049
20230628,Coimbatore,Sulur_Plains,11.0261,77.1261,371.0,24.98,75.91,2.96,1.46,0.0
20230629,Coimbatore,Sulur_Plains,11.0261,77.1261,371.0,25.15,79.0,3.13,3.2,0.0
20230630,Coimbatore,Sulur_Plains,11.0261,77.1261,371.0,24.41,78.0,2.48,1.56,0.0
20230701,Coimbatore,Sulur_Plains,11.0261,77.1261,371.0,25.53,78.23,2.32,1.74,0.801475465297699
20230702,Coimbatore,Sulur_Plains,11.0261,77.1261,371.0,24.24,77.99,3.12,4.04,0.801475465297699
20230703,Coimbatore,Sulur_Plains,11.0261,77.1261,371.0,24.71,82.28,3.91,11.05,0.0
20230704,Coimbatore,Sulur_Plains,11.0261,77.1261,371.0,24.52,82.54,4.63,9.63,0.801475465297699
20230705,Coimbatore,Sulur_Plains,11.0261,77.1261,371.0,23.66,85.91,4.45,15.37,0.801475465297699
20230706,Coimbatore,Sulur_Plains,11.0261,77.1261,371.0,24.12,84.96,3.98,10.31,0.0
20230707,Coimbatore,Sulur_Plains,11.0261,77.1261,371.0,23.8,84.69,3.57,9.92,0.0
20230708,Coimbatore,Sulur_Plains,11.0261,77.1261,371.0,24.37,81.24,2.64,4.42,0.0
20230709,Coimbatore,Sulur_Plains,11.0261,77.1261,371.0,24.66,81.42,2.36,2.56,0.0
20230710,Coimbatore,Sulur_Plains,11.0261,77.1261,371.0,25.22,82.63,1.89,4.47,3.3152449131011963
20230711,Coimbatore,Sulur_Plains,11.0261,77.1261,371.0,24.94,80.71,2.26,3.35,0.0
20230712,Coimbatore,Sulur_Plains,11.0261,77.1261,371.0,24.61,78.51,2.71,0.66,0.4608636498451233
20230713,Coimbatore,Sulur_Plains,11.0261,77.1261,371.0,24.18,76.97,2.8,2.26,0.9217272996902466
20230714,Coimbatore,Sulur_Plains,11.0261,77.1261,371.0,24.39,79.31,3.07,0.37,0.0
20230715,Coimbatore,Sulur_Plains,11.0261,77.1261,371.0,24.85,79.43,2.74,0.33,0.0
20230716,Coimbatore,Sulur_Plains,11.0261,77.1261,371.0,25.27,81.34,2.67,0.89,0.0
20230717,Coimbatore,Sulur_Plains,11.0261,77.1261,371.0,25.05,82.15,3.12,0.89,0.0
20230718,Coimbatore,Sulur_Plains,11.0261,77.1261,371.0,24.63,84.27,3.89,4.5,0.0
20230719,Coimbatore,Sulur_Plains,11.0261,77.1261,371.0,24.73,82.13,4.73,4.46,0.0
20230720,Coimbatore,Sulur_Plains,11.0261,77.1261,371.0,25.13,80.87,4.62,1.94,0.0
20230721,Coimbatore,Sulur_Plains,11.0261,77.1261,371.0,24.58,81.26,4.78,2.82,0.7397288680076599
20230722,Coimbatore,Sulur_Plains,11.0261,77.1261,371.0,24.14,80.89,4.68,6.36,0.0
20230723,Coimbatore,Sulur_Plains,11.0261,77.1261,371.0,23.74,83.82,4.23,14.02,0.7397288680076599
20230724,Coimbatore,Sulur_Plains,11.0261,77.1261,371.0,23.25,85.55,3.97,11.41,1.4794577360153198
20230725,Coimbatore,Sulur_Plains,11.0261,77.1261,371.0,22.81,86.09,3.19,5.66,0.0
20230726,Coimbatore,Sulur_Plains,11.0261,77.1261,371.0,23.66,82.44,3.93,4.07,1.261084794998169
20230727,Coimbatore,Sulur_Plains,11.0261,77.1261,371.0,23.99,81.11,3.86,0.99,0.0
20230728,Coimbatore,Sulur_Plains,11.0261,77.1261,371.0,24.33,79.57,3.73,0.55,0.0
20230729,Coimbatore,Sulur_Plains,11.0261,77.1261,371.0,24.87,79.28,3.57,0.08,0.0
20230730,Coimbatore,Sulur_Plains,11.0261,77.1261,371.0,25.13,78.81,3.37,0.04,0.0
20230731,Coimbatore,Sulur_Plains,11.0261,77.1261,371.0,25.38,78.75,3.68,0.21,0.0
20230801,Coimbatore,Sulur_Plains,11.0261,77.1261,371.0,25.23,78.54,3.61,0.12,0.0
20230802,Coimbatore,Sulur_Plains,11.0261,77.1261,371.0,24.58,80.5,3.48,0.71,0.0
20230803,Coimbatore,Sulur_Plains,11.0261,77.1261,371.0,25.11,80.02,3.54,0.9,0.0
20230804,Coimbatore,Sulur_Plains,11.0261,77.1261,371.0,25.22,80.15,3.29,0.61,0.0
20230805,Coimbatore,Sulur_Plains,11.0261,77.1261,371.0,25.53,77.79,3.25,0.21,0.0
20230806,Coimbatore,Sulur_Plains,11.0261,77.1261,371.0,25.8,78.12,2.87,0.87,0.0
20230807,Coimbatore,Sulur_Plains,11.0261,77.1261,371.0,25.82,78.23,2.7,0.31,0.0
20230808,Coimbatore,Sulur_Plains,11.0261,77.1261,371.0,25.09,80.81,2.29,5.33,0.0
20230809,Coimbatore,Sulur_Plains,11.0261,77.1261,371.0,25.21,80.44,2.09,3.56,4.4623799324035645
20230810,Coimbatore,Sulur_Plains,11.0261,77.1261,371.0,24.96,83.89,1.51,6.6,2.9749200344085693
20230811,Coimbatore,Sulur_Plains,11.0261,77.1261,371.0,25.75,81.22,1.29,5.3,3.808156967163086
20230812,Coimbatore,Sulur_Plains,11.0261,77.1261,371.0,24.98,82.87,2.01,4.82,1.269385576248169
20230813,Coimbatore,Sulur_Plains,11.0261,77.1261,371.0,25.52,78.68,2.3,1.3,0.0
20230814,Coimbatore,Sulur_Plains,11.0261,77.1261,371.0,25.35,76.68,2.42,0.05,0.0
20230815,Coimbatore,Sulur_Plains,11.0261,77.1261,371.0,24.99,76.94,2.43,0.07,0.0
20230816,Coimbatore,Sulur_Plains,11.0261,77.1261,371.0,25.56,75.94,2.6,0.04,0.0
20230817,Coimbatore,Sulur_Plains,11.0261,77.1261,371.0,25.67,76.98,3.19,0.02,0.0
20230818,Coimbatore,Sulur_Plains,11.0261,77.1261,371.0,24.95,78.29,3.22,0.19,0.0
20230819,Coimbatore,Sulur_Plains,11.0261,77.1261,371.0,25.22,78.32,3.4,0.25,0.0
20230820,Coimbatore,Sulur_Plains,11.0261,77.1261,371.0,26.04,76.97,2.95,0.42,0.0
20230821,Coimbatore,Sulur_Plains,11.0261,77.1261,371.0,26.64,73.71,2.29,0.08,0.0
20230822,Coimbatore,Sulur_Plains,11.0261,77.1261,371.0,26.46,77.14,1.77,2.26,0.9944924116134644
20230823,Coimbatore,Sulur_Plains,11.0261,77.1261,371.0,26.24,75.47,2.34,3.47,0.9944924116134644
20230824,Coimbatore,Sulur_Plains,11.0261,77.1261,371.0,26.01,75.42,2.62,0.67,0.0
20230825,Coimbatore,Sulur_Plains,11.0261,77.1261,371.0,25.39,75.49,2.31,0.0,0.0
20230826,Coimbatore,Sulur_Plains,11.0261,77.1261,371.0,25.93,75.72,2.21,0.15,0.0
20230827,Coimbatore,Sulur_Plains,11.0261,77.1261,371.0,26.04,76.01,2.16,0.59,2.460898160934448
20230828,Coimbatore,Sulur_Plains,11.0261,77.1261,371.0,26.33,74.45,2.3,0.27,0.0
20230829,Coimbatore,Sulur_Plains,11.0261,77.1261,371.0,25.54,79.14,2.14,7.92,7.382694721221924
20230830,Coimbatore,Sulur_Plains,11.0261,77.1261,371.0,24.45,84.68,2.52,7.19,4.9217963218688965
20230831,Coimbatore,Sulur_Plains,11.0261,77.1261,371.0,25.38,80.83,2.25,6.2,4.9217963218688965
20230901,Coimbatore,Sulur_Plains,11.0261,77.1261,371.0,25.24,83.07,1.63,17.23,10.33588409423828
20230902,Coimbatore,Sulur_Plains,11.0261,77.1261,371.0,24.59,83.94,2.55,8.49,0.0
20230903,Coimbatore,Sulur_Plains,11.0261,77.1261,371.0,23.94,82.12,2.95,4.88,0.0
20230904,Coimbatore,Sulur_Plains,11.0261,77.1261,371.0,23.59,82.39,2.95,1.02,0.0
20230905,Coimbatore,Sulur_Plains,11.0261,77.1261,371.0,23.7,82.81,3.19,4.91,0.0
20230906,Coimbatore,Sulur_Plains,11.0261,77.1261,371.0,23.28,84.55,2.74,6.92,0.0
20230907,Coimbatore,Sulur_Plains,11.0261,77.1261,371.0,23.47,83.3,2.63,6.69,0.0
20230908,Coimbatore,Sulur_Plains,11.0261,77.1261,371.0,24.19,80.75,3.13,1.45,0.0
20230909,Coimbatore,Sulur_Plains,11.0261,77.1261,371.0,24.69,81.67,3.17,2.71,0.0
20230910,Coimbatore,Sulur_Plains,11.0261,77.1261,371.0,23.77,80.12,3.55,5.1,0.0
20230911,Coimbatore,Sulur_Plains,11.0261,77.1261,371.0,23.68,79.97,3.08,4.43,0.0
20230912,Coimbatore,Sulur_Plains,11.0261,77.1261,371.0,24.23,81.72,2.53,1.27,5.335684299468994
20230913,Coimbatore,Sulur_Plains,11.0261,77.1261,371.0,25.26,79.32,2.76,0.72,0.0
20230914,Coimbatore,Sulur_Plains,11.0261,77.1261,371.0,24.21,83.84,2.79,2.54,0.0
20230915,Coimbatore,Sulur_Plains,11.0261,77.1261,371.0,23.37,84.59,2.99,3.33,0.0
20230916,Coimbatore,Sulur_Plains,11.0261,77.1261,371.0,24.53,82.57,2.84,3.92,0.0
20230917,Coimbatore,Sulur_Plains,11.0261,77.1261,371.0,24.83,83.62,2.32,11.72,4.263937950134277
20230918,Coimbatore,Sulur_Plains,11.0261,77.1261,371.0,24.82,83.72,2.48,13.01,8.527875900268555
20230919,Coimbatore,Sulur_Plains,11.0261,77.1261,371.0,24.87,84.7,2.51,13.87,0.0
20230920,Coimbatore,Sulur_Plains,11.0261,77.1261,371.0,24.49,84.14,2.17,3.04,0.0
20230921,Coimbatore,Sulur_Plains,11.0261,77.1261,371.0,23.98,84.96,1.72,6.45,3.9789011478424072
20230922,Coimbatore,Sulur_Plains,11.0261,77.1261,371.0,24.41,86.18,1.75,5.42,1.989450573921204
20230923,Coimbatore,Sulur_Plains,11.0261,77.1261,371.0,24.45,85.17,2.43,5.02,3.9789011478424072
20230924,Coimbatore,Sulur_Plains,11.0261,77.1261,371.0,23.89,87.05,2.03,2.09,0.0
20230925,Coimbatore,Sulur_Plains,11.0261,77.1261,371.0,24.84,81.31,2.16,0.97,3.9789011478424072
20230926,Coimbatore,Sulur_Plains,11.0261,77.1261,371.0,24.8,81.99,2.35,2.64,0.0
20230927,Coimbatore,Sulur_Plains,11.0261,77.1261,371.0,24.41,79.93,2.58,2.77,5.890776634216309
20230928,Coimbatore,Sulur_Plains,11.0261,77.1261,371.0,23.87,83.86,2.94,5.11,0.0
20230929,Coimbatore,Sulur_Plains,11.0261,77.1261,371.0,23.23,87.71,3.08,5.49,0.0
20230930,Coimbatore,Sulur_Plains,11.0261,77.1261,371.0,24.01,84.78,3.03,9.89,0.0
20231001,Coimbatore,Sulur_Plains,11.0261,77.1261,371.0,24.63,87.07,3.43,7.67,0.0
20231002,Coimbatore,Sulur_Plains,11.0261,77.1261,371.0,24.73,85.68,2.69,4.01,0.0
20231003,Coimbatore,Sulur_Plains,11.0261,77.1261,371.0,25.0,81.25,2.2,0.27,0.0
20231004,Coimbatore,Sulur_Plains,11.0261,77.1261,371.0,25.08,79.64,2.06,0.1,0.0
20231005,Coimbatore,Sulur_Plains,11.0261,77.1261,371.0,24.78,76.3,2.0,0.11,0.0
20231006,Coimbatore,Sulur_Plains,11.0261,77.1261,371.0,24.12,73.19,1.87,0.09,0.0
20231007,Coimbatore,Sulur_Plains,11.0261,77.1261,371.0,24.32,74.21,1.28,0.72,0.0
20231008,Coimbatore,Sulur_Plains,11.0261,77.1261,371.0,25.04,80.15,1.43,8.2,0.0
20231009,Coimbatore,Sulur_Plains,11.0261,77.1261,371.0,24.96,83.63,1.36,8.77,22.5084228515625
20231010,Coimbatore,Sulur_Plains,11.0261,77.1261,371.0,25.11,81.2,1.5,7.88,0.0
20231011,Coimbatore,Sulur_Plains,11.0261,77.1261,371.0,23.54,86.88,1.53,13.26,31.08422088623047
20231012,Coimbatore,Sulur_Plains,11.0261,77.1261,371.0,24.2,86.68,0.81,3.37,0.0
20231013,Coimbatore,Sulur_Plains,11.0261,77.1261,371.0,25.17,76.78,0.95,2.12,0.0
20231014,Coimbatore,Sulur_Plains,11.0261,77.1261,371.0,24.33,82.82,0.58,19.59,15.542110443115234
20231015,Coimbatore,Sulur_Plains,11.0261,77.1261,371.0,23.33,92.58,0.89,23.56,0.0
20231016,Coimbatore,Sulur_Plains,11.0261,77.1261,371.0,24.25,84.76,1.11,7.56,17.984682083129883
20231017,Coimbatore,Sulur_Plains,11.0261,77.1261,371.0,23.05,86.29,0.87,13.82,0.0
20231018,Coimbatore,Sulur_Plains,11.0261,77.1261,371.0,24.86,79.36,1.15,1.33,0.0
20231019,Coimbatore,Sulur_Plains,11.0261,77.1261,371.0,25.24,77.03,1.01,1.27,0.0
20231020,Coimbatore,Sulur_Plains,11.0261,77.1261,371.0,25.16,77.68,1.11,1.04,0.0
20231021,Coimbatore,Sulur_Plains,11.0261,77.1261,371.0,25.06,78.51,1.18,0.53,0.0
20231022,Coimbatore,Sulur_Plains,11.0261,77.1261,371.0,25.05,79.29,0.97,0.28,0.0
20231023,Coimbatore,Sulur_Plains,11.0261,77.1261,371.0,24.55,83.63,0.7,0.45,0.0
20231024,Coimbatore,Sulur_Plains,11.0261,77.1261,371.0,24.98,80.61,0.74,1.65,0.0
20231025,Coimbatore,Sulur_Plains,11.0261,77.1261,371.0,24.89,82.6,0.55,20.98,0.0
20231026,Coimbatore,Sulur_Plains,11.0261,77.1261,371.0,25.03,81.67,0.78,5.43,0.0
20231027,Coimbatore,Sulur_Plains,11.0261,77.1261,371.0,24.96,80.42,1.01,0.29,0.0
20231028,Coimbatore,Sulur_Plains,11.0261,77.1261,371.0,24.97,81.1,1.06,0.4,0.0
20231029,Coimbatore,Sulur_Plains,11.0261,77.1261,371.0,23.66,87.35,1.26,6.47,9.1931791305542
20231030,Coimbatore,Sulur_Plains,11.0261,77.1261,371.0,23.03,89.46,1.42,9.52,9.1931791305542
20231031,Coimbatore,Sulur_Plains,11.0261,77.1261,371.0,23.48,85.23,1.2,6.11,0.0
20231101,Coimbatore,Sulur_Plains,11.0261,77.1261,371.0,24.28,84.84,0.9,18.05,11.318123817443848
20231102,Coimbatore,Sulur_Plains,11.0261,77.1261,371.0,24.6,84.41,1.4,5.69,11.318123817443848
20231103,Coimbatore,Sulur_Plains,11.0261,77.1261,371.0,24.14,87.07,1.16,7.83,22.63624763488769
20231104,Coimbatore,Sulur_Plains,11.0261,77.1261,371.0,24.36,87.39,0.61,30.29,45.27249526977539
20231105,Coimbatore,Sulur_Plains,11.0261,77.1261,371.0,22.75,92.56,0.63,11.03,11.318123817443848
20231106,Coimbatore,Sulur_Plains,11.0261,77.1261,371.0,24.48,82.86,0.35,8.44,11.968384742736816
20231107,Coimbatore,Sulur_Plains,11.0261,77.1261,371.0,23.64,90.61,1.05,16.49,5.984192371368408
20231108,Coimbatore,Sulur_Plains,11.0261,77.1261,371.0,24.09,86.77,0.81,21.13,11.968384742736816
20231109,Coimbatore,Sulur_Plains,11.0261,77.1261,371.0,23.04,89.5,1.21,15.16,5.984192371368408
20231110,Coimbatore,Sulur_Plains,11.0261,77.1261,371.0,23.02,87.39,1.53,1.56,0.0
20231111,Coimbatore,Sulur_Plains,11.0261,77.1261,371.0,23.11,86.51,1.61,0.38,0.0
20231112,Coimbatore,Sulur_Plains,11.0261,77.1261,371.0,22.3,81.99,1.53,0.06,0.0
20231113,Coimbatore,Sulur_Plains,11.0261,77.1261,371.0,22.59,84.13,1.38,0.53,0.0
20231114,Coimbatore,Sulur_Plains,11.0261,77.1261,371.0,22.0,85.19,1.56,3.67,0.0
20231115,Coimbatore,Sulur_Plains,11.0261,77.1261,371.0,23.41,76.88,0.83,0.69,0.0
20231116,Coimbatore,Sulur_Plains,11.0261,77.1261,371.0,23.93,85.14,0.78,0.27,0.0
20231117,Coimbatore,Sulur_Plains,11.0261,77.1261,371.0,24.43,84.82,1.06,1.14,0.0
20231118,Coimbatore,Sulur_Plains,11.0261,77.1261,371.0,24.34,86.41,1.4,0.58,0.0
20231119,Coimbatore,Sulur_Plains,11.0261,77.1261,371.0,23.68,85.77,2.0,0.26,0.0
20231120,Coimbatore,Sulur_Plains,11.0261,77.1261,371.0,24.08,82.76,1.11,0.0,0.0
20231121,Coimbatore,Sulur_Plains,11.0261,77.1261,371.0,24.48,85.82,0.77,6.4,14.466328620910645
20231122,Coimbatore,Sulur_Plains,11.0261,77.1261,371.0,23.62,92.98,0.76,31.16,21.699493408203125
20231123,Coimbatore,Sulur_Plains,11.0261,77.1261,371.0,23.49,90.96,1.86,8.34,14.466328620910645
20231124,Coimbatore,Sulur_Plains,11.0261,77.1261,371.0,23.17,89.95,1.56,2.52,0.0
20231125,Coimbatore,Sulur_Plains,11.0261,77.1261,371.0,23.71,89.82,1.78,4.32,0.0
20231126,Coimbatore,Sulur_Plains,11.0261,77.1261,371.0,23.31,90.27,2.57,3.49,0.0
20231127,Coimbatore,Sulur_Plains,11.0261,77.1261,371.0,23.7,87.94,1.99,2.84,0.0
20231128,Coimbatore,Sulur_Plains,11.0261,77.1261,371.0,23.34,89.92,1.56,2.08,0.0
20231129,Coimbatore,Sulur_Plains,11.0261,77.1261,371.0,23.0,90.59,1.65,2.2,0.0
20231130,Coimbatore,Sulur_Plains,11.0261,77.1261,371.0,22.73,89.2,1.57,1.19,0.0
20231201,Coimbatore,Sulur_Plains,11.0261,77.1261,371.0,23.63,85.92,1.11,0.84,0.0
20231202,Coimbatore,Sulur_Plains,11.0261,77.1261,371.0,24.21,80.17,0.8,0.65,2.45957350730896
20231203,Coimbatore,Sulur_Plains,11.0261,77.1261,371.0,24.8,85.35,1.02,2.69,2.45957350730896
20231204,Coimbatore,Sulur_Plains,11.0261,77.1261,371.0,24.81,85.35,1.2,0.86,7.378720283508301
20231205,Coimbatore,Sulur_Plains,11.0261,77.1261,371.0,24.29,87.31,1.29,0.02,2.45957350730896
20231206,Coimbatore,Sulur_Plains,11.0261,77.1261,371.0,24.28,86.0,0.88,0.0,0.0
20231207,Coimbatore,Sulur_Plains,11.0261,77.1261,371.0,24.29,86.82,0.76,3.94,0.0
20231208,Coimbatore,Sulur_Plains,11.0261,77.1261,371.0,23.37,95.3,0.49,29.61,16.719688415527344
20231209,Coimbatore,Sulur_Plains,11.0261,77.1261,371.0,23.15,91.52,1.55,17.5,5.5732293128967285
20231210,Coimbatore,Sulur_Plains,11.0261,77.1261,371.0,23.33,87.76,1.7,2.15,0.0
20231211,Coimbatore,Sulur_Plains,11.0261,77.1261,371.0,22.72,86.2,1.53,1.21,0.0
20231212,Coimbatore,Sulur_Plains,11.0261,77.1261,371.0,22.37,89.42,1.43,0.63,0.0
20231213,Coimbatore,Sulur_Plains,11.0261,77.1261,371.0,22.09,87.05,1.69,0.01,0.0
20231214,Coimbatore,Sulur_Plains,11.0261,77.1261,371.0,21.24,83.13,1.81,0.01,0.0
20231215,Coimbatore,Sulur_Plains,11.0261,77.1261,371.0,22.14,88.8,1.45,0.06,0.0
20231216,Coimbatore,Sulur_Plains,11.0261,77.1261,371.0,23.74,87.46,1.77,1.82,0.0
20231217,Coimbatore,Sulur_Plains,11.0261,77.1261,371.0,22.5,92.44,2.6,15.11,8.914022445678711
20231218,Coimbatore,Sulur_Plains,11.0261,77.1261,371.0,21.53,91.93,2.51,4.29,0.0
20231219,Coimbatore,Sulur_Plains,11.0261,77.1261,371.0,20.99,88.12,2.44,0.92,0.0
20231220,Coimbatore,Sulur_Plains,11.0261,77.1261,371.0,22.06,86.14,2.2,1.16,0.0
20231221,Coimbatore,Sulur_Plains,11.0261,77.1261,371.0,22.36,89.8,2.01,0.9,0.0
20231222,Coimbatore,Sulur_Plains,11.0261,77.1261,371.0,22.94,87.36,1.61,0.06,0.0
20231223,Coimbatore,Sulur_Plains,11.0261,77.1261,371.0,21.14,85.11,1.8,0.0,0.0
20231224,Coimbatore,Sulur_Plains,11.0261,77.1261,371.0,20.98,84.98,1.69,0.05,0.0
20231225,Coimbatore,Sulur_Plains,11.0261,77.1261,371.0,22.92,87.73,2.46,0.61,0.0
20231226,Coimbatore,Sulur_Plains,11.0261,77.1261,371.0,21.73,81.88,2.47,0.03,0.0
20231227,Coimbatore,Sulur_Plains,11.0261,77.1261,371.0,21.58,82.04,2.43,0.0,0.0
20231228,Coimbatore,Sulur_Plains,11.0261,77.1261,371.0,22.42,84.81,2.57,0.04,0.0
20231229,Coimbatore,Sulur_Plains,11.0261,77.1261,371.0,22.92,85.66,2.48,0.44,0.0
20231230,Coimbatore,Sulur_Plains,11.0261,77.1261,371.0,22.02,85.55,2.32,0.53,0.0
20231231,Coimbatore,Sulur_Plains,11.0261,77.1261,371.0,21.51,80.82,2.01,0.01,0.0
20190101,Coimbatore,Valparai_Hill,10.3273,76.9536,1065.0,20.37,63.57,2.01,0.0,0.0
20190102,Coimbatore,Valparai_Hill,10.3273,76.9536,1065.0,19.84,64.52,2.2,0.0,0.0
20190103,Coimbatore,Valparai_Hill,10.3273,76.9536,1065.0,20.33,65.91,2.19,0.0,0.0
20190104,Coimbatore,Valparai_Hill,10.3273,76.9536,1065.0,20.31,64.99,2.34,0.0,0.0
20190105,Coimbatore,Valparai_Hill,10.3273,76.9536,1065.0,20.27,67.04,1.96,0.0,0.0
20190106,Coimbatore,Valparai_Hill,10.3273,76.9536,1065.0,20.83,68.13,1.74,0.0,0.0
20190107,Coimbatore,Valparai_Hill,10.3273,76.9536,1065.0,21.42,67.0,1.7,0.0,0.0
20190108,Coimbatore,Valparai_Hill,10.3273,76.9536,1065.0,22.04,62.59,1.76,0.0,0.0
20190109,Coimbatore,Valparai_Hill,10.3273,76.9536,1065.0,21.27,60.49,1.79,0.0,0.0
20190110,Coimbatore,Valparai_Hill,10.3273,76.9536,1065.0,21.25,61.81,1.8,0.0,0.0
20190111,Coimbatore,Valparai_Hill,10.3273,76.9536,1065.0,21.85,64.53,1.56,0.0,0.0
20190112,Coimbatore,Valparai_Hill,10.3273,76.9536,1065.0,21.86,64.05,1.89,0.0,0.0
20190113,Coimbatore,Valparai_Hill,10.3273,76.9536,1065.0,21.73,58.39,1.73,0.0,0.0
20190114,Coimbatore,Valparai_Hill,10.3273,76.9536,1065.0,22.17,66.4,1.79,0.0,0.0
20190115,Coimbatore,Valparai_Hill,10.3273,76.9536,1065.0,22.09,56.38,1.8,0.03,4.579305171966553
20190116,Coimbatore,Valparai_Hill,10.3273,76.9536,1065.0,21.51,55.18,1.98,0.0,0.0
20190117,Coimbatore,Valparai_Hill,10.3273,76.9536,1065.0,21.71,61.17,2.03,0.0,0.0
20190118,Coimbatore,Valparai_Hill,10.3273,76.9536,1065.0,21.58,59.46,1.91,0.0,0.0
20190119,Coimbatore,Valparai_Hill,10.3273,76.9536,1065.0,21.78,56.03,1.85,0.0,0.0
20190120,Coimbatore,Valparai_Hill,10.3273,76.9536,1065.0,21.63,52.79,2.07,0.0,3.7898471355438232
20190121,Coimbatore,Valparai_Hill,10.3273,76.9536,1065.0,21.62,51.06,1.72,0.0,3.37892484664917
20190122,Coimbatore,Valparai_Hill,10.3273,76.9536,1065.0,22.34,51.94,1.32,0.0,0.0
20190123,Coimbatore,Valparai_Hill,10.3273,76.9536,1065.0,23.13,52.62,1.25,0.0,0.0
20190124,Coimbatore,Valparai_Hill,10.3273,76.9536,1065.0,24.51,56.85,0.93,0.0,0.0
20190125,Coimbatore,Valparai_Hill,10.3273,76.9536,1065.0,25.14,61.74,1.04,0.0,0.0
20190126,Coimbatore,Valparai_Hill,10.3273,76.9536,1065.0,26.17,61.5,0.82,0.0,0.0
20190127,Coimbatore,Valparai_Hill,10.3273,76.9536,1065.0,26.38,60.41,1.12,0.0,0.0
20190128,Coimbatore,Valparai_Hill,10.3273,76.9536,1065.0,26.3,58.28,1.05,0.0,0.0
20190129,Coimbatore,Valparai_Hill,10.3273,76.9536,1065.0,25.52,55.47,2.03,0.02,0.0
20190130,Coimbatore,Valparai_Hill,10.3273,76.9536,1065.0,24.9,54.64,2.39,0.05,0.0
20190131,Coimbatore,Valparai_Hill,10.3273,76.9536,1065.0,24.55,57.18,2.41,0.0,0.0
20190201,Coimbatore,Valparai_Hill,10.3273,76.9536,1065.0,24.41,56.31,1.93,0.0,0.0
20190202,Coimbatore,Valparai_Hill,10.3273,76.9536,1065.0,25.25,55.67,1.5,0.0,0.0
20190203,Coimbatore,Valparai_Hill,10.3273,76.9536,1065.0,25.73,53.32,2.0,0.0,0.0
20190204,Coimbatore,Valparai_Hill,10.3273,76.9536,1065.0,25.9,55.01,2.54,0.0,0.0
20190205,Coimbatore,Valparai_Hill,10.3273,76.9536,1065.0,25.65,58.9,2.45,0.02,0.0
20190206,Coimbatore,Valparai_Hill,10.3273,76.9536,1065.0,26.03,53.16,2.02,0.04,0.0
20190207,Coimbatore,Valparai_Hill,10.3273,76.9536,1065.0,26.8,52.58,1.23,0.1,0.0
20190208,Coimbatore,Valparai_Hill,10.3273,76.9536,1065.0,27.58,55.42,0.88,0.0,0.0
20190209,Coimbatore,Valparai_Hill,10.3273,76.9536,1065.0,27.44,61.53,0.84,1.95,10.891005516052246
20190210,Coimbatore,Valparai_Hill,10.3273,76.9536,1065.0,26.59,66.8,0.85,3.48,0.0
20190211,Coimbatore,Valparai_Hill,10.3273,76.9536,1065.0,26.43,58.48,2.95,0.21,0.0
20190212,Coimbatore,Valparai_Hill,10.3273,76.9536,1065.0,25.76,56.28,3.4,0.0,0.0
20190213,Coimbatore,Valparai_Hill,10.3273,76.9536,1065.0,25.61,52.22,2.84,0.0,0.0
20190214,Coimbatore,Valparai_Hill,10.3273,76.9536,1065.0,26.44,57.22,2.23,0.0,0.0
20190215,Coimbatore,Valparai_Hill,10.3273,76.9536,1065.0,27.9,55.26,1.38,0.04,0.0
20190216,Coimbatore,Valparai_Hill,10.3273,76.9536,1065.0,28.73,53.34,1.18,0.04,0.0
20190217,Coimbatore,Valparai_Hill,10.3273,76.9536,1065.0,28.65,51.33,1.8,0.01,0.0
20190218,Coimbatore,Valparai_Hill,10.3273,76.9536,1065.0,28.39,44.03,0.97,0.0,0.0
20190219,Coimbatore,Valparai_Hill,10.3273,76.9536,1065.0,28.17,53.04,1.5,2.07,0.0
20190220,Coimbatore,Valparai_Hill,10.3273,76.9536,1065.0,27.61,53.63,2.71,0.83,0.0
20190221,Coimbatore,Valparai_Hill,10.3273,76.9536,1065.0,26.65,49.35,2.56,0.0,0.0
20190222,Coimbatore,Valparai_Hill,10.3273,76.9536,1065.0,25.47,44.93,2.65,0.0,0.0
20190223,Coimbatore,Valparai_Hill,10.3273,76.9536,1065.0,25.71,39.47,2.53,0.0,0.0
20190224,Coimbatore,Valparai_Hill,10.3273,76.9536,1065.0,26.2,40.81,2.15,0.0,0.0
20190225,Coimbatore,Valparai_Hill,10.3273,76.9536,1065.0,27.31,37.08,1.38,0.0,0.0
20190226,Coimbatore,Valparai_Hill,10.3273,76.9536,1065.0,28.1,49.4,1.12,0.0,0.0
20190227,Coimbatore,Valparai_Hill,10.3273,76.9536,1065.0,28.22,56.83,2.32,0.0,0.0
20190228,Coimbatore,Valparai_Hill,10.3273,76.9536,1065.0,28.25,53.2,1.65,0.1,0.0
20190301,Coimbatore,Valparai_Hill,10.3273,76.9536,1065.0,29.14,52.21,1.01,2.0,0.0
20190302,Coimbatore,Valparai_Hill,10.3273,76.9536,1065.0,28.29,58.92,1.66,6.75,0.0
20190303,Coimbatore,Valparai_Hill,10.3273,76.9536,1065.0,28.34,55.83,1.34,0.08,0.0
20190304,Coimbatore,Valparai_Hill,10.3273,76.9536,1065.0,28.52,53.82,1.22,0.0,0.0
20190305,Coimbatore,Valparai_Hill,10.3273,76.9536,1065.0,29.08,55.45,1.32,0.0,0.0
20190306,Coimbatore,Valparai_Hill,10.3273,76.9536,1065.0,29.04,55.97,1.91,0.54,0.0
20190307,Coimbatore,Valparai_Hill,10.3273,76.9536,1065.0,29.45,54.61,1.88,0.33,0.0
20190308,Coimbatore,Valparai_Hill,10.3273,76.9536,1065.0,28.66,58.65,2.31,0.01,0.0
20190309,Coimbatore,Valparai_Hill,10.3273,76.9536,1065.0,28.3,59.13,1.2,1.66,21.244354248046875
20190310,Coimbatore,Valparai_Hill,10.3273,76.9536,1065.0,28.92,59.0,1.01,1.77,0.0
20190311,Coimbatore,Valparai_Hill,10.3273,76.9536,1065.0,29.17,51.07,1.38,0.0,0.0
20190312,Coimbatore,Valparai_Hill,10.3273,76.9536,1065.0,28.24,42.15,1.94,0.0,0.0
20190313,Coimbatore,Valparai_Hill,10.3273,76.9536,1065.0,27.6,35.85,2.19,0.0,0.0
20190314,Coimbatore,Valparai_Hill,10.3273,76.9536,1065.0,27.76,34.3,2.31,0.0,0.0
20190315,Coimbatore,Valparai_Hill,10.3273,76.9536,1065.0,27.97,31.81,2.18,0.0,0.0
20190316,Coimbatore,Valparai_Hill,10.3273,76.9536,1065.0,27.76,38.46,1.87,0.0,0.0
20190317,Coimbatore,Valparai_Hill,10.3273,76.9536,1065.0,28.13,39.44,1.51,0.0,0.0
20190318,Coimbatore,Valparai_Hill,10.3273,76.9536,1065.0,28.77,48.32,1.15,0.06,0.0
20190319,Coimbatore,Valparai_Hill,10.3273,76.9536,1065.0,29.06,53.02,1.0,0.14,0.0
20190320,Coimbatore,Valparai_Hill,10.3273,76.9536,1065.0,29.5,51.49,0.89,0.0,0.0
20190321,Coimbatore,Valparai_Hill,10.3273,76.9536,1065.0,29.47,45.23,1.32,0.0,0.0
20190322,Coimbatore,Valparai_Hill,10.3273,76.9536,1065.0,29.32,44.63,1.36,0.0,0.0
20190323,Coimbatore,Valparai_Hill,10.3273,76.9536,1065.0,29.96,45.45,0.89,0.0,0.0
20190324,Coimbatore,Valparai_Hill,10.3273,76.9536,1065.0,30.46,44.27,1.49,0.0,0.0
20190325,Coimbatore,Valparai_Hill,10.3273,76.9536,1065.0,30.26,39.65,1.95,0.0,0.0
20190326,Coimbatore,Valparai_Hill,10.3273,76.9536,1065.0,30.13,40.04,1.9,0.01,0.0
20190327,Coimbatore,Valparai_Hill,10.3273,76.9536,1065.0,29.39,35.94,1.44,0.05,0.0
20190328,Coimbatore,Valparai_Hill,10.3273,76.9536,1065.0,30.06,42.01,1.76,0.0,0.0
20190329,Coimbatore,Valparai_Hill,10.3273,76.9536,1065.0,30.44,47.59,1.26,0.0,0.0
20190330,Coimbatore,Valparai_Hill,10.3273,76.9536,1065.0,30.46,48.26,1.52,0.0,0.0
20190331,Coimbatore,Valparai_Hill,10.3273,76.9536,1065.0,30.48,49.7,1.36,0.0,0.0
20190401,Coimbatore,Valparai_Hill,10.3273,76.9536,1065.0,30.41,49.9,1.62,0.0,0.0
20190402,Coimbatore,Valparai_Hill,10.3273,76.9536,1065.0,30.82,47.9,1.38,0.0,0.0
20190403,Coimbatore,Valparai_Hill,10.3273,76.9536,1065.0,31.06,43.17,1.62,0.0,0.0
20190404,Coimbatore,Valparai_Hill,10.3273,76.9536,1065.0,30.25,43.27,1.19,0.0,0.0
20190405,Coimbatore,Valparai_Hill,10.3273,76.9536,1065.0,30.52,47.12,1.31,0.04,0.0
20190406,Coimbatore,Valparai_Hill,10.3273,76.9536,1065.0,30.66,44.13,1.31,0.06,0.0
20190407,Coimbatore,Valparai_Hill,10.3273,76.9536,1065.0,31.0,44.37,1.0,0.0,0.0
20190408,Coimbatore,Valparai_Hill,10.3273,76.9536,1065.0,31.14,47.35,1.39,0.13,0.0
20190409,Coimbatore,Valparai_Hill,10.3273,76.9536,1065.0,30.94,52.89,1.44,0.45,5.2922539710998535
20190410,Coimbatore,Valparai_Hill,10.3273,76.9536,1065.0,31.4,47.04,1.54,0.11,0.0
20190411,Coimbatore,Valparai_Hill,10.3273,76.9536,1065.0,31.04,46.16,1.32,0.0,0.0
20190412,Coimbatore,Valparai_Hill,10.3273,76.9536,1065.0,31.58,41.36,1.26,0.0,0.0
20190413,Coimbatore,Valparai_Hill,10.3273,76.9536,1065.0,31.21,40.55,1.65,0.0,0.0
20190414,Coimbatore,Valparai_Hill,10.3273,76.9536,1065.0,31.1,36.4,1.81,0.0,0.0
20190415,Coimbatore,Valparai_Hill,10.3273,76.9536,1065.0,30.24,45.82,0.96,0.0,0.0
20190416,Coimbatore,Valparai_Hill,10.3273,76.9536,1065.0,30.65,53.86,1.54,1.79,6.98792028427124
20190417,Coimbatore,Valparai_Hill,10.3273,76.9536,1065.0,28.17,69.13,1.05,8.26,13.97584056854248
20190418,Coimbatore,Valparai_Hill,10.3273,76.9536,1065.0,28.96,66.65,1.24,5.85,20.96376037597656
20190419,Coimbatore,Valparai_Hill,10.3273,76.9536,1065.0,28.11,71.95,1.27,8.96,20.96376037597656
20190420,Coimbatore,Valparai_Hill,10.3273,76.9536,1065.0,27.32,76.22,1.15,16.22,20.96376037597656
20190421,Coimbatore,Valparai_Hill,10.3273,76.9536,1065.0,27.61,71.25,1.28,8.89,2.049935817718506
20190422,Coimbatore,Valparai_Hill,10.3273,76.9536,1065.0,28.74,66.6,0.89,9.75,2.1319093704223637
20190423,Coimbatore,Valparai_Hill,10.3273,76.9536,1065.0,28.4,68.2,1.1,13.79,1.5455771684646606
20190424,Coimbatore,Valparai_Hill,10.3273,76.9536,1065.0,28.68,63.17,0.92,0.43,0.3897894620895386
20190425,Coimbatore,Valparai_Hill,10.3273,76.9536,1065.0,28.74,62.36,0.88,0.75,0.299385666847229
20190426,Coimbatore,Valparai_Hill,10.3273,76.9536,1065.0,29.07,64.34,1.17,0.77,0.0
20190427,Coimbatore,Valparai_Hill,10.3273,76.9536,1065.0,30.01,61.67,1.28,0.02,2.90053391456604
20190428,Coimbatore,Valparai_Hill,10.3273,76.9536,1065.0,29.78,61.03,1.1,0.0,2.90053391456604
20190429,Coimbatore,Valparai_Hill,10.3273,76.9536,1065.0,27.86,71.9,1.83,0.5,2.90053391456604
20190430,Coimbatore,Valparai_Hill,10.3273,76.9536,1065.0,26.83,74.8,3.02,0.84,5.80106782913208
20190501,Coimbatore,Valparai_Hill,10.3273,76.9536,1065.0,27.04,72.89,3.48,2.13,0.0
20190502,Coimbatore,Valparai_Hill,10.3273,76.9536,1065.0,27.07,69.79,3.12,0.29,2.222721576690674
20190503,Coimbatore,Valparai_Hill,10.3273,76.9536,1065.0,27.31,65.6,3.16,0.0,0.0
20190504,Coimbatore,Valparai_Hill,10.3273,76.9536,1065.0,27.72,64.03,2.59,0.0,0.0
20190505,Coimbatore,Valparai_Hill,10.3273,76.9536,1065.0,28.46,65.06,1.65,0.0,2.222721576690674
20190506,Coimbatore,Valparai_Hill,10.3273,76.9536,1065.0,29.42,64.75,1.73,0.22,2.738713502883911
20190507,Coimbatore,Valparai_Hill,10.3273,76.9536,1065.0,27.57,73.06,2.85,1.11,0.0
20190508,Coimbatore,Valparai_Hill,10.3273,76.9536,1065.0,26.05,74.52,2.6,1.9,0.0
20190509,Coimbatore,Valparai_Hill,10.3273,76.9536,1065.0,27.51,68.56,2.09,2.01,0.0
20190510,Coimbatore,Valparai_Hill,10.3273,76.9536,1065.0,28.85,65.12,1.63,1.33,5.477427005767822
20190511,Coimbatore,Valparai_Hill,10.3273,76.9536,1065.0,28.36,70.19,1.89,1.03,0.0
20190512,Coimbatore,Valparai_Hill,10.3273,76.9536,1065.0,28.16,71.05,1.92,0.98,0.0
20190513,Coimbatore,Valparai_Hill,10.3273,76.9536,1065.0,28.35,67.91,2.09,0.2,0.0
20190514,Coimbatore,Valparai_Hill,10.3273,76.9536,1065.0,28.1,69.46,2.11,0.96,0.0
20190515,Coimbatore,Valparai_Hill,10.3273,76.9536,1065.0,27.28,76.56,1.8,8.62,0.0
20190516,Coimbatore,Valparai_Hill,10.3273,76.9536,1065.0,28.18,71.31,1.7,1.83,2.2526192665100098
20190517,Coimbatore,Valparai_Hill,10.3273,76.9536,1065.0,27.62,73.6,1.61,1.23,2.2526192665100098
20190518,Coimbatore,Valparai_Hill,10.3273,76.9536,1065.0,28.09,70.52,1.09,0.16,2.2526192665100098
20190519,Coimbatore,Valparai_Hill,10.3273,76.9536,1065.0,28.86,68.81,1.51,0.02,2.2526192665100098
20190520,Coimbatore,Valparai_Hill,10.3273,76.9536,1065.0,29.71,63.66,1.22,0.0,0.0
20190521,Coimbatore,Valparai_Hill,10.3273,76.9536,1065.0,28.47,69.04,1.87,0.44,0.0
20190522,Coimbatore,Valparai_Hill,10.3273,76.9536,1065.0,29.75,62.85,1.26,0.21,0.0
20190523,Coimbatore,Valparai_Hill,10.3273,76.9536,1065.0,28.35,70.7,2.22,0.16,3.55158805847168
20190524,Coimbatore,Valparai_Hill,10.3273,76.9536,1065.0,27.54,75.34,2.12,0.92,3.55158805847168
20190525,Coimbatore,Valparai_Hill,10.3273,76.9536,1065.0,26.71,77.86,2.89,2.91,1.7757940292358398
20190526,Coimbatore,Valparai_Hill,10.3273,76.9536,1065.0,27.22,76.6,2.62,1.0,2.8509411811828613
20190527,Coimbatore,Valparai_Hill,10.3273,76.9536,1065.0,28.8,69.39,1.68,0.33,0.0
20190528,Coimbatore,Valparai_Hill,10.3273,76.9536,1065.0,28.6,70.2,1.93,10.51,5.701882362365723
20190529,Coimbatore,Valparai_Hill,10.3273,76.9536,1065.0,27.06,79.73,1.68,10.06,5.701882362365723
20190530,Coimbatore,Valparai_Hill,10.3273,76.9536,1065.0,27.09,74.19,1.87,3.14,5.701882362365723
20190531,Coimbatore,Valparai_Hill,10.3273,76.9536,1065.0,25.93,76.23,2.05,4.73,8.552823066711426
20190601,Coimbatore,Valparai_Hill,10.3273,76.9536,1065.0,27.43,72.57,2.35,0.84,0.0
20190602,Coimbatore,Valparai_Hill,10.3273,76.9536,1065.0,27.15,77.11,2.79,4.47,0.0
20190603,Coimbatore,Valparai_Hill,10.3273,76.9536,1065.0,26.13,80.61,2.26,0.94,0.0
20190604,Coimbatore,Valparai_Hill,10.3273,76.9536,1065.0,26.3,79.06,2.83,10.61,12.279322624206545
20190605,Coimbatore,Valparai_Hill,10.3273,76.9536,1065.0,26.42,78.36,1.42,16.98,24.55864524841309
20190606,Coimbatore,Valparai_Hill,10.3273,76.9536,1065.0,27.09,79.0,1.31,4.55,0.0
20190607,Coimbatore,Valparai_Hill,10.3273,76.9536,1065.0,26.47,81.73,2.51,0.8,11.484246253967283
20190608,Coimbatore,Valparai_Hill,10.3273,76.9536,1065.0,26.81,76.39,2.65,0.71,5.742123126983643
20190609,Coimbatore,Valparai_Hill,10.3273,76.9536,1065.0,25.84,77.27,3.02,4.33,5.742123126983643
20190610,Coimbatore,Valparai_Hill,10.3273,76.9536,1065.0,25.48,79.98,3.42,5.86,5.742123126983643
20190611,Coimbatore,Valparai_Hill,10.3273,76.9536,1065.0,25.82,79.93,4.23,6.54,5.330751419067383
20190612,Coimbatore,Valparai_Hill,10.3273,76.9536,1065.0,26.03,80.35,4.27,2.58,3.5763485431671143
20190613,Coimbatore,Valparai_Hill,10.3273,76.9536,1065.0,25.82,80.95,4.1,2.25,2.0276572704315186
20190614,Coimbatore,Valparai_Hill,10.3273,76.9536,1065.0,25.19,78.01,3.51,5.33,1.5540724992752075
20190615,Coimbatore,Valparai_Hill,10.3273,76.9536,1065.0,25.7,77.26,2.95,2.61,3.78696346282959
20190616,Coimbatore,Valparai_Hill,10.3273,76.9536,1065.0,26.65,78.61,3.0,0.48,0.0
20190617,Coimbatore,Valparai_Hill,10.3273,76.9536,1065.0,26.53,78.04,3.24,0.39,0.0
20190618,Coimbatore,Valparai_Hill,10.3273,76.9536,1065.0,26.48,77.3,3.19,1.77,0.0
20190619,Coimbatore,Valparai_Hill,10.3273,76.9536,1065.0,25.76,82.61,3.28,3.5,0.0
20190620,Coimbatore,Valparai_Hill,10.3273,76.9536,1065.0,25.54,77.65,3.38,2.38,0.0
20190621,Coimbatore,Valparai_Hill,10.3273,76.9536,1065.0,24.98,79.29,3.06,7.64,25.98247528076172
20190622,Coimbatore,Valparai_Hill,10.3273,76.9536,1065.0,24.47,85.29,3.7,7.88,0.0
20190623,Coimbatore,Valparai_Hill,10.3273,76.9536,1065.0,24.95,80.5,3.5,4.59,0.0
20190624,Coimbatore,Valparai_Hill,10.3273,76.9536,1065.0,26.08,78.11,3.18,3.16,0.0
20190625,Coimbatore,Valparai_Hill,10.3273,76.9536,1065.0,25.7,81.87,2.76,2.74,8.6608247756958
20190626,Coimbatore,Valparai_Hill,10.3273,76.9536,1065.0,25.33,82.58,2.44,0.73,0.0
20190627,Coimbatore,Valparai_Hill,10.3273,76.9536,1065.0,26.07,78.64,3.42,0.04,0.0
20190628,Coimbatore,Valparai_Hill,10.3273,76.9536,1065.0,26.08,76.09,3.74,0.05,0.0
20190629,Coimbatore,Valparai_Hill,10.3273,76.9536,1065.0,25.94,76.7,3.76,0.07,0.0
20190630,Coimbatore,Valparai_Hill,10.3273,76.9536,1065.0,25.53,78.01,3.8,0.06,21.2196102142334
20190701,Coimbatore,Valparai_Hill,10.3273,76.9536,1065.0,26.41,76.54,3.6,0.08,0.0
20190702,Coimbatore,Valparai_Hill,10.3273,76.9536,1065.0,25.05,84.13,3.61,4.46,0.0
20190703,Coimbatore,Valparai_Hill,10.3273,76.9536,1065.0,25.27,83.57,3.61,2.95,0.0
20190704,Coimbatore,Valparai_Hill,10.3273,76.9536,1065.0,25.08,85.53,3.44,8.14,0.0
20190705,Coimbatore,Valparai_Hill,10.3273,76.9536,1065.0,24.99,83.67,3.82,5.3,0.0
20190706,Coimbatore,Valparai_Hill,10.3273,76.9536,1065.0,25.02,83.84,3.98,6.06,0.0
20190707,Coimbatore,Valparai_Hill,10.3273,76.9536,1065.0,25.35,82.36,3.61,3.82,0.0
20190708,Coimbatore,Valparai_Hill,10.3273,76.9536,1065.0,25.41,83.44,3.37,3.63,0.0
20190709,Coimbatore,Valparai_Hill,10.3273,76.9536,1065.0,24.55,84.49,3.01,5.91,18.524147033691406
20190710,Coimbatore,Valparai_Hill,10.3273,76.9536,1065.0,24.27,78.32,3.47,3.7,9.262073516845703
20190711,Coimbatore,Valparai_Hill,10.3273,76.9536,1065.0,25.04,74.64,2.49,3.08,5.325286865234375
20190712,Coimbatore,Valparai_Hill,10.3273,76.9536,1065.0,24.81,75.78,1.9,0.55,5.325286865234375
20190713,Coimbatore,Valparai_Hill,10.3273,76.9536,1065.0,25.31,79.39,2.22,4.18,0.0
20190714,Coimbatore,Valparai_Hill,10.3273,76.9536,1065.0,24.85,83.74,2.52,6.05,15.975860595703123
20190715,Coimbatore,Valparai_Hill,10.3273,76.9536,1065.0,24.22,79.87,2.82,5.09,5.325286865234375
20190716,Coimbatore,Valparai_Hill,10.3273,76.9536,1065.0,24.23,79.35,3.13,3.81,18.68061065673828
20190717,Coimbatore,Valparai_Hill,10.3273,76.9536,1065.0,24.2,80.18,2.85,2.55,0.0
20190718,Coimbatore,Valparai_Hill,10.3273,76.9536,1065.0,23.85,81.68,2.78,10.3,18.68061065673828
20190719,Coimbatore,Valparai_Hill,10.3273,76.9536,1065.0,23.62,85.46,3.65,13.68,18.68061065673828
20190720,Coimbatore,Valparai_Hill,10.3273,76.9536,1065.0,23.63,85.33,4.0,8.95,0.0
20190721,Coimbatore,Valparai_Hill,10.3273,76.9536,1065.0,24.13,84.66,4.5,6.31,0.0
20190722,Coimbatore,Valparai_Hill,10.3273,76.9536,1065.0,23.66,85.73,3.92,8.2,38.38139343261719
20190723,Coimbatore,Valparai_Hill,10.3273,76.9536,1065.0,23.82,80.47,3.78,3.46,0.0
20190724,Coimbatore,Valparai_Hill,10.3273,76.9536,1065.0,24.38,82.94,2.91,7.76,0.0
20190725,Coimbatore,Valparai_Hill,10.3273,76.9536,1065.0,24.01,83.09,2.9,4.91,21.932226181030277
20190726,Coimbatore,Valparai_Hill,10.3273,76.9536,1065.0,23.79,83.43,2.9,2.36,24.0913143157959
20190727,Coimbatore,Valparai_Hill,10.3273,76.9536,1065.0,24.43,81.58,2.63,0.01,6.022828578948975
20190728,Coimbatore,Valparai_Hill,10.3273,76.9536,1065.0,24.36,81.85,3.19,0.65,6.022828578948975
20190729,Coimbatore,Valparai_Hill,10.3273,76.9536,1065.0,24.41,82.94,3.27,0.7,6.022828578948975
20190730,Coimbatore,Valparai_Hill,10.3273,76.9536,1065.0,24.41,79.1,2.94,0.15,0.0
20190731,Coimbatore,Valparai_Hill,10.3273,76.9536,1065.0,24.78,78.0,2.61,0.06,0.0
20190801,Coimbatore,Valparai_Hill,10.3273,76.9536,1065.0,25.11,81.45,3.1,1.03,0.0
20190802,Coimbatore,Valparai_Hill,10.3273,76.9536,1065.0,24.3,85.19,3.37,2.9,9.996593475341797
20190803,Coimbatore,Valparai_Hill,10.3273,76.9536,1065.0,24.31,85.61,3.29,1.28,4.998296737670898
20190804,Coimbatore,Valparai_Hill,10.3273,76.9536,1065.0,24.07,85.79,3.46,7.21,4.998296737670898
20190805,Coimbatore,Valparai_Hill,10.3273,76.9536,1065.0,23.69,84.45,3.89,8.18,14.994890213012695
20190806,Coimbatore,Valparai_Hill,10.3273,76.9536,1065.0,23.92,84.57,4.37,16.32,0.0
20190807,Coimbatore,Valparai_Hill,10.3273,76.9536,1065.0,23.65,87.78,4.68,17.85,39.44077301025391
20190808,Coimbatore,Valparai_Hill,10.3273,76.9536,1065.0,23.92,89.29,5.23,50.65,118.3223114013672
20190809,Coimbatore,Valparai_Hill,10.3273,76.9536,1065.0,23.63,89.43,4.77,44.38,39.44077301025391
20190810,Coimbatore,Valparai_Hill,10.3273,76.9536,1065.0,23.26,86.73,4.15,14.08,0.0
20190811,Coimbatore,Valparai_Hill,10.3273,76.9536,1065.0,23.29,85.66,3.68,4.52,0.0
20190812,Coimbatore,Valparai_Hill,10.3273,76.9536,1065.0,23.59,84.5,3.78,2.66,0.0
20190813,Coimbatore,Valparai_Hill,10.3273,76.9536,1065.0,23.83,86.04,3.26,8.46,0.0
20190814,Coimbatore,Valparai_Hill,10.3273,76.9536,1065.0,23.68,89.64,3.52,7.02,0.0
20190815,Coimbatore,Valparai_Hill,10.3273,76.9536,1065.0,23.55,87.81,2.57,1.51,0.0
20190816,Coimbatore,Valparai_Hill,10.3273,76.9536,1065.0,23.37,86.0,2.65,8.91,25.983478546142575
20190817,Coimbatore,Valparai_Hill,10.3273,76.9536,1065.0,23.04,89.0,2.52,4.55,12.991739273071287
20190818,Coimbatore,Valparai_Hill,10.3273,76.9536,1065.0,22.95,90.68,2.01,7.2,12.991739273071287
20190819,Coimbatore,Valparai_Hill,10.3273,76.9536,1065.0,23.73,87.83,2.01,7.6,12.991739273071287
20190820,Coimbatore,Valparai_Hill,10.3273,76.9536,1065.0,23.93,88.51,2.3,7.48,51.96695709228516
20190821,Coimbatore,Valparai_Hill,10.3273,76.9536,1065.0,23.31,89.46,2.59,7.99,16.53385353088379
20190822,Coimbatore,Valparai_Hill,10.3273,76.9536,1065.0,22.71,89.56,3.17,9.27,33.06770706176758
20190823,Coimbatore,Valparai_Hill,10.3273,76.9536,1065.0,22.34,87.71,3.46,4.19,0.0
20190824,Coimbatore,Valparai_Hill,10.3273,76.9536,1065.0,22.71,88.13,3.2,2.58,0.0
20190825,Coimbatore,Valparai_Hill,10.3273,76.9536,1065.0,22.75,87.14,3.21,4.03,16.53385353088379
20190826,Coimbatore,Valparai_Hill,10.3273,76.9536,1065.0,23.27,87.55,3.36,6.87,0.0
20190827,Coimbatore,Valparai_Hill,10.3273,76.9536,1065.0,23.14,87.78,3.46,4.68,0.0
20190828,Coimbatore,Valparai_Hill,10.3273,76.9536,1065.0,23.46,86.53,3.11,3.19,0.0
20190829,Coimbatore,Valparai_Hill,10.3273,76.9536,1065.0,23.22,89.58,3.22,14.49,35.05126190185547
20190830,Coimbatore,Valparai_Hill,10.3273,76.9536,1065.0,23.08,86.94,3.42,1.09,0.0
20190831,Coimbatore,Valparai_Hill,10.3273,76.9536,1065.0,23.3,90.08,3.22,3.01,0.0
20190901,Coimbatore,Valparai_Hill,10.3273,76.9536,1065.0,23.43,91.36,2.54,5.02,7.305330753326416
20190902,Coimbatore,Valparai_Hill,10.3273,76.9536,1065.0,23.46,90.96,2.45,8.36,7.305330753326416
20190903,Coimbatore,Valparai_Hill,10.3273,76.9536,1065.0,23.64,87.93,3.08,4.55,14.610661506652832
20190904,Coimbatore,Valparai_Hill,10.3273,76.9536,1065.0,23.48,88.85,3.2,3.99,3.652665376663208
20190905,Coimbatore,Valparai_Hill,10.3273,76.9536,1065.0,23.59,88.81,3.48,3.94,0.0
20190906,Coimbatore,Valparai_Hill,10.3273,76.9536,1065.0,23.96,89.27,3.33,5.63,0.0
20190907,Coimbatore,Valparai_Hill,10.3273,76.9536,1065.0,23.95,88.22,3.35,3.5,0.0
20190908,Coimbatore,Valparai_Hill,10.3273,76.9536,1065.0,23.28,88.07,3.31,8.42,0.0
20190909,Coimbatore,Valparai_Hill,10.3273,76.9536,1065.0,23.13,88.62,2.62,2.96,0.0
20190910,Coimbatore,Valparai_Hill,10.3273,76.9536,1065.0,24.27,88.72,2.35,3.99,24.877443313598636
20190911,Coimbatore,Valparai_Hill,10.3273,76.9536,1065.0,24.16,90.78,2.27,15.57,14.48516845703125
20190912,Coimbatore,Valparai_Hill,10.3273,76.9536,1065.0,23.8,90.47,1.97,6.0,14.48516845703125
20190913,Coimbatore,Valparai_Hill,10.3273,76.9536,1065.0,23.31,90.5,2.04,14.26,14.48516845703125
20190914,Coimbatore,Valparai_Hill,10.3273,76.9536,1065.0,23.79,87.59,1.9,2.53,9.656778335571287
20190915,Coimbatore,Valparai_Hill,10.3273,76.9536,1065.0,23.65,87.92,1.6,8.48,14.48516845703125
20190916,Coimbatore,Valparai_Hill,10.3273,76.9536,1065.0,24.21,87.69,2.21,10.67,6.021100997924805
20190917,Coimbatore,Valparai_Hill,10.3273,76.9536,1065.0,23.83,86.8,2.17,13.03,18.06330108642578
20190918,Coimbatore,Valparai_Hill,10.3273,76.9536,1065.0,23.9,87.25,2.22,7.31,6.021100997924805
20190919,Coimbatore,Valparai_Hill,10.3273,76.9536,1065.0,23.05,89.42,2.34,4.89,12.04220199584961
20190920,Coimbatore,Valparai_Hill,10.3273,76.9536,1065.0,23.4,86.04,1.68,0.72,0.0
20190921,Coimbatore,Valparai_Hill,10.3273,76.9536,1065.0,24.19,86.58,1.85,0.97,8.473297119140625
20190922,Coimbatore,Valparai_Hill,10.3273,76.9536,1065.0,23.96,89.46,1.19,9.88,8.473297119140625
20190923,Coimbatore,Valparai_Hill,10.3273,76.9536,1065.0,24.05,89.28,1.57,14.99,16.94659423828125
20190924,Coimbatore,Valparai_Hill,10.3273,76.9536,1065.0,24.14,88.69,0.95,14.2,4.2366485595703125
20190925,Coimbatore,Valparai_Hill,10.3273,76.9536,1065.0,23.68,90.88,1.44,8.6,8.473297119140625
20190926,Coimbatore,Valparai_Hill,10.3273,76.9536,1065.0,22.8,90.22,1.54,2.26,0.0
20190927,Coimbatore,Valparai_Hill,10.3273,76.9536,1065.0,24.04,83.69,0.74,5.64,0.0
20190928,Coimbatore,Valparai_Hill,10.3273,76.9536,1065.0,24.54,83.93,0.95,6.85,0.0
20190929,Coimbatore,Valparai_Hill,10.3273,76.9536,1065.0,23.61,86.5,1.24,11.68,0.0
20190930,Coimbatore,Valparai_Hill,10.3273,76.9536,1065.0,22.99,89.87,1.51,12.84,18.787220001220703
20191001,Coimbatore,Valparai_Hill,10.3273,76.9536,1065.0,23.91,87.34,1.31,5.2,16.399993896484375
20191002,Coimbatore,Valparai_Hill,10.3273,76.9536,1065.0,24.91,85.3,0.73,4.67,0.0
20191003,Coimbatore,Valparai_Hill,10.3273,76.9536,1065.0,24.77,86.16,0.82,2.26,0.0
20191004,Coimbatore,Valparai_Hill,10.3273,76.9536,1065.0,24.5,88.3,1.37,1.09,8.199996948242188
20191005,Coimbatore,Valparai_Hill,10.3273,76.9536,1065.0,23.53,89.31,1.28,1.93,8.199996948242188
20191006,Coimbatore,Valparai_Hill,10.3273,76.9536,1065.0,23.63,88.2,1.14,4.04,8.991545677185059
20191007,Coimbatore,Valparai_Hill,10.3273,76.9536,1065.0,23.21,87.97,1.5,9.16,0.0
20191008,Coimbatore,Valparai_Hill,10.3273,76.9536,1065.0,24.06,85.41,1.05,6.62,8.991545677185059
20191009,Coimbatore,Valparai_Hill,10.3273,76.9536,1065.0,24.52,86.68,1.07,2.97,0.0
20191010,Coimbatore,Valparai_Hill,10.3273,76.9536,1065.0,23.48,91.18,0.84,0.61,0.0
20191011,Coimbatore,Valparai_Hill,10.3273,76.9536,1065.0,24.26,87.66,0.68,6.38,10.673747062683104
20191012,Coimbatore,Valparai_Hill,10.3273,76.9536,1065.0,24.88,84.08,0.71,10.49,5.336873531341553
20191013,Coimbatore,Valparai_Hill,10.3273,76.9536,1065.0,24.35,87.36,0.97,22.86,5.336873531341553
20191014,Coimbatore,Valparai_Hill,10.3273,76.9536,1065.0,24.45,88.38,1.23,6.92,5.336873531341553
20191015,Coimbatore,Valparai_Hill,10.3273,76.9536,1065.0,24.15,89.31,1.23,6.4,5.336873531341553
20191016,Coimbatore,Valparai_Hill,10.3273,76.9536,1065.0,23.59,90.24,1.43,26.98,19.140295028686523
20191017,Coimbatore,Valparai_Hill,10.3273,76.9536,1065.0,23.25,90.69,1.22,17.03,4.785073757171631
20191018,Coimbatore,Valparai_Hill,10.3273,76.9536,1065.0,23.81,89.84,1.03,29.15,4.785073757171631
20191019,Coimbatore,Valparai_Hill,10.3273,76.9536,1065.0,23.68,90.26,1.27,10.3,0.0
20191020,Coimbatore,Valparai_Hill,10.3273,76.9536,1065.0,23.44,91.11,0.9,25.3,9.570147514343262
20191021,Coimbatore,Valparai_Hill,10.3273,76.9536,1065.0,22.45,92.08,1.02,19.85,35.410160064697266
20191022,Coimbatore,Valparai_Hill,10.3273,76.9536,1065.0,23.01,91.33,1.67,4.77,0.0
20191023,Coimbatore,Valparai_Hill,10.3273,76.9536,1065.0,22.82,91.74,1.98,7.71,11.803386688232422
20191024,Coimbatore,Valparai_Hill,10.3273,76.9536,1065.0,22.43,91.78,2.13,4.12,0.0
20191025,Coimbatore,Valparai_Hill,10.3273,76.9536,1065.0,22.44,90.44,1.91,2.77,0.0
20191026,Coimbatore,Valparai_Hill,10.3273,76.9536,1065.0,22.99,90.63,1.64,1.47,0.0
20191027,Coimbatore,Valparai_Hill,10.3273,76.9536,1065.0,22.99,86.64,0.76,0.22,0.0
20191028,Coimbatore,Valparai_Hill,10.3273,76.9536,1065.0,22.99,88.86,1.14,1.03,13.48245620727539
20191029,Coimbatore,Valparai_Hill,10.3273,76.9536,1065.0,21.78,90.05,1.87,7.06,26.96491241455078
20191030,Coimbatore,Valparai_Hill,10.3273,76.9536,1065.0,22.65,90.84,1.42,39.7,0.0
20191031,Coimbatore,Valparai_Hill,10.3273,76.9536,1065.0,22.63,93.95,1.59,11.78,0.0
20191101,Coimbatore,Valparai_Hill,10.3273,76.9536,1065.0,23.34,81.14,0.63,0.49,0.0
20191102,Coimbatore,Valparai_Hill,10.3273,76.9536,1065.0,23.14,88.56,0.98,1.98,0.0
20191103,Coimbatore,Valparai_Hill,10.3273,76.9536,1065.0,23.38,89.08,1.18,9.76,26.38898658752441
20191104,Coimbatore,Valparai_Hill,10.3273,76.9536,1065.0,24.06,85.13,0.55,3.29,0.0
20191105,Coimbatore,Valparai_Hill,10.3273,76.9536,1065.0,24.46,83.62,0.93,0.29,0.0
20191106,Coimbatore,Valparai_Hill,10.3273,76.9536,1065.0,24.48,88.92,0.96,0.9,0.0
20191107,Coimbatore,Valparai_Hill,10.3273,76.9536,1065.0,23.94,90.24,0.55,3.53,14.884096145629885
20191108,Coimbatore,Valparai_Hill,10.3273,76.9536,1065.0,24.26,89.03,0.94,4.9,14.884096145629885
20191109,Coimbatore,Valparai_Hill,10.3273,76.9536,1065.0,24.5,85.54,0.8,8.11,22.326143264770508
20191110,Coimbatore,Valparai_Hill,10.3273,76.9536,1065.0,23.77,92.89,0.53,10.11,7.442048072814941
20191111,Coimbatore,Valparai_Hill,10.3273,76.9536,1065.0,23.09,91.96,0.98,6.4,19.358381271362305
20191112,Coimbatore,Valparai_Hill,10.3273,76.9536,1065.0,21.88,91.16,1.61,1.52,4.732120037078857
20191113,Coimbatore,Valparai_Hill,10.3273,76.9536,1065.0,22.86,87.86,1.91,0.05,0.2555164992809295
20191114,Coimbatore,Valparai_Hill,10.3273,76.9536,1065.0,23.03,90.28,1.71,2.33,7.038453578948975
20191115,Coimbatore,Valparai_Hill,10.3273,76.9536,1065.0,23.56,90.59,1.95,5.2,20.36733627319336
20191116,Coimbatore,Valparai_Hill,10.3273,76.9536,1065.0,23.45,90.06,1.59,3.69,0.0
20191117,Coimbatore,Valparai_Hill,10.3273,76.9536,1065.0,23.43,86.4,1.61,0.79,0.0
20191118,Coimbatore,Valparai_Hill,10.3273,76.9536,1065.0,23.52,88.09,1.61,2.24,0.0
20191119,Coimbatore,Valparai_Hill,10.3273,76.9536,1065.0,23.62,87.59,1.74,1.4,0.0
20191120,Coimbatore,Valparai_Hill,10.3273,76.9536,1065.0,23.29,90.54,1.49,6.73,0.0
20191121,Coimbatore,Valparai_Hill,10.3273,76.9536,1065.0,23.51,89.76,2.06,3.65,0.0
20191122,Coimbatore,Valparai_Hill,10.3273,76.9536,1065.0,22.65,90.45,1.91,1.61,0.0
20191123,Coimbatore,Valparai_Hill,10.3273,76.9536,1065.0,22.54,88.02,2.14,0.48,0.0
20191124,Coimbatore,Valparai_Hill,10.3273,76.9536,1065.0,22.72,89.05,2.06,0.5,0.0
20191125,Coimbatore,Valparai_Hill,10.3273,76.9536,1065.0,22.85,88.64,2.28,0.14,0.0
20191126,Coimbatore,Valparai_Hill,10.3273,76.9536,1065.0,22.46,86.79,2.44,0.72,0.0
20191127,Coimbatore,Valparai_Hill,10.3273,76.9536,1065.0,22.89,89.94,2.24,2.43,0.0
20191128,Coimbatore,Valparai_Hill,10.3273,76.9536,1065.0,23.08,91.32,2.18,2.6,0.0
20191129,Coimbatore,Valparai_Hill,10.3273,76.9536,1065.0,23.31,91.28,2.14,6.02,0.0
20191130,Coimbatore,Valparai_Hill,10.3273,76.9536,1065.0,23.15,91.31,1.91,4.04,33.69928741455078
20191201,Coimbatore,Valparai_Hill,10.3273,76.9536,1065.0,23.49,91.35,1.2,16.97,10.32201099395752
20191202,Coimbatore,Valparai_Hill,10.3273,76.9536,1065.0,22.51,92.98,1.91,16.32,10.32201099395752
20191203,Coimbatore,Valparai_Hill,10.3273,76.9536,1065.0,22.54,92.19,2.01,2.61,0.0
20191204,Coimbatore,Valparai_Hill,10.3273,76.9536,1065.0,22.25,88.63,2.57,0.66,0.0
20191205,Coimbatore,Valparai_Hill,10.3273,76.9536,1065.0,21.82,86.85,2.73,0.25,0.0
20191206,Coimbatore,Valparai_Hill,10.3273,76.9536,1065.0,21.21,87.05,2.47,0.05,0.0
20191207,Coimbatore,Valparai_Hill,10.3273,76.9536,1065.0,21.99,89.88,2.36,1.05,0.0
20191208,Coimbatore,Valparai_Hill,10.3273,76.9536,1065.0,21.58,87.9,2.17,0.33,0.0
20191209,Coimbatore,Valparai_Hill,10.3273,76.9536,1065.0,21.41,87.08,2.12,0.2,0.0
20191210,Coimbatore,Valparai_Hill,10.3273,76.9536,1065.0,21.1,84.65,1.7,0.05,0.0
20191211,Coimbatore,Valparai_Hill,10.3273,76.9536,1065.0,21.89,85.98,1.53,0.0,0.0
20191212,Coimbatore,Valparai_Hill,10.3273,76.9536,1065.0,21.78,85.16,1.48,0.0,0.0
20191213,Coimbatore,Valparai_Hill,10.3273,76.9536,1065.0,22.73,88.21,1.94,0.84,0.0
20191214,Coimbatore,Valparai_Hill,10.3273,76.9536,1065.0,22.49,92.42,2.42,10.72,27.611970901489254
20191215,Coimbatore,Valparai_Hill,10.3273,76.9536,1065.0,21.97,88.5,2.4,1.26,0.0
20191216,Coimbatore,Valparai_Hill,10.3273,76.9536,1065.0,21.77,88.81,1.9,0.0,0.0
20191217,Coimbatore,Valparai_Hill,10.3273,76.9536,1065.0,22.06,86.71,2.27,0.17,0.0
20191218,Coimbatore,Valparai_Hill,10.3273,76.9536,1065.0,22.12,87.55,2.49,0.07,0.0
20191219,Coimbatore,Valparai_Hill,10.3273,76.9536,1065.0,22.36,87.48,2.6,0.01,5.300113677978516
20191220,Coimbatore,Valparai_Hill,10.3273,76.9536,1065.0,22.18,87.83,2.07,0.0,0.0
20191221,Coimbatore,Valparai_Hill,10.3273,76.9536,1065.0,21.44,87.45,1.99,0.0,0.0
20191222,Coimbatore,Valparai_Hill,10.3273,76.9536,1065.0,22.13,85.45,1.84,0.0,0.0
20191223,Coimbatore,Valparai_Hill,10.3273,76.9536,1065.0,21.78,85.56,1.7,0.0,12.507083892822266
20191224,Coimbatore,Valparai_Hill,10.3273,76.9536,1065.0,22.46,86.38,1.58,0.73,0.0
20191225,Coimbatore,Valparai_Hill,10.3273,76.9536,1065.0,23.02,89.06,2.23,2.88,0.0
20191226,Coimbatore,Valparai_Hill,10.3273,76.9536,1065.0,23.18,86.15,1.4,0.21,0.0
20191227,Coimbatore,Valparai_Hill,10.3273,76.9536,1065.0,22.92,84.85,1.57,0.0,0.0
20191228,Coimbatore,Valparai_Hill,10.3273,76.9536,1065.0,22.26,83.14,1.77,0.0,0.0
20191229,Coimbatore,Valparai_Hill,10.3273,76.9536,1065.0,22.48,83.89,1.94,0.0,0.0
20191230,Coimbatore,Valparai_Hill,10.3273,76.9536,1065.0,22.42,83.22,1.85,0.07,0.0
20191231,Coimbatore,Valparai_Hill,10.3273,76.9536,1065.0,22.83,84.71,1.61,0.89,0.0
20200101,Coimbatore,Valparai_Hill,10.3273,76.9536,1065.0,23.29,84.19,1.5,0.39,4.799107551574707
20200102,Coimbatore,Valparai_Hill,10.3273,76.9536,1065.0,23.47,83.99,1.45,0.0,0.0
20200103,Coimbatore,Valparai_Hill,10.3273,76.9536,1065.0,24.16,81.69,1.29,0.0,0.0
20200104,Coimbatore,Valparai_Hill,10.3273,76.9536,1065.0,24.82,79.67,0.74,0.0,0.0
20200105,Coimbatore,Valparai_Hill,10.3273,76.9536,1065.0,24.29,81.83,1.6,0.0,0.0
20200106,Coimbatore,Valparai_Hill,10.3273,76.9536,1065.0,23.62,80.84,2.32,0.01,0.0
20200107,Coimbatore,Valparai_Hill,10.3273,76.9536,1065.0,23.06,79.6,2.04,0.01,6.711795806884766
20200108,Coimbatore,Valparai_Hill,10.3273,76.9536,1065.0,22.89,77.51,1.51,0.0,0.0
20200109,Coimbatore,Valparai_Hill,10.3273,76.9536,1065.0,22.67,76.74,1.41,0.0,0.0
20200110,Coimbatore,Valparai_Hill,10.3273,76.9536,1065.0,22.06,76.82,1.98,0.0,0.0
20200111,Coimbatore,Valparai_Hill,10.3273,76.9536,1065.0,21.53,72.99,2.15,0.0,0.0
20200112,Coimbatore,Valparai_Hill,10.3273,76.9536,1065.0,21.42,75.82,1.95,0.0,0.0
20200113,Coimbatore,Valparai_Hill,10.3273,76.9536,1065.0,22.42,76.01,1.23,0.0,0.0
20200114,Coimbatore,Valparai_Hill,10.3273,76.9536,1065.0,22.2,73.99,1.26,0.0,0.0
20200115,Coimbatore,Valparai_Hill,10.3273,76.9536,1065.0,21.32,72.68,1.61,0.0,0.0
20200116,Coimbatore,Valparai_Hill,10.3273,76.9536,1065.0,21.45,70.68,1.35,0.0,0.0
20200117,Coimbatore,Valparai_Hill,10.3273,76.9536,1065.0,22.63,73.71,1.28,0.03,0.0
20200118,Coimbatore,Valparai_Hill,10.3273,76.9536,1065.0,24.04,78.97,2.11,1.18,0.0
20200119,Coimbatore,Valparai_Hill,10.3273,76.9536,1065.0,23.68,79.55,2.14,3.06,0.0
20200120,Coimbatore,Valparai_Hill,10.3273,76.9536,1065.0,23.47,73.46,1.98,0.04,0.0
20200121,Coimbatore,Valparai_Hill,10.3273,76.9536,1065.0,22.96,69.5,2.09,0.0,0.0
20200122,Coimbatore,Valparai_Hill,10.3273,76.9536,1065.0,23.02,71.48,2.55,0.0,0.0
20200123,Coimbatore,Valparai_Hill,10.3273,76.9536,1065.0,23.85,75.73,2.67,0.0,5.770669460296631
20200124,Coimbatore,Valparai_Hill,10.3273,76.9536,1065.0,22.87,65.2,2.42,0.0,0.0
20200125,Coimbatore,Valparai_Hill,10.3273,76.9536,1065.0,21.93,62.99,1.66,0.0,0.0
20200126,Coimbatore,Valparai_Hill,10.3273,76.9536,1065.0,22.65,64.4,1.47,0.0,0.0
20200127,Coimbatore,Valparai_Hill,10.3273,76.9536,1065.0,23.79,62.5,1.21,0.0,0.0
20200128,Coimbatore,Valparai_Hill,10.3273,76.9536,1065.0,24.45,68.02,0.94,0.0,0.0
20200129,Coimbatore,Valparai_Hill,10.3273,76.9536,1065.0,24.75,64.34,1.03,0.0,0.0
20200130,Coimbatore,Valparai_Hill,10.3273,76.9536,1065.0,25.2,64.05,1.09,0.0,0.0
20200131,Coimbatore,Valparai_Hill,10.3273,76.9536,1065.0,24.59,66.34,1.47,0.0,0.0
20200201,Coimbatore,Valparai_Hill,10.3273,76.9536,1065.0,24.37,66.43,1.62,0.0,0.0
20200202,Coimbatore,Valparai_Hill,10.3273,76.9536,1065.0,23.66,65.38,2.03,0.0,0.0
20200203,Coimbatore,Valparai_Hill,10.3273,76.9536,1065.0,23.59,65.64,1.75,0.0,0.0
20200204,Coimbatore,Valparai_Hill,10.3273,76.9536,1065.0,24.03,65.23,1.7,0.01,0.0
20200205,Coimbatore,Valparai_Hill,10.3273,76.9536,1065.0,24.42,72.36,1.54,1.35,0.0
20200206,Coimbatore,Valparai_Hill,10.3273,76.9536,1065.0,24.49,66.75,1.23,0.56,0.0
20200207,Coimbatore,Valparai_Hill,10.3273,76.9536,1065.0,24.21,73.78,1.1,0.62,0.0
20200208,Coimbatore,Valparai_Hill,10.3273,76.9536,1065.0,25.36,68.39,0.9,0.0,0.0
20200209,Coimbatore,Valparai_Hill,10.3273,76.9536,1065.0,25.22,65.65,1.53,0.29,0.0
20200210,Coimbatore,Valparai_Hill,10.3273,76.9536,1065.0,25.37,64.59,2.43,0.21,0.0
20200211,Coimbatore,Valparai_Hill,10.3273,76.9536,1065.0,25.09,61.77,2.95,0.0,0.0
20200212,Coimbatore,Valparai_Hill,10.3273,76.9536,1065.0,24.99,61.58,2.6,0.0,0.0
20200213,Coimbatore,Valparai_Hill,10.3273,76.9536,1065.0,25.06,58.12,2.22,0.0,0.0
20200214,Coimbatore,Valparai_Hill,10.3273,76.9536,1065.0,25.0,58.6,1.3,0.0,0.0
20200215,Coimbatore,Valparai_Hill,10.3273,76.9536,1065.0,26.13,56.15,1.26,0.0,0.0
20200216,Coimbatore,Valparai_Hill,10.3273,76.9536,1065.0,24.95,50.99,1.85,0.0,0.0
20200217,Coimbatore,Valparai_Hill,10.3273,76.9536,1065.0,24.04,48.41,2.02,0.0,0.0
20200218,Coimbatore,Valparai_Hill,10.3273,76.9536,1065.0,24.25,53.16,2.22,0.0,3.4431161880493164
20200219,Coimbatore,Valparai_Hill,10.3273,76.9536,1065.0,23.29,59.83,2.01,0.0,0.0
20200220,Coimbatore,Valparai_Hill,10.3273,76.9536,1065.0,23.84,55.75,2.49,0.0,0.0
20200221,Coimbatore,Valparai_Hill,10.3273,76.9536,1065.0,24.68,59.64,2.52,0.0,3.8495006561279297
20200222,Coimbatore,Valparai_Hill,10.3273,76.9536,1065.0,26.45,61.57,3.25,0.0,0.0
20200223,Coimbatore,Valparai_Hill,10.3273,76.9536,1065.0,25.87,58.89,2.81,0.0,0.0
20200224,Coimbatore,Valparai_Hill,10.3273,76.9536,1065.0,25.92,56.69,2.49,0.0,0.0
20200225,Coimbatore,Valparai_Hill,10.3273,76.9536,1065.0,26.8,52.72,1.47,0.0,0.0
20200226,Coimbatore,Valparai_Hill,10.3273,76.9536,1065.0,27.08,51.23,1.9,0.01,0.0
20200227,Coimbatore,Valparai_Hill,10.3273,76.9536,1065.0,27.41,51.43,1.84,0.11,0.0
20200228,Coimbatore,Valparai_Hill,10.3273,76.9536,1065.0,27.44,56.22,2.31,0.07,0.0
20200229,Coimbatore,Valparai_Hill,10.3273,76.9536,1065.0,27.25,54.73,1.53,0.09,0.0
20200301,Coimbatore,Valparai_Hill,10.3273,76.9536,1065.0,27.52,57.82,1.6,1.22,0.0
20200302,Coimbatore,Valparai_Hill,10.3273,76.9536,1065.0,24.3,75.7,1.09,3.55,0.0
20200303,Coimbatore,Valparai_Hill,10.3273,76.9536,1065.0,24.4,71.12,1.03,0.59,0.0
20200304,Coimbatore,Valparai_Hill,10.3273,76.9536,1065.0,25.69,70.45,0.99,0.52,0.0
20200305,Coimbatore,Valparai_Hill,10.3273,76.9536,1065.0,26.82,67.57,1.52,0.22,0.0
20200306,Coimbatore,Valparai_Hill,10.3273,76.9536,1065.0,27.61,61.73,1.53,0.02,0.0
20200307,Coimbatore,Valparai_Hill,10.3273,76.9536,1065.0,28.01,58.67,2.06,0.0,0.0
20200308,Coimbatore,Valparai_Hill,10.3273,76.9536,1065.0,28.16,59.03,0.85,0.79,0.0
20200309,Coimbatore,Valparai_Hill,10.3273,76.9536,1065.0,28.78,60.14,0.84,0.27,25.865522384643555
20200310,Coimbatore,Valparai_Hill,10.3273,76.9536,1065.0,29.3,48.99,1.24,0.0,0.0
20200311,Coimbatore,Valparai_Hill,10.3273,76.9536,1065.0,28.95,52.59,1.16,0.51,0.0
20200312,Coimbatore,Valparai_Hill,10.3273,76.9536,1065.0,28.74,54.56,1.25,1.07,0.0
20200313,Coimbatore,Valparai_Hill,10.3273,76.9536,1065.0,28.15,43.37,1.66,0.0,0.0
20200314,Coimbatore,Valparai_Hill,10.3273,76.9536,1065.0,28.47,46.17,1.7,0.0,0.0
20200315,Coimbatore,Valparai_Hill,10.3273,76.9536,1065.0,28.64,49.28,1.83,0.0,0.0
20200316,Coimbatore,Valparai_Hill,10.3273,76.9536,1065.0,28.95,49.14,2.2,0.0,0.0
20200317,Coimbatore,Valparai_Hill,10.3273,76.9536,1065.0,28.77,48.55,2.61,0.0,0.0
20200318,Coimbatore,Valparai_Hill,10.3273,76.9536,1065.0,28.55,48.51,1.86,0.0,0.0
20200319,Coimbatore,Valparai_Hill,10.3273,76.9536,1065.0,29.49,43.13,1.37,0.0,0.0
20200320,Coimbatore,Valparai_Hill,10.3273,76.9536,1065.0,29.4,53.52,1.28,1.0,0.0
20200321,Coimbatore,Valparai_Hill,10.3273,76.9536,1065.0,28.42,60.55,1.04,4.33,7.785091876983643
20200322,Coimbatore,Valparai_Hill,10.3273,76.9536,1065.0,29.0,56.6,0.82,0.33,0.0
20200323,Coimbatore,Valparai_Hill,10.3273,76.9536,1065.0,29.06,56.46,1.04,0.32,15.570183753967283
20200324,Coimbatore,Valparai_Hill,10.3273,76.9536,1065.0,29.64,49.92,1.29,0.07,0.0
20200325,Coimbatore,Valparai_Hill,10.3273,76.9536,1065.0,29.25,50.71,1.3,0.09,0.0
20200326,Coimbatore,Valparai_Hill,10.3273,76.9536,1065.0,29.16,46.01,2.0,0.01,0.0
20200327,Coimbatore,Valparai_Hill,10.3273,76.9536,1065.0,29.2,45.71,1.78,0.0,0.0
20200328,Coimbatore,Valparai_Hill,10.3273,76.9536,1065.0,29.33,42.34,1.43,0.01,0.0
20200329,Coimbatore,Valparai_Hill,10.3273,76.9536,1065.0,29.46,42.32,1.21,0.05,0.0
20200330,Coimbatore,Valparai_Hill,10.3273,76.9536,1065.0,29.45,37.91,1.63,0.17,0.0
20200331,Coimbatore,Valparai_Hill,10.3273,76.9536,1065.0,29.29,36.24,1.87,0.33,0.0
20200401,Coimbatore,Valparai_Hill,10.3273,76.9536,1065.0,29.38,39.2,2.0,0.0,0.0
20200402,Coimbatore,Valparai_Hill,10.3273,76.9536,1065.0,30.49,41.11,1.68,0.0,0.0
20200403,Coimbatore,Valparai_Hill,10.3273,76.9536,1065.0,30.35,41.54,1.3,0.0,0.0
20200404,Coimbatore,Valparai_Hill,10.3273,76.9536,1065.0,30.21,43.6,0.9,0.0,0.0
20200405,Coimbatore,Valparai_Hill,10.3273,76.9536,1065.0,30.34,51.43,1.44,0.28,6.882411003112793
20200406,Coimbatore,Valparai_Hill,10.3273,76.9536,1065.0,29.01,61.77,1.04,1.56,0.0
20200407,Coimbatore,Valparai_Hill,10.3273,76.9536,1065.0,25.76,79.72,0.83,2.87,10.08945083618164
20200408,Coimbatore,Valparai_Hill,10.3273,76.9536,1065.0,28.0,61.7,1.07,0.47,0.0
20200409,Coimbatore,Valparai_Hill,10.3273,76.9536,1065.0,28.57,64.81,1.01,5.25,5.04472541809082
20200410,Coimbatore,Valparai_Hill,10.3273,76.9536,1065.0,28.71,58.92,1.65,0.28,0.0
20200411,Coimbatore,Valparai_Hill,10.3273,76.9536,1065.0,28.84,53.25,1.77,0.39,0.0
20200412,Coimbatore,Valparai_Hill,10.3273,76.9536,1065.0,28.74,49.94,1.69,0.41,0.0
20200413,Coimbatore,Valparai_Hill,10.3273,76.9536,1065.0,29.23,43.55,1.54,0.0,0.0
20200414,Coimbatore,Valparai_Hill,10.3273,76.9536,1065.0,29.95,41.44,1.66,0.01,0.0
20200415,Coimbatore,Valparai_Hill,10.3273,76.9536,1065.0,30.3,44.88,1.23,0.02,0.0
20200416,Coimbatore,Valparai_Hill,10.3273,76.9536,1065.0,30.42,48.84,0.97,0.07,0.0
20200417,Coimbatore,Valparai_Hill,10.3273,76.9536,1065.0,30.77,52.05,1.47,0.19,0.0
20200418,Coimbatore,Valparai_Hill,10.3273,76.9536,1065.0,30.89,52.46,1.46,0.24,0.0
20200419,Coimbatore,Valparai_Hill,10.3273,76.9536,1065.0,30.76,52.11,1.45,0.05,7.9643049240112305
20200420,Coimbatore,Valparai_Hill,10.3273,76.9536,1065.0,31.04,47.99,1.67,0.28,0.0
20200421,Coimbatore,Valparai_Hill,10.3273,76.9536,1065.0,31.09,49.75,1.03,0.69,0.0
20200422,Coimbatore,Valparai_Hill,10.3273,76.9536,1065.0,30.15,59.78,1.6,1.71,8.594715118408203
20200423,Coimbatore,Valparai_Hill,10.3273,76.9536,1065.0,29.65,63.79,1.88,1.13,0.0
20200424,Coimbatore,Valparai_Hill,10.3273,76.9536,1065.0,28.21,62.11,1.98,0.89,12.892071723937988
20200425,Coimbatore,Valparai_Hill,10.3273,76.9536,1065.0,29.4,59.57,1.38,0.57,12.892071723937988
20200426,Coimbatore,Valparai_Hill,10.3273,76.9536,1065.0,27.36,71.82,1.14,5.06,17.328857421875
20200427,Coimbatore,Valparai_Hill,10.3273,76.9536,1065.0,28.46,69.03,0.86,1.09,0.0
20200428,Coimbatore,Valparai_Hill,10.3273,76.9536,1065.0,27.0,76.63,1.18,2.52,23.105144500732425
20200429,Coimbatore,Valparai_Hill,10.3273,76.9536,1065.0,25.26,78.41,1.76,10.54,5.7762861251831055
20200430,Coimbatore,Valparai_Hill,10.3273,76.9536,1065.0,27.85,60.67,1.14,0.12,0.0
20200501,Coimbatore,Valparai_Hill,10.3273,76.9536,1065.0,28.45,67.18,1.09,4.3,0.0
20200502,Coimbatore,Valparai_Hill,10.3273,76.9536,1065.0,28.59,68.66,0.99,2.04,3.753553867340088
20200503,Coimbatore,Valparai_Hill,10.3273,76.9536,1065.0,30.17,62.19,1.25,0.48,0.0
20200504,Coimbatore,Valparai_Hill,10.3273,76.9536,1065.0,29.65,64.08,0.98,0.2,0.0
20200505,Coimbatore,Valparai_Hill,10.3273,76.9536,1065.0,29.57,64.16,1.04,0.14,0.0
20200506,Coimbatore,Valparai_Hill,10.3273,76.9536,1065.0,28.0,73.71,1.45,2.48,3.0241265296936035
20200507,Coimbatore,Valparai_Hill,10.3273,76.9536,1065.0,27.52,76.36,1.51,3.63,1.5120632648468018
20200508,Coimbatore,Valparai_Hill,10.3273,76.9536,1065.0,26.73,79.96,1.13,2.88,3.0241265296936035
20200509,Coimbatore,Valparai_Hill,10.3273,76.9536,1065.0,29.46,64.93,1.33,0.07,3.0241265296936035
20200510,Coimbatore,Valparai_Hill,10.3273,76.9536,1065.0,28.51,69.29,0.59,0.12,6.048253059387207
20200511,Coimbatore,Valparai_Hill,10.3273,76.9536,1065.0,28.28,69.02,0.88,0.18,2.10304594039917
20200512,Coimbatore,Valparai_Hill,10.3273,76.9536,1065.0,27.81,69.01,0.9,0.46,6.309138298034668
20200513,Coimbatore,Valparai_Hill,10.3273,76.9536,1065.0,29.15,56.67,1.27,0.37,4.20609188079834
20200514,Coimbatore,Valparai_Hill,10.3273,76.9536,1065.0,27.93,71.79,1.22,0.26,8.41218376159668
20200515,Coimbatore,Valparai_Hill,10.3273,76.9536,1065.0,27.85,73.33,1.47,0.88,4.20609188079834
20200516,Coimbatore,Valparai_Hill,10.3273,76.9536,1065.0,27.92,70.7,2.35,0.72,3.7442197799682617
20200517,Coimbatore,Valparai_Hill,10.3273,76.9536,1065.0,27.23,75.89,2.76,4.66,5.616330146789551
20200518,Coimbatore,Valparai_Hill,10.3273,76.9536,1065.0,26.04,76.35,3.62,5.75,1.8721098899841309
20200519,Coimbatore,Valparai_Hill,10.3273,76.9536,1065.0,26.65,75.61,3.82,1.1,0.0
20200520,Coimbatore,Valparai_Hill,10.3273,76.9536,1065.0,27.66,71.12,3.53,0.42,0.0
20200521,Coimbatore,Valparai_Hill,10.3273,76.9536,1065.0,26.27,74.89,2.84,2.28,1.9209280014038088
20200522,Coimbatore,Valparai_Hill,10.3273,76.9536,1065.0,27.58,67.72,2.86,0.44,1.1219682693481443
20200523,Coimbatore,Valparai_Hill,10.3273,76.9536,1065.0,28.7,69.95,2.74,0.03,2.5491483211517334
20200524,Coimbatore,Valparai_Hill,10.3273,76.9536,1065.0,28.21,72.47,3.06,0.51,0.6260566711425781
20200525,Coimbatore,Valparai_Hill,10.3273,76.9536,1065.0,27.26,77.6,2.65,2.86,1.8953946828842163
20200526,Coimbatore,Valparai_Hill,10.3273,76.9536,1065.0,27.36,76.08,2.32,0.92,0.0
20200527,Coimbatore,Valparai_Hill,10.3273,76.9536,1065.0,27.24,76.95,2.68,2.02,4.402061462402344
20200528,Coimbatore,Valparai_Hill,10.3273,76.9536,1065.0,26.86,79.17,2.65,19.29,8.804122924804688
20200529,Coimbatore,Valparai_Hill,10.3273,76.9536,1065.0,26.61,75.31,2.11,4.0,0.0
20200530,Coimbatore,Valparai_Hill,10.3273,76.9536,1065.0,26.36,77.43,1.63,2.47,6.603092193603516
20200531,Coimbatore,Valparai_Hill,10.3273,76.9536,1065.0,26.35,79.36,2.57,1.77,2.201030731201172
20200601,Coimbatore,Valparai_Hill,10.3273,76.9536,1065.0,25.82,82.97,2.82,3.16,5.254748821258545
20200602,Coimbatore,Valparai_Hill,10.3273,76.9536,1065.0,25.15,81.71,3.14,9.91,4.935206890106201
20200603,Coimbatore,Valparai_Hill,10.3273,76.9536,1065.0,25.15,82.93,3.25,1.48,7.703710079193115
20200604,Coimbatore,Valparai_Hill,10.3273,76.9536,1065.0,25.11,81.6,3.68,5.93,6.21730899810791
20200605,Coimbatore,Valparai_Hill,10.3273,76.9536,1065.0,25.52,81.32,3.1,5.15,4.371420860290527
20200606,Coimbatore,Valparai_Hill,10.3273,76.9536,1065.0,25.52,79.25,3.25,5.71,9.286375045776367
20200607,Coimbatore,Valparai_Hill,10.3273,76.9536,1065.0,25.12,81.15,2.86,5.07,4.643187522888184
20200608,Coimbatore,Valparai_Hill,10.3273,76.9536,1065.0,25.82,72.24,2.89,0.14,0.0
20200609,Coimbatore,Valparai_Hill,10.3273,76.9536,1065.0,25.22,77.07,2.69,2.1,4.643187522888184
20200610,Coimbatore,Valparai_Hill,10.3273,76.9536,1065.0,24.99,77.5,3.35,3.29,4.643187522888184
20200611,Coimbatore,Valparai_Hill,10.3273,76.9536,1065.0,25.12,76.22,3.62,0.86,3.102250814437866
20200612,Coimbatore,Valparai_Hill,10.3273,76.9536,1065.0,24.81,74.82,4.43,2.91,2.44521164894104
20200613,Coimbatore,Valparai_Hill,10.3273,76.9536,1065.0,25.61,74.08,3.95,1.95,0.4319127798080444
20200614,Coimbatore,Valparai_Hill,10.3273,76.9536,1065.0,25.43,77.28,4.05,3.16,4.421523571014404
20200615,Coimbatore,Valparai_Hill,10.3273,76.9536,1065.0,25.87,79.94,3.44,1.61,0.4551343917846679
20200616,Coimbatore,Valparai_Hill,10.3273,76.9536,1065.0,25.31,84.83,3.18,3.7,0.0
20200617,Coimbatore,Valparai_Hill,10.3273,76.9536,1065.0,24.87,83.3,3.24,2.68,5.635847091674805
20200618,Coimbatore,Valparai_Hill,10.3273,76.9536,1065.0,24.57,80.21,3.27,2.0,5.635847091674805
20200619,Coimbatore,Valparai_Hill,10.3273,76.9536,1065.0,24.57,81.06,2.63,1.77,0.0
20200620,Coimbatore,Valparai_Hill,10.3273,76.9536,1065.0,25.08,75.92,2.67,0.64,0.0
20200621,Coimbatore,Valparai_Hill,10.3273,76.9536,1065.0,24.13,81.27,3.18,3.67,14.963396072387695
20200622,Coimbatore,Valparai_Hill,10.3273,76.9536,1065.0,24.88,78.25,3.43,2.98,0.0
20200623,Coimbatore,Valparai_Hill,10.3273,76.9536,1065.0,24.84,75.45,2.59,0.21,0.0
20200624,Coimbatore,Valparai_Hill,10.3273,76.9536,1065.0,25.28,75.18,2.53,1.11,22.44509506225586
20200625,Coimbatore,Valparai_Hill,10.3273,76.9536,1065.0,24.4,81.9,1.86,10.13,14.963396072387695
20200626,Coimbatore,Valparai_Hill,10.3273,76.9536,1065.0,24.68,81.5,2.42,4.62,0.0
20200627,Coimbatore,Valparai_Hill,10.3273,76.9536,1065.0,24.76,83.95,2.88,3.24,0.0
20200628,Coimbatore,Valparai_Hill,10.3273,76.9536,1065.0,25.16,85.8,2.66,10.76,0.0
20200629,Coimbatore,Valparai_Hill,10.3273,76.9536,1065.0,25.02,86.14,2.59,7.42,51.6757698059082
20200630,Coimbatore,Valparai_Hill,10.3273,76.9536,1065.0,25.41,77.95,3.17,2.18,0.0
20200701,Coimbatore,Valparai_Hill,10.3273,76.9536,1065.0,24.63,79.83,3.02,0.51,0.0
20200702,Coimbatore,Valparai_Hill,10.3273,76.9536,1065.0,24.13,82.55,2.82,6.26,22.168811798095703
20200703,Coimbatore,Valparai_Hill,10.3273,76.9536,1065.0,23.1,83.39,3.39,8.3,7.389604091644287
20200704,Coimbatore,Valparai_Hill,10.3273,76.9536,1065.0,23.46,83.82,3.87,7.85,0.0
20200705,Coimbatore,Valparai_Hill,10.3273,76.9536,1065.0,24.39,79.35,3.43,3.53,0.0
20200706,Coimbatore,Valparai_Hill,10.3273,76.9536,1065.0,23.5,85.54,3.13,14.36,0.0
20200707,Coimbatore,Valparai_Hill,10.3273,76.9536,1065.0,24.02,82.98,3.36,6.02,10.35688591003418
20200708,Coimbatore,Valparai_Hill,10.3273,76.9536,1065.0,24.24,87.35,2.33,9.52,0.0
20200709,Coimbatore,Valparai_Hill,10.3273,76.9536,1065.0,23.45,87.62,1.72,20.77,20.71377182006836
20200710,Coimbatore,Valparai_Hill,10.3273,76.9536,1065.0,23.95,85.44,1.75,2.34,20.71377182006836
20200711,Coimbatore,Valparai_Hill,10.3273,76.9536,1065.0,24.08,84.29,2.29,5.84,13.2628755569458
20200712,Coimbatore,Valparai_Hill,10.3273,76.9536,1065.0,24.42,82.83,3.06,2.31,0.0
20200713,Coimbatore,Valparai_Hill,10.3273,76.9536,1065.0,24.16,83.58,1.93,4.32,6.6314377784729
20200714,Coimbatore,Valparai_Hill,10.3273,76.9536,1065.0,24.14,87.55,2.05,3.49,13.2628755569458
20200715,Coimbatore,Valparai_Hill,10.3273,76.9536,1065.0,23.74,89.58,2.79,5.72,13.2628755569458
20200716,Coimbatore,Valparai_Hill,10.3273,76.9536,1065.0,23.98,86.15,3.17,10.43,3.6258656978607178
20200717,Coimbatore,Valparai_Hill,10.3273,76.9536,1065.0,23.16,88.06,2.46,10.15,10.15764617919922
20200718,Coimbatore,Valparai_Hill,10.3273,76.9536,1065.0,23.79,85.96,2.28,3.04,15.650856971740724
20200719,Coimbatore,Valparai_Hill,10.3273,76.9536,1065.0,23.99,86.09,1.08,5.31,22.581581115722656
20200720,Coimbatore,Valparai_Hill,10.3273,76.9536,1065.0,23.97,90.48,1.71,32.56,20.473690032958984
20200721,Coimbatore,Valparai_Hill,10.3273,76.9536,1065.0,24.3,84.81,0.9,2.4,0.0
20200722,Coimbatore,Valparai_Hill,10.3273,76.9536,1065.0,24.87,86.63,0.95,0.63,12.74691390991211
20200723,Coimbatore,Valparai_Hill,10.3273,76.9536,1065.0,24.33,89.08,1.61,6.82,50.98765563964844
20200724,Coimbatore,Valparai_Hill,10.3273,76.9536,1065.0,23.86,87.38,2.3,12.75,0.0
20200725,Coimbatore,Valparai_Hill,10.3273,76.9536,1065.0,22.95,89.32,2.28,2.26,25.49382781982422
20200726,Coimbatore,Valparai_Hill,10.3273,76.9536,1065.0,23.46,87.15,2.15,1.72,0.0
20200727,Coimbatore,Valparai_Hill,10.3273,76.9536,1065.0,23.96,84.42,2.28,2.43,0.0
20200728,Coimbatore,Valparai_Hill,10.3273,76.9536,1065.0,23.85,87.57,2.65,5.47,28.04252052307129
20200729,Coimbatore,Valparai_Hill,10.3273,76.9536,1065.0,23.45,89.33,2.64,16.24,28.04252052307129
20200730,Coimbatore,Valparai_Hill,10.3273,76.9536,1065.0,23.43,88.28,3.25,7.34,0.0
20200731,Coimbatore,Valparai_Hill,10.3273,76.9536,1065.0,23.99,89.01,2.95,10.18,37.39002990722656
20200801,Coimbatore,Valparai_Hill,10.3273,76.9536,1065.0,23.33,87.67,3.17,7.08,20.17384529113769
20200802,Coimbatore,Valparai_Hill,10.3273,76.9536,1065.0,23.24,87.98,4.15,8.62,0.0
20200803,Coimbatore,Valparai_Hill,10.3273,76.9536,1065.0,23.48,88.48,4.62,13.01,0.0
20200804,Coimbatore,Valparai_Hill,10.3273,76.9536,1065.0,23.57,86.75,5.08,15.98,40.34769058227539
20200805,Coimbatore,Valparai_Hill,10.3273,76.9536,1065.0,23.64,87.97,5.93,10.24,20.17384529113769
20200806,Coimbatore,Valparai_Hill,10.3273,76.9536,1065.0,24.66,86.59,5.25,22.51,0.0
20200807,Coimbatore,Valparai_Hill,10.3273,76.9536,1065.0,23.94,88.31,4.48,27.33,0.0
20200808,Coimbatore,Valparai_Hill,10.3273,76.9536,1065.0,23.45,88.45,3.8,18.95,46.53787612915039
20200809,Coimbatore,Valparai_Hill,10.3273,76.9536,1065.0,22.58,90.45,2.91,13.34,31.02524948120117
20200810,Coimbatore,Valparai_Hill,10.3273,76.9536,1065.0,23.16,90.94,3.46,2.45,0.0
20200811,Coimbatore,Valparai_Hill,10.3273,76.9536,1065.0,23.69,89.11,2.94,6.38,0.0
20200812,Coimbatore,Valparai_Hill,10.3273,76.9536,1065.0,23.84,89.15,3.18,2.61,0.0
20200813,Coimbatore,Valparai_Hill,10.3273,76.9536,1065.0,23.59,90.11,2.69,5.32,0.0
20200814,Coimbatore,Valparai_Hill,10.3273,76.9536,1065.0,23.16,90.03,2.71,2.39,0.0
20200815,Coimbatore,Valparai_Hill,10.3273,76.9536,1065.0,23.28,89.81,2.92,1.08,0.0
20200816,Coimbatore,Valparai_Hill,10.3273,76.9536,1065.0,23.49,89.42,2.76,1.15,0.0
20200817,Coimbatore,Valparai_Hill,10.3273,76.9536,1065.0,24.11,87.4,2.71,2.48,0.0
20200818,Coimbatore,Valparai_Hill,10.3273,76.9536,1065.0,24.2,88.19,2.65,3.35,0.0
20200819,Coimbatore,Valparai_Hill,10.3273,76.9536,1065.0,23.77,89.03,2.31,0.87,0.0
20200820,Coimbatore,Valparai_Hill,10.3273,76.9536,1065.0,23.48,90.37,2.23,0.42,22.965011596679688
20200821,Coimbatore,Valparai_Hill,10.3273,76.9536,1065.0,24.43,86.49,2.04,0.05,10.602663040161133
20200822,Coimbatore,Valparai_Hill,10.3273,76.9536,1065.0,24.63,86.91,1.93,6.15,0.0
20200823,Coimbatore,Valparai_Hill,10.3273,76.9536,1065.0,24.07,87.8,1.85,2.7,10.602663040161133
20200824,Coimbatore,Valparai_Hill,10.3273,76.9536,1065.0,24.33,86.88,1.57,11.0,21.205326080322266
20200825,Coimbatore,Valparai_Hill,10.3273,76.9536,1065.0,24.53,86.06,1.48,2.45,0.0
20200826,Coimbatore,Valparai_Hill,10.3273,76.9536,1065.0,24.33,86.89,1.09,1.13,5.907608985900879
20200827,Coimbatore,Valparai_Hill,10.3273,76.9536,1065.0,24.45,84.02,1.8,0.12,0.0
20200828,Coimbatore,Valparai_Hill,10.3273,76.9536,1065.0,24.71,82.13,2.03,0.09,0.0
20200829,Coimbatore,Valparai_Hill,10.3273,76.9536,1065.0,24.22,84.74,2.23,0.09,0.0
20200830,Coimbatore,Valparai_Hill,10.3273,76.9536,1065.0,24.79,85.77,1.89,1.09,5.907608985900879
20200831,Coimbatore,Valparai_Hill,10.3273,76.9536,1065.0,24.05,88.64,1.39,3.24,17.722827911376953
20200901,Coimbatore,Valparai_Hill,10.3273,76.9536,1065.0,23.68,88.69,2.03,12.27,24.22128295898437
20200902,Coimbatore,Valparai_Hill,10.3273,76.9536,1065.0,23.02,90.35,1.84,14.78,12.110641479492188
20200903,Coimbatore,Valparai_Hill,10.3273,76.9536,1065.0,24.02,88.91,1.24,5.41,12.110641479492188
20200904,Coimbatore,Valparai_Hill,10.3273,76.9536,1065.0,24.63,87.35,0.96,6.66,24.22128295898437
20200905,Coimbatore,Valparai_Hill,10.3273,76.9536,1065.0,25.2,83.85,0.89,2.46,6.055320739746094
20200906,Coimbatore,Valparai_Hill,10.3273,76.9536,1065.0,24.5,87.49,1.83,18.71,27.89033889770508
20200907,Coimbatore,Valparai_Hill,10.3273,76.9536,1065.0,23.43,90.21,2.92,6.87,0.0
20200908,Coimbatore,Valparai_Hill,10.3273,76.9536,1065.0,23.92,89.62,1.7,4.8,9.29677963256836
20200909,Coimbatore,Valparai_Hill,10.3273,76.9536,1065.0,23.77,89.02,2.3,14.78,37.18711853027344
20200910,Coimbatore,Valparai_Hill,10.3273,76.9536,1065.0,23.43,89.4,3.55,8.29,0.0
20200911,Coimbatore,Valparai_Hill,10.3273,76.9536,1065.0,23.44,88.05,3.83,10.29,0.0
20200912,Coimbatore,Valparai_Hill,10.3273,76.9536,1065.0,22.6,89.17,2.91,6.5,6.046309471130371
20200913,Coimbatore,Valparai_Hill,10.3273,76.9536,1065.0,22.05,88.56,2.34,4.42,24.185237884521484
20200914,Coimbatore,Valparai_Hill,10.3273,76.9536,1065.0,22.8,86.05,3.05,2.48,0.0
20200915,Coimbatore,Valparai_Hill,10.3273,76.9536,1065.0,23.6,88.16,3.02,2.87,6.046309471130371
20200916,Coimbatore,Valparai_Hill,10.3273,76.9536,1065.0,24.04,87.49,2.72,2.13,1.2952611446380615
20200917,Coimbatore,Valparai_Hill,10.3273,76.9536,1065.0,23.92,89.24,2.77,4.99,1.2558081150054932
20200918,Coimbatore,Valparai_Hill,10.3273,76.9536,1065.0,23.86,86.89,3.38,6.11,1.6045246124267578
20200919,Coimbatore,Valparai_Hill,10.3273,76.9536,1065.0,23.41,86.43,4.07,11.88,5.1528754234313965
20200920,Coimbatore,Valparai_Hill,10.3273,76.9536,1065.0,23.13,88.23,4.85,13.8,3.264996290206909
20200921,Coimbatore,Valparai_Hill,10.3273,76.9536,1065.0,23.05,87.67,4.39,6.41,0.0
20200922,Coimbatore,Valparai_Hill,10.3273,76.9536,1065.0,22.56,86.12,3.58,2.78,0.0
20200923,Coimbatore,Valparai_Hill,10.3273,76.9536,1065.0,23.05,88.33,2.61,1.29,0.0
20200924,Coimbatore,Valparai_Hill,10.3273,76.9536,1065.0,23.39,88.62,1.78,1.15,0.0
20200925,Coimbatore,Valparai_Hill,10.3273,76.9536,1065.0,23.11,88.39,1.79,4.64,23.47941017150879
20200926,Coimbatore,Valparai_Hill,10.3273,76.9536,1065.0,22.04,88.96,1.66,0.97,6.890990257263184
20200927,Coimbatore,Valparai_Hill,10.3273,76.9536,1065.0,23.57,86.12,1.58,4.11,10.336485862731934
20200928,Coimbatore,Valparai_Hill,10.3273,76.9536,1065.0,23.91,86.11,1.88,1.7,10.336485862731934
20200929,Coimbatore,Valparai_Hill,10.3273,76.9536,1065.0,23.67,88.77,2.59,12.39,6.890990257263184
20200930,Coimbatore,Valparai_Hill,10.3273,76.9536,1065.0,23.09,88.96,2.47,3.35,0.0
20201001,Coimbatore,Valparai_Hill,10.3273,76.9536,1065.0,22.85,88.7,2.06,0.04,0.0
20201002,Coimbatore,Valparai_Hill,10.3273,76.9536,1065.0,23.25,87.01,1.92,1.16,0.0
20201003,Coimbatore,Valparai_Hill,10.3273,76.9536,1065.0,23.51,86.26,2.33,1.58,0.0
20201004,Coimbatore,Valparai_Hill,10.3273,76.9536,1065.0,23.74,84.79,2.13,0.03,0.0
20201005,Coimbatore,Valparai_Hill,10.3273,76.9536,1065.0,23.77,83.04,1.89,0.02,0.0
20201006,Coimbatore,Valparai_Hill,10.3273,76.9536,1065.0,24.73,84.61,1.63,1.59,8.06969165802002
20201007,Coimbatore,Valparai_Hill,10.3273,76.9536,1065.0,24.32,88.96,1.79,4.95,8.06969165802002
20201008,Coimbatore,Valparai_Hill,10.3273,76.9536,1065.0,24.59,88.14,1.03,5.77,16.13938331604004
20201009,Coimbatore,Valparai_Hill,10.3273,76.9536,1065.0,23.41,93.42,1.64,17.9,16.13938331604004
20201010,Coimbatore,Valparai_Hill,10.3273,76.9536,1065.0,23.04,90.43,1.78,5.31,8.06969165802002
20201011,Coimbatore,Valparai_Hill,10.3273,76.9536,1065.0,22.38,88.79,2.61,4.15,17.8087100982666
20201012,Coimbatore,Valparai_Hill,10.3273,76.9536,1065.0,23.06,89.51,3.17,6.03,0.0
20201013,Coimbatore,Valparai_Hill,10.3273,76.9536,1065.0,23.19,88.5,3.94,3.27,0.0
20201014,Coimbatore,Valparai_Hill,10.3273,76.9536,1065.0,23.36,86.86,3.54,2.1,0.0
20201015,Coimbatore,Valparai_Hill,10.3273,76.9536,1065.0,23.34,87.44,2.69,1.38,0.0
20201016,Coimbatore,Valparai_Hill,10.3273,76.9536,1065.0,23.73,88.85,2.18,2.27,0.0
20201017,Coimbatore,Valparai_Hill,10.3273,76.9536,1065.0,23.54,87.81,1.63,2.11,27.09143829345703
20201018,Coimbatore,Valparai_Hill,10.3273,76.9536,1065.0,23.55,86.32,1.41,1.82,0.0
20201019,Coimbatore,Valparai_Hill,10.3273,76.9536,1065.0,23.81,87.05,1.55,6.84,0.0
20201020,Coimbatore,Valparai_Hill,10.3273,76.9536,1065.0,22.95,91.59,1.8,7.71,18.060958862304688
20201021,Coimbatore,Valparai_Hill,10.3273,76.9536,1065.0,23.54,88.07,2.33,2.44,0.0
20201022,Coimbatore,Valparai_Hill,10.3273,76.9536,1065.0,23.69,88.52,2.34,1.91,0.0
20201023,Coimbatore,Valparai_Hill,10.3273,76.9536,1065.0,23.54,87.71,2.36,0.04,0.0
20201024,Coimbatore,Valparai_Hill,10.3273,76.9536,1065.0,22.75,82.04,1.77,0.02,0.0
20201025,Coimbatore,Valparai_Hill,10.3273,76.9536,1065.0,22.86,83.85,1.26,57.95,17.665945053100586
20201026,Coimbatore,Valparai_Hill,10.3273,76.9536,1065.0,24.39,81.66,0.65,27.2,2.6885135173797607
20201027,Coimbatore,Valparai_Hill,10.3273,76.9536,1065.0,24.58,81.84,0.69,0.21,4.245058059692383
20201028,Coimbatore,Valparai_Hill,10.3273,76.9536,1065.0,24.7,79.43,0.83,0.16,2.3220653533935547
20201029,Coimbatore,Valparai_Hill,10.3273,76.9536,1065.0,24.4,81.6,0.75,0.74,2.059257745742798
20201030,Coimbatore,Valparai_Hill,10.3273,76.9536,1065.0,24.63,80.26,0.65,1.49,2.060457229614258
20201031,Coimbatore,Valparai_Hill,10.3273,76.9536,1065.0,24.73,78.41,0.63,0.35,0.7577858567237854
20201101,Coimbatore,Valparai_Hill,10.3273,76.9536,1065.0,24.75,80.55,0.63,2.5,0.0
20201102,Coimbatore,Valparai_Hill,10.3273,76.9536,1065.0,24.87,82.88,0.38,11.46,0.0
20201103,Coimbatore,Valparai_Hill,10.3273,76.9536,1065.0,24.57,83.19,1.17,4.45,0.0
20201104,Coimbatore,Valparai_Hill,10.3273,76.9536,1065.0,24.85,82.35,0.83,5.65,13.828705787658691
20201105,Coimbatore,Valparai_Hill,10.3273,76.9536,1065.0,24.63,84.07,1.24,12.94,4.609568595886231
20201106,Coimbatore,Valparai_Hill,10.3273,76.9536,1065.0,23.51,86.06,1.67,5.83,0.0
20201107,Coimbatore,Valparai_Hill,10.3273,76.9536,1065.0,23.91,85.76,1.87,1.17,0.0
20201108,Coimbatore,Valparai_Hill,10.3273,76.9536,1065.0,23.72,88.93,1.92,4.09,15.743627548217772
20201109,Coimbatore,Valparai_Hill,10.3273,76.9536,1065.0,24.24,80.7,1.34,0.08,0.0
20201110,Coimbatore,Valparai_Hill,10.3273,76.9536,1065.0,22.33,77.39,1.62,0.0,0.0
20201111,Coimbatore,Valparai_Hill,10.3273,76.9536,1065.0,22.62,79.29,1.36,2.33,0.0
20201112,Coimbatore,Valparai_Hill,10.3273,76.9536,1065.0,23.31,92.23,1.71,9.72,0.0
20201113,Coimbatore,Valparai_Hill,10.3273,76.9536,1065.0,23.44,88.85,1.99,7.63,9.794859886169434
20201114,Coimbatore,Valparai_Hill,10.3273,76.9536,1065.0,23.96,87.14,2.24,1.32,0.0
20201115,Coimbatore,Valparai_Hill,10.3273,76.9536,1065.0,23.86,89.63,2.2,4.56,9.794859886169434
20201116,Coimbatore,Valparai_Hill,10.3273,76.9536,1065.0,23.16,92.22,2.45,22.39,23.51893615722656
20201117,Coimbatore,Valparai_Hill,10.3273,76.9536,1065.0,22.93,91.03,2.69,28.91,39.19822692871094
20201118,Coimbatore,Valparai_Hill,10.3273,76.9536,1065.0,22.99,90.66,1.72,14.2,7.839645862579346
20201119,Coimbatore,Valparai_Hill,10.3273,76.9536,1065.0,23.14,89.14,1.88,2.57,0.0
20201120,Coimbatore,Valparai_Hill,10.3273,76.9536,1065.0,22.65,89.04,1.81,0.94,0.0
20201121,Coimbatore,Valparai_Hill,10.3273,76.9536,1065.0,21.88,82.56,1.41,0.08,0.0
20201122,Coimbatore,Valparai_Hill,10.3273,76.9536,1065.0,20.63,78.36,1.37,0.0,0.0
20201123,Coimbatore,Valparai_Hill,10.3273,76.9536,1065.0,21.64,76.99,1.32,0.0,14.380169868469238
20201124,Coimbatore,Valparai_Hill,10.3273,76.9536,1065.0,22.47,78.51,1.19,0.0,14.380169868469238
20201125,Coimbatore,Valparai_Hill,10.3273,76.9536,1065.0,23.44,85.86,1.15,2.84,43.14051055908203
20201126,Coimbatore,Valparai_Hill,10.3273,76.9536,1065.0,22.85,90.37,2.12,4.25,22.59785461425781
20201127,Coimbatore,Valparai_Hill,10.3273,76.9536,1065.0,22.79,86.45,0.89,3.72,0.0
20201128,Coimbatore,Valparai_Hill,10.3273,76.9536,1065.0,21.88,91.32,1.64,3.05,0.0
20201129,Coimbatore,Valparai_Hill,10.3273,76.9536,1065.0,22.66,89.2,1.84,1.86,0.0
20201130,Coimbatore,Valparai_Hill,10.3273,76.9536,1065.0,22.79,86.84,1.99,0.31,0.0
20201201,Coimbatore,Valparai_Hill,10.3273,76.9536,1065.0,21.66,80.46,1.9,0.0,10.99124240875244
20201202,Coimbatore,Valparai_Hill,10.3273,76.9536,1065.0,22.79,80.9,1.45,2.11,16.486862182617188
20201203,Coimbatore,Valparai_Hill,10.3273,76.9536,1065.0,22.13,91.08,1.44,8.69,16.486862182617188
20201204,Coimbatore,Valparai_Hill,10.3273,76.9536,1065.0,22.27,91.14,2.63,7.61,16.486862182617188
20201205,Coimbatore,Valparai_Hill,10.3273,76.9536,1065.0,22.07,90.1,1.99,2.46,0.0
20201206,Coimbatore,Valparai_Hill,10.3273,76.9536,1065.0,22.82,89.71,2.13,16.09,10.552685737609863
20201207,Coimbatore,Valparai_Hill,10.3273,76.9536,1065.0,22.7,91.99,2.4,7.64,10.552685737609863
20201208,Coimbatore,Valparai_Hill,10.3273,76.9536,1065.0,22.92,90.95,2.41,7.75,10.552685737609863
20201209,Coimbatore,Valparai_Hill,10.3273,76.9536,1065.0,22.81,88.64,1.86,1.43,0.0
20201210,Coimbatore,Valparai_Hill,10.3273,76.9536,1065.0,21.76,86.41,1.83,0.78,0.0
20201211,Coimbatore,Valparai_Hill,10.3273,76.9536,1065.0,21.27,84.01,1.54,0.3,0.0
20201212,Coimbatore,Valparai_Hill,10.3273,76.9536,1065.0,20.78,82.28,1.4,0.18,0.0
20201213,Coimbatore,Valparai_Hill,10.3273,76.9536,1065.0,20.64,83.52,1.4,0.01,0.0
20201214,Coimbatore,Valparai_Hill,10.3273,76.9536,1065.0,20.19,82.08,1.49,0.0,0.0
20201215,Coimbatore,Valparai_Hill,10.3273,76.9536,1065.0,20.54,82.87,1.69,0.17,0.0
20201216,Coimbatore,Valparai_Hill,10.3273,76.9536,1065.0,21.93,87.06,1.63,2.96,0.0
20201217,Coimbatore,Valparai_Hill,10.3273,76.9536,1065.0,22.04,90.48,2.13,2.3,7.548949718475342
20201218,Coimbatore,Valparai_Hill,10.3273,76.9536,1065.0,22.03,85.93,2.1,1.04,0.0
20201219,Coimbatore,Valparai_Hill,10.3273,76.9536,1065.0,21.39,85.39,2.49,0.07,7.548949718475342
20201220,Coimbatore,Valparai_Hill,10.3273,76.9536,1065.0,21.17,83.99,2.35,0.0,0.0
20201221,Coimbatore,Valparai_Hill,10.3273,76.9536,1065.0,19.88,83.6,2.3,0.0,0.0
20201222,Coimbatore,Valparai_Hill,10.3273,76.9536,1065.0,20.63,83.21,1.8,0.0,0.0
20201223,Coimbatore,Valparai_Hill,10.3273,76.9536,1065.0,21.72,84.61,1.47,0.0,0.0
20201224,Coimbatore,Valparai_Hill,10.3273,76.9536,1065.0,22.39,83.6,1.88,0.0,0.0
20201225,Coimbatore,Valparai_Hill,10.3273,76.9536,1065.0,21.51,82.47,1.89,0.0,0.0
20201226,Coimbatore,Valparai_Hill,10.3273,76.9536,1065.0,20.94,80.38,1.91,0.0,0.0
20201227,Coimbatore,Valparai_Hill,10.3273,76.9536,1065.0,20.64,76.98,1.53,0.0,0.0
20201228,Coimbatore,Valparai_Hill,10.3273,76.9536,1065.0,21.15,76.25,1.39,0.0,0.0
20201229,Coimbatore,Valparai_Hill,10.3273,76.9536,1065.0,21.75,79.55,1.67,0.4,0.0
20201230,Coimbatore,Valparai_Hill,10.3273,76.9536,1065.0,23.0,85.16,2.25,2.12,0.0
20201231,Coimbatore,Valparai_Hill,10.3273,76.9536,1065.0,22.89,87.26,2.97,6.61,0.0
20210101,Coimbatore,Valparai_Hill,10.3273,76.9536,1065.0,21.32,80.97,2.64,0.64,0.0
20210102,Coimbatore,Valparai_Hill,10.3273,76.9536,1065.0,21.63,83.43,2.16,0.24,0.0
20210103,Coimbatore,Valparai_Hill,10.3273,76.9536,1065.0,22.48,87.1,2.17,4.41,0.0
20210104,Coimbatore,Valparai_Hill,10.3273,76.9536,1065.0,22.58,87.94,2.55,4.9,0.0
20210105,Coimbatore,Valparai_Hill,10.3273,76.9536,1065.0,22.47,87.51,1.96,1.96,0.0
20210106,Coimbatore,Valparai_Hill,10.3273,76.9536,1065.0,22.19,88.3,1.08,16.35,21.3994083404541
20210107,Coimbatore,Valparai_Hill,10.3273,76.9536,1065.0,22.44,91.95,1.6,29.69,10.69970417022705
20210108,Coimbatore,Valparai_Hill,10.3273,76.9536,1065.0,23.22,90.9,1.24,11.12,0.0
20210109,Coimbatore,Valparai_Hill,10.3273,76.9536,1065.0,23.1,90.56,2.01,8.05,10.69970417022705
20210110,Coimbatore,Valparai_Hill,10.3273,76.9536,1065.0,22.1,90.42,1.54,1.39,10.69970417022705
20210111,Coimbatore,Valparai_Hill,10.3273,76.9536,1065.0,22.07,89.84,1.86,2.58,15.796917915344238
20210112,Coimbatore,Valparai_Hill,10.3273,76.9536,1065.0,21.4,91.82,2.69,8.22,10.531278610229492
20210113,Coimbatore,Valparai_Hill,10.3273,76.9536,1065.0,21.54,91.03,2.99,12.69,2.632819652557373
20210114,Coimbatore,Valparai_Hill,10.3273,76.9536,1065.0,22.01,89.79,2.66,7.45,0.0
20210115,Coimbatore,Valparai_Hill,10.3273,76.9536,1065.0,21.85,89.89,2.25,2.93,0.0
20210116,Coimbatore,Valparai_Hill,10.3273,76.9536,1065.0,22.43,88.45,2.05,0.57,0.0
20210117,Coimbatore,Valparai_Hill,10.3273,76.9536,1065.0,21.67,83.91,1.83,0.07,0.0
20210118,Coimbatore,Valparai_Hill,10.3273,76.9536,1065.0,20.66,82.29,1.98,0.0,0.0
20210119,Coimbatore,Valparai_Hill,10.3273,76.9536,1065.0,20.82,81.23,1.61,0.0,0.0
20210120,Coimbatore,Valparai_Hill,10.3273,76.9536,1065.0,22.01,81.2,1.14,0.0,0.0
20210121,Coimbatore,Valparai_Hill,10.3273,76.9536,1065.0,22.99,86.42,1.12,0.23,0.0
20210122,Coimbatore,Valparai_Hill,10.3273,76.9536,1065.0,23.27,86.45,1.41,1.92,0.0
20210123,Coimbatore,Valparai_Hill,10.3273,76.9536,1065.0,22.82,84.81,1.59,0.91,0.0
20210124,Coimbatore,Valparai_Hill,10.3273,76.9536,1065.0,22.38,81.74,1.55,0.0,0.0
20210125,Coimbatore,Valparai_Hill,10.3273,76.9536,1065.0,21.12,81.88,1.85,0.0,0.0
20210126,Coimbatore,Valparai_Hill,10.3273,76.9536,1065.0,20.76,78.42,1.77,0.0,0.0
20210127,Coimbatore,Valparai_Hill,10.3273,76.9536,1065.0,20.04,75.01,1.68,0.0,0.0
20210128,Coimbatore,Valparai_Hill,10.3273,76.9536,1065.0,20.55,78.43,1.85,0.0,0.0
20210129,Coimbatore,Valparai_Hill,10.3273,76.9536,1065.0,21.82,80.42,1.66,0.0,0.0
20210130,Coimbatore,Valparai_Hill,10.3273,76.9536,1065.0,22.73,77.76,1.68,0.04,0.0
20210131,Coimbatore,Valparai_Hill,10.3273,76.9536,1065.0,22.0,76.29,1.88,0.2,0.0
20210201,Coimbatore,Valparai_Hill,10.3273,76.9536,1065.0,21.66,73.59,2.0,0.18,0.0
20210202,Coimbatore,Valparai_Hill,10.3273,76.9536,1065.0,21.74,73.77,2.08,0.0,0.0
20210203,Coimbatore,Valparai_Hill,10.3273,76.9536,1065.0,22.19,78.37,2.21,0.06,0.0
20210204,Coimbatore,Valparai_Hill,10.3273,76.9536,1065.0,22.15,71.92,2.01,0.03,0.0
20210205,Coimbatore,Valparai_Hill,10.3273,76.9536,1065.0,22.13,72.1,1.72,0.0,0.0
20210206,Coimbatore,Valparai_Hill,10.3273,76.9536,1065.0,21.73,71.03,1.94,0.0,3.401494026184082
20210207,Coimbatore,Valparai_Hill,10.3273,76.9536,1065.0,21.22,63.57,1.93,0.0,0.0
20210208,Coimbatore,Valparai_Hill,10.3273,76.9536,1065.0,21.04,65.31,2.15,0.0,0.0
20210209,Coimbatore,Valparai_Hill,10.3273,76.9536,1065.0,21.17,68.04,2.11,0.0,0.0
20210210,Coimbatore,Valparai_Hill,10.3273,76.9536,1065.0,20.56,64.79,1.94,0.0,0.0
20210211,Coimbatore,Valparai_Hill,10.3273,76.9536,1065.0,20.56,65.93,1.79,0.0,0.0
20210212,Coimbatore,Valparai_Hill,10.3273,76.9536,1065.0,20.77,67.47,1.83,0.0,0.0
20210213,Coimbatore,Valparai_Hill,10.3273,76.9536,1065.0,21.61,67.7,1.52,0.0,0.0
20210214,Coimbatore,Valparai_Hill,10.3273,76.9536,1065.0,22.84,64.36,1.2,0.0,0.0
20210215,Coimbatore,Valparai_Hill,10.3273,76.9536,1065.0,23.76,65.38,0.97,0.0,0.0
20210216,Coimbatore,Valparai_Hill,10.3273,76.9536,1065.0,24.45,70.15,1.02,0.0,0.0
20210217,Coimbatore,Valparai_Hill,10.3273,76.9536,1065.0,24.57,70.19,1.39,0.0,0.0
20210218,Coimbatore,Valparai_Hill,10.3273,76.9536,1065.0,23.33,72.82,1.88,0.17,0.0
20210219,Coimbatore,Valparai_Hill,10.3273,76.9536,1065.0,23.99,67.54,1.4,0.91,0.0
20210220,Coimbatore,Valparai_Hill,10.3273,76.9536,1065.0,24.14,76.78,1.82,7.26,0.0
20210221,Coimbatore,Valparai_Hill,10.3273,76.9536,1065.0,24.06,79.01,1.64,7.63,0.0
20210222,Coimbatore,Valparai_Hill,10.3273,76.9536,1065.0,24.17,73.25,2.09,3.74,0.0
20210223,Coimbatore,Valparai_Hill,10.3273,76.9536,1065.0,24.6,70.71,1.77,0.99,0.0
20210224,Coimbatore,Valparai_Hill,10.3273,76.9536,1065.0,24.5,65.25,1.63,0.0,0.0
20210225,Coimbatore,Valparai_Hill,10.3273,76.9536,1065.0,25.23,63.67,1.28,0.0,0.0
20210226,Coimbatore,Valparai_Hill,10.3273,76.9536,1065.0,26.53,59.94,1.05,0.0,3.9574708938598633
20210227,Coimbatore,Valparai_Hill,10.3273,76.9536,1065.0,26.91,57.78,1.03,0.0,0.0
20210228,Coimbatore,Valparai_Hill,10.3273,76.9536,1065.0,25.22,55.18,1.74,0.0,0.0
20210301,Coimbatore,Valparai_Hill,10.3273,76.9536,1065.0,24.52,57.61,1.52,0.0,0.0
20210302,Coimbatore,Valparai_Hill,10.3273,76.9536,1065.0,24.73,56.91,1.86,0.0,0.0
20210303,Coimbatore,Valparai_Hill,10.3273,76.9536,1065.0,24.02,59.06,2.3,0.0,0.0
20210304,Coimbatore,Valparai_Hill,10.3273,76.9536,1065.0,23.4,62.05,2.05,0.0,0.0
20210305,Coimbatore,Valparai_Hill,10.3273,76.9536,1065.0,24.4,57.57,1.61,0.0,0.0
20210306,Coimbatore,Valparai_Hill,10.3273,76.9536,1065.0,25.59,57.43,1.32,0.0,0.0
20210307,Coimbatore,Valparai_Hill,10.3273,76.9536,1065.0,25.87,55.7,1.54,0.0,0.0
20210308,Coimbatore,Valparai_Hill,10.3273,76.9536,1065.0,26.07,59.69,1.62,0.0,0.0
20210309,Coimbatore,Valparai_Hill,10.3273,76.9536,1065.0,26.28,62.21,1.95,0.06,0.0
20210310,Coimbatore,Valparai_Hill,10.3273,76.9536,1065.0,26.38,63.61,1.74,5.86,0.0
20210311,Coimbatore,Valparai_Hill,10.3273,76.9536,1065.0,24.61,77.26,1.43,13.84,0.0
20210312,Coimbatore,Valparai_Hill,10.3273,76.9536,1065.0,25.16,66.72,1.78,2.28,0.0
20210313,Coimbatore,Valparai_Hill,10.3273,76.9536,1065.0,24.95,61.68,1.85,0.0,0.0
20210314,Coimbatore,Valparai_Hill,10.3273,76.9536,1065.0,25.66,62.32,1.89,0.0,0.0
20210315,Coimbatore,Valparai_Hill,10.3273,76.9536,1065.0,25.93,60.03,1.64,0.0,0.0
20210316,Coimbatore,Valparai_Hill,10.3273,76.9536,1065.0,26.24,57.2,1.36,0.0,0.0
20210317,Coimbatore,Valparai_Hill,10.3273,76.9536,1065.0,25.89,55.9,1.83,0.0,0.0
20210318,Coimbatore,Valparai_Hill,10.3273,76.9536,1065.0,25.94,55.55,1.95,0.0,0.0
20210319,Coimbatore,Valparai_Hill,10.3273,76.9536,1065.0,24.74,53.96,1.62,0.02,0.0
20210320,Coimbatore,Valparai_Hill,10.3273,76.9536,1065.0,26.48,55.76,1.06,0.09,0.0
20210321,Coimbatore,Valparai_Hill,10.3273,76.9536,1065.0,26.79,56.23,1.42,2.95,26.742168426513672
20210322,Coimbatore,Valparai_Hill,10.3273,76.9536,1065.0,26.22,57.65,1.51,1.56,8.914056777954102
20210323,Coimbatore,Valparai_Hill,10.3273,76.9536,1065.0,26.89,56.88,1.72,0.08,0.0
20210324,Coimbatore,Valparai_Hill,10.3273,76.9536,1065.0,27.48,58.29,1.52,0.07,0.0
20210325,Coimbatore,Valparai_Hill,10.3273,76.9536,1065.0,26.5,63.71,1.15,2.45,8.914056777954102
20210326,Coimbatore,Valparai_Hill,10.3273,76.9536,1065.0,27.15,58.12,2.07,0.05,0.0
20210327,Coimbatore,Valparai_Hill,10.3273,76.9536,1065.0,27.86,58.52,1.64,0.02,0.0
20210328,Coimbatore,Valparai_Hill,10.3273,76.9536,1065.0,27.72,61.21,1.1,0.74,25.61858558654785
20210329,Coimbatore,Valparai_Hill,10.3273,76.9536,1065.0,27.87,62.71,1.5,0.6,25.61858558654785
20210330,Coimbatore,Valparai_Hill,10.3273,76.9536,1065.0,28.58,63.82,1.67,0.93,0.0
20210331,Coimbatore,Valparai_Hill,10.3273,76.9536,1065.0,29.08,64.7,2.43,0.22,0.0
20210401,Coimbatore,Valparai_Hill,10.3273,76.9536,1065.0,29.14,63.28,2.24,0.51,0.0
20210402,Coimbatore,Valparai_Hill,10.3273,76.9536,1065.0,28.18,61.7,2.36,0.07,0.0
20210403,Coimbatore,Valparai_Hill,10.3273,76.9536,1065.0,27.79,61.13,2.78,0.13,0.0
20210404,Coimbatore,Valparai_Hill,10.3273,76.9536,1065.0,29.07,55.91,1.87,1.1,0.0
20210405,Coimbatore,Valparai_Hill,10.3273,76.9536,1065.0,30.13,54.42,1.24,0.67,0.0
20210406,Coimbatore,Valparai_Hill,10.3273,76.9536,1065.0,30.01,51.52,1.6,0.45,0.0
20210407,Coimbatore,Valparai_Hill,10.3273,76.9536,1065.0,29.64,45.8,1.8,0.12,0.0
20210408,Coimbatore,Valparai_Hill,10.3273,76.9536,1065.0,29.04,46.66,1.32,0.14,0.0
20210409,Coimbatore,Valparai_Hill,10.3273,76.9536,1065.0,29.1,46.05,1.75,0.01,0.0
20210410,Coimbatore,Valparai_Hill,10.3273,76.9536,1065.0,28.93,48.93,1.79,0.03,0.0
20210411,Coimbatore,Valparai_Hill,10.3273,76.9536,1065.0,29.42,52.81,1.13,0.6,9.498766899108888
20210412,Coimbatore,Valparai_Hill,10.3273,76.9536,1065.0,28.24,63.46,1.3,5.52,6.332511425018311
20210413,Coimbatore,Valparai_Hill,10.3273,76.9536,1065.0,26.97,69.66,1.13,2.83,9.498766899108888
20210414,Coimbatore,Valparai_Hill,10.3273,76.9536,1065.0,26.86,72.53,0.58,9.58,12.66502285003662
20210415,Coimbatore,Valparai_Hill,10.3273,76.9536,1065.0,25.78,79.12,1.18,10.67,9.498766899108888
20210416,Coimbatore,Valparai_Hill,10.3273,76.9536,1065.0,25.04,81.47,1.09,3.51,6.037179470062256
20210417,Coimbatore,Valparai_Hill,10.3273,76.9536,1065.0,25.85,77.75,0.75,1.1,6.037179470062256
20210418,Coimbatore,Valparai_Hill,10.3273,76.9536,1065.0,26.12,76.69,0.99,0.87,0.0
20210419,Coimbatore,Valparai_Hill,10.3273,76.9536,1065.0,25.87,78.22,1.33,2.74,0.0
20210420,Coimbatore,Valparai_Hill,10.3273,76.9536,1065.0,24.72,85.66,0.95,2.58,9.055768966674805
20210421,Coimbatore,Valparai_Hill,10.3273,76.9536,1065.0,26.2,77.53,0.98,2.32,0.0
20210422,Coimbatore,Valparai_Hill,10.3273,76.9536,1065.0,27.12,72.49,1.2,0.25,3.8224127292633057
20210423,Coimbatore,Valparai_Hill,10.3273,76.9536,1065.0,27.12,72.61,0.86,4.25,3.8224127292633057
20210424,Coimbatore,Valparai_Hill,10.3273,76.9536,1065.0,27.49,71.43,0.6,3.46,15.289650917053224
20210425,Coimbatore,Valparai_Hill,10.3273,76.9536,1065.0,27.12,73.18,0.94,3.11,3.8224127292633057
20210426,Coimbatore,Valparai_Hill,10.3273,76.9536,1065.0,26.76,73.91,0.48,0.77,1.9420405626297
20210427,Coimbatore,Valparai_Hill,10.3273,76.9536,1065.0,26.35,74.09,0.59,0.12,1.9420405626297
20210428,Coimbatore,Valparai_Hill,10.3273,76.9536,1065.0,27.8,67.78,0.95,0.05,0.0
20210429,Coimbatore,Valparai_Hill,10.3273,76.9536,1065.0,27.38,72.68,1.1,0.21,1.9420405626297
20210430,Coimbatore,Valparai_Hill,10.3273,76.9536,1065.0,27.37,72.75,0.83,1.35,1.9420405626297
20210501,Coimbatore,Valparai_Hill,10.3273,76.9536,1065.0,27.57,71.88,1.19,1.35,6.918233394622803
20210502,Coimbatore,Valparai_Hill,10.3273,76.9536,1065.0,27.12,72.76,1.0,3.51,3.4591166973114014
20210503,Coimbatore,Valparai_Hill,10.3273,76.9536,1065.0,26.84,75.23,1.27,7.78,3.4591166973114014
20210504,Coimbatore,Valparai_Hill,10.3273,76.9536,1065.0,27.16,73.01,0.87,5.21,6.918233394622803
20210505,Coimbatore,Valparai_Hill,10.3273,76.9536,1065.0,27.77,69.77,1.17,1.31,0.0
20210506,Coimbatore,Valparai_Hill,10.3273,76.9536,1065.0,28.57,68.08,1.31,2.79,1.892668843269348
20210507,Coimbatore,Valparai_Hill,10.3273,76.9536,1065.0,28.04,71.56,1.26,11.08,1.892668843269348
20210508,Coimbatore,Valparai_Hill,10.3273,76.9536,1065.0,26.6,75.4,1.5,1.05,0.0
20210509,Coimbatore,Valparai_Hill,10.3273,76.9536,1065.0,27.96,72.3,1.0,0.77,3.785337686538696
20210510,Coimbatore,Valparai_Hill,10.3273,76.9536,1065.0,26.75,81.17,1.24,1.78,3.785337686538696
20210511,Coimbatore,Valparai_Hill,10.3273,76.9536,1065.0,26.7,78.57,1.57,2.72,4.253595352172852
20210512,Coimbatore,Valparai_Hill,10.3273,76.9536,1065.0,26.53,80.67,1.64,3.15,4.253595352172852
20210513,Coimbatore,Valparai_Hill,10.3273,76.9536,1065.0,26.86,77.64,2.28,12.32,12.760786056518556
20210514,Coimbatore,Valparai_Hill,10.3273,76.9536,1065.0,25.48,80.54,2.59,22.13,8.507190704345703
20210515,Coimbatore,Valparai_Hill,10.3273,76.9536,1065.0,24.38,90.13,2.84,17.55,21.267976760864254
20210516,Coimbatore,Valparai_Hill,10.3273,76.9536,1065.0,24.91,85.21,2.99,10.41,0.0
20210517,Coimbatore,Valparai_Hill,10.3273,76.9536,1065.0,25.18,84.21,2.17,6.99,6.170072555541992
20210518,Coimbatore,Valparai_Hill,10.3273,76.9536,1065.0,25.03,87.54,2.0,3.92,6.170072555541992
20210519,Coimbatore,Valparai_Hill,10.3273,76.9536,1065.0,25.24,88.23,2.1,26.16,6.170072555541992
20210520,Coimbatore,Valparai_Hill,10.3273,76.9536,1065.0,24.31,88.7,1.84,17.71,12.340145111083984
20210521,Coimbatore,Valparai_Hill,10.3273,76.9536,1065.0,23.44,86.97,1.78,0.4,0.0
20210522,Coimbatore,Valparai_Hill,10.3273,76.9536,1065.0,24.14,86.29,2.4,4.06,3.278000831604004
20210523,Coimbatore,Valparai_Hill,10.3273,76.9536,1065.0,24.98,82.68,2.57,2.67,0.0
20210524,Coimbatore,Valparai_Hill,10.3273,76.9536,1065.0,24.48,86.57,2.06,0.26,0.0
20210525,Coimbatore,Valparai_Hill,10.3273,76.9536,1065.0,24.44,83.1,3.33,7.11,6.556001663208008
20210526,Coimbatore,Valparai_Hill,10.3273,76.9536,1065.0,23.36,85.24,3.5,7.94,0.0
20210527,Coimbatore,Valparai_Hill,10.3273,76.9536,1065.0,24.52,83.71,3.06,0.92,0.0
20210528,Coimbatore,Valparai_Hill,10.3273,76.9536,1065.0,25.11,82.49,2.54,0.42,0.0
20210529,Coimbatore,Valparai_Hill,10.3273,76.9536,1065.0,24.65,82.86,2.41,1.38,0.0
20210530,Coimbatore,Valparai_Hill,10.3273,76.9536,1065.0,24.21,82.32,2.75,1.13,0.0
20210531,Coimbatore,Valparai_Hill,10.3273,76.9536,1065.0,24.85,82.81,2.88,4.17,0.0
20210601,Coimbatore,Valparai_Hill,10.3273,76.9536,1065.0,25.14,83.64,2.73,1.87,0.0
20210602,Coimbatore,Valparai_Hill,10.3273,76.9536,1065.0,25.94,81.96,2.18,1.7,13.6700439453125
20210603,Coimbatore,Valparai_Hill,10.3273,76.9536,1065.0,24.89,90.99,1.31,9.2,20.50506591796875
20210604,Coimbatore,Valparai_Hill,10.3273,76.9536,1065.0,25.01,88.89,1.57,8.16,20.50506591796875
20210605,Coimbatore,Valparai_Hill,10.3273,76.9536,1065.0,24.16,84.15,1.86,9.57,20.50506591796875
20210606,Coimbatore,Valparai_Hill,10.3273,76.9536,1065.0,24.48,84.08,1.92,4.07,0.0
20210607,Coimbatore,Valparai_Hill,10.3273,76.9536,1065.0,25.19,81.44,1.98,0.46,0.0
20210608,Coimbatore,Valparai_Hill,10.3273,76.9536,1065.0,25.14,81.9,2.35,4.36,14.127764701843262
20210609,Coimbatore,Valparai_Hill,10.3273,76.9536,1065.0,24.73,85.09,2.53,2.34,0.0
20210610,Coimbatore,Valparai_Hill,10.3273,76.9536,1065.0,24.98,82.98,2.83,1.13,0.0
20210611,Coimbatore,Valparai_Hill,10.3273,76.9536,1065.0,24.53,84.66,2.67,1.55,0.0
20210612,Coimbatore,Valparai_Hill,10.3273,76.9536,1065.0,24.44,83.94,3.44,5.29,11.44678783416748
20210613,Coimbatore,Valparai_Hill,10.3273,76.9536,1065.0,24.0,83.18,3.71,10.67,5.72339391708374
20210614,Coimbatore,Valparai_Hill,10.3273,76.9536,1065.0,23.08,81.01,4.24,3.78,5.72339391708374
20210615,Coimbatore,Valparai_Hill,10.3273,76.9536,1065.0,24.3,84.83,3.94,8.89,0.0
20210616,Coimbatore,Valparai_Hill,10.3273,76.9536,1065.0,24.86,85.67,3.93,9.88,0.0
20210617,Coimbatore,Valparai_Hill,10.3273,76.9536,1065.0,24.25,87.18,3.78,6.32,0.0
20210618,Coimbatore,Valparai_Hill,10.3273,76.9536,1065.0,23.88,86.55,3.46,2.41,16.83298683166504
20210619,Coimbatore,Valparai_Hill,10.3273,76.9536,1065.0,23.97,85.39,3.09,1.02,0.0
20210620,Coimbatore,Valparai_Hill,10.3273,76.9536,1065.0,24.48,85.92,2.44,1.41,0.0
20210621,Coimbatore,Valparai_Hill,10.3273,76.9536,1065.0,24.56,86.1,2.04,2.45,0.0
20210622,Coimbatore,Valparai_Hill,10.3273,76.9536,1065.0,24.21,86.04,1.89,2.58,13.95695686340332
20210623,Coimbatore,Valparai_Hill,10.3273,76.9536,1065.0,24.78,85.87,1.66,3.34,20.935434341430664
20210624,Coimbatore,Valparai_Hill,10.3273,76.9536,1065.0,24.41,84.36,2.3,0.74,0.0
20210625,Coimbatore,Valparai_Hill,10.3273,76.9536,1065.0,24.48,82.01,2.15,0.15,0.0
20210626,Coimbatore,Valparai_Hill,10.3273,76.9536,1065.0,24.07,85.24,2.46,3.78,0.0
20210627,Coimbatore,Valparai_Hill,10.3273,76.9536,1065.0,24.02,77.6,2.12,5.63,0.0
20210628,Coimbatore,Valparai_Hill,10.3273,76.9536,1065.0,23.23,82.23,1.87,1.95,0.0
20210629,Coimbatore,Valparai_Hill,10.3273,76.9536,1065.0,24.36,83.72,1.69,6.99,0.0
20210630,Coimbatore,Valparai_Hill,10.3273,76.9536,1065.0,25.29,82.85,1.85,1.38,28.264299392700195
20210701,Coimbatore,Valparai_Hill,10.3273,76.9536,1065.0,25.1,86.92,1.86,9.29,17.502735137939453
20210702,Coimbatore,Valparai_Hill,10.3273,76.9536,1065.0,24.65,86.56,2.15,3.53,0.0
20210703,Coimbatore,Valparai_Hill,10.3273,76.9536,1065.0,24.15,87.99,1.89,2.52,5.834245204925537
20210704,Coimbatore,Valparai_Hill,10.3273,76.9536,1065.0,23.88,85.2,1.12,19.76,23.33698081970215
20210705,Coimbatore,Valparai_Hill,10.3273,76.9536,1065.0,24.28,83.86,1.86,2.51,0.0
20210706,Coimbatore,Valparai_Hill,10.3273,76.9536,1065.0,24.6,85.84,1.44,4.39,7.773212432861328
20210707,Coimbatore,Valparai_Hill,10.3273,76.9536,1065.0,24.83,84.79,2.04,6.0,15.546424865722656
20210708,Coimbatore,Valparai_Hill,10.3273,76.9536,1065.0,24.78,85.94,2.19,3.79,15.546424865722656
20210709,Coimbatore,Valparai_Hill,10.3273,76.9536,1065.0,23.62,89.52,3.34,6.08,15.546424865722656
20210710,Coimbatore,Valparai_Hill,10.3273,76.9536,1065.0,23.11,84.78,4.91,10.24,7.773212432861328
20210711,Coimbatore,Valparai_Hill,10.3273,76.9536,1065.0,23.22,83.38,4.33,2.47,0.0
20210712,Coimbatore,Valparai_Hill,10.3273,76.9536,1065.0,23.46,86.69,4.15,4.1,0.0
20210713,Coimbatore,Valparai_Hill,10.3273,76.9536,1065.0,23.77,85.05,4.47,5.39,7.1937642097473145
20210714,Coimbatore,Valparai_Hill,10.3273,76.9536,1065.0,23.57,84.15,3.92,12.54,21.5812931060791
20210715,Coimbatore,Valparai_Hill,10.3273,76.9536,1065.0,23.76,84.66,3.69,7.99,14.387528419494627
20210716,Coimbatore,Valparai_Hill,10.3273,76.9536,1065.0,24.12,85.86,3.21,12.61,0.0
20210717,Coimbatore,Valparai_Hill,10.3273,76.9536,1065.0,23.99,86.64,2.55,5.62,18.552413940429688
20210718,Coimbatore,Valparai_Hill,10.3273,76.9536,1065.0,23.79,88.45,3.11,6.13,18.552413940429688
20210719,Coimbatore,Valparai_Hill,10.3273,76.9536,1065.0,23.6,88.33,3.24,1.69,0.0
20210720,Coimbatore,Valparai_Hill,10.3273,76.9536,1065.0,24.2,85.16,3.74,2.58,9.276206970214844
20210721,Coimbatore,Valparai_Hill,10.3273,76.9536,1065.0,23.92,86.07,3.74,7.18,13.50033473968506
20210722,Coimbatore,Valparai_Hill,10.3273,76.9536,1065.0,23.73,87.22,4.84,14.7,0.0
20210723,Coimbatore,Valparai_Hill,10.3273,76.9536,1065.0,23.79,87.27,4.89,12.68,0.0
20210724,Coimbatore,Valparai_Hill,10.3273,76.9536,1065.0,23.74,87.87,3.84,6.55,0.0
20210725,Coimbatore,Valparai_Hill,10.3273,76.9536,1065.0,23.35,85.89,3.54,4.32,13.50033473968506
20210726,Coimbatore,Valparai_Hill,10.3273,76.9536,1065.0,24.17,85.65,3.06,5.01,0.0
20210727,Coimbatore,Valparai_Hill,10.3273,76.9536,1065.0,23.95,87.06,3.09,3.39,0.0
20210728,Coimbatore,Valparai_Hill,10.3273,76.9536,1065.0,23.99,85.74,3.06,2.52,0.0
20210729,Coimbatore,Valparai_Hill,10.3273,76.9536,1065.0,24.04,86.18,3.01,1.4,17.28341293334961
20210730,Coimbatore,Valparai_Hill,10.3273,76.9536,1065.0,23.86,86.29,2.94,1.18,11.5222749710083
20210731,Coimbatore,Valparai_Hill,10.3273,76.9536,1065.0,24.16,85.61,2.84,0.98,0.0
20210801,Coimbatore,Valparai_Hill,10.3273,76.9536,1065.0,24.16,84.46,2.81,0.42,0.0
20210802,Coimbatore,Valparai_Hill,10.3273,76.9536,1065.0,23.79,84.81,3.16,1.96,0.0
20210803,Coimbatore,Valparai_Hill,10.3273,76.9536,1065.0,23.72,85.24,3.0,1.47,0.0
20210804,Coimbatore,Valparai_Hill,10.3273,76.9536,1065.0,23.87,86.13,3.33,1.57,0.0
20210805,Coimbatore,Valparai_Hill,10.3273,76.9536,1065.0,23.98,85.19,3.36,4.55,0.0
20210806,Coimbatore,Valparai_Hill,10.3273,76.9536,1065.0,24.58,85.82,3.51,5.29,0.0
20210807,Coimbatore,Valparai_Hill,10.3273,76.9536,1065.0,24.37,87.11,3.18,9.31,16.402442932128906
20210808,Coimbatore,Valparai_Hill,10.3273,76.9536,1065.0,23.94,86.91,2.53,3.85,32.80488586425781
20210809,Coimbatore,Valparai_Hill,10.3273,76.9536,1065.0,23.59,85.35,2.52,4.13,16.402442932128906
20210810,Coimbatore,Valparai_Hill,10.3273,76.9536,1065.0,22.52,87.27,2.75,1.76,0.0
20210811,Coimbatore,Valparai_Hill,10.3273,76.9536,1065.0,23.35,85.68,2.82,3.64,12.44389820098877
20210812,Coimbatore,Valparai_Hill,10.3273,76.9536,1065.0,23.23,85.2,2.94,2.1,0.0
20210813,Coimbatore,Valparai_Hill,10.3273,76.9536,1065.0,23.87,85.37,2.43,8.34,12.44389820098877
20210814,Coimbatore,Valparai_Hill,10.3273,76.9536,1065.0,23.86,85.67,2.68,2.29,16.59186363220215
20210815,Coimbatore,Valparai_Hill,10.3273,76.9536,1065.0,23.8,85.23,2.78,0.44,0.0
20210816,Coimbatore,Valparai_Hill,10.3273,76.9536,1065.0,23.9,82.81,2.79,0.28,22.469724655151367
20210817,Coimbatore,Valparai_Hill,10.3273,76.9536,1065.0,23.56,85.39,2.65,4.39,11.234862327575684
20210818,Coimbatore,Valparai_Hill,10.3273,76.9536,1065.0,22.65,84.83,2.84,7.17,22.469724655151367
20210819,Coimbatore,Valparai_Hill,10.3273,76.9536,1065.0,22.87,81.58,3.02,1.97,0.0
20210820,Coimbatore,Valparai_Hill,10.3273,76.9536,1065.0,24.1,79.51,1.83,1.16,0.0
20210821,Coimbatore,Valparai_Hill,10.3273,76.9536,1065.0,24.48,78.81,1.08,6.31,20.180879592895508
20210822,Coimbatore,Valparai_Hill,10.3273,76.9536,1065.0,24.28,81.39,0.91,10.38,30.271320343017575
20210823,Coimbatore,Valparai_Hill,10.3273,76.9536,1065.0,23.6,84.72,1.55,13.48,10.090439796447754
20210824,Coimbatore,Valparai_Hill,10.3273,76.9536,1065.0,24.03,83.63,2.01,1.7,0.0
20210825,Coimbatore,Valparai_Hill,10.3273,76.9536,1065.0,24.27,84.27,2.19,4.95,0.0
20210826,Coimbatore,Valparai_Hill,10.3273,76.9536,1065.0,24.12,89.4,2.4,10.64,21.984325408935547
20210827,Coimbatore,Valparai_Hill,10.3273,76.9536,1065.0,23.93,90.47,2.67,10.5,21.984325408935547
20210828,Coimbatore,Valparai_Hill,10.3273,76.9536,1065.0,23.6,89.03,2.62,10.27,10.992162704467772
20210829,Coimbatore,Valparai_Hill,10.3273,76.9536,1065.0,23.44,88.46,3.23,7.14,32.97649002075195
20210830,Coimbatore,Valparai_Hill,10.3273,76.9536,1065.0,23.42,86.86,2.76,3.34,0.0
20210831,Coimbatore,Valparai_Hill,10.3273,76.9536,1065.0,24.42,84.66,2.28,0.65,0.0
20210901,Coimbatore,Valparai_Hill,10.3273,76.9536,1065.0,23.99,86.17,1.88,1.23,10.754624366760254
20210902,Coimbatore,Valparai_Hill,10.3273,76.9536,1065.0,23.19,89.11,1.79,14.57,16.131938934326172
20210903,Coimbatore,Valparai_Hill,10.3273,76.9536,1065.0,23.88,83.7,1.93,10.0,0.0
20210904,Coimbatore,Valparai_Hill,10.3273,76.9536,1065.0,23.75,87.06,2.63,3.42,6.145500659942627
20210905,Coimbatore,Valparai_Hill,10.3273,76.9536,1065.0,23.89,82.7,3.29,6.38,10.754624366760254
20210906,Coimbatore,Valparai_Hill,10.3273,76.9536,1065.0,22.85,86.2,3.41,6.95,0.0
20210907,Coimbatore,Valparai_Hill,10.3273,76.9536,1065.0,23.57,86.55,3.11,5.93,0.0
20210908,Coimbatore,Valparai_Hill,10.3273,76.9536,1065.0,23.75,87.26,3.19,6.91,0.0
20210909,Coimbatore,Valparai_Hill,10.3273,76.9536,1065.0,24.06,85.82,2.3,1.02,0.0
20210910,Coimbatore,Valparai_Hill,10.3273,76.9536,1065.0,23.94,85.89,2.36,0.26,0.0
20210911,Coimbatore,Valparai_Hill,10.3273,76.9536,1065.0,23.41,89.45,2.81,6.56,6.757356643676758
20210912,Coimbatore,Valparai_Hill,10.3273,76.9536,1065.0,23.86,87.56,3.59,7.84,0.0
20210913,Coimbatore,Valparai_Hill,10.3273,76.9536,1065.0,23.45,89.64,3.86,4.44,0.0
20210914,Coimbatore,Valparai_Hill,10.3273,76.9536,1065.0,24.35,86.97,2.74,1.31,0.0
20210915,Coimbatore,Valparai_Hill,10.3273,76.9536,1065.0,24.03,88.46,2.2,7.64,13.514713287353516
20210916,Coimbatore,Valparai_Hill,10.3273,76.9536,1065.0,24.07,88.43,2.21,8.12,3.786806344985962
20210917,Coimbatore,Valparai_Hill,10.3273,76.9536,1065.0,24.37,85.79,1.69,4.79,11.360419273376465
20210918,Coimbatore,Valparai_Hill,10.3273,76.9536,1065.0,24.71,83.28,1.23,0.68,0.0
20210919,Coimbatore,Valparai_Hill,10.3273,76.9536,1065.0,23.77,87.43,1.16,4.96,3.786806344985962
20210920,Coimbatore,Valparai_Hill,10.3273,76.9536,1065.0,24.28,86.72,1.29,1.74,7.573612689971924
20210921,Coimbatore,Valparai_Hill,10.3273,76.9536,1065.0,24.21,85.41,1.82,0.34,0.0
20210922,Coimbatore,Valparai_Hill,10.3273,76.9536,1065.0,24.71,82.07,1.68,1.23,0.0
20210923,Coimbatore,Valparai_Hill,10.3273,76.9536,1065.0,24.73,84.35,1.73,5.19,8.0599365234375
20210924,Coimbatore,Valparai_Hill,10.3273,76.9536,1065.0,25.14,82.66,1.37,7.71,12.089905738830566
20210925,Coimbatore,Valparai_Hill,10.3273,76.9536,1065.0,24.77,85.28,2.01,7.78,0.0
20210926,Coimbatore,Valparai_Hill,10.3273,76.9536,1065.0,23.9,86.5,2.2,2.22,7.451117038726807
20210927,Coimbatore,Valparai_Hill,10.3273,76.9536,1065.0,23.79,86.39,3.41,8.34,7.451117038726807
20210928,Coimbatore,Valparai_Hill,10.3273,76.9536,1065.0,23.22,86.49,3.34,4.34,0.0
20210929,Coimbatore,Valparai_Hill,10.3273,76.9536,1065.0,23.41,82.28,2.05,0.83,7.451117038726807
20210930,Coimbatore,Valparai_Hill,10.3273,76.9536,1065.0,23.57,86.93,1.48,16.88,22.353351593017575
20211001,Coimbatore,Valparai_Hill,10.3273,76.9536,1065.0,24.55,86.84,0.84,5.87,13.640579223632812
20211002,Coimbatore,Valparai_Hill,10.3273,76.9536,1065.0,24.32,88.46,0.75,15.09,13.640579223632812
20211003,Coimbatore,Valparai_Hill,10.3273,76.9536,1065.0,24.71,85.89,1.3,13.12,27.281158447265625
20211004,Coimbatore,Valparai_Hill,10.3273,76.9536,1065.0,24.72,85.04,0.97,3.15,20.46086883544922
20211005,Coimbatore,Valparai_Hill,10.3273,76.9536,1065.0,24.81,85.78,0.58,6.38,6.820289611816406
20211006,Coimbatore,Valparai_Hill,10.3273,76.9536,1065.0,23.82,89.33,1.22,2.27,0.0
20211007,Coimbatore,Valparai_Hill,10.3273,76.9536,1065.0,24.45,85.57,1.63,0.39,5.387058258056641
20211008,Coimbatore,Valparai_Hill,10.3273,76.9536,1065.0,24.36,88.83,2.24,13.41,21.54823303222656
20211009,Coimbatore,Valparai_Hill,10.3273,76.9536,1065.0,24.01,90.89,2.52,5.89,5.387058258056641
20211010,Coimbatore,Valparai_Hill,10.3273,76.9536,1065.0,23.98,89.97,1.96,5.26,0.0
20211011,Coimbatore,Valparai_Hill,10.3273,76.9536,1065.0,23.33,90.19,2.61,26.01,16.207359313964844
20211012,Coimbatore,Valparai_Hill,10.3273,76.9536,1065.0,22.54,91.06,2.88,15.37,0.0
20211013,Coimbatore,Valparai_Hill,10.3273,76.9536,1065.0,22.92,90.02,2.05,2.48,0.0
20211014,Coimbatore,Valparai_Hill,10.3273,76.9536,1065.0,24.03,90.59,2.09,2.29,0.0
20211015,Coimbatore,Valparai_Hill,10.3273,76.9536,1065.0,24.41,89.19,1.56,1.81,0.0
20211016,Coimbatore,Valparai_Hill,10.3273,76.9536,1065.0,24.29,92.93,2.62,35.2,42.4624252319336
20211017,Coimbatore,Valparai_Hill,10.3273,76.9536,1065.0,24.02,91.1,3.29,7.57,14.154142379760742
20211018,Coimbatore,Valparai_Hill,10.3273,76.9536,1065.0,23.44,91.77,2.25,3.61,14.154142379760742
20211019,Coimbatore,Valparai_Hill,10.3273,76.9536,1065.0,23.83,87.62,1.08,1.46,0.0
20211020,Coimbatore,Valparai_Hill,10.3273,76.9536,1065.0,23.71,88.67,0.54,25.22,21.2312126159668
20211021,Coimbatore,Valparai_Hill,10.3273,76.9536,1065.0,23.53,89.8,0.89,21.29,19.603219985961918
20211022,Coimbatore,Valparai_Hill,10.3273,76.9536,1065.0,24.02,88.71,1.04,10.29,6.534406661987305
20211023,Coimbatore,Valparai_Hill,10.3273,76.9536,1065.0,24.54,81.52,0.48,12.27,6.534406661987305
20211024,Coimbatore,Valparai_Hill,10.3273,76.9536,1065.0,23.28,88.41,0.82,8.51,26.13762664794922
20211025,Coimbatore,Valparai_Hill,10.3273,76.9536,1065.0,23.63,87.82,0.7,6.17,6.534406661987305
20211026,Coimbatore,Valparai_Hill,10.3273,76.9536,1065.0,24.16,86.32,0.87,3.56,0.0
20211027,Coimbatore,Valparai_Hill,10.3273,76.9536,1065.0,23.68,89.45,1.03,5.05,0.0
20211028,Coimbatore,Valparai_Hill,10.3273,76.9536,1065.0,23.35,88.66,0.92,2.64,8.757164001464844
20211029,Coimbatore,Valparai_Hill,10.3273,76.9536,1065.0,22.68,89.35,1.22,1.15,0.0
20211030,Coimbatore,Valparai_Hill,10.3273,76.9536,1065.0,22.52,91.34,1.71,6.99,8.757164001464844
20211031,Coimbatore,Valparai_Hill,10.3273,76.9536,1065.0,23.11,89.51,1.3,3.37,43.78582382202149
20211101,Coimbatore,Valparai_Hill,10.3273,76.9536,1065.0,22.67,91.88,1.41,15.93,12.047900199890137
20211102,Coimbatore,Valparai_Hill,10.3273,76.9536,1065.0,22.5,94.26,2.25,21.13,30.1197509765625
20211103,Coimbatore,Valparai_Hill,10.3273,76.9536,1065.0,22.87,93.59,1.55,3.49,12.047900199890137
20211104,Coimbatore,Valparai_Hill,10.3273,76.9536,1065.0,23.13,92.34,1.12,17.38,18.071853637695312
20211105,Coimbatore,Valparai_Hill,10.3273,76.9536,1065.0,23.04,91.9,0.9,6.54,18.071853637695312
20211106,Coimbatore,Valparai_Hill,10.3273,76.9536,1065.0,23.53,85.48,0.8,4.89,25.84618186950684
20211107,Coimbatore,Valparai_Hill,10.3273,76.9536,1065.0,22.92,89.01,1.17,14.72,8.61539363861084
20211108,Coimbatore,Valparai_Hill,10.3273,76.9536,1065.0,22.61,92.27,0.91,4.28,0.0
20211109,Coimbatore,Valparai_Hill,10.3273,76.9536,1065.0,22.52,88.17,0.78,2.77,25.84618186950684
20211110,Coimbatore,Valparai_Hill,10.3273,76.9536,1065.0,22.23,89.17,0.87,3.15,0.0
20211111,Coimbatore,Valparai_Hill,10.3273,76.9536,1065.0,22.47,89.81,1.41,1.68,19.085670471191406
20211112,Coimbatore,Valparai_Hill,10.3273,76.9536,1065.0,22.82,91.72,2.19,13.04,0.0
20211113,Coimbatore,Valparai_Hill,10.3273,76.9536,1065.0,23.52,90.24,1.47,4.86,0.0
20211114,Coimbatore,Valparai_Hill,10.3273,76.9536,1065.0,22.74,94.43,1.44,6.82,0.0
20211115,Coimbatore,Valparai_Hill,10.3273,76.9536,1065.0,23.27,94.2,1.38,12.96,19.085670471191406
20211116,Coimbatore,Valparai_Hill,10.3273,76.9536,1065.0,23.39,93.1,1.15,3.07,29.82081413269043
20211117,Coimbatore,Valparai_Hill,10.3273,76.9536,1065.0,23.7,87.81,0.49,26.36,29.82081413269043
20211118,Coimbatore,Valparai_Hill,10.3273,76.9536,1065.0,23.31,89.58,1.21,8.88,29.82081413269043
20211119,Coimbatore,Valparai_Hill,10.3273,76.9536,1065.0,22.57,95.02,2.92,6.17,9.940271377563477
20211120,Coimbatore,Valparai_Hill,10.3273,76.9536,1065.0,22.96,93.71,2.38,2.42,0.0
20211121,Coimbatore,Valparai_Hill,10.3273,76.9536,1065.0,23.5,85.17,0.73,0.31,0.0
20211122,Coimbatore,Valparai_Hill,10.3273,76.9536,1065.0,23.28,88.9,1.12,6.95,7.70464277267456
20211123,Coimbatore,Valparai_Hill,10.3273,76.9536,1065.0,23.09,91.72,1.2,10.98,15.40928554534912
20211124,Coimbatore,Valparai_Hill,10.3273,76.9536,1065.0,22.75,89.61,1.28,1.39,15.40928554534912
20211125,Coimbatore,Valparai_Hill,10.3273,76.9536,1065.0,21.92,90.22,1.79,16.6,46.22785949707031
20211126,Coimbatore,Valparai_Hill,10.3273,76.9536,1065.0,22.07,91.88,1.9,5.61,21.33233070373535
20211127,Coimbatore,Valparai_Hill,10.3273,76.9536,1065.0,21.94,92.97,1.79,1.88,0.0
20211128,Coimbatore,Valparai_Hill,10.3273,76.9536,1065.0,22.45,93.0,2.24,4.58,10.666165351867676
20211129,Coimbatore,Valparai_Hill,10.3273,76.9536,1065.0,21.89,92.41,2.81,17.36,42.6646614074707
20211130,Coimbatore,Valparai_Hill,10.3273,76.9536,1065.0,22.23,93.06,2.23,11.03,10.666165351867676
20211201,Coimbatore,Valparai_Hill,10.3273,76.9536,1065.0,23.42,90.24,1.52,4.1,0.0
20211202,Coimbatore,Valparai_Hill,10.3273,76.9536,1065.0,23.74,90.94,1.5,1.96,0.0
20211203,Coimbatore,Valparai_Hill,10.3273,76.9536,1065.0,23.58,87.54,0.9,2.3,14.132871627807615
20211204,Coimbatore,Valparai_Hill,10.3273,76.9536,1065.0,23.54,89.83,0.56,6.22,0.0
20211205,Coimbatore,Valparai_Hill,10.3273,76.9536,1065.0,24.04,87.34,0.78,8.62,28.265743255615234
20211206,Coimbatore,Valparai_Hill,10.3273,76.9536,1065.0,23.23,92.71,0.92,0.29,0.0
20211207,Coimbatore,Valparai_Hill,10.3273,76.9536,1065.0,23.48,90.14,1.21,0.44,0.0
20211208,Coimbatore,Valparai_Hill,10.3273,76.9536,1065.0,22.43,88.43,1.67,0.15,11.248627662658691
20211209,Coimbatore,Valparai_Hill,10.3273,76.9536,1065.0,22.92,89.26,1.77,2.32,11.248627662658691
20211210,Coimbatore,Valparai_Hill,10.3273,76.9536,1065.0,21.73,88.36,2.26,0.51,0.0
20211211,Coimbatore,Valparai_Hill,10.3273,76.9536,1065.0,22.15,90.9,2.1,1.67,0.0
20211212,Coimbatore,Valparai_Hill,10.3273,76.9536,1065.0,22.26,90.35,2.65,0.41,0.0
20211213,Coimbatore,Valparai_Hill,10.3273,76.9536,1065.0,21.87,90.85,2.07,0.08,0.0
20211214,Coimbatore,Valparai_Hill,10.3273,76.9536,1065.0,21.98,90.07,2.64,1.47,0.0
20211215,Coimbatore,Valparai_Hill,10.3273,76.9536,1065.0,21.82,89.65,2.23,0.77,0.0
20211216,Coimbatore,Valparai_Hill,10.3273,76.9536,1065.0,21.47,87.28,1.8,0.01,0.0
20211217,Coimbatore,Valparai_Hill,10.3273,76.9536,1065.0,21.22,86.46,1.49,0.0,0.0
20211218,Coimbatore,Valparai_Hill,10.3273,76.9536,1065.0,20.48,85.86,1.61,0.0,0.0
20211219,Coimbatore,Valparai_Hill,10.3273,76.9536,1065.0,19.39,83.98,1.7,0.0,0.0
20211220,Coimbatore,Valparai_Hill,10.3273,76.9536,1065.0,18.82,86.02,1.72,0.0,0.0
20211221,Coimbatore,Valparai_Hill,10.3273,76.9536,1065.0,19.85,83.72,1.3,0.0,0.0
20211222,Coimbatore,Valparai_Hill,10.3273,76.9536,1065.0,19.38,85.04,1.36,0.0,0.0
20211223,Coimbatore,Valparai_Hill,10.3273,76.9536,1065.0,19.31,83.11,1.33,0.0,0.0
20211224,Coimbatore,Valparai_Hill,10.3273,76.9536,1065.0,18.92,80.69,1.39,0.0,0.0
20211225,Coimbatore,Valparai_Hill,10.3273,76.9536,1065.0,19.41,84.11,1.44,0.0,0.0
20211226,Coimbatore,Valparai_Hill,10.3273,76.9536,1065.0,19.55,86.51,1.54,0.0,0.0
20211227,Coimbatore,Valparai_Hill,10.3273,76.9536,1065.0,19.83,87.22,1.68,0.0,0.0
20211228,Coimbatore,Valparai_Hill,10.3273,76.9536,1065.0,19.88,85.64,1.71,0.0,0.0
20211229,Coimbatore,Valparai_Hill,10.3273,76.9536,1065.0,20.0,85.85,1.61,0.0,0.0
20211230,Coimbatore,Valparai_Hill,10.3273,76.9536,1065.0,20.83,88.1,1.89,1.6,0.0
20211231,Coimbatore,Valparai_Hill,10.3273,76.9536,1065.0,22.31,89.51,2.82,4.73,0.0
20220101,Coimbatore,Valparai_Hill,10.3273,76.9536,1065.0,22.52,90.08,2.84,11.09,11.3058500289917
20220102,Coimbatore,Valparai_Hill,10.3273,76.9536,1065.0,21.82,88.86,2.7,1.93,0.0
20220103,Coimbatore,Valparai_Hill,10.3273,76.9536,1065.0,21.09,85.23,2.11,0.02,0.0
20220104,Coimbatore,Valparai_Hill,10.3273,76.9536,1065.0,21.31,86.91,1.87,0.0,0.0
20220105,Coimbatore,Valparai_Hill,10.3273,76.9536,1065.0,21.26,85.65,1.29,0.0,0.0
20220106,Coimbatore,Valparai_Hill,10.3273,76.9536,1065.0,20.95,87.12,1.61,0.0,5.14390754699707
20220107,Coimbatore,Valparai_Hill,10.3273,76.9536,1065.0,21.74,87.04,1.53,0.04,0.0
20220108,Coimbatore,Valparai_Hill,10.3273,76.9536,1065.0,21.77,87.73,1.75,0.08,0.0
20220109,Coimbatore,Valparai_Hill,10.3273,76.9536,1065.0,21.75,86.3,1.55,0.0,0.0
20220110,Coimbatore,Valparai_Hill,10.3273,76.9536,1065.0,21.33,83.69,1.33,0.0,0.0
20220111,Coimbatore,Valparai_Hill,10.3273,76.9536,1065.0,22.03,84.19,1.36,0.0,0.0
20220112,Coimbatore,Valparai_Hill,10.3273,76.9536,1065.0,22.74,82.33,0.75,0.0,0.0
20220113,Coimbatore,Valparai_Hill,10.3273,76.9536,1065.0,23.22,81.23,0.75,0.0,0.0
20220114,Coimbatore,Valparai_Hill,10.3273,76.9536,1065.0,23.36,79.28,0.82,0.0,0.0
20220115,Coimbatore,Valparai_Hill,10.3273,76.9536,1065.0,23.48,80.22,0.77,0.13,0.0
20220116,Coimbatore,Valparai_Hill,10.3273,76.9536,1065.0,22.75,85.38,1.84,3.95,4.432134628295898
20220117,Coimbatore,Valparai_Hill,10.3273,76.9536,1065.0,22.52,83.7,2.11,1.42,0.0
20220118,Coimbatore,Valparai_Hill,10.3273,76.9536,1065.0,21.77,82.0,2.03,0.01,0.0
20220119,Coimbatore,Valparai_Hill,10.3273,76.9536,1065.0,22.02,79.43,1.62,0.0,0.0
20220120,Coimbatore,Valparai_Hill,10.3273,76.9536,1065.0,22.32,70.7,0.92,0.0,0.0
20220121,Coimbatore,Valparai_Hill,10.3273,76.9536,1065.0,23.11,71.89,0.65,0.0,0.0
20220122,Coimbatore,Valparai_Hill,10.3273,76.9536,1065.0,23.51,77.08,1.15,0.0,0.0
20220123,Coimbatore,Valparai_Hill,10.3273,76.9536,1065.0,22.47,76.66,1.32,0.0,0.0
20220124,Coimbatore,Valparai_Hill,10.3273,76.9536,1065.0,22.17,71.48,0.87,0.0,0.0
20220125,Coimbatore,Valparai_Hill,10.3273,76.9536,1065.0,21.89,77.7,0.57,0.0,0.0
20220126,Coimbatore,Valparai_Hill,10.3273,76.9536,1065.0,22.8,80.44,0.6,0.37,0.0
20220127,Coimbatore,Valparai_Hill,10.3273,76.9536,1065.0,22.69,78.38,1.77,3.53,3.627352714538574
20220128,Coimbatore,Valparai_Hill,10.3273,76.9536,1065.0,22.47,77.75,2.7,0.9,0.0
20220129,Coimbatore,Valparai_Hill,10.3273,76.9536,1065.0,22.91,79.01,2.36,0.04,0.0
20220130,Coimbatore,Valparai_Hill,10.3273,76.9536,1065.0,24.04,77.82,1.39,0.0,0.0
20220131,Coimbatore,Valparai_Hill,10.3273,76.9536,1065.0,24.26,75.69,1.31,0.0,0.0
20220201,Coimbatore,Valparai_Hill,10.3273,76.9536,1065.0,24.16,76.85,1.42,0.03,0.0
20220202,Coimbatore,Valparai_Hill,10.3273,76.9536,1065.0,23.08,73.86,1.45,0.05,0.0
20220203,Coimbatore,Valparai_Hill,10.3273,76.9536,1065.0,22.72,71.57,0.9,0.0,0.0
20220204,Coimbatore,Valparai_Hill,10.3273,76.9536,1065.0,23.59,72.24,1.34,0.0,0.0
20220205,Coimbatore,Valparai_Hill,10.3273,76.9536,1065.0,23.98,70.5,0.67,0.0,0.0
20220206,Coimbatore,Valparai_Hill,10.3273,76.9536,1065.0,23.91,73.92,1.59,0.0,0.0
20220207,Coimbatore,Valparai_Hill,10.3273,76.9536,1065.0,23.64,73.94,1.43,0.0,0.0
20220208,Coimbatore,Valparai_Hill,10.3273,76.9536,1065.0,23.49,71.88,1.38,0.0,0.0
20220209,Coimbatore,Valparai_Hill,10.3273,76.9536,1065.0,22.68,68.75,1.93,0.01,0.0
20220210,Coimbatore,Valparai_Hill,10.3273,76.9536,1065.0,22.36,58.18,1.73,0.0,0.0
20220211,Coimbatore,Valparai_Hill,10.3273,76.9536,1065.0,23.18,67.23,2.25,0.33,0.0
20220212,Coimbatore,Valparai_Hill,10.3273,76.9536,1065.0,22.67,76.87,1.99,1.44,0.0
20220213,Coimbatore,Valparai_Hill,10.3273,76.9536,1065.0,23.38,71.66,1.97,0.11,0.0
20220214,Coimbatore,Valparai_Hill,10.3273,76.9536,1065.0,23.66,70.21,1.92,0.04,0.0
20220215,Coimbatore,Valparai_Hill,10.3273,76.9536,1065.0,24.0,70.47,1.49,0.17,0.0
20220216,Coimbatore,Valparai_Hill,10.3273,76.9536,1065.0,24.14,69.03,1.11,0.16,0.0
20220217,Coimbatore,Valparai_Hill,10.3273,76.9536,1065.0,24.44,63.76,1.23,0.02,0.0
20220218,Coimbatore,Valparai_Hill,10.3273,76.9536,1065.0,24.15,65.09,1.93,0.0,0.0
20220219,Coimbatore,Valparai_Hill,10.3273,76.9536,1065.0,24.25,65.13,2.21,0.0,0.0
20220220,Coimbatore,Valparai_Hill,10.3273,76.9536,1065.0,25.36,64.75,1.24,0.0,0.0
20220221,Coimbatore,Valparai_Hill,10.3273,76.9536,1065.0,26.59,63.88,0.5,0.0,0.0
20220222,Coimbatore,Valparai_Hill,10.3273,76.9536,1065.0,26.58,64.44,1.22,0.0,3.1892480850219727
20220223,Coimbatore,Valparai_Hill,10.3273,76.9536,1065.0,24.75,60.88,2.31,0.04,0.0
20220224,Coimbatore,Valparai_Hill,10.3273,76.9536,1065.0,23.91,60.17,2.02,0.16,0.0
20220225,Coimbatore,Valparai_Hill,10.3273,76.9536,1065.0,24.42,57.28,2.03,0.0,0.0
20220226,Coimbatore,Valparai_Hill,10.3273,76.9536,1065.0,23.85,58.05,1.97,0.0,5.595944404602051
20220227,Coimbatore,Valparai_Hill,10.3273,76.9536,1065.0,25.43,62.19,2.27,0.12,0.0
20220228,Coimbatore,Valparai_Hill,10.3273,76.9536,1065.0,24.42,56.38,2.17,0.03,0.0
20220301,Coimbatore,Valparai_Hill,10.3273,76.9536,1065.0,24.69,54.68,2.07,0.0,0.0
20220302,Coimbatore,Valparai_Hill,10.3273,76.9536,1065.0,24.15,47.39,2.22,0.0,0.0
20220303,Coimbatore,Valparai_Hill,10.3273,76.9536,1065.0,23.97,50.34,2.32,0.0,0.0
20220304,Coimbatore,Valparai_Hill,10.3273,76.9536,1065.0,25.43,46.35,1.83,0.0,0.0
20220305,Coimbatore,Valparai_Hill,10.3273,76.9536,1065.0,26.37,55.81,1.79,0.0,0.0
20220306,Coimbatore,Valparai_Hill,10.3273,76.9536,1065.0,26.78,55.18,2.09,0.09,0.0
20220307,Coimbatore,Valparai_Hill,10.3273,76.9536,1065.0,25.24,60.98,2.1,0.99,21.933517456054688
20220308,Coimbatore,Valparai_Hill,10.3273,76.9536,1065.0,26.06,65.66,1.75,1.33,21.933517456054688
20220309,Coimbatore,Valparai_Hill,10.3273,76.9536,1065.0,26.89,53.53,1.71,0.22,0.0
20220310,Coimbatore,Valparai_Hill,10.3273,76.9536,1065.0,26.37,46.1,1.76,0.0,0.0
20220311,Coimbatore,Valparai_Hill,10.3273,76.9536,1065.0,26.37,44.31,2.13,0.0,0.0
20220312,Coimbatore,Valparai_Hill,10.3273,76.9536,1065.0,26.21,41.77,2.14,0.0,0.0
20220313,Coimbatore,Valparai_Hill,10.3273,76.9536,1065.0,26.1,43.43,2.49,0.0,0.0
20220314,Coimbatore,Valparai_Hill,10.3273,76.9536,1065.0,27.03,43.53,1.98,0.0,0.0
20220315,Coimbatore,Valparai_Hill,10.3273,76.9536,1065.0,27.86,45.22,1.28,0.02,6.044812679290772
20220316,Coimbatore,Valparai_Hill,10.3273,76.9536,1065.0,28.68,54.88,1.05,0.3,0.0
20220317,Coimbatore,Valparai_Hill,10.3273,76.9536,1065.0,28.86,50.2,1.29,0.07,0.0
20220318,Coimbatore,Valparai_Hill,10.3273,76.9536,1065.0,29.0,49.32,1.22,0.18,0.0
20220319,Coimbatore,Valparai_Hill,10.3273,76.9536,1065.0,27.99,61.31,2.04,0.45,0.0
20220320,Coimbatore,Valparai_Hill,10.3273,76.9536,1065.0,27.27,64.32,2.37,1.04,13.609710693359377
20220321,Coimbatore,Valparai_Hill,10.3273,76.9536,1065.0,27.5,64.9,2.05,3.49,0.0
20220322,Coimbatore,Valparai_Hill,10.3273,76.9536,1065.0,27.73,66.51,1.46,2.79,0.0
20220323,Coimbatore,Valparai_Hill,10.3273,76.9536,1065.0,27.53,70.28,0.9,17.81,0.0
20220324,Coimbatore,Valparai_Hill,10.3273,76.9536,1065.0,27.03,72.43,0.82,5.56,0.0
20220325,Coimbatore,Valparai_Hill,10.3273,76.9536,1065.0,27.07,72.22,0.83,3.78,0.0
20220326,Coimbatore,Valparai_Hill,10.3273,76.9536,1065.0,27.54,71.68,0.78,2.76,0.0
20220327,Coimbatore,Valparai_Hill,10.3273,76.9536,1065.0,27.86,69.37,0.71,1.02,0.0
20220328,Coimbatore,Valparai_Hill,10.3273,76.9536,1065.0,28.35,66.76,1.37,0.45,0.0
20220329,Coimbatore,Valparai_Hill,10.3273,76.9536,1065.0,28.27,69.44,1.02,0.86,0.0
20220330,Coimbatore,Valparai_Hill,10.3273,76.9536,1065.0,28.45,67.78,1.12,1.63,0.0
20220331,Coimbatore,Valparai_Hill,10.3273,76.9536,1065.0,28.63,64.12,1.06,0.2,0.0
20220401,Coimbatore,Valparai_Hill,10.3273,76.9536,1065.0,28.03,67.56,1.26,0.67,0.0
20220402,Coimbatore,Valparai_Hill,10.3273,76.9536,1065.0,28.04,67.12,1.07,1.08,0.0
20220403,Coimbatore,Valparai_Hill,10.3273,76.9536,1065.0,28.16,65.62,1.19,0.98,0.0
20220404,Coimbatore,Valparai_Hill,10.3273,76.9536,1065.0,28.32,61.05,1.68,0.12,0.0
20220405,Coimbatore,Valparai_Hill,10.3273,76.9536,1065.0,28.23,58.47,1.51,0.23,0.0
20220406,Coimbatore,Valparai_Hill,10.3273,76.9536,1065.0,27.63,64.74,1.03,3.89,18.985837936401367
20220407,Coimbatore,Valparai_Hill,10.3273,76.9536,1065.0,28.89,62.06,1.07,0.56,0.0
20220408,Coimbatore,Valparai_Hill,10.3273,76.9536,1065.0,27.79,68.55,0.67,9.91,25.31444931030273
20220409,Coimbatore,Valparai_Hill,10.3273,76.9536,1065.0,26.76,74.98,0.78,9.82,18.985837936401367
20220410,Coimbatore,Valparai_Hill,10.3273,76.9536,1065.0,26.76,72.47,1.28,1.87,12.657224655151367
20220411,Coimbatore,Valparai_Hill,10.3273,76.9536,1065.0,27.54,69.6,1.0,3.98,8.809982299804688
20220412,Coimbatore,Valparai_Hill,10.3273,76.9536,1065.0,27.33,71.88,0.59,8.64,17.619964599609375
20220413,Coimbatore,Valparai_Hill,10.3273,76.9536,1065.0,26.53,76.08,1.15,12.15,13.214973449707031
20220414,Coimbatore,Valparai_Hill,10.3273,76.9536,1065.0,25.02,77.59,0.94,16.84,8.809982299804688
20220415,Coimbatore,Valparai_Hill,10.3273,76.9536,1065.0,26.89,70.56,1.27,1.64,4.404991149902344
20220416,Coimbatore,Valparai_Hill,10.3273,76.9536,1065.0,26.6,77.63,1.87,3.32,0.0
20220417,Coimbatore,Valparai_Hill,10.3273,76.9536,1065.0,26.83,78.08,1.66,7.18,0.0
20220418,Coimbatore,Valparai_Hill,10.3273,76.9536,1065.0,26.39,75.64,1.67,2.48,16.899118423461914
20220419,Coimbatore,Valparai_Hill,10.3273,76.9536,1065.0,25.93,76.76,1.11,1.41,0.0
20220420,Coimbatore,Valparai_Hill,10.3273,76.9536,1065.0,28.01,67.22,0.82,0.0,0.0
20220421,Coimbatore,Valparai_Hill,10.3273,76.9536,1065.0,27.45,72.86,1.07,0.0,10.616780281066896
20220422,Coimbatore,Valparai_Hill,10.3273,76.9536,1065.0,26.85,74.01,1.14,1.71,15.9251708984375
20220423,Coimbatore,Valparai_Hill,10.3273,76.9536,1065.0,25.95,76.07,1.19,21.38,15.9251708984375
20220424,Coimbatore,Valparai_Hill,10.3273,76.9536,1065.0,27.63,66.82,1.22,0.4,0.0
20220425,Coimbatore,Valparai_Hill,10.3273,76.9536,1065.0,27.72,66.71,0.74,0.1,0.0
20220426,Coimbatore,Valparai_Hill,10.3273,76.9536,1065.0,28.35,68.75,0.91,0.0,0.0
20220427,Coimbatore,Valparai_Hill,10.3273,76.9536,1065.0,27.95,68.4,1.03,0.01,0.0
20220428,Coimbatore,Valparai_Hill,10.3273,76.9536,1065.0,27.95,70.89,0.94,0.15,0.0
20220429,Coimbatore,Valparai_Hill,10.3273,76.9536,1065.0,28.52,72.37,1.35,1.12,0.0
20220430,Coimbatore,Valparai_Hill,10.3273,76.9536,1065.0,28.2,71.49,1.7,0.57,0.0
20220501,Coimbatore,Valparai_Hill,10.3273,76.9536,1065.0,27.26,75.71,1.88,3.57,4.786127090454102
20220502,Coimbatore,Valparai_Hill,10.3273,76.9536,1065.0,27.51,73.86,2.18,2.58,0.0
20220503,Coimbatore,Valparai_Hill,10.3273,76.9536,1065.0,26.68,80.02,0.98,5.67,2.393063545227051
20220504,Coimbatore,Valparai_Hill,10.3273,76.9536,1065.0,28.12,72.26,1.3,3.6,9.572254180908203
20220505,Coimbatore,Valparai_Hill,10.3273,76.9536,1065.0,26.48,77.92,1.69,2.26,0.0
20220506,Coimbatore,Valparai_Hill,10.3273,76.9536,1065.0,26.51,67.82,1.19,0.18,0.0
20220507,Coimbatore,Valparai_Hill,10.3273,76.9536,1065.0,26.91,75.54,1.78,3.34,0.0
20220508,Coimbatore,Valparai_Hill,10.3273,76.9536,1065.0,27.5,74.54,1.48,4.03,5.6294379234313965
20220509,Coimbatore,Valparai_Hill,10.3273,76.9536,1065.0,26.36,82.9,2.54,4.57,3.7529585361480713
20220510,Coimbatore,Valparai_Hill,10.3273,76.9536,1065.0,26.02,79.02,3.14,3.69,9.382396697998049
20220511,Coimbatore,Valparai_Hill,10.3273,76.9536,1065.0,25.85,77.6,3.8,2.28,0.0
20220512,Coimbatore,Valparai_Hill,10.3273,76.9536,1065.0,25.0,79.78,3.38,4.21,0.0
20220513,Coimbatore,Valparai_Hill,10.3273,76.9536,1065.0,25.1,79.04,3.02,4.86,0.0
20220514,Coimbatore,Valparai_Hill,10.3273,76.9536,1065.0,24.21,85.78,2.87,13.48,0.0
20220515,Coimbatore,Valparai_Hill,10.3273,76.9536,1065.0,24.25,90.64,2.28,12.85,0.0
20220516,Coimbatore,Valparai_Hill,10.3273,76.9536,1065.0,24.55,89.07,2.53,7.02,0.0
20220517,Coimbatore,Valparai_Hill,10.3273,76.9536,1065.0,25.34,82.61,1.67,12.99,3.7709341049194336
20220518,Coimbatore,Valparai_Hill,10.3273,76.9536,1065.0,25.01,84.95,2.54,10.05,11.312803268432615
20220519,Coimbatore,Valparai_Hill,10.3273,76.9536,1065.0,23.92,85.75,3.51,6.17,11.312803268432615
20220520,Coimbatore,Valparai_Hill,10.3273,76.9536,1065.0,24.35,83.04,3.13,4.39,0.0
20220521,Coimbatore,Valparai_Hill,10.3273,76.9536,1065.0,24.54,81.04,3.0,3.69,0.0
20220522,Coimbatore,Valparai_Hill,10.3273,76.9536,1065.0,24.91,81.7,3.17,0.87,0.0
20220523,Coimbatore,Valparai_Hill,10.3273,76.9536,1065.0,25.88,83.06,2.69,3.9,0.0
20220524,Coimbatore,Valparai_Hill,10.3273,76.9536,1065.0,26.59,81.16,1.92,3.77,6.685101509094238
20220525,Coimbatore,Valparai_Hill,10.3273,76.9536,1065.0,26.27,82.53,1.24,8.39,6.685101509094238
20220526,Coimbatore,Valparai_Hill,10.3273,76.9536,1065.0,24.6,85.61,2.11,5.36,9.408430099487305
20220527,Coimbatore,Valparai_Hill,10.3273,76.9536,1065.0,24.33,85.25,2.13,3.11,0.0
20220528,Coimbatore,Valparai_Hill,10.3273,76.9536,1065.0,24.5,86.47,2.34,2.32,18.81686019897461
20220529,Coimbatore,Valparai_Hill,10.3273,76.9536,1065.0,25.0,81.48,2.25,5.39,0.0
20220530,Coimbatore,Valparai_Hill,10.3273,76.9536,1065.0,25.26,80.44,2.37,3.1,0.0
20220531,Coimbatore,Valparai_Hill,10.3273,76.9536,1065.0,25.12,81.74,2.44,4.16,0.0
20220601,Coimbatore,Valparai_Hill,10.3273,76.9536,1065.0,24.68,85.2,2.69,5.42,0.0
20220602,Coimbatore,Valparai_Hill,10.3273,76.9536,1065.0,24.52,84.41,2.06,1.91,9.695755004882812
20220603,Coimbatore,Valparai_Hill,10.3273,76.9536,1065.0,24.71,81.78,2.33,0.25,9.695755004882812
20220604,Coimbatore,Valparai_Hill,10.3273,76.9536,1065.0,25.74,80.04,1.31,0.38,0.0
20220605,Coimbatore,Valparai_Hill,10.3273,76.9536,1065.0,25.32,83.79,1.81,6.58,29.08726501464844
20220606,Coimbatore,Valparai_Hill,10.3273,76.9536,1065.0,25.79,79.74,1.25,4.41,9.92588710784912
20220607,Coimbatore,Valparai_Hill,10.3273,76.9536,1065.0,24.95,85.77,1.83,1.33,3.308629035949707
20220608,Coimbatore,Valparai_Hill,10.3273,76.9536,1065.0,25.06,81.85,2.7,0.25,3.308629035949707
20220609,Coimbatore,Valparai_Hill,10.3273,76.9536,1065.0,25.31,80.36,2.63,0.94,3.308629035949707
20220610,Coimbatore,Valparai_Hill,10.3273,76.9536,1065.0,24.57,83.57,2.78,3.24,3.308629035949707
20220611,Coimbatore,Valparai_Hill,10.3273,76.9536,1065.0,24.74,79.73,2.78,2.84,0.0
20220612,Coimbatore,Valparai_Hill,10.3273,76.9536,1065.0,23.47,81.72,2.43,6.5,0.0
20220613,Coimbatore,Valparai_Hill,10.3273,76.9536,1065.0,24.34,81.54,2.28,5.32,0.0
20220614,Coimbatore,Valparai_Hill,10.3273,76.9536,1065.0,24.43,84.29,2.55,5.45,27.78192710876465
20220615,Coimbatore,Valparai_Hill,10.3273,76.9536,1065.0,24.34,84.18,1.96,4.19,18.521284103393555
20220616,Coimbatore,Valparai_Hill,10.3273,76.9536,1065.0,24.18,86.71,1.15,11.7,3.3804821968078613
20220617,Coimbatore,Valparai_Hill,10.3273,76.9536,1065.0,23.08,85.37,1.55,15.71,6.8038859367370605
20220618,Coimbatore,Valparai_Hill,10.3273,76.9536,1065.0,23.24,86.23,1.55,5.83,5.557376384735107
20220619,Coimbatore,Valparai_Hill,10.3273,76.9536,1065.0,23.79,86.51,1.83,5.24,4.325870037078857
20220620,Coimbatore,Valparai_Hill,10.3273,76.9536,1065.0,24.17,82.22,2.19,1.92,3.927168607711792
20220621,Coimbatore,Valparai_Hill,10.3273,76.9536,1065.0,24.28,84.2,2.38,2.04,5.702184200286865
20220622,Coimbatore,Valparai_Hill,10.3273,76.9536,1065.0,24.03,83.97,2.25,1.08,11.40436840057373
20220623,Coimbatore,Valparai_Hill,10.3273,76.9536,1065.0,24.08,81.43,2.2,1.89,11.40436840057373
20220624,Coimbatore,Valparai_Hill,10.3273,76.9536,1065.0,23.8,84.47,2.92,4.69,5.702184200286865
20220625,Coimbatore,Valparai_Hill,10.3273,76.9536,1065.0,23.8,83.34,3.72,4.3,11.40436840057373
20220626,Coimbatore,Valparai_Hill,10.3273,76.9536,1065.0,24.48,82.6,3.47,1.31,0.0
20220627,Coimbatore,Valparai_Hill,10.3273,76.9536,1065.0,24.79,82.84,2.97,2.44,0.0
20220628,Coimbatore,Valparai_Hill,10.3273,76.9536,1065.0,24.25,84.29,2.61,4.38,11.575518608093262
20220629,Coimbatore,Valparai_Hill,10.3273,76.9536,1065.0,24.28,85.05,2.67,2.22,0.0
20220630,Coimbatore,Valparai_Hill,10.3273,76.9536,1065.0,23.77,86.68,3.09,22.15,0.0
20220701,Coimbatore,Valparai_Hill,10.3273,76.9536,1065.0,24.25,84.38,3.07,4.23,0.0
20220702,Coimbatore,Valparai_Hill,10.3273,76.9536,1065.0,23.64,86.45,2.96,1.98,0.0
20220703,Coimbatore,Valparai_Hill,10.3273,76.9536,1065.0,23.54,85.44,3.63,3.88,0.0
20220704,Coimbatore,Valparai_Hill,10.3273,76.9536,1065.0,23.52,83.95,4.39,4.71,0.0
20220705,Coimbatore,Valparai_Hill,10.3273,76.9536,1065.0,22.85,85.24,4.39,8.42,66.34868621826172
20220706,Coimbatore,Valparai_Hill,10.3273,76.9536,1065.0,23.22,85.95,3.59,7.39,48.98927688598633
20220707,Coimbatore,Valparai_Hill,10.3273,76.9536,1065.0,22.81,84.85,3.64,10.69,0.0
20220708,Coimbatore,Valparai_Hill,10.3273,76.9536,1065.0,23.34,83.55,3.87,8.35,0.0
20220709,Coimbatore,Valparai_Hill,10.3273,76.9536,1065.0,22.63,87.79,3.81,6.91,0.0
20220710,Coimbatore,Valparai_Hill,10.3273,76.9536,1065.0,23.28,85.83,4.27,9.88,0.0
20220711,Coimbatore,Valparai_Hill,10.3273,76.9536,1065.0,23.17,85.74,4.19,6.72,0.0
20220712,Coimbatore,Valparai_Hill,10.3273,76.9536,1065.0,22.84,86.14,4.13,9.02,0.0
20220713,Coimbatore,Valparai_Hill,10.3273,76.9536,1065.0,23.1,86.14,4.71,9.56,0.0
20220714,Coimbatore,Valparai_Hill,10.3273,76.9536,1065.0,23.48,85.09,4.91,8.13,0.0
20220715,Coimbatore,Valparai_Hill,10.3273,76.9536,1065.0,23.79,85.59,3.95,9.15,0.0
20220716,Coimbatore,Valparai_Hill,10.3273,76.9536,1065.0,24.1,85.72,3.43,9.2,0.0
20220717,Coimbatore,Valparai_Hill,10.3273,76.9536,1065.0,24.22,83.67,3.29,9.38,16.157100677490234
20220718,Coimbatore,Valparai_Hill,10.3273,76.9536,1065.0,22.82,85.47,2.89,12.8,16.157100677490234
20220719,Coimbatore,Valparai_Hill,10.3273,76.9536,1065.0,23.81,84.72,2.04,3.42,16.157100677490234
20220720,Coimbatore,Valparai_Hill,10.3273,76.9536,1065.0,24.24,87.74,1.55,5.56,32.31420135498047
20220721,Coimbatore,Valparai_Hill,10.3273,76.9536,1065.0,24.24,86.73,1.96,12.88,38.44301986694336
20220722,Coimbatore,Valparai_Hill,10.3273,76.9536,1065.0,23.44,88.83,2.2,5.72,38.44301986694336
20220723,Coimbatore,Valparai_Hill,10.3273,76.9536,1065.0,23.28,86.53,2.59,1.78,19.22150993347168
20220724,Coimbatore,Valparai_Hill,10.3273,76.9536,1065.0,23.39,86.6,2.27,5.94,19.22150993347168
20220725,Coimbatore,Valparai_Hill,10.3273,76.9536,1065.0,24.46,82.74,1.77,2.75,19.22150993347168
20220726,Coimbatore,Valparai_Hill,10.3273,76.9536,1065.0,24.33,82.91,1.53,4.32,18.70301628112793
20220727,Coimbatore,Valparai_Hill,10.3273,76.9536,1065.0,24.2,86.17,0.53,12.95,37.40603256225586
20220728,Coimbatore,Valparai_Hill,10.3273,76.9536,1065.0,24.74,86.28,0.77,7.13,37.40603256225586
20220729,Coimbatore,Valparai_Hill,10.3273,76.9536,1065.0,25.45,80.31,1.04,19.51,0.0
20220730,Coimbatore,Valparai_Hill,10.3273,76.9536,1065.0,25.43,82.86,1.11,22.05,37.40603256225586
20220731,Coimbatore,Valparai_Hill,10.3273,76.9536,1065.0,23.93,86.4,1.67,11.95,18.70301628112793
20220801,Coimbatore,Valparai_Hill,10.3273,76.9536,1065.0,23.68,89.37,1.78,25.33,14.727252960205078
20220802,Coimbatore,Valparai_Hill,10.3273,76.9536,1065.0,23.24,89.77,2.25,12.85,0.0
20220803,Coimbatore,Valparai_Hill,10.3273,76.9536,1065.0,23.63,88.61,1.89,5.74,58.90901184082031
20220804,Coimbatore,Valparai_Hill,10.3273,76.9536,1065.0,22.83,93.9,3.77,30.57,58.90901184082031
20220805,Coimbatore,Valparai_Hill,10.3273,76.9536,1065.0,23.08,89.35,4.44,5.61,0.0
20220806,Coimbatore,Valparai_Hill,10.3273,76.9536,1065.0,23.08,88.55,4.29,8.28,0.0
20220807,Coimbatore,Valparai_Hill,10.3273,76.9536,1065.0,23.16,89.29,4.5,9.86,0.0
20220808,Coimbatore,Valparai_Hill,10.3273,76.9536,1065.0,23.18,90.3,4.37,10.6,0.0
20220809,Coimbatore,Valparai_Hill,10.3273,76.9536,1065.0,23.29,87.92,4.51,6.08,0.0
20220810,Coimbatore,Valparai_Hill,10.3273,76.9536,1065.0,22.91,87.5,4.21,2.07,0.0
20220811,Coimbatore,Valparai_Hill,10.3273,76.9536,1065.0,23.29,86.9,3.88,3.84,0.0
20220812,Coimbatore,Valparai_Hill,10.3273,76.9536,1065.0,23.07,86.76,3.1,1.47,0.0
20220813,Coimbatore,Valparai_Hill,10.3273,76.9536,1065.0,22.85,87.61,1.98,0.03,0.0
20220814,Coimbatore,Valparai_Hill,10.3273,76.9536,1065.0,23.48,83.34,2.47,0.02,0.0
20220815,Coimbatore,Valparai_Hill,10.3273,76.9536,1065.0,24.32,84.14,1.6,0.0,0.0
20220816,Coimbatore,Valparai_Hill,10.3273,76.9536,1065.0,24.89,83.48,1.03,0.0,0.0
20220817,Coimbatore,Valparai_Hill,10.3273,76.9536,1065.0,24.71,85.73,1.6,0.03,13.980694770812988
20220818,Coimbatore,Valparai_Hill,10.3273,76.9536,1065.0,24.23,86.72,1.65,5.76,13.980694770812988
20220819,Coimbatore,Valparai_Hill,10.3273,76.9536,1065.0,23.9,87.7,2.12,5.71,0.0
20220820,Coimbatore,Valparai_Hill,10.3273,76.9536,1065.0,23.42,86.81,2.02,0.41,0.0
20220821,Coimbatore,Valparai_Hill,10.3273,76.9536,1065.0,23.49,88.06,2.48,3.06,13.533954620361328
20220822,Coimbatore,Valparai_Hill,10.3273,76.9536,1065.0,23.82,87.71,3.13,8.28,27.067909240722656
20220823,Coimbatore,Valparai_Hill,10.3273,76.9536,1065.0,23.3,88.41,2.94,3.41,27.067909240722656
20220824,Coimbatore,Valparai_Hill,10.3273,76.9536,1065.0,23.07,88.28,2.51,4.19,13.533954620361328
20220825,Coimbatore,Valparai_Hill,10.3273,76.9536,1065.0,23.29,88.6,1.37,9.98,13.533954620361328
20220826,Coimbatore,Valparai_Hill,10.3273,76.9536,1065.0,22.82,90.73,2.21,25.36,34.43741607666016
20220827,Coimbatore,Valparai_Hill,10.3273,76.9536,1065.0,22.08,90.85,2.56,10.07,11.479138374328612
20220828,Coimbatore,Valparai_Hill,10.3273,76.9536,1065.0,23.05,88.11,1.73,8.18,22.958276748657227
20220829,Coimbatore,Valparai_Hill,10.3273,76.9536,1065.0,22.83,93.31,1.83,9.02,34.43741607666016
20220830,Coimbatore,Valparai_Hill,10.3273,76.9536,1065.0,23.57,90.91,0.85,37.5,34.43741607666016
20220831,Coimbatore,Valparai_Hill,10.3273,76.9536,1065.0,23.66,87.49,0.9,32.94,11.479138374328612
20220901,Coimbatore,Valparai_Hill,10.3273,76.9536,1065.0,23.52,87.64,0.61,8.33,0.0
20220902,Coimbatore,Valparai_Hill,10.3273,76.9536,1065.0,24.18,88.07,1.37,1.57,7.57009220123291
20220903,Coimbatore,Valparai_Hill,10.3273,76.9536,1065.0,24.65,86.86,1.28,1.74,0.0
20220904,Coimbatore,Valparai_Hill,10.3273,76.9536,1065.0,24.29,89.77,1.41,12.45,22.71027565002441
20220905,Coimbatore,Valparai_Hill,10.3273,76.9536,1065.0,24.48,89.92,1.47,20.19,15.14018440246582
20220906,Coimbatore,Valparai_Hill,10.3273,76.9536,1065.0,23.11,90.52,2.02,12.06,19.16341590881348
20220907,Coimbatore,Valparai_Hill,10.3273,76.9536,1065.0,22.73,92.83,2.79,14.53,9.581707954406738
20220908,Coimbatore,Valparai_Hill,10.3273,76.9536,1065.0,22.81,90.54,2.81,3.92,0.0
20220909,Coimbatore,Valparai_Hill,10.3273,76.9536,1065.0,23.01,91.18,2.81,8.19,0.0
20220910,Coimbatore,Valparai_Hill,10.3273,76.9536,1065.0,23.17,90.84,3.07,7.63,9.581707954406738
20220911,Coimbatore,Valparai_Hill,10.3273,76.9536,1065.0,23.1,91.07,3.24,7.37,0.0
20220912,Coimbatore,Valparai_Hill,10.3273,76.9536,1065.0,23.16,89.67,3.37,2.51,0.0
20220913,Coimbatore,Valparai_Hill,10.3273,76.9536,1065.0,23.26,89.58,2.59,3.2,0.0
20220914,Coimbatore,Valparai_Hill,10.3273,76.9536,1065.0,23.55,90.15,1.92,3.39,3.8014326095581055
20220915,Coimbatore,Valparai_Hill,10.3273,76.9536,1065.0,23.48,87.91,1.99,0.13,0.0
20220916,Coimbatore,Valparai_Hill,10.3273,76.9536,1065.0,23.58,88.54,1.73,0.21,0.0
20220917,Coimbatore,Valparai_Hill,10.3273,76.9536,1065.0,23.62,88.93,1.71,0.56,0.0
20220918,Coimbatore,Valparai_Hill,10.3273,76.9536,1065.0,23.79,88.05,1.85,1.81,4.515262603759766
20220919,Coimbatore,Valparai_Hill,10.3273,76.9536,1065.0,23.43,89.78,2.18,0.48,0.0
20220920,Coimbatore,Valparai_Hill,10.3273,76.9536,1065.0,23.29,87.55,1.89,0.02,0.0
20220921,Coimbatore,Valparai_Hill,10.3273,76.9536,1065.0,23.55,87.33,2.08,0.0,0.0
20220922,Coimbatore,Valparai_Hill,10.3273,76.9536,1065.0,23.25,86.13,2.28,0.01,0.0
20220923,Coimbatore,Valparai_Hill,10.3273,76.9536,1065.0,23.25,86.65,2.03,0.01,0.0
20220924,Coimbatore,Valparai_Hill,10.3273,76.9536,1065.0,23.28,87.17,1.69,0.19,0.0
20220925,Coimbatore,Valparai_Hill,10.3273,76.9536,1065.0,24.21,83.44,1.43,3.43,1.9565988779067995
20220926,Coimbatore,Valparai_Hill,10.3273,76.9536,1065.0,24.4,86.72,1.48,2.67,1.4670435190200806
20220927,Coimbatore,Valparai_Hill,10.3273,76.9536,1065.0,23.71,85.33,1.41,0.0,0.8457570672035217
20220928,Coimbatore,Valparai_Hill,10.3273,76.9536,1065.0,23.78,85.07,1.91,0.34,0.1946412771940231
20220929,Coimbatore,Valparai_Hill,10.3273,76.9536,1065.0,23.1,88.45,1.68,0.17,2.4750514030456543
20220930,Coimbatore,Valparai_Hill,10.3273,76.9536,1065.0,22.95,89.0,2.24,1.79,0.0848803594708442
20221001,Coimbatore,Valparai_Hill,10.3273,76.9536,1065.0,22.1,85.55,2.3,1.17,9.680689811706545
20221002,Coimbatore,Valparai_Hill,10.3273,76.9536,1065.0,23.0,86.99,2.09,14.63,0.0
20221003,Coimbatore,Valparai_Hill,10.3273,76.9536,1065.0,23.49,88.15,2.15,5.28,0.0
20221004,Coimbatore,Valparai_Hill,10.3273,76.9536,1065.0,23.64,89.58,1.73,1.82,0.0
20221005,Coimbatore,Valparai_Hill,10.3273,76.9536,1065.0,22.91,90.21,2.17,2.36,0.0
20221006,Coimbatore,Valparai_Hill,10.3273,76.9536,1065.0,22.79,87.62,2.07,0.19,0.0
20221007,Coimbatore,Valparai_Hill,10.3273,76.9536,1065.0,22.93,85.22,1.78,0.08,5.834858417510986
20221008,Coimbatore,Valparai_Hill,10.3273,76.9536,1065.0,22.84,81.34,1.21,0.09,5.834858417510986
20221009,Coimbatore,Valparai_Hill,10.3273,76.9536,1065.0,23.62,88.71,0.92,10.53,17.504575729370117
20221010,Coimbatore,Valparai_Hill,10.3273,76.9536,1065.0,22.93,89.13,1.55,19.09,5.834858417510986
20221011,Coimbatore,Valparai_Hill,10.3273,76.9536,1065.0,24.06,84.44,0.81,6.83,22.93086624145508
20221012,Coimbatore,Valparai_Hill,10.3273,76.9536,1065.0,24.3,86.24,0.75,4.13,9.17234706878662
20221013,Coimbatore,Valparai_Hill,10.3273,76.9536,1065.0,24.18,88.44,0.79,5.59,0.0
20221014,Coimbatore,Valparai_Hill,10.3273,76.9536,1065.0,23.7,88.37,1.56,6.18,9.17234706878662
20221015,Coimbatore,Valparai_Hill,10.3273,76.9536,1065.0,22.95,89.46,0.63,6.88,9.17234706878662
20221016,Coimbatore,Valparai_Hill,10.3273,76.9536,1065.0,23.81,88.56,1.02,11.71,16.883398056030273
20221017,Coimbatore,Valparai_Hill,10.3273,76.9536,1065.0,24.05,89.9,1.12,4.53,16.883398056030273
20221018,Coimbatore,Valparai_Hill,10.3273,76.9536,1065.0,22.87,93.68,1.26,9.35,0.0
20221019,Coimbatore,Valparai_Hill,10.3273,76.9536,1065.0,23.34,86.81,0.96,5.32,0.0
20221020,Coimbatore,Valparai_Hill,10.3273,76.9536,1065.0,23.57,90.09,0.94,17.81,25.32509422302246
20221021,Coimbatore,Valparai_Hill,10.3273,76.9536,1065.0,23.8,87.34,1.02,9.43,11.859404563903809
20221022,Coimbatore,Valparai_Hill,10.3273,76.9536,1065.0,24.23,82.66,1.01,0.89,0.0
20221023,Coimbatore,Valparai_Hill,10.3273,76.9536,1065.0,24.15,85.99,0.89,1.67,0.0
20221024,Coimbatore,Valparai_Hill,10.3273,76.9536,1065.0,23.66,88.78,1.04,1.31,5.929702281951904
20221025,Coimbatore,Valparai_Hill,10.3273,76.9536,1065.0,23.85,83.48,0.85,0.05,0.0
20221026,Coimbatore,Valparai_Hill,10.3273,76.9536,1065.0,23.36,74.18,0.84,0.0,0.0
20221027,Coimbatore,Valparai_Hill,10.3273,76.9536,1065.0,22.8,72.91,1.06,0.0,0.0
20221028,Coimbatore,Valparai_Hill,10.3273,76.9536,1065.0,22.84,78.37,1.18,0.55,0.0
20221029,Coimbatore,Valparai_Hill,10.3273,76.9536,1065.0,23.43,85.28,1.34,1.86,0.0
20221030,Coimbatore,Valparai_Hill,10.3273,76.9536,1065.0,23.61,85.64,1.49,3.21,0.0
20221031,Coimbatore,Valparai_Hill,10.3273,76.9536,1065.0,23.57,85.14,1.14,0.75,0.0
20221101,Coimbatore,Valparai_Hill,10.3273,76.9536,1065.0,22.35,90.73,0.98,5.24,0.0
20221102,Coimbatore,Valparai_Hill,10.3273,76.9536,1065.0,22.43,88.76,1.01,4.91,40.900875091552734
20221103,Coimbatore,Valparai_Hill,10.3273,76.9536,1065.0,22.6,86.39,1.44,11.94,0.0
20221104,Coimbatore,Valparai_Hill,10.3273,76.9536,1065.0,22.8,87.92,2.08,8.32,0.0
20221105,Coimbatore,Valparai_Hill,10.3273,76.9536,1065.0,22.4,87.0,1.88,3.16,0.0
20221106,Coimbatore,Valparai_Hill,10.3273,76.9536,1065.0,22.63,89.6,1.52,5.93,0.0
20221107,Coimbatore,Valparai_Hill,10.3273,76.9536,1065.0,23.23,86.16,1.54,0.43,0.0
20221108,Coimbatore,Valparai_Hill,10.3273,76.9536,1065.0,23.58,85.21,1.61,0.55,27.342533111572266
20221109,Coimbatore,Valparai_Hill,10.3273,76.9536,1065.0,23.57,84.5,1.53,0.59,0.0
20221110,Coimbatore,Valparai_Hill,10.3273,76.9536,1065.0,23.77,81.02,1.34,2.48,0.0
20221111,Coimbatore,Valparai_Hill,10.3273,76.9536,1065.0,22.43,88.74,0.92,26.67,57.218360900878906
20221112,Coimbatore,Valparai_Hill,10.3273,76.9536,1065.0,22.04,92.97,1.55,30.24,24.52215576171875
20221113,Coimbatore,Valparai_Hill,10.3273,76.9536,1065.0,22.29,92.76,2.45,5.81,8.174052238464355
20221114,Coimbatore,Valparai_Hill,10.3273,76.9536,1065.0,22.15,89.78,1.53,5.6,8.174052238464355
20221115,Coimbatore,Valparai_Hill,10.3273,76.9536,1065.0,22.45,89.51,1.35,0.56,0.0
20221116,Coimbatore,Valparai_Hill,10.3273,76.9536,1065.0,23.13,87.34,0.85,0.31,0.0
20221117,Coimbatore,Valparai_Hill,10.3273,76.9536,1065.0,23.28,81.73,0.8,0.06,0.0
20221118,Coimbatore,Valparai_Hill,10.3273,76.9536,1065.0,21.32,73.13,1.18,0.0,0.0
20221119,Coimbatore,Valparai_Hill,10.3273,76.9536,1065.0,20.33,77.82,1.36,0.0,0.0
20221120,Coimbatore,Valparai_Hill,10.3273,76.9536,1065.0,21.38,73.56,0.84,0.0,0.0
20221121,Coimbatore,Valparai_Hill,10.3273,76.9536,1065.0,22.64,73.38,0.67,0.0,0.0
20221122,Coimbatore,Valparai_Hill,10.3273,76.9536,1065.0,22.1,78.18,0.7,0.09,0.0
20221123,Coimbatore,Valparai_Hill,10.3273,76.9536,1065.0,22.31,87.32,1.18,0.73,0.0
20221124,Coimbatore,Valparai_Hill,10.3273,76.9536,1065.0,23.29,86.58,0.65,0.43,0.0
20221125,Coimbatore,Valparai_Hill,10.3273,76.9536,1065.0,23.26,86.25,1.57,0.14,0.0
20221126,Coimbatore,Valparai_Hill,10.3273,76.9536,1065.0,22.63,87.71,1.32,0.56,0.0
20221127,Coimbatore,Valparai_Hill,10.3273,76.9536,1065.0,23.49,88.34,0.91,7.43,0.0
20221128,Coimbatore,Valparai_Hill,10.3273,76.9536,1065.0,23.53,88.0,0.63,4.86,0.0
20221129,Coimbatore,Valparai_Hill,10.3273,76.9536,1065.0,23.2,89.44,1.12,5.23,0.0
20221130,Coimbatore,Valparai_Hill,10.3273,76.9536,1065.0,21.89,84.49,1.4,0.99,0.0
20221201,Coimbatore,Valparai_Hill,10.3273,76.9536,1065.0,22.07,86.24,1.57,0.46,0.0
20221202,Coimbatore,Valparai_Hill,10.3273,76.9536,1065.0,23.38,86.05,1.59,0.27,0.0
20221203,Coimbatore,Valparai_Hill,10.3273,76.9536,1065.0,23.15,86.09,1.92,1.18,24.301023483276367
20221204,Coimbatore,Valparai_Hill,10.3273,76.9536,1065.0,22.96,88.8,1.81,7.26,24.301023483276367
20221205,Coimbatore,Valparai_Hill,10.3273,76.9536,1065.0,21.64,89.13,1.78,0.94,0.0
20221206,Coimbatore,Valparai_Hill,10.3273,76.9536,1065.0,22.85,83.21,1.36,0.0,0.0
20221207,Coimbatore,Valparai_Hill,10.3273,76.9536,1065.0,22.11,78.31,0.91,0.0,0.0
20221208,Coimbatore,Valparai_Hill,10.3273,76.9536,1065.0,21.45,72.3,0.82,1.15,64.52739715576172
20221209,Coimbatore,Valparai_Hill,10.3273,76.9536,1065.0,19.97,88.9,1.31,10.44,21.509132385253903
20221210,Coimbatore,Valparai_Hill,10.3273,76.9536,1065.0,21.41,88.58,2.53,10.29,0.0
20221211,Coimbatore,Valparai_Hill,10.3273,76.9536,1065.0,22.3,92.18,2.3,9.16,0.0
20221212,Coimbatore,Valparai_Hill,10.3273,76.9536,1065.0,22.81,90.47,1.65,10.54,0.0
20221213,Coimbatore,Valparai_Hill,10.3273,76.9536,1065.0,23.02,88.04,0.98,18.86,0.0
20221214,Coimbatore,Valparai_Hill,10.3273,76.9536,1065.0,22.44,89.59,1.71,8.58,0.0
20221215,Coimbatore,Valparai_Hill,10.3273,76.9536,1065.0,21.85,84.1,1.64,0.31,0.0
20221216,Coimbatore,Valparai_Hill,10.3273,76.9536,1065.0,20.93,76.4,1.45,0.0,0.0
20221217,Coimbatore,Valparai_Hill,10.3273,76.9536,1065.0,21.29,83.34,1.67,0.0,0.0
20221218,Coimbatore,Valparai_Hill,10.3273,76.9536,1065.0,22.07,86.54,1.91,0.0,0.0
20221219,Coimbatore,Valparai_Hill,10.3273,76.9536,1065.0,21.4,78.92,1.74,0.0,0.0
20221220,Coimbatore,Valparai_Hill,10.3273,76.9536,1065.0,21.6,84.8,1.3,0.0,0.0
20221221,Coimbatore,Valparai_Hill,10.3273,76.9536,1065.0,22.32,77.17,1.42,0.0,0.0
20221222,Coimbatore,Valparai_Hill,10.3273,76.9536,1065.0,21.54,70.76,1.27,0.0,0.0
20221223,Coimbatore,Valparai_Hill,10.3273,76.9536,1065.0,22.19,72.43,1.03,0.0,0.0
20221224,Coimbatore,Valparai_Hill,10.3273,76.9536,1065.0,23.3,79.75,1.06,0.0,0.0
20221225,Coimbatore,Valparai_Hill,10.3273,76.9536,1065.0,23.19,83.95,1.77,8.83,4.712288856506348
20221226,Coimbatore,Valparai_Hill,10.3273,76.9536,1065.0,23.01,88.14,2.48,5.78,0.0
20221227,Coimbatore,Valparai_Hill,10.3273,76.9536,1065.0,22.77,87.52,2.44,1.91,0.0
20221228,Coimbatore,Valparai_Hill,10.3273,76.9536,1065.0,23.03,84.77,1.92,0.34,0.0
20221229,Coimbatore,Valparai_Hill,10.3273,76.9536,1065.0,22.49,82.92,1.83,0.0,0.0
20221230,Coimbatore,Valparai_Hill,10.3273,76.9536,1065.0,21.61,78.83,1.67,0.0,0.0
20221231,Coimbatore,Valparai_Hill,10.3273,76.9536,1065.0,21.55,74.48,1.31,0.0,0.0
20230101,Coimbatore,Valparai_Hill,10.3273,76.9536,1065.0,21.14,74.05,1.31,0.0,0.0
20230102,Coimbatore,Valparai_Hill,10.3273,76.9536,1065.0,20.62,76.86,1.84,0.0,0.0
20230103,Coimbatore,Valparai_Hill,10.3273,76.9536,1065.0,21.18,78.21,1.78,0.0,0.0
20230104,Coimbatore,Valparai_Hill,10.3273,76.9536,1065.0,21.42,77.24,1.81,0.0,0.0
20230105,Coimbatore,Valparai_Hill,10.3273,76.9536,1065.0,21.21,75.8,1.93,0.0,0.0
20230106,Coimbatore,Valparai_Hill,10.3273,76.9536,1065.0,21.47,77.32,2.14,0.0,0.0
20230107,Coimbatore,Valparai_Hill,10.3273,76.9536,1065.0,21.66,76.08,2.18,0.0,6.020073413848877
20230108,Coimbatore,Valparai_Hill,10.3273,76.9536,1065.0,22.23,77.8,1.75,0.01,0.0
20230109,Coimbatore,Valparai_Hill,10.3273,76.9536,1065.0,21.93,74.83,1.74,0.0,0.0
20230110,Coimbatore,Valparai_Hill,10.3273,76.9536,1065.0,20.16,67.41,1.92,0.0,0.0
20230111,Coimbatore,Valparai_Hill,10.3273,76.9536,1065.0,20.63,66.6,1.58,0.0,0.0
20230112,Coimbatore,Valparai_Hill,10.3273,76.9536,1065.0,20.63,65.49,1.58,0.0,0.0
20230113,Coimbatore,Valparai_Hill,10.3273,76.9536,1065.0,20.95,67.22,1.34,0.0,0.0
20230114,Coimbatore,Valparai_Hill,10.3273,76.9536,1065.0,21.07,66.81,1.31,0.0,0.0
20230115,Coimbatore,Valparai_Hill,10.3273,76.9536,1065.0,20.88,67.26,1.41,0.0,0.0
20230116,Coimbatore,Valparai_Hill,10.3273,76.9536,1065.0,21.04,66.36,1.53,0.0,0.0
20230117,Coimbatore,Valparai_Hill,10.3273,76.9536,1065.0,21.03,68.25,1.5,0.0,0.0
20230118,Coimbatore,Valparai_Hill,10.3273,76.9536,1065.0,20.89,70.57,1.88,0.0,0.0
20230119,Coimbatore,Valparai_Hill,10.3273,76.9536,1065.0,21.08,66.29,1.86,0.0,0.0
20230120,Coimbatore,Valparai_Hill,10.3273,76.9536,1065.0,20.72,72.48,2.05,0.0,5.749090194702148
20230121,Coimbatore,Valparai_Hill,10.3273,76.9536,1065.0,22.03,70.23,1.68,0.0,0.0
20230122,Coimbatore,Valparai_Hill,10.3273,76.9536,1065.0,21.85,67.43,1.82,0.0,0.0
20230123,Coimbatore,Valparai_Hill,10.3273,76.9536,1065.0,22.79,74.43,1.64,1.26,0.0
20230124,Coimbatore,Valparai_Hill,10.3273,76.9536,1065.0,22.93,81.9,1.45,4.34,5.267919063568115
20230125,Coimbatore,Valparai_Hill,10.3273,76.9536,1065.0,22.91,71.57,1.62,0.12,0.0
20230126,Coimbatore,Valparai_Hill,10.3273,76.9536,1065.0,22.03,68.68,1.64,0.0,0.0
20230127,Coimbatore,Valparai_Hill,10.3273,76.9536,1065.0,21.62,64.6,1.72,0.0,0.0
20230128,Coimbatore,Valparai_Hill,10.3273,76.9536,1065.0,21.49,59.44,1.79,0.0,0.0
20230129,Coimbatore,Valparai_Hill,10.3273,76.9536,1065.0,22.02,65.11,1.86,0.0,0.0
20230130,Coimbatore,Valparai_Hill,10.3273,76.9536,1065.0,23.68,74.82,1.34,0.25,0.0
20230131,Coimbatore,Valparai_Hill,10.3273,76.9536,1065.0,24.63,66.41,1.57,0.19,0.0
20230201,Coimbatore,Valparai_Hill,10.3273,76.9536,1065.0,24.41,58.13,1.72,0.0,4.044424057006836
20230202,Coimbatore,Valparai_Hill,10.3273,76.9536,1065.0,23.29,64.32,2.11,1.08,8.088848114013672
20230203,Coimbatore,Valparai_Hill,10.3273,76.9536,1065.0,23.89,71.46,1.94,2.16,0.0
20230204,Coimbatore,Valparai_Hill,10.3273,76.9536,1065.0,24.08,71.54,2.27,3.17,0.0
20230205,Coimbatore,Valparai_Hill,10.3273,76.9536,1065.0,24.15,59.18,1.77,0.03,0.0
20230206,Coimbatore,Valparai_Hill,10.3273,76.9536,1065.0,23.7,59.86,1.6,0.0,2.3561954498291016
20230207,Coimbatore,Valparai_Hill,10.3273,76.9536,1065.0,24.02,58.24,1.21,0.0,0.0
20230208,Coimbatore,Valparai_Hill,10.3273,76.9536,1065.0,23.72,60.4,1.67,0.0,0.0
20230209,Coimbatore,Valparai_Hill,10.3273,76.9536,1065.0,23.69,60.96,1.59,0.0,0.0
20230210,Coimbatore,Valparai_Hill,10.3273,76.9536,1065.0,23.6,57.51,2.06,0.0,0.0
20230211,Coimbatore,Valparai_Hill,10.3273,76.9536,1065.0,23.25,56.29,1.71,0.0,0.0
20230212,Coimbatore,Valparai_Hill,10.3273,76.9536,1065.0,23.51,50.91,1.86,0.0,0.0
20230213,Coimbatore,Valparai_Hill,10.3273,76.9536,1065.0,23.36,50.3,2.18,0.0,0.0
20230214,Coimbatore,Valparai_Hill,10.3273,76.9536,1065.0,23.4,52.97,1.69,0.0,0.0
20230215,Coimbatore,Valparai_Hill,10.3273,76.9536,1065.0,23.94,49.49,1.67,0.0,0.0
20230216,Coimbatore,Valparai_Hill,10.3273,76.9536,1065.0,23.64,51.43,2.26,0.0,0.0
20230217,Coimbatore,Valparai_Hill,10.3273,76.9536,1065.0,23.43,54.66,2.01,0.0,0.0
20230218,Coimbatore,Valparai_Hill,10.3273,76.9536,1065.0,23.66,55.2,1.73,0.0,0.0
20230219,Coimbatore,Valparai_Hill,10.3273,76.9536,1065.0,24.37,52.62,1.6,0.0,0.0
20230220,Coimbatore,Valparai_Hill,10.3273,76.9536,1065.0,25.39,51.35,1.15,0.0,0.0
20230221,Coimbatore,Valparai_Hill,10.3273,76.9536,1065.0,25.38,47.43,1.66,0.0,0.0
20230222,Coimbatore,Valparai_Hill,10.3273,76.9536,1065.0,25.15,42.65,2.13,0.0,0.0
20230223,Coimbatore,Valparai_Hill,10.3273,76.9536,1065.0,23.74,47.2,2.14,0.0,0.0
20230224,Coimbatore,Valparai_Hill,10.3273,76.9536,1065.0,25.18,51.24,1.58,0.0,0.0
20230225,Coimbatore,Valparai_Hill,10.3273,76.9536,1065.0,25.37,41.49,2.15,0.0,0.0
20230226,Coimbatore,Valparai_Hill,10.3273,76.9536,1065.0,24.58,41.77,2.38,0.0,0.0
20230227,Coimbatore,Valparai_Hill,10.3273,76.9536,1065.0,23.91,47.62,2.41,0.0,0.0
20230228,Coimbatore,Valparai_Hill,10.3273,76.9536,1065.0,24.59,51.23,2.39,0.01,0.0
20230301,Coimbatore,Valparai_Hill,10.3273,76.9536,1065.0,26.59,56.12,3.12,0.04,0.0
20230302,Coimbatore,Valparai_Hill,10.3273,76.9536,1065.0,25.98,46.62,2.86,0.03,0.0
20230303,Coimbatore,Valparai_Hill,10.3273,76.9536,1065.0,24.68,35.78,2.71,0.0,0.0
20230304,Coimbatore,Valparai_Hill,10.3273,76.9536,1065.0,25.57,44.09,2.67,0.0,0.0
20230305,Coimbatore,Valparai_Hill,10.3273,76.9536,1065.0,26.35,49.29,2.36,1.35,0.0
20230306,Coimbatore,Valparai_Hill,10.3273,76.9536,1065.0,25.39,38.07,2.17,0.03,0.0
20230307,Coimbatore,Valparai_Hill,10.3273,76.9536,1065.0,25.46,39.35,2.22,0.0,0.0
20230308,Coimbatore,Valparai_Hill,10.3273,76.9536,1065.0,25.51,48.5,2.59,0.0,0.0
20230309,Coimbatore,Valparai_Hill,10.3273,76.9536,1065.0,25.95,49.92,2.51,0.0,0.0
20230310,Coimbatore,Valparai_Hill,10.3273,76.9536,1065.0,26.14,46.95,2.3,0.0,0.0
20230311,Coimbatore,Valparai_Hill,10.3273,76.9536,1065.0,26.8,46.43,2.21,0.0,0.0
20230312,Coimbatore,Valparai_Hill,10.3273,76.9536,1065.0,26.82,49.34,2.66,0.0,0.0
20230313,Coimbatore,Valparai_Hill,10.3273,76.9536,1065.0,27.01,52.27,2.5,0.0,0.0
20230314,Coimbatore,Valparai_Hill,10.3273,76.9536,1065.0,27.25,42.79,1.64,0.0,0.0
20230315,Coimbatore,Valparai_Hill,10.3273,76.9536,1065.0,28.75,44.6,0.94,0.12,0.0
20230316,Coimbatore,Valparai_Hill,10.3273,76.9536,1065.0,28.21,56.08,0.76,0.47,0.0
20230317,Coimbatore,Valparai_Hill,10.3273,76.9536,1065.0,27.97,61.26,0.77,7.19,0.0
20230318,Coimbatore,Valparai_Hill,10.3273,76.9536,1065.0,26.99,69.07,1.32,2.47,0.0
20230319,Coimbatore,Valparai_Hill,10.3273,76.9536,1065.0,26.87,66.84,1.54,1.25,0.0
20230320,Coimbatore,Valparai_Hill,10.3273,76.9536,1065.0,26.62,62.47,1.98,1.33,0.0
20230321,Coimbatore,Valparai_Hill,10.3273,76.9536,1065.0,26.53,55.29,2.03,0.09,0.0
20230322,Coimbatore,Valparai_Hill,10.3273,76.9536,1065.0,26.62,49.67,1.33,0.02,0.0
20230323,Coimbatore,Valparai_Hill,10.3273,76.9536,1065.0,27.63,57.12,1.27,0.34,9.396047592163086
20230324,Coimbatore,Valparai_Hill,10.3273,76.9536,1065.0,27.99,59.92,0.92,2.44,28.188140869140625
20230325,Coimbatore,Valparai_Hill,10.3273,76.9536,1065.0,26.41,73.43,0.86,5.14,0.0
20230326,Coimbatore,Valparai_Hill,10.3273,76.9536,1065.0,27.18,67.41,1.0,2.49,7.525456428527832
20230327,Coimbatore,Valparai_Hill,10.3273,76.9536,1065.0,26.63,70.14,1.15,0.42,0.0
20230328,Coimbatore,Valparai_Hill,10.3273,76.9536,1065.0,28.72,61.17,1.16,0.9,7.525456428527832
20230329,Coimbatore,Valparai_Hill,10.3273,76.9536,1065.0,27.29,71.79,1.02,4.88,7.525456428527832
20230330,Coimbatore,Valparai_Hill,10.3273,76.9536,1065.0,27.87,65.75,0.87,3.28,7.525456428527832
20230331,Coimbatore,Valparai_Hill,10.3273,76.9536,1065.0,28.27,63.33,1.03,1.15,0.0
20230401,Coimbatore,Valparai_Hill,10.3273,76.9536,1065.0,27.73,62.76,1.35,1.29,3.3146231174468994
20230402,Coimbatore,Valparai_Hill,10.3273,76.9536,1065.0,27.12,66.81,1.37,1.77,0.0
20230403,Coimbatore,Valparai_Hill,10.3273,76.9536,1065.0,25.4,74.23,0.89,3.47,3.3146231174468994
20230404,Coimbatore,Valparai_Hill,10.3273,76.9536,1065.0,26.38,73.11,0.79,3.17,3.3146231174468994
20230405,Coimbatore,Valparai_Hill,10.3273,76.9536,1065.0,27.9,64.23,0.94,0.18,0.0
20230406,Coimbatore,Valparai_Hill,10.3273,76.9536,1065.0,28.23,63.42,0.86,0.03,4.149585723876953
20230407,Coimbatore,Valparai_Hill,10.3273,76.9536,1065.0,28.59,54.36,1.79,0.01,0.0
20230408,Coimbatore,Valparai_Hill,10.3273,76.9536,1065.0,28.66,49.07,2.39,0.01,0.0
20230409,Coimbatore,Valparai_Hill,10.3273,76.9536,1065.0,28.58,48.73,1.79,0.03,4.149585723876953
20230410,Coimbatore,Valparai_Hill,10.3273,76.9536,1065.0,29.12,48.89,2.21,0.36,0.0
20230411,Coimbatore,Valparai_Hill,10.3273,76.9536,1065.0,28.94,49.8,1.81,0.49,0.0
20230412,Coimbatore,Valparai_Hill,10.3273,76.9536,1065.0,28.98,44.43,1.48,0.0,0.0
20230413,Coimbatore,Valparai_Hill,10.3273,76.9536,1065.0,29.8,34.22,1.48,0.0,0.0
20230414,Coimbatore,Valparai_Hill,10.3273,76.9536,1065.0,29.18,42.85,1.07,0.0,0.0
20230415,Coimbatore,Valparai_Hill,10.3273,76.9536,1065.0,29.73,45.06,1.46,0.0,0.0
20230416,Coimbatore,Valparai_Hill,10.3273,76.9536,1065.0,28.81,44.89,1.19,0.0,0.0
20230417,Coimbatore,Valparai_Hill,10.3273,76.9536,1065.0,29.26,45.27,1.16,0.0,0.0
20230418,Coimbatore,Valparai_Hill,10.3273,76.9536,1065.0,30.14,46.26,1.2,0.0,0.0
20230419,Coimbatore,Valparai_Hill,10.3273,76.9536,1065.0,30.1,48.73,1.18,0.0,4.001657009124756
20230420,Coimbatore,Valparai_Hill,10.3273,76.9536,1065.0,30.11,57.17,2.18,0.0,0.0
20230421,Coimbatore,Valparai_Hill,10.3273,76.9536,1065.0,29.94,57.68,2.13,0.28,0.0
20230422,Coimbatore,Valparai_Hill,10.3273,76.9536,1065.0,30.17,58.09,1.65,1.93,2.9463069438934326
20230423,Coimbatore,Valparai_Hill,10.3273,76.9536,1065.0,29.75,61.83,1.51,1.45,5.892613887786865
20230424,Coimbatore,Valparai_Hill,10.3273,76.9536,1065.0,28.05,65.92,1.08,4.37,2.9463069438934326
20230425,Coimbatore,Valparai_Hill,10.3273,76.9536,1065.0,27.95,66.69,1.18,5.01,8.838920593261719
20230426,Coimbatore,Valparai_Hill,10.3273,76.9536,1065.0,25.79,80.64,1.46,8.39,10.214930534362791
20230427,Coimbatore,Valparai_Hill,10.3273,76.9536,1065.0,27.34,71.84,1.44,6.87,6.8099541664123535
20230428,Coimbatore,Valparai_Hill,10.3273,76.9536,1065.0,27.35,68.54,1.49,5.65,6.8099541664123535
20230429,Coimbatore,Valparai_Hill,10.3273,76.9536,1065.0,26.89,75.49,1.16,18.81,10.214930534362791
20230430,Coimbatore,Valparai_Hill,10.3273,76.9536,1065.0,26.95,74.32,1.09,3.5,10.214930534362791
20230501,Coimbatore,Valparai_Hill,10.3273,76.9536,1065.0,24.67,87.93,1.09,26.95,7.803813934326172
20230502,Coimbatore,Valparai_Hill,10.3273,76.9536,1065.0,26.04,81.97,1.5,10.29,7.803813934326172
20230503,Coimbatore,Valparai_Hill,10.3273,76.9536,1065.0,24.71,84.69,1.72,3.96,5.202542781829834
20230504,Coimbatore,Valparai_Hill,10.3273,76.9536,1065.0,25.39,79.08,1.27,2.56,7.803813934326172
20230505,Coimbatore,Valparai_Hill,10.3273,76.9536,1065.0,24.6,80.16,1.41,2.63,2.601271390914917
20230506,Coimbatore,Valparai_Hill,10.3273,76.9536,1065.0,25.22,78.55,1.38,6.22,10.717267036437988
20230507,Coimbatore,Valparai_Hill,10.3273,76.9536,1065.0,24.51,81.24,1.81,2.21,0.0
20230508,Coimbatore,Valparai_Hill,10.3273,76.9536,1065.0,25.23,80.32,1.17,3.96,6.430360317230225
20230509,Coimbatore,Valparai_Hill,10.3273,76.9536,1065.0,27.0,73.7,1.19,2.04,4.286906719207764
20230510,Coimbatore,Valparai_Hill,10.3273,76.9536,1065.0,26.79,76.62,1.33,1.49,0.0
20230511,Coimbatore,Valparai_Hill,10.3273,76.9536,1065.0,26.68,78.69,1.29,2.91,6.747403144836426
20230512,Coimbatore,Valparai_Hill,10.3273,76.9536,1065.0,26.48,74.75,2.3,0.63,0.0
20230513,Coimbatore,Valparai_Hill,10.3273,76.9536,1065.0,26.93,70.96,2.77,0.0,0.0
20230514,Coimbatore,Valparai_Hill,10.3273,76.9536,1065.0,26.66,75.04,2.26,0.0,0.0
20230515,Coimbatore,Valparai_Hill,10.3273,76.9536,1065.0,27.16,76.94,2.38,0.0,0.0
20230516,Coimbatore,Valparai_Hill,10.3273,76.9536,1065.0,28.41,70.91,1.81,0.25,0.0
20230517,Coimbatore,Valparai_Hill,10.3273,76.9536,1065.0,26.96,73.9,1.29,2.06,2.8686940670013428
20230518,Coimbatore,Valparai_Hill,10.3273,76.9536,1065.0,28.27,71.06,1.35,0.5,2.8686940670013428
20230519,Coimbatore,Valparai_Hill,10.3273,76.9536,1065.0,26.93,77.79,1.3,1.83,0.0
20230520,Coimbatore,Valparai_Hill,10.3273,76.9536,1065.0,27.78,73.18,1.75,1.18,0.0
20230521,Coimbatore,Valparai_Hill,10.3273,76.9536,1065.0,27.29,76.05,1.4,4.7,2.5607595443725586
20230522,Coimbatore,Valparai_Hill,10.3273,76.9536,1065.0,26.64,79.56,1.3,2.41,2.5607595443725586
20230523,Coimbatore,Valparai_Hill,10.3273,76.9536,1065.0,27.75,71.2,1.5,0.34,5.121519088745117
20230524,Coimbatore,Valparai_Hill,10.3273,76.9536,1065.0,26.39,80.54,1.72,7.04,5.121519088745117
20230525,Coimbatore,Valparai_Hill,10.3273,76.9536,1065.0,26.61,78.99,2.17,2.69,0.0
20230526,Coimbatore,Valparai_Hill,10.3273,76.9536,1065.0,27.2,74.85,2.15,3.32,0.0
20230527,Coimbatore,Valparai_Hill,10.3273,76.9536,1065.0,26.75,76.59,1.96,3.5,4.956067562103272
20230528,Coimbatore,Valparai_Hill,10.3273,76.9536,1065.0,27.27,75.08,1.08,0.82,0.0
20230529,Coimbatore,Valparai_Hill,10.3273,76.9536,1065.0,27.19,75.83,0.93,1.72,14.86820125579834
20230530,Coimbatore,Valparai_Hill,10.3273,76.9536,1065.0,27.17,75.54,1.63,1.02,9.912135124206545
20230531,Coimbatore,Valparai_Hill,10.3273,76.9536,1065.0,26.59,74.49,1.36,1.3,14.868207931518556
20230601,Coimbatore,Valparai_Hill,10.3273,76.9536,1065.0,26.5,78.32,2.49,0.46,8.955345153808594
20230602,Coimbatore,Valparai_Hill,10.3273,76.9536,1065.0,26.69,76.21,1.89,4.98,0.0
20230603,Coimbatore,Valparai_Hill,10.3273,76.9536,1065.0,27.29,73.47,2.13,1.48,8.955345153808594
20230604,Coimbatore,Valparai_Hill,10.3273,76.9536,1065.0,26.11,77.54,2.1,1.65,8.955345153808594
20230605,Coimbatore,Valparai_Hill,10.3273,76.9536,1065.0,25.94,80.47,2.52,2.07,17.910690307617188
20230606,Coimbatore,Valparai_Hill,10.3273,76.9536,1065.0,26.66,76.23,2.68,2.07,0.0
20230607,Coimbatore,Valparai_Hill,10.3273,76.9536,1065.0,26.29,79.34,2.98,3.79,0.0
20230608,Coimbatore,Valparai_Hill,10.3273,76.9536,1065.0,26.12,78.9,2.85,3.36,0.0
20230609,Coimbatore,Valparai_Hill,10.3273,76.9536,1065.0,26.25,78.55,3.24,2.1,0.0
20230610,Coimbatore,Valparai_Hill,10.3273,76.9536,1065.0,25.72,77.61,3.49,1.26,0.0
20230611,Coimbatore,Valparai_Hill,10.3273,76.9536,1065.0,26.13,78.24,3.15,0.91,0.0
20230612,Coimbatore,Valparai_Hill,10.3273,76.9536,1065.0,26.09,80.93,2.85,6.36,49.9112548828125
20230613,Coimbatore,Valparai_Hill,10.3273,76.9536,1065.0,25.97,80.11,2.97,3.48,0.0
20230614,Coimbatore,Valparai_Hill,10.3273,76.9536,1065.0,25.45,82.18,2.76,1.77,0.0
20230615,Coimbatore,Valparai_Hill,10.3273,76.9536,1065.0,26.76,76.29,2.66,0.31,0.0
20230616,Coimbatore,Valparai_Hill,10.3273,76.9536,1065.0,27.2,73.07,3.28,0.18,0.0
20230617,Coimbatore,Valparai_Hill,10.3273,76.9536,1065.0,25.1,85.27,2.82,7.29,0.0
20230618,Coimbatore,Valparai_Hill,10.3273,76.9536,1065.0,25.65,80.95,2.38,4.49,0.0
20230619,Coimbatore,Valparai_Hill,10.3273,76.9536,1065.0,25.91,72.97,2.05,0.43,0.0
20230620,Coimbatore,Valparai_Hill,10.3273,76.9536,1065.0,26.14,76.31,1.82,7.81,72.45697784423828
20230621,Coimbatore,Valparai_Hill,10.3273,76.9536,1065.0,26.3,78.4,2.02,13.32,54.67580795288086
20230622,Coimbatore,Valparai_Hill,10.3273,76.9536,1065.0,25.31,79.83,2.17,8.53,18.225271224975582
20230623,Coimbatore,Valparai_Hill,10.3273,76.9536,1065.0,24.7,75.29,2.61,1.52,0.0
20230624,Coimbatore,Valparai_Hill,10.3273,76.9536,1065.0,24.65,78.94,2.7,0.21,18.225271224975582
20230625,Coimbatore,Valparai_Hill,10.3273,76.9536,1065.0,24.57,82.11,2.68,3.89,0.0
20230626,Coimbatore,Valparai_Hill,10.3273,76.9536,1065.0,24.31,74.87,2.8,0.54,0.0
20230627,Coimbatore,Valparai_Hill,10.3273,76.9536,1065.0,24.41,79.77,2.85,5.33,0.0
20230628,Coimbatore,Valparai_Hill,10.3273,76.9536,1065.0,24.98,75.91,2.96,1.46,0.0
20230629,Coimbatore,Valparai_Hill,10.3273,76.9536,1065.0,25.15,79.0,3.13,3.2,50.775840759277344
20230630,Coimbatore,Valparai_Hill,10.3273,76.9536,1065.0,24.41,78.0,2.48,1.56,0.0
20230701,Coimbatore,Valparai_Hill,10.3273,76.9536,1065.0,25.53,78.23,2.32,1.74,0.0
20230702,Coimbatore,Valparai_Hill,10.3273,76.9536,1065.0,24.24,77.99,3.12,4.04,13.622551918029783
20230703,Coimbatore,Valparai_Hill,10.3273,76.9536,1065.0,24.71,82.28,3.91,11.05,13.622551918029783
20230704,Coimbatore,Valparai_Hill,10.3273,76.9536,1065.0,24.52,82.54,4.63,9.63,0.0
20230705,Coimbatore,Valparai_Hill,10.3273,76.9536,1065.0,23.66,85.91,4.45,15.37,27.24510383605957
20230706,Coimbatore,Valparai_Hill,10.3273,76.9536,1065.0,24.12,84.96,3.98,10.31,25.06099510192871
20230707,Coimbatore,Valparai_Hill,10.3273,76.9536,1065.0,23.8,84.69,3.57,9.92,0.0
20230708,Coimbatore,Valparai_Hill,10.3273,76.9536,1065.0,24.37,81.24,2.64,4.42,0.0
20230709,Coimbatore,Valparai_Hill,10.3273,76.9536,1065.0,24.66,81.42,2.36,2.56,0.0
20230710,Coimbatore,Valparai_Hill,10.3273,76.9536,1065.0,25.22,82.63,1.89,4.47,50.12199020385742
20230711,Coimbatore,Valparai_Hill,10.3273,76.9536,1065.0,24.94,80.71,2.26,3.35,0.0
20230712,Coimbatore,Valparai_Hill,10.3273,76.9536,1065.0,24.61,78.51,2.71,0.66,0.0
20230713,Coimbatore,Valparai_Hill,10.3273,76.9536,1065.0,24.18,76.97,2.8,2.26,36.58327102661133
20230714,Coimbatore,Valparai_Hill,10.3273,76.9536,1065.0,24.39,79.31,3.07,0.37,0.0
20230715,Coimbatore,Valparai_Hill,10.3273,76.9536,1065.0,24.85,79.43,2.74,0.33,0.0
20230716,Coimbatore,Valparai_Hill,10.3273,76.9536,1065.0,25.27,81.34,2.67,0.89,0.0
20230717,Coimbatore,Valparai_Hill,10.3273,76.9536,1065.0,25.05,82.15,3.12,0.89,0.0
20230718,Coimbatore,Valparai_Hill,10.3273,76.9536,1065.0,24.63,84.27,3.89,4.5,0.0
20230719,Coimbatore,Valparai_Hill,10.3273,76.9536,1065.0,24.73,82.13,4.73,4.46,0.0
20230720,Coimbatore,Valparai_Hill,10.3273,76.9536,1065.0,25.13,80.87,4.62,1.94,0.0
20230721,Coimbatore,Valparai_Hill,10.3273,76.9536,1065.0,24.58,81.26,4.78,2.82,25.550987243652344
20230722,Coimbatore,Valparai_Hill,10.3273,76.9536,1065.0,24.14,80.89,4.68,6.36,0.0
20230723,Coimbatore,Valparai_Hill,10.3273,76.9536,1065.0,23.74,83.82,4.23,14.02,0.0
20230724,Coimbatore,Valparai_Hill,10.3273,76.9536,1065.0,23.25,85.55,3.97,11.41,12.775493621826172
20230725,Coimbatore,Valparai_Hill,10.3273,76.9536,1065.0,22.81,86.09,3.19,5.66,0.0
20230726,Coimbatore,Valparai_Hill,10.3273,76.9536,1065.0,23.66,82.44,3.93,4.07,0.0
20230727,Coimbatore,Valparai_Hill,10.3273,76.9536,1065.0,23.99,81.11,3.86,0.99,0.0
20230728,Coimbatore,Valparai_Hill,10.3273,76.9536,1065.0,24.33,79.57,3.73,0.55,0.0
20230729,Coimbatore,Valparai_Hill,10.3273,76.9536,1065.0,24.87,79.28,3.57,0.08,0.0
20230730,Coimbatore,Valparai_Hill,10.3273,76.9536,1065.0,25.13,78.81,3.37,0.04,0.0
20230731,Coimbatore,Valparai_Hill,10.3273,76.9536,1065.0,25.38,78.75,3.68,0.21,0.0
20230801,Coimbatore,Valparai_Hill,10.3273,76.9536,1065.0,25.23,78.54,3.61,0.12,0.0
20230802,Coimbatore,Valparai_Hill,10.3273,76.9536,1065.0,24.58,80.5,3.48,0.71,0.0
20230803,Coimbatore,Valparai_Hill,10.3273,76.9536,1065.0,25.11,80.02,3.54,0.9,0.0
20230804,Coimbatore,Valparai_Hill,10.3273,76.9536,1065.0,25.22,80.15,3.29,0.61,0.0
20230805,Coimbatore,Valparai_Hill,10.3273,76.9536,1065.0,25.53,77.79,3.25,0.21,0.0
20230806,Coimbatore,Valparai_Hill,10.3273,76.9536,1065.0,25.8,78.12,2.87,0.87,8.431130409240723
20230807,Coimbatore,Valparai_Hill,10.3273,76.9536,1065.0,25.82,78.23,2.7,0.31,8.431130409240723
20230808,Coimbatore,Valparai_Hill,10.3273,76.9536,1065.0,25.09,80.81,2.29,5.33,8.431130409240723
20230809,Coimbatore,Valparai_Hill,10.3273,76.9536,1065.0,25.21,80.44,2.09,3.56,16.862260818481445
20230810,Coimbatore,Valparai_Hill,10.3273,76.9536,1065.0,24.96,83.89,1.51,6.6,16.862260818481445
20230811,Coimbatore,Valparai_Hill,10.3273,76.9536,1065.0,25.75,81.22,1.29,5.3,10.35316562652588
20230812,Coimbatore,Valparai_Hill,10.3273,76.9536,1065.0,24.98,82.87,2.01,4.82,15.529748916625977
20230813,Coimbatore,Valparai_Hill,10.3273,76.9536,1065.0,25.52,78.68,2.3,1.3,0.0
20230814,Coimbatore,Valparai_Hill,10.3273,76.9536,1065.0,25.35,76.68,2.42,0.05,5.17658281326294
20230815,Coimbatore,Valparai_Hill,10.3273,76.9536,1065.0,24.99,76.94,2.43,0.07,5.17658281326294
20230816,Coimbatore,Valparai_Hill,10.3273,76.9536,1065.0,25.56,75.94,2.6,0.04,0.0
20230817,Coimbatore,Valparai_Hill,10.3273,76.9536,1065.0,25.67,76.98,3.19,0.02,0.0
20230818,Coimbatore,Valparai_Hill,10.3273,76.9536,1065.0,24.95,78.29,3.22,0.19,0.0
20230819,Coimbatore,Valparai_Hill,10.3273,76.9536,1065.0,25.22,78.32,3.4,0.25,0.0
20230820,Coimbatore,Valparai_Hill,10.3273,76.9536,1065.0,26.04,76.97,2.95,0.42,0.0
20230821,Coimbatore,Valparai_Hill,10.3273,76.9536,1065.0,26.64,73.71,2.29,0.08,0.0
20230822,Coimbatore,Valparai_Hill,10.3273,76.9536,1065.0,26.46,77.14,1.77,2.26,11.4147367477417
20230823,Coimbatore,Valparai_Hill,10.3273,76.9536,1065.0,26.24,75.47,2.34,3.47,0.0
20230824,Coimbatore,Valparai_Hill,10.3273,76.9536,1065.0,26.01,75.42,2.62,0.67,0.0
20230825,Coimbatore,Valparai_Hill,10.3273,76.9536,1065.0,25.39,75.49,2.31,0.0,0.0
20230826,Coimbatore,Valparai_Hill,10.3273,76.9536,1065.0,25.93,75.72,2.21,0.15,0.0
20230827,Coimbatore,Valparai_Hill,10.3273,76.9536,1065.0,26.04,76.01,2.16,0.59,0.0
20230828,Coimbatore,Valparai_Hill,10.3273,76.9536,1065.0,26.33,74.45,2.3,0.27,0.0
20230829,Coimbatore,Valparai_Hill,10.3273,76.9536,1065.0,25.54,79.14,2.14,7.92,31.38373565673828
20230830,Coimbatore,Valparai_Hill,10.3273,76.9536,1065.0,24.45,84.68,2.52,7.19,15.69186782836914
20230831,Coimbatore,Valparai_Hill,10.3273,76.9536,1065.0,25.38,80.83,2.25,6.2,15.69186782836914
20230901,Coimbatore,Valparai_Hill,10.3273,76.9536,1065.0,25.24,83.07,1.63,17.23,8.63698673248291
20230902,Coimbatore,Valparai_Hill,10.3273,76.9536,1065.0,24.59,83.94,2.55,8.49,8.63698673248291
20230903,Coimbatore,Valparai_Hill,10.3273,76.9536,1065.0,23.94,82.12,2.95,4.88,0.0
20230904,Coimbatore,Valparai_Hill,10.3273,76.9536,1065.0,23.59,82.39,2.95,1.02,4.318493366241455
20230905,Coimbatore,Valparai_Hill,10.3273,76.9536,1065.0,23.7,82.81,3.19,4.91,0.0
20230906,Coimbatore,Valparai_Hill,10.3273,76.9536,1065.0,23.28,84.55,2.74,6.92,0.0
20230907,Coimbatore,Valparai_Hill,10.3273,76.9536,1065.0,23.47,83.3,2.63,6.69,0.0
20230908,Coimbatore,Valparai_Hill,10.3273,76.9536,1065.0,24.19,80.75,3.13,1.45,0.0
20230909,Coimbatore,Valparai_Hill,10.3273,76.9536,1065.0,24.69,81.67,3.17,2.71,0.0
20230910,Coimbatore,Valparai_Hill,10.3273,76.9536,1065.0,23.77,80.12,3.55,5.1,0.0
20230911,Coimbatore,Valparai_Hill,10.3273,76.9536,1065.0,23.68,79.97,3.08,4.43,0.0
20230912,Coimbatore,Valparai_Hill,10.3273,76.9536,1065.0,24.23,81.72,2.53,1.27,0.0
20230913,Coimbatore,Valparai_Hill,10.3273,76.9536,1065.0,25.26,79.32,2.76,0.72,2.315551519393921
20230914,Coimbatore,Valparai_Hill,10.3273,76.9536,1065.0,24.21,83.84,2.79,2.54,2.315551519393921
20230915,Coimbatore,Valparai_Hill,10.3273,76.9536,1065.0,23.37,84.59,2.99,3.33,0.0
20230916,Coimbatore,Valparai_Hill,10.3273,76.9536,1065.0,24.53,82.57,2.84,3.92,0.0
20230917,Coimbatore,Valparai_Hill,10.3273,76.9536,1065.0,24.83,83.62,2.32,11.72,11.378355026245115
20230918,Coimbatore,Valparai_Hill,10.3273,76.9536,1065.0,24.82,83.72,2.48,13.01,11.378355026245115
20230919,Coimbatore,Valparai_Hill,10.3273,76.9536,1065.0,24.87,84.7,2.51,13.87,22.756710052490234
20230920,Coimbatore,Valparai_Hill,10.3273,76.9536,1065.0,24.49,84.14,2.17,3.04,0.0
20230921,Coimbatore,Valparai_Hill,10.3273,76.9536,1065.0,23.98,84.96,1.72,6.45,14.053451538085938
20230922,Coimbatore,Valparai_Hill,10.3273,76.9536,1065.0,24.41,86.18,1.75,5.42,7.026725769042969
20230923,Coimbatore,Valparai_Hill,10.3273,76.9536,1065.0,24.45,85.17,2.43,5.02,0.0
20230924,Coimbatore,Valparai_Hill,10.3273,76.9536,1065.0,23.89,87.05,2.03,2.09,7.026725769042969
20230925,Coimbatore,Valparai_Hill,10.3273,76.9536,1065.0,24.84,81.31,2.16,0.97,0.0
20230926,Coimbatore,Valparai_Hill,10.3273,76.9536,1065.0,24.8,81.99,2.35,2.64,16.065895080566406
20230927,Coimbatore,Valparai_Hill,10.3273,76.9536,1065.0,24.41,79.93,2.58,2.77,0.0
20230928,Coimbatore,Valparai_Hill,10.3273,76.9536,1065.0,23.87,83.86,2.94,5.11,0.0
20230929,Coimbatore,Valparai_Hill,10.3273,76.9536,1065.0,23.23,87.71,3.08,5.49,0.0
20230930,Coimbatore,Valparai_Hill,10.3273,76.9536,1065.0,24.01,84.78,3.03,9.89,0.0
20231001,Coimbatore,Valparai_Hill,10.3273,76.9536,1065.0,24.63,87.07,3.43,7.67,0.0
20231002,Coimbatore,Valparai_Hill,10.3273,76.9536,1065.0,24.73,85.68,2.69,4.01,0.0
20231003,Coimbatore,Valparai_Hill,10.3273,76.9536,1065.0,25.0,81.25,2.2,0.27,0.0
20231004,Coimbatore,Valparai_Hill,10.3273,76.9536,1065.0,25.08,79.64,2.06,0.1,0.0
20231005,Coimbatore,Valparai_Hill,10.3273,76.9536,1065.0,24.78,76.3,2.0,0.11,0.0
20231006,Coimbatore,Valparai_Hill,10.3273,76.9536,1065.0,24.12,73.19,1.87,0.09,0.0
20231007,Coimbatore,Valparai_Hill,10.3273,76.9536,1065.0,24.32,74.21,1.28,0.72,10.519753456115724
20231008,Coimbatore,Valparai_Hill,10.3273,76.9536,1065.0,25.04,80.15,1.43,8.2,5.259876728057861
20231009,Coimbatore,Valparai_Hill,10.3273,76.9536,1065.0,24.96,83.63,1.36,8.77,21.039506912231445
20231010,Coimbatore,Valparai_Hill,10.3273,76.9536,1065.0,25.11,81.2,1.5,7.88,0.0
20231011,Coimbatore,Valparai_Hill,10.3273,76.9536,1065.0,23.54,86.88,1.53,13.26,18.922069549560547
20231012,Coimbatore,Valparai_Hill,10.3273,76.9536,1065.0,24.2,86.68,0.81,3.37,9.461034774780272
20231013,Coimbatore,Valparai_Hill,10.3273,76.9536,1065.0,25.17,76.78,0.95,2.12,9.461034774780272
20231014,Coimbatore,Valparai_Hill,10.3273,76.9536,1065.0,24.33,82.82,0.58,19.59,9.461034774780272
20231015,Coimbatore,Valparai_Hill,10.3273,76.9536,1065.0,23.33,92.58,0.89,23.56,9.461034774780272
20231016,Coimbatore,Valparai_Hill,10.3273,76.9536,1065.0,24.25,84.76,1.11,7.56,0.0
20231017,Coimbatore,Valparai_Hill,10.3273,76.9536,1065.0,23.05,86.29,0.87,13.82,0.0
20231018,Coimbatore,Valparai_Hill,10.3273,76.9536,1065.0,24.86,79.36,1.15,1.33,0.0
20231019,Coimbatore,Valparai_Hill,10.3273,76.9536,1065.0,25.24,77.03,1.01,1.27,0.0
20231020,Coimbatore,Valparai_Hill,10.3273,76.9536,1065.0,25.16,77.68,1.11,1.04,0.0
20231021,Coimbatore,Valparai_Hill,10.3273,76.9536,1065.0,25.06,78.51,1.18,0.53,0.0
20231022,Coimbatore,Valparai_Hill,10.3273,76.9536,1065.0,25.05,79.29,0.97,0.28,0.0
20231023,Coimbatore,Valparai_Hill,10.3273,76.9536,1065.0,24.55,83.63,0.7,0.45,0.0
20231024,Coimbatore,Valparai_Hill,10.3273,76.9536,1065.0,24.98,80.61,0.74,1.65,0.0
20231025,Coimbatore,Valparai_Hill,10.3273,76.9536,1065.0,24.89,82.6,0.55,20.98,0.0
20231026,Coimbatore,Valparai_Hill,10.3273,76.9536,1065.0,25.03,81.67,0.78,5.43,0.0
20231027,Coimbatore,Valparai_Hill,10.3273,76.9536,1065.0,24.96,80.42,1.01,0.29,8.490033149719238
20231028,Coimbatore,Valparai_Hill,10.3273,76.9536,1065.0,24.97,81.1,1.06,0.4,0.0
20231029,Coimbatore,Valparai_Hill,10.3273,76.9536,1065.0,23.66,87.35,1.26,6.47,16.980066299438477
20231030,Coimbatore,Valparai_Hill,10.3273,76.9536,1065.0,23.03,89.46,1.42,9.52,25.470102310180664
20231031,Coimbatore,Valparai_Hill,10.3273,76.9536,1065.0,23.48,85.23,1.2,6.11,16.980066299438477
20231101,Coimbatore,Valparai_Hill,10.3273,76.9536,1065.0,24.28,84.84,0.9,18.05,13.26691436767578
20231102,Coimbatore,Valparai_Hill,10.3273,76.9536,1065.0,24.6,84.41,1.4,5.69,0.0
20231103,Coimbatore,Valparai_Hill,10.3273,76.9536,1065.0,24.14,87.07,1.16,7.83,39.800743103027344
20231104,Coimbatore,Valparai_Hill,10.3273,76.9536,1065.0,24.36,87.39,0.61,30.29,39.800743103027344
20231105,Coimbatore,Valparai_Hill,10.3273,76.9536,1065.0,22.75,92.56,0.63,11.03,13.26691436767578
20231106,Coimbatore,Valparai_Hill,10.3273,76.9536,1065.0,24.48,82.86,0.35,8.44,12.443615913391112
20231107,Coimbatore,Valparai_Hill,10.3273,76.9536,1065.0,23.64,90.61,1.05,16.49,0.0
20231108,Coimbatore,Valparai_Hill,10.3273,76.9536,1065.0,24.09,86.77,0.81,21.13,37.33085250854492
20231109,Coimbatore,Valparai_Hill,10.3273,76.9536,1065.0,23.04,89.5,1.21,15.16,12.443615913391112
20231110,Coimbatore,Valparai_Hill,10.3273,76.9536,1065.0,23.02,87.39,1.53,1.56,24.887231826782227
20231111,Coimbatore,Valparai_Hill,10.3273,76.9536,1065.0,23.11,86.51,1.61,0.38,0.0
20231112,Coimbatore,Valparai_Hill,10.3273,76.9536,1065.0,22.3,81.99,1.53,0.06,0.0
20231113,Coimbatore,Valparai_Hill,10.3273,76.9536,1065.0,22.59,84.13,1.38,0.53,0.0
20231114,Coimbatore,Valparai_Hill,10.3273,76.9536,1065.0,22.0,85.19,1.56,3.67,0.0
20231115,Coimbatore,Valparai_Hill,10.3273,76.9536,1065.0,23.41,76.88,0.83,0.69,0.0
20231116,Coimbatore,Valparai_Hill,10.3273,76.9536,1065.0,23.93,85.14,0.78,0.27,0.0
20231117,Coimbatore,Valparai_Hill,10.3273,76.9536,1065.0,24.43,84.82,1.06,1.14,0.0
20231118,Coimbatore,Valparai_Hill,10.3273,76.9536,1065.0,24.34,86.41,1.4,0.58,0.0
20231119,Coimbatore,Valparai_Hill,10.3273,76.9536,1065.0,23.68,85.77,2.0,0.26,0.0
20231120,Coimbatore,Valparai_Hill,10.3273,76.9536,1065.0,24.08,82.76,1.11,0.0,0.0
20231121,Coimbatore,Valparai_Hill,10.3273,76.9536,1065.0,24.48,85.82,0.77,6.4,30.7465934753418
20231122,Coimbatore,Valparai_Hill,10.3273,76.9536,1065.0,23.62,92.98,0.76,31.16,20.49772834777832
20231123,Coimbatore,Valparai_Hill,10.3273,76.9536,1065.0,23.49,90.96,1.86,8.34,10.24886417388916
20231124,Coimbatore,Valparai_Hill,10.3273,76.9536,1065.0,23.17,89.95,1.56,2.52,10.24886417388916
20231125,Coimbatore,Valparai_Hill,10.3273,76.9536,1065.0,23.71,89.82,1.78,4.32,10.24886417388916
20231126,Coimbatore,Valparai_Hill,10.3273,76.9536,1065.0,23.31,90.27,2.57,3.49,0.0
20231127,Coimbatore,Valparai_Hill,10.3273,76.9536,1065.0,23.7,87.94,1.99,2.84,0.0
20231128,Coimbatore,Valparai_Hill,10.3273,76.9536,1065.0,23.34,89.92,1.56,2.08,0.0
20231129,Coimbatore,Valparai_Hill,10.3273,76.9536,1065.0,23.0,90.59,1.65,2.2,0.0
20231130,Coimbatore,Valparai_Hill,10.3273,76.9536,1065.0,22.73,89.2,1.57,1.19,0.0
20231201,Coimbatore,Valparai_Hill,10.3273,76.9536,1065.0,23.63,85.92,1.11,0.84,0.0
20231202,Coimbatore,Valparai_Hill,10.3273,76.9536,1065.0,24.21,80.17,0.8,0.65,5.227283477783203
20231203,Coimbatore,Valparai_Hill,10.3273,76.9536,1065.0,24.8,85.35,1.02,2.69,0.0
20231204,Coimbatore,Valparai_Hill,10.3273,76.9536,1065.0,24.81,85.35,1.2,0.86,20.90913391113281
20231205,Coimbatore,Valparai_Hill,10.3273,76.9536,1065.0,24.29,87.31,1.29,0.02,0.0
20231206,Coimbatore,Valparai_Hill,10.3273,76.9536,1065.0,24.28,86.0,0.88,0.0,0.0
20231207,Coimbatore,Valparai_Hill,10.3273,76.9536,1065.0,24.29,86.82,0.76,3.94,12.980666160583496
20231208,Coimbatore,Valparai_Hill,10.3273,76.9536,1065.0,23.37,95.3,0.49,29.61,25.961332321166992
20231209,Coimbatore,Valparai_Hill,10.3273,76.9536,1065.0,23.15,91.52,1.55,17.5,12.980666160583496
20231210,Coimbatore,Valparai_Hill,10.3273,76.9536,1065.0,23.33,87.76,1.7,2.15,0.0
20231211,Coimbatore,Valparai_Hill,10.3273,76.9536,1065.0,22.72,86.2,1.53,1.21,0.0
20231212,Coimbatore,Valparai_Hill,10.3273,76.9536,1065.0,22.37,89.42,1.43,0.63,0.0
20231213,Coimbatore,Valparai_Hill,10.3273,76.9536,1065.0,22.09,87.05,1.69,0.01,0.0
20231214,Coimbatore,Valparai_Hill,10.3273,76.9536,1065.0,21.24,83.13,1.81,0.01,0.0
20231215,Coimbatore,Valparai_Hill,10.3273,76.9536,1065.0,22.14,88.8,1.45,0.06,0.0
20231216,Coimbatore,Valparai_Hill,10.3273,76.9536,1065.0,23.74,87.46,1.77,1.82,0.0
20231217,Coimbatore,Valparai_Hill,10.3273,76.9536,1065.0,22.5,92.44,2.6,15.11,32.742332458496094
20231218,Coimbatore,Valparai_Hill,10.3273,76.9536,1065.0,21.53,91.93,2.51,4.29,10.914111137390137
20231219,Coimbatore,Valparai_Hill,10.3273,76.9536,1065.0,20.99,88.12,2.44,0.92,0.0
20231220,Coimbatore,Valparai_Hill,10.3273,76.9536,1065.0,22.06,86.14,2.2,1.16,0.0
20231221,Coimbatore,Valparai_Hill,10.3273,76.9536,1065.0,22.36,89.8,2.01,0.9,0.0
20231222,Coimbatore,Valparai_Hill,10.3273,76.9536,1065.0,22.94,87.36,1.61,0.06,0.0
20231223,Coimbatore,Valparai_Hill,10.3273,76.9536,1065.0,21.14,85.11,1.8,0.0,0.0
20231224,Coimbatore,Valparai_Hill,10.3273,76.9536,1065.0,20.98,84.98,1.69,0.05,0.0
20231225,Coimbatore,Valparai_Hill,10.3273,76.9536,1065.0,22.92,87.73,2.46,0.61,0.0
20231226,Coimbatore,Valparai_Hill,10.3273,76.9536,1065.0,21.73,81.88,2.47,0.03,0.0
20231227,Coimbatore,Valparai_Hill,10.3273,76.9536,1065.0,21.58,82.04,2.43,0.0,0.0
20231228,Coimbatore,Valparai_Hill,10.3273,76.9536,1065.0,22.42,84.81,2.57,0.04,0.0
20231229,Coimbatore,Valparai_Hill,10.3273,76.9536,1065.0,22.92,85.66,2.48,0.44,0.0
20231230,Coimbatore,Valparai_Hill,10.3273,76.9536,1065.0,22.02,85.55,2.32,0.53,0.0
20231231,Coimbatore,Valparai_Hill,10.3273,76.9536,1065.0,21.51,80.82,2.01,0.01,0.0
