Date,District,Latitude,Longitude,Rainfall_mm,Temp_C,Humidity_pct,WindSpeed_ms
2019-01-01,Chennai,13.0827,80.2707,0.0,22.22,69.45,3.16
2019-01-02,Chennai,13.0827,80.2707,0.0,22.74,72.73,3.14
2019-01-03,Chennai,13.0827,80.2707,0.0,23.23,72.39,3.11
2019-01-04,Chennai,13.0827,80.2707,0.0,23.08,72.75,3.24
2019-01-05,Chennai,13.0827,80.2707,0.0,23.14,72.64,2.99
2019-01-06,Chennai,13.0827,80.2707,0.0,23.09,73.77,2.72
2019-01-07,Chennai,13.0827,80.2707,0.0,23.64,75.06,2.74
2019-01-08,Chennai,13.0827,80.2707,0.0,23.01,75.19,2.48
2019-01-09,Chennai,13.0827,80.2707,0.0,23.18,73.49,2.3
2019-01-10,Chennai,13.0827,80.2707,0.0,23.54,74.62,2.9
2019-01-11,Chennai,13.0827,80.2707,0.01,23.69,72.14,2.98
2019-01-12,Chennai,13.0827,80.2707,0.0,23.22,73.18,3.32
2019-01-13,Chennai,13.0827,80.2707,0.01,23.33,74.22,2.96
2019-01-14,Chennai,13.0827,80.2707,0.0,23.33,74.69,3.05
2019-01-15,Chennai,13.0827,80.2707,0.0,23.33,73.53,3.31
2019-01-16,Chennai,13.0827,80.2707,0.0,23.81,76.64,3.06
2019-01-17,Chennai,13.0827,80.2707,0.01,23.68,74.42,2.79
2019-01-18,Chennai,13.0827,80.2707,0.0,23.5,73.19,2.91
2019-01-19,Chennai,13.0827,80.2707,0.0,23.3,71.94,2.83
2019-01-20,Chennai,13.0827,80.2707,0.0,23.27,71.55,2.88
2019-01-21,Chennai,13.0827,80.2707,0.0,23.43,71.85,2.58
2019-01-22,Chennai,13.0827,80.2707,0.0,23.68,72.03,2.26
2019-01-23,Chennai,13.0827,80.2707,0.0,24.62,74.0,2.56
2019-01-24,Chennai,13.0827,80.2707,0.0,25.03,74.85,2.43
2019-01-25,Chennai,13.0827,80.2707,0.0,25.52,77.85,2.77
2019-01-26,Chennai,13.0827,80.2707,0.05,25.84,75.68,3.03
2019-01-27,Chennai,13.0827,80.2707,0.06,25.74,73.14,2.93
2019-01-28,Chennai,13.0827,80.2707,0.71,24.93,72.48,2.95
2019-01-29,Chennai,13.0827,80.2707,0.26,24.8,73.39,3.97
2019-01-30,Chennai,13.0827,80.2707,0.02,24.45,73.51,3.94
2019-01-31,Chennai,13.0827,80.2707,0.0,24.31,71.74,3.5
2019-02-01,Chennai,13.0827,80.2707,0.0,24.54,70.36,3.22
2019-02-02,Chennai,13.0827,80.2707,0.0,24.91,70.95,3.09
2019-02-03,Chennai,13.0827,80.2707,0.0,25.21,71.86,3.3
2019-02-04,Chennai,13.0827,80.2707,0.0,26.06,70.88,3.96
2019-02-05,Chennai,13.0827,80.2707,0.0,25.86,70.1,3.59
2019-02-06,Chennai,13.0827,80.2707,0.0,25.83,68.19,2.7
2019-02-07,Chennai,13.0827,80.2707,0.0,26.15,68.11,2.48
2019-02-08,Chennai,13.0827,80.2707,0.03,27.0,71.02,2.35
2019-02-09,Chennai,13.0827,80.2707,0.02,27.52,71.55,2.35
2019-02-10,Chennai,13.0827,80.2707,0.04,27.0,73.6,2.82
2019-02-11,Chennai,13.0827,80.2707,0.0,26.82,72.47,4.16
2019-02-12,Chennai,13.0827,80.2707,0.0,26.16,70.21,3.99
2019-02-13,Chennai,13.0827,80.2707,0.0,25.75,72.22,3.67
2019-02-14,Chennai,13.0827,80.2707,0.0,26.37,72.29,3.04
2019-02-15,Chennai,13.0827,80.2707,0.0,26.73,69.77,2.42
2019-02-16,Chennai,13.0827,80.2707,0.0,27.66,69.41,2.76
2019-02-17,Chennai,13.0827,80.2707,0.0,28.67,67.14,2.49
2019-02-18,Chennai,13.0827,80.2707,0.0,28.81,70.12,2.77
2019-02-19,Chennai,13.0827,80.2707,0.0,28.38,70.82,3.13
2019-02-20,Chennai,13.0827,80.2707,0.0,27.65,69.94,3.19
2019-02-21,Chennai,13.0827,80.2707,0.0,27.19,67.59,3.07
2019-02-22,Chennai,13.0827,80.2707,0.0,26.6,64.24,2.36
2019-02-23,Chennai,13.0827,80.2707,0.0,26.77,60.33,2.2
2019-02-24,Chennai,13.0827,80.2707,0.0,27.07,65.79,2.43
2019-02-25,Chennai,13.0827,80.2707,0.0,27.18,67.43,3.21
2019-02-26,Chennai,13.0827,80.2707,0.01,27.68,70.4,3.7
2019-02-27,Chennai,13.0827,80.2707,0.06,28.58,69.44,4.16
2019-02-28,Chennai,13.0827,80.2707,1.48,28.76,71.21,3.84
2019-03-01,Chennai,13.0827,80.2707,0.37,28.61,70.92,3.52
2019-03-02,Chennai,13.0827,80.2707,0.0,28.31,65.2,3.36
2019-03-03,Chennai,13.0827,80.2707,0.0,28.47,64.07,2.85
2019-03-04,Chennai,13.0827,80.2707,0.0,28.79,64.31,3.46
2019-03-05,Chennai,13.0827,80.2707,0.0,29.9,62.77,3.91
2019-03-06,Chennai,13.0827,80.2707,0.0,30.45,64.73,3.78
2019-03-07,Chennai,13.0827,80.2707,0.01,30.34,68.53,4.51
2019-03-08,Chennai,13.0827,80.2707,0.0,30.04,68.04,3.89
2019-03-09,Chennai,13.0827,80.2707,0.01,29.97,65.12,3.37
2019-03-10,Chennai,13.0827,80.2707,0.0,29.49,64.56,3.58
2019-03-11,Chennai,13.0827,80.2707,0.0,29.22,63.95,3.21
2019-03-12,Chennai,13.0827,80.2707,0.0,29.02,61.79,3.26
2019-03-13,Chennai,13.0827,80.2707,0.0,28.71,59.9,2.64
2019-03-14,Chennai,13.0827,80.2707,0.0,29.32,56.56,2.66
2019-03-15,Chennai,13.0827,80.2707,0.0,28.92,57.16,2.71
2019-03-16,Chennai,13.0827,80.2707,0.0,28.75,62.93,2.67
2019-03-17,Chennai,13.0827,80.2707,0.01,28.47,61.2,2.76
2019-03-18,Chennai,13.0827,80.2707,0.0,28.5,61.24,3.2
2019-03-19,Chennai,13.0827,80.2707,0.0,29.04,61.85,3.47
2019-03-20,Chennai,13.0827,80.2707,0.0,29.13,65.01,4.04
2019-03-21,Chennai,13.0827,80.2707,0.0,28.85,60.21,3.45
2019-03-22,Chennai,13.0827,80.2707,0.0,29.26,64.06,3.69
2019-03-23,Chennai,13.0827,80.2707,0.0,29.97,62.25,3.16
2019-03-24,Chennai,13.0827,80.2707,0.0,29.96,62.17,3.18
2019-03-25,Chennai,13.0827,80.2707,0.0,29.89,59.95,2.67
2019-03-26,Chennai,13.0827,80.2707,0.0,29.86,60.58,3.08
2019-03-27,Chennai,13.0827,80.2707,0.0,29.62,57.93,2.75
2019-03-28,Chennai,13.0827,80.2707,0.0,29.82,58.43,2.83
2019-03-29,Chennai,13.0827,80.2707,0.0,30.16,60.34,3.1
2019-03-30,Chennai,13.0827,80.2707,0.0,30.52,58.52,3.62
2019-03-31,Chennai,13.0827,80.2707,0.0,30.95,60.95,3.65
2019-04-01,Chennai,13.0827,80.2707,0.0,30.6,62.75,4.1
2019-04-02,Chennai,13.0827,80.2707,0.0,30.11,65.86,4.13
2019-04-03,Chennai,13.0827,80.2707,0.0,29.77,65.34,3.65
2019-04-04,Chennai,13.0827,80.2707,0.0,30.01,65.82,3.71
2019-04-05,Chennai,13.0827,80.2707,0.0,30.54,64.71,3.03
2019-04-06,Chennai,13.0827,80.2707,0.0,30.44,62.68,3.26
2019-04-07,Chennai,13.0827,80.2707,0.0,30.48,63.81,3.97
2019-04-08,Chennai,13.0827,80.2707,0.0,30.76,65.91,4.26
2019-04-09,Chennai,13.0827,80.2707,0.0,30.81,68.02,3.9
2019-04-10,Chennai,13.0827,80.2707,0.0,30.87,65.47,3.52
2019-04-11,Chennai,13.0827,80.2707,0.02,30.7,63.75,3.42
2019-04-12,Chennai,13.0827,80.2707,0.02,31.01,61.99,3.23
2019-04-13,Chennai,13.0827,80.2707,0.02,30.89,62.23,3.36
2019-04-14,Chennai,13.0827,80.2707,0.0,31.33,58.06,3.19
2019-04-15,Chennai,13.0827,80.2707,0.0,30.87,58.66,3.39
2019-04-16,Chennai,13.0827,80.2707,0.0,30.91,61.45,3.55
2019-04-17,Chennai,13.0827,80.2707,0.0,31.76,59.23,3.72
2019-04-18,Chennai,13.0827,80.2707,0.03,31.63,64.83,3.52
2019-04-19,Chennai,13.0827,80.2707,0.04,31.33,66.35,3.8
2019-04-20,Chennai,13.0827,80.2707,0.18,31.77,62.85,3.23
2019-04-21,Chennai,13.0827,80.2707,0.44,31.93,61.59,3.77
2019-04-22,Chennai,13.0827,80.2707,0.64,31.91,60.37,3.17
2019-04-23,Chennai,13.0827,80.2707,0.21,31.78,56.25,2.78
2019-04-24,Chennai,13.0827,80.2707,0.01,31.91,52.37,2.53
2019-04-25,Chennai,13.0827,80.2707,0.01,31.89,54.79,2.57
2019-04-26,Chennai,13.0827,80.2707,0.0,31.99,59.57,3.2
2019-04-27,Chennai,13.0827,80.2707,0.0,31.93,63.8,3.78
2019-04-28,Chennai,13.0827,80.2707,0.03,31.8,63.53,3.37
2019-04-29,Chennai,13.0827,80.2707,0.03,31.91,64.05,3.26
2019-04-30,Chennai,13.0827,80.2707,0.1,33.1,58.44,2.56
2019-05-01,Chennai,13.0827,80.2707,1.35,31.6,62.26,2.7
2019-05-02,Chennai,13.0827,80.2707,0.37,33.52,55.32,3.71
2019-05-03,Chennai,13.0827,80.2707,0.07,33.98,51.26,3.76
2019-05-04,Chennai,13.0827,80.2707,0.43,32.79,56.12,2.9
2019-05-05,Chennai,13.0827,80.2707,4.38,32.92,59.59,3.64
2019-05-06,Chennai,13.0827,80.2707,1.6,32.32,64.49,4.19
2019-05-07,Chennai,13.0827,80.2707,0.62,31.96,66.22,4.44
2019-05-08,Chennai,13.0827,80.2707,0.18,30.98,64.76,5.04
2019-05-09,Chennai,13.0827,80.2707,0.67,32.92,57.84,4.26
2019-05-10,Chennai,13.0827,80.2707,0.63,32.11,66.33,4.1
2019-05-11,Chennai,13.0827,80.2707,0.01,31.21,70.21,4.18
2019-05-12,Chennai,13.0827,80.2707,0.01,31.4,69.38,4.04
2019-05-13,Chennai,13.0827,80.2707,0.06,31.26,69.72,3.69
2019-05-14,Chennai,13.0827,80.2707,0.12,31.77,66.95,3.01
2019-05-15,Chennai,13.0827,80.2707,0.23,31.58,66.82,3.07
2019-05-16,Chennai,13.0827,80.2707,0.17,31.08,72.03,3.3
2019-05-17,Chennai,13.0827,80.2707,0.01,31.7,69.57,3.45
2019-05-18,Chennai,13.0827,80.2707,0.09,31.81,68.21,3.64
2019-05-19,Chennai,13.0827,80.2707,0.13,32.13,64.75,4.12
2019-05-20,Chennai,13.0827,80.2707,0.0,31.57,65.68,4.11
2019-05-21,Chennai,13.0827,80.2707,0.0,30.18,72.23,4.19
2019-05-22,Chennai,13.0827,80.2707,0.0,30.47,72.97,3.83
2019-05-23,Chennai,13.0827,80.2707,0.0,31.4,70.05,4.39
2019-05-24,Chennai,13.0827,80.2707,0.0,31.49,70.19,4.02
2019-05-25,Chennai,13.0827,80.2707,0.04,32.04,66.85,3.13
2019-05-26,Chennai,13.0827,80.2707,0.06,33.8,58.7,3.89
2019-05-27,Chennai,13.0827,80.2707,0.05,32.48,65.6,3.69
2019-05-28,Chennai,13.0827,80.2707,0.06,31.77,69.65,4.12
2019-05-29,Chennai,13.0827,80.2707,0.38,32.36,65.62,3.33
2019-05-30,Chennai,13.0827,80.2707,0.04,32.22,65.18,3.12
2019-05-31,Chennai,13.0827,80.2707,0.42,32.4,63.53,3.68
2019-06-01,Chennai,13.0827,80.2707,1.5,32.74,56.84,3.46
2019-06-02,Chennai,13.0827,80.2707,4.57,32.68,65.0,3.08
2019-06-03,Chennai,13.0827,80.2707,0.79,31.49,67.79,2.56
2019-06-04,Chennai,13.0827,80.2707,3.91,31.12,69.79,2.39
2019-06-05,Chennai,13.0827,80.2707,2.3,30.73,74.68,3.19
2019-06-06,Chennai,13.0827,80.2707,0.02,30.37,75.15,3.86
2019-06-07,Chennai,13.0827,80.2707,0.09,30.85,74.4,3.49
2019-06-08,Chennai,13.0827,80.2707,0.03,31.64,68.39,3.54
2019-06-09,Chennai,13.0827,80.2707,0.01,32.64,58.98,4.99
2019-06-10,Chennai,13.0827,80.2707,0.01,31.6,58.74,5.41
2019-06-11,Chennai,13.0827,80.2707,0.04,32.54,54.66,4.53
2019-06-12,Chennai,13.0827,80.2707,0.01,33.42,52.06,4.87
2019-06-13,Chennai,13.0827,80.2707,0.1,32.95,52.83,3.36
2019-06-14,Chennai,13.0827,80.2707,0.01,33.4,49.32,4.6
2019-06-15,Chennai,13.0827,80.2707,0.02,33.73,49.06,3.68
2019-06-16,Chennai,13.0827,80.2707,0.02,33.3,53.79,3.52
2019-06-17,Chennai,13.0827,80.2707,0.03,33.28,53.03,3.56
2019-06-18,Chennai,13.0827,80.2707,0.07,32.68,56.47,3.25
2019-06-19,Chennai,13.0827,80.2707,0.04,32.92,55.55,3.91
2019-06-20,Chennai,13.0827,80.2707,2.86,33.25,53.47,2.98
2019-06-21,Chennai,13.0827,80.2707,7.32,31.5,64.04,1.74
2019-06-22,Chennai,13.0827,80.2707,4.26,31.63,63.21,2.04
2019-06-23,Chennai,13.0827,80.2707,8.78,29.77,72.11,2.29
2019-06-24,Chennai,13.0827,80.2707,4.99,30.29,70.72,2.13
2019-06-25,Chennai,13.0827,80.2707,2.4,30.05,72.15,2.9
2019-06-26,Chennai,13.0827,80.2707,9.16,29.88,71.67,2.81
2019-06-27,Chennai,13.0827,80.2707,6.61,30.63,69.76,3.0
2019-06-28,Chennai,13.0827,80.2707,1.35,30.53,69.28,2.69
2019-06-29,Chennai,13.0827,80.2707,1.31,31.44,65.67,3.17
2019-06-30,Chennai,13.0827,80.2707,0.41,31.41,62.4,3.46
2019-07-01,Chennai,13.0827,80.2707,0.04,31.93,63.14,3.36
2019-07-02,Chennai,13.0827,80.2707,0.07,31.58,63.22,3.38
2019-07-03,Chennai,13.0827,80.2707,0.05,31.24,63.24,3.5
2019-07-04,Chennai,13.0827,80.2707,0.04,31.51,60.1,4.74
2019-07-05,Chennai,13.0827,80.2707,0.25,31.36,60.44,4.15
2019-07-06,Chennai,13.0827,80.2707,0.19,31.44,57.97,4.4
2019-07-07,Chennai,13.0827,80.2707,0.03,32.05,53.54,4.49
2019-07-08,Chennai,13.0827,80.2707,0.06,32.36,53.43,3.62
2019-07-09,Chennai,13.0827,80.2707,3.72,31.51,58.01,3.7
2019-07-10,Chennai,13.0827,80.2707,4.05,28.89,74.33,3.96
2019-07-11,Chennai,13.0827,80.2707,2.47,29.26,69.69,2.86
2019-07-12,Chennai,13.0827,80.2707,1.01,29.7,66.69,3.04
2019-07-13,Chennai,13.0827,80.2707,22.14,29.97,71.66,2.68
2019-07-14,Chennai,13.0827,80.2707,5.19,28.47,75.64,2.58
2019-07-15,Chennai,13.0827,80.2707,9.15,28.63,72.91,2.76
2019-07-16,Chennai,13.0827,80.2707,4.93,29.76,71.22,2.35
2019-07-17,Chennai,13.0827,80.2707,0.77,30.18,66.42,2.49
2019-07-18,Chennai,13.0827,80.2707,4.36,28.82,72.54,2.82
2019-07-19,Chennai,13.0827,80.2707,5.52,28.42,74.93,2.8
2019-07-20,Chennai,13.0827,80.2707,5.1,29.49,72.78,2.54
2019-07-21,Chennai,13.0827,80.2707,2.35,29.62,72.66,2.72
2019-07-22,Chennai,13.0827,80.2707,16.88,27.69,80.88,3.34
2019-07-23,Chennai,13.0827,80.2707,14.03,29.38,70.97,2.46
2019-07-24,Chennai,13.0827,80.2707,8.08,30.23,70.83,2.54
2019-07-25,Chennai,13.0827,80.2707,20.83,29.14,74.95,2.51
2019-07-26,Chennai,13.0827,80.2707,10.58,28.76,74.92,2.53
2019-07-27,Chennai,13.0827,80.2707,1.18,28.94,72.0,2.52
2019-07-28,Chennai,13.0827,80.2707,2.1,28.96,71.88,2.11
2019-07-29,Chennai,13.0827,80.2707,1.25,29.02,75.06,3.35
2019-07-30,Chennai,13.0827,80.2707,1.17,29.22,71.19,2.92
2019-07-31,Chennai,13.0827,80.2707,0.09,29.56,67.45,3.06
2019-08-01,Chennai,13.0827,80.2707,1.56,29.52,70.92,3.06
2019-08-02,Chennai,13.0827,80.2707,0.64,29.68,71.23,3.12
2019-08-03,Chennai,13.0827,80.2707,0.07,30.21,64.11,4.1
2019-08-04,Chennai,13.0827,80.2707,0.01,30.23,58.89,3.95
2019-08-05,Chennai,13.0827,80.2707,3.7,28.68,66.73,5.12
2019-08-06,Chennai,13.0827,80.2707,0.43,28.9,65.09,4.98
2019-08-07,Chennai,13.0827,80.2707,0.78,29.17,66.3,5.23
2019-08-08,Chennai,13.0827,80.2707,0.69,30.05,66.57,5.32
2019-08-09,Chennai,13.0827,80.2707,0.47,29.89,66.94,5.07
2019-08-10,Chennai,13.0827,80.2707,1.85,30.21,63.16,3.74
2019-08-11,Chennai,13.0827,80.2707,0.49,30.34,64.92,3.02
2019-08-12,Chennai,13.0827,80.2707,0.66,29.91,65.8,2.37
2019-08-13,Chennai,13.0827,80.2707,3.35,29.81,70.0,2.7
2019-08-14,Chennai,13.0827,80.2707,15.04,29.87,72.26,3.03
2019-08-15,Chennai,13.0827,80.2707,3.92,29.45,73.75,2.84
2019-08-16,Chennai,13.0827,80.2707,32.51,28.71,77.2,2.49
2019-08-17,Chennai,13.0827,80.2707,31.15,27.94,83.23,2.29
2019-08-18,Chennai,13.0827,80.2707,24.88,27.24,85.68,1.57
2019-08-19,Chennai,13.0827,80.2707,15.06,27.87,83.02,2.35
2019-08-20,Chennai,13.0827,80.2707,7.99,28.63,82.24,2.21
2019-08-21,Chennai,13.0827,80.2707,18.22,26.85,88.59,2.65
2019-08-22,Chennai,13.0827,80.2707,1.39,26.23,84.6,3.74
2019-08-23,Chennai,13.0827,80.2707,8.06,27.5,81.07,2.95
2019-08-24,Chennai,13.0827,80.2707,1.84,27.65,79.82,3.6
2019-08-25,Chennai,13.0827,80.2707,1.8,27.94,78.88,3.79
2019-08-26,Chennai,13.0827,80.2707,0.19,28.19,76.68,4.02
2019-08-27,Chennai,13.0827,80.2707,0.2,27.71,78.06,3.13
2019-08-28,Chennai,13.0827,80.2707,2.77,28.12,77.72,2.6
2019-08-29,Chennai,13.0827,80.2707,3.09,27.81,80.72,3.52
2019-08-30,Chennai,13.0827,80.2707,2.95,27.79,80.9,2.84
2019-08-31,Chennai,13.0827,80.2707,12.12,27.78,80.73,3.02
2019-09-01,Chennai,13.0827,80.2707,2.12,27.6,80.21,3.08
2019-09-02,Chennai,13.0827,80.2707,4.61,27.31,81.41,3.22
2019-09-03,Chennai,13.0827,80.2707,7.05,27.83,80.38,3.64
2019-09-04,Chennai,13.0827,80.2707,9.97,27.44,79.81,3.8
2019-09-05,Chennai,13.0827,80.2707,3.2,28.09,76.74,3.87
2019-09-06,Chennai,13.0827,80.2707,1.8,28.61,77.48,4.12
2019-09-07,Chennai,13.0827,80.2707,1.91,28.74,76.88,4.11
2019-09-08,Chennai,13.0827,80.2707,0.26,28.93,75.24,3.64
2019-09-09,Chennai,13.0827,80.2707,0.14,28.07,77.41,3.28
2019-09-10,Chennai,13.0827,80.2707,1.68,28.57,80.43,3.37
2019-09-11,Chennai,13.0827,80.2707,6.53,28.02,84.72,2.98
2019-09-12,Chennai,13.0827,80.2707,34.35,27.29,86.92,3.13
2019-09-13,Chennai,13.0827,80.2707,8.03,27.2,86.4,2.78
2019-09-14,Chennai,13.0827,80.2707,9.41,28.11,82.68,2.96
2019-09-15,Chennai,13.0827,80.2707,6.85,28.03,82.05,2.78
2019-09-16,Chennai,13.0827,80.2707,6.0,28.15,79.61,3.0
2019-09-17,Chennai,13.0827,80.2707,8.38,27.3,84.1,2.44
2019-09-18,Chennai,13.0827,80.2707,38.89,26.96,86.42,2.11
2019-09-19,Chennai,13.0827,80.2707,28.31,27.43,87.26,3.36
2019-09-20,Chennai,13.0827,80.2707,10.63,26.83,85.8,1.76
2019-09-21,Chennai,13.0827,80.2707,6.2,27.77,84.81,2.33
2019-09-22,Chennai,13.0827,80.2707,18.35,27.63,86.7,1.77
2019-09-23,Chennai,13.0827,80.2707,13.36,27.7,86.28,1.8
2019-09-24,Chennai,13.0827,80.2707,4.27,27.5,86.44,3.02
2019-09-25,Chennai,13.0827,80.2707,11.46,26.88,88.68,4.23
2019-09-26,Chennai,13.0827,80.2707,1.98,27.21,86.67,3.7
2019-09-27,Chennai,13.0827,80.2707,0.52,27.44,85.24,2.02
2019-09-28,Chennai,13.0827,80.2707,0.19,27.62,80.74,1.89
2019-09-29,Chennai,13.0827,80.2707,0.51,27.39,77.84,2.31
2019-09-30,Chennai,13.0827,80.2707,0.38,27.0,78.44,2.18
2019-10-01,Chennai,13.0827,80.2707,0.05,27.3,78.92,2.11
2019-10-02,Chennai,13.0827,80.2707,0.03,27.44,85.32,2.41
2019-10-03,Chennai,13.0827,80.2707,0.43,27.93,82.23,2.31
2019-10-04,Chennai,13.0827,80.2707,2.29,27.79,82.34,2.36
2019-10-05,Chennai,13.0827,80.2707,1.38,27.6,83.08,2.53
2019-10-06,Chennai,13.0827,80.2707,0.19,27.3,84.14,2.61
2019-10-07,Chennai,13.0827,80.2707,1.19,27.63,83.2,2.19
2019-10-08,Chennai,13.0827,80.2707,1.03,27.86,82.83,2.27
2019-10-09,Chennai,13.0827,80.2707,0.28,27.93,81.72,2.68
2019-10-10,Chennai,13.0827,80.2707,0.06,27.9,80.91,2.58
2019-10-11,Chennai,13.0827,80.2707,0.34,27.67,82.61,2.3
2019-10-12,Chennai,13.0827,80.2707,0.42,27.34,84.09,1.52
2019-10-13,Chennai,13.0827,80.2707,2.43,27.76,82.75,1.74
2019-10-14,Chennai,13.0827,80.2707,4.99,27.98,81.75,1.6
2019-10-15,Chennai,13.0827,80.2707,16.66,27.6,86.46,2.48
2019-10-16,Chennai,13.0827,80.2707,16.27,27.27,82.35,2.14
2019-10-17,Chennai,13.0827,80.2707,22.65,26.59,84.68,1.75
2019-10-18,Chennai,13.0827,80.2707,8.74,27.03,83.27,1.41
2019-10-19,Chennai,13.0827,80.2707,6.98,26.5,87.34,2.01
2019-10-20,Chennai,13.0827,80.2707,20.89,26.45,87.13,2.45
2019-10-21,Chennai,13.0827,80.2707,12.85,26.51,85.37,2.38
2019-10-22,Chennai,13.0827,80.2707,11.93,26.62,86.56,1.73
2019-10-23,Chennai,13.0827,80.2707,9.08,26.82,84.76,1.93
2019-10-24,Chennai,13.0827,80.2707,2.63,26.65,84.29,2.55
2019-10-25,Chennai,13.0827,80.2707,6.81,25.85,86.04,2.52
2019-10-26,Chennai,13.0827,80.2707,2.87,26.31,87.33,2.01
2019-10-27,Chennai,13.0827,80.2707,3.08,26.49,83.72,1.47
2019-10-28,Chennai,13.0827,80.2707,12.27,26.7,87.12,2.34
2019-10-29,Chennai,13.0827,80.2707,42.88,26.44,84.76,2.56
2019-10-30,Chennai,13.0827,80.2707,23.83,26.3,85.21,2.71
2019-10-31,Chennai,13.0827,80.2707,1.22,26.54,84.84,2.2
2019-11-01,Chennai,13.0827,80.2707,3.4,26.89,83.79,1.78
2019-11-02,Chennai,13.0827,80.2707,1.19,26.88,83.8,1.56
2019-11-03,Chennai,13.0827,80.2707,0.14,26.61,85.69,2.04
2019-11-04,Chennai,13.0827,80.2707,0.0,27.14,77.43,1.99
2019-11-05,Chennai,13.0827,80.2707,0.0,27.01,80.52,2.05
2019-11-06,Chennai,13.0827,80.2707,0.0,26.96,78.96,1.81
2019-11-07,Chennai,13.0827,80.2707,0.47,26.97,79.22,1.36
2019-11-08,Chennai,13.0827,80.2707,1.21,27.15,82.52,1.45
2019-11-09,Chennai,13.0827,80.2707,5.08,27.71,80.27,1.2
2019-11-10,Chennai,13.0827,80.2707,0.57,27.05,76.94,1.83
2019-11-11,Chennai,13.0827,80.2707,0.06,26.41,80.48,2.48
2019-11-12,Chennai,13.0827,80.2707,0.25,26.63,81.92,2.87
2019-11-13,Chennai,13.0827,80.2707,0.65,26.55,81.87,3.56
2019-11-14,Chennai,13.0827,80.2707,7.92,26.71,85.14,2.87
2019-11-15,Chennai,13.0827,80.2707,5.69,26.61,86.32,2.59
2019-11-16,Chennai,13.0827,80.2707,1.4,26.67,84.09,3.05
2019-11-17,Chennai,13.0827,80.2707,3.96,26.39,85.4,3.91
2019-11-18,Chennai,13.0827,80.2707,6.32,27.08,84.45,2.74
2019-11-19,Chennai,13.0827,80.2707,3.31,27.16,81.15,1.51
2019-11-20,Chennai,13.0827,80.2707,15.0,26.59,88.3,2.47
2019-11-21,Chennai,13.0827,80.2707,8.18,26.7,84.22,4.0
2019-11-22,Chennai,13.0827,80.2707,3.68,26.0,81.15,4.03
2019-11-23,Chennai,13.0827,80.2707,5.83,25.4,84.29,4.03
2019-11-24,Chennai,13.0827,80.2707,1.46,25.88,82.81,3.44
2019-11-25,Chennai,13.0827,80.2707,0.14,25.93,82.18,3.91
2019-11-26,Chennai,13.0827,80.2707,5.18,25.9,81.44,3.72
2019-11-27,Chennai,13.0827,80.2707,7.25,26.59,83.34,3.88
2019-11-28,Chennai,13.0827,80.2707,30.01,26.84,87.5,3.93
2019-11-29,Chennai,13.0827,80.2707,8.3,26.54,85.65,4.5
2019-11-30,Chennai,13.0827,80.2707,34.61,26.62,88.41,4.06
2019-12-01,Chennai,13.0827,80.2707,70.8,26.12,92.15,3.32
2019-12-02,Chennai,13.0827,80.2707,9.35,26.27,86.89,3.33
2019-12-03,Chennai,13.0827,80.2707,2.38,26.14,83.15,3.8
2019-12-04,Chennai,13.0827,80.2707,0.33,25.94,80.88,4.13
2019-12-05,Chennai,13.0827,80.2707,0.2,25.16,79.26,4.42
2019-12-06,Chennai,13.0827,80.2707,2.41,24.7,80.69,4.25
2019-12-07,Chennai,13.0827,80.2707,6.06,25.57,84.54,3.87
2019-12-08,Chennai,13.0827,80.2707,1.53,25.23,81.72,3.39
2019-12-09,Chennai,13.0827,80.2707,0.42,25.07,78.02,3.33
2019-12-10,Chennai,13.0827,80.2707,0.21,24.74,79.9,3.06
2019-12-11,Chennai,13.0827,80.2707,0.07,24.66,79.26,2.93
2019-12-12,Chennai,13.0827,80.2707,0.84,25.0,81.2,2.84
2019-12-13,Chennai,13.0827,80.2707,5.27,25.37,83.46,2.71
2019-12-14,Chennai,13.0827,80.2707,12.55,25.58,84.32,3.47
2019-12-15,Chennai,13.0827,80.2707,1.11,25.03,82.5,3.1
2019-12-16,Chennai,13.0827,80.2707,5.06,25.31,84.78,3.33
2019-12-17,Chennai,13.0827,80.2707,0.77,25.21,81.28,4.14
2019-12-18,Chennai,13.0827,80.2707,0.43,25.37,82.36,3.71
2019-12-19,Chennai,13.0827,80.2707,0.09,25.25,81.69,3.61
2019-12-20,Chennai,13.0827,80.2707,0.05,25.04,81.39,2.99
2019-12-21,Chennai,13.0827,80.2707,0.0,24.62,82.66,2.75
2019-12-22,Chennai,13.0827,80.2707,0.01,24.52,79.27,2.76
2019-12-23,Chennai,13.0827,80.2707,0.0,24.53,77.15,2.73
2019-12-24,Chennai,13.0827,80.2707,1.83,24.94,83.17,3.3
2019-12-25,Chennai,13.0827,80.2707,0.1,25.02,81.74,3.16
2019-12-26,Chennai,13.0827,80.2707,0.01,24.57,79.64,2.14
2019-12-27,Chennai,13.0827,80.2707,0.01,24.51,77.14,1.91
2019-12-28,Chennai,13.0827,80.2707,0.15,24.9,78.39,2.61
2019-12-29,Chennai,13.0827,80.2707,3.42,24.8,81.21,3.16
2019-12-30,Chennai,13.0827,80.2707,8.1,24.76,83.83,3.01
2019-12-31,Chennai,13.0827,80.2707,2.41,25.26,82.46,3.03
2020-01-01,Chennai,13.0827,80.2707,20.58,25.75,85.51,2.43
2020-01-02,Chennai,13.0827,80.2707,2.72,25.68,86.26,2.02
2020-01-03,Chennai,13.0827,80.2707,0.1,26.13,82.96,1.63
2020-01-04,Chennai,13.0827,80.2707,0.29,26.09,85.21,1.85
2020-01-05,Chennai,13.0827,80.2707,2.06,26.13,83.38,2.36
2020-01-06,Chennai,13.0827,80.2707,4.21,25.6,82.49,3.02
2020-01-07,Chennai,13.0827,80.2707,0.99,25.32,82.34,3.11
2020-01-08,Chennai,13.0827,80.2707,0.03,24.46,80.08,2.84
2020-01-09,Chennai,13.0827,80.2707,0.0,24.32,74.35,1.96
2020-01-10,Chennai,13.0827,80.2707,0.0,23.83,77.34,2.89
2020-01-11,Chennai,13.0827,80.2707,0.05,23.78,78.26,3.06
2020-01-12,Chennai,13.0827,80.2707,0.05,24.15,82.13,2.92
2020-01-13,Chennai,13.0827,80.2707,0.0,23.81,73.3,2.34
2020-01-14,Chennai,13.0827,80.2707,0.0,23.1,70.97,2.21
2020-01-15,Chennai,13.0827,80.2707,0.0,23.67,70.47,2.17
2020-01-16,Chennai,13.0827,80.2707,0.0,25.0,66.14,1.76
2020-01-17,Chennai,13.0827,80.2707,0.34,24.88,83.08,2.63
2020-01-18,Chennai,13.0827,80.2707,1.06,25.37,83.14,3.23
2020-01-19,Chennai,13.0827,80.2707,0.06,25.21,80.1,2.8
2020-01-20,Chennai,13.0827,80.2707,0.0,24.7,76.94,2.7
2020-01-21,Chennai,13.0827,80.2707,0.0,24.17,77.01,3.14
2020-01-22,Chennai,13.0827,80.2707,0.0,24.66,79.09,3.49
2020-01-23,Chennai,13.0827,80.2707,0.0,24.63,79.13,3.04
2020-01-24,Chennai,13.0827,80.2707,0.0,23.57,75.82,2.67
2020-01-25,Chennai,13.0827,80.2707,0.0,23.34,70.88,1.92
2020-01-26,Chennai,13.0827,80.2707,0.0,24.37,70.31,1.57
2020-01-27,Chennai,13.0827,80.2707,0.0,24.46,76.4,2.14
2020-01-28,Chennai,13.0827,80.2707,0.0,25.06,79.08,2.93
2020-01-29,Chennai,13.0827,80.2707,0.0,25.48,76.05,2.53
2020-01-30,Chennai,13.0827,80.2707,0.0,25.25,75.68,2.26
2020-01-31,Chennai,13.0827,80.2707,0.0,25.39,76.96,2.24
2020-02-01,Chennai,13.0827,80.2707,0.0,25.84,77.11,2.58
2020-02-02,Chennai,13.0827,80.2707,0.0,25.52,71.94,2.95
2020-02-03,Chennai,13.0827,80.2707,0.0,25.34,71.1,2.8
2020-02-04,Chennai,13.0827,80.2707,0.04,25.5,69.87,2.7
2020-02-05,Chennai,13.0827,80.2707,0.0,25.56,66.04,2.71
2020-02-06,Chennai,13.0827,80.2707,0.0,25.37,68.2,2.88
2020-02-07,Chennai,13.0827,80.2707,0.0,25.78,70.69,3.19
2020-02-08,Chennai,13.0827,80.2707,0.0,26.01,69.83,3.04
2020-02-09,Chennai,13.0827,80.2707,0.03,26.15,72.46,3.28
2020-02-10,Chennai,13.0827,80.2707,0.12,25.86,70.39,3.52
2020-02-11,Chennai,13.0827,80.2707,0.03,25.97,68.26,3.72
2020-02-12,Chennai,13.0827,80.2707,0.13,25.7,70.71,3.69
2020-02-13,Chennai,13.0827,80.2707,0.0,25.6,69.51,3.16
2020-02-14,Chennai,13.0827,80.2707,0.0,25.49,67.88,2.11
2020-02-15,Chennai,13.0827,80.2707,0.0,25.55,60.93,2.07
2020-02-16,Chennai,13.0827,80.2707,0.0,25.18,64.98,2.71
2020-02-17,Chennai,13.0827,80.2707,0.0,25.22,62.69,2.41
2020-02-18,Chennai,13.0827,80.2707,0.0,25.46,66.04,2.53
2020-02-19,Chennai,13.0827,80.2707,0.0,25.18,69.17,2.47
2020-02-20,Chennai,13.0827,80.2707,0.0,25.17,67.59,2.67
2020-02-21,Chennai,13.0827,80.2707,0.01,25.48,70.06,3.26
2020-02-22,Chennai,13.0827,80.2707,0.01,26.36,73.22,3.81
2020-02-23,Chennai,13.0827,80.2707,0.0,26.33,72.49,3.26
2020-02-24,Chennai,13.0827,80.2707,0.0,26.75,70.05,2.79
2020-02-25,Chennai,13.0827,80.2707,0.0,27.37,70.24,2.87
2020-02-26,Chennai,13.0827,80.2707,0.01,27.49,71.51,2.65
2020-02-27,Chennai,13.0827,80.2707,0.0,27.35,70.51,2.87
2020-02-28,Chennai,13.0827,80.2707,0.01,27.32,70.13,2.85
2020-02-29,Chennai,13.0827,80.2707,0.04,27.18,69.12,2.74
2020-03-01,Chennai,13.0827,80.2707,0.0,27.42,66.26,2.75
2020-03-02,Chennai,13.0827,80.2707,0.0,27.51,63.46,2.45
2020-03-03,Chennai,13.0827,80.2707,0.0,28.45,59.58,2.09
2020-03-04,Chennai,13.0827,80.2707,0.0,28.42,62.34,2.81
2020-03-05,Chennai,13.0827,80.2707,0.01,28.26,66.28,3.69
2020-03-06,Chennai,13.0827,80.2707,0.08,27.9,70.41,3.63
2020-03-07,Chennai,13.0827,80.2707,0.14,28.04,68.07,3.5
2020-03-08,Chennai,13.0827,80.2707,0.0,28.34,68.1,2.86
2020-03-09,Chennai,13.0827,80.2707,0.0,28.12,66.95,2.91
2020-03-10,Chennai,13.0827,80.2707,0.0,28.28,64.66,3.04
2020-03-11,Chennai,13.0827,80.2707,0.0,27.74,64.95,2.88
2020-03-12,Chennai,13.0827,80.2707,0.0,27.93,64.45,2.9
2020-03-13,Chennai,13.0827,80.2707,0.0,28.15,66.63,2.71
2020-03-14,Chennai,13.0827,80.2707,0.0,28.23,68.95,2.95
2020-03-15,Chennai,13.0827,80.2707,0.0,28.11,67.5,3.12
2020-03-16,Chennai,13.0827,80.2707,0.0,29.03,63.79,2.82
2020-03-17,Chennai,13.0827,80.2707,0.0,28.86,64.28,2.74
2020-03-18,Chennai,13.0827,80.2707,0.0,29.21,63.51,2.56
2020-03-19,Chennai,13.0827,80.2707,0.0,29.64,64.64,2.76
2020-03-20,Chennai,13.0827,80.2707,0.0,29.64,62.09,3.26
2020-03-21,Chennai,13.0827,80.2707,0.0,30.01,59.81,3.83
2020-03-22,Chennai,13.0827,80.2707,0.04,30.02,59.94,3.06
2020-03-23,Chennai,13.0827,80.2707,0.25,29.27,62.34,3.06
2020-03-24,Chennai,13.0827,80.2707,0.07,29.36,59.81,2.8
2020-03-25,Chennai,13.0827,80.2707,0.01,29.47,60.53,2.94
2020-03-26,Chennai,13.0827,80.2707,0.0,29.34,61.36,3.01
2020-03-27,Chennai,13.0827,80.2707,0.0,29.15,58.42,2.57
2020-03-28,Chennai,13.0827,80.2707,0.0,29.25,53.82,2.07
2020-03-29,Chennai,13.0827,80.2707,0.0,29.57,56.71,2.7
2020-03-30,Chennai,13.0827,80.2707,0.0,29.6,54.0,2.5
2020-03-31,Chennai,13.0827,80.2707,0.0,29.99,55.94,2.36
2020-04-01,Chennai,13.0827,80.2707,0.0,30.36,59.8,2.7
2020-04-02,Chennai,13.0827,80.2707,0.0,30.53,62.58,3.37
2020-04-03,Chennai,13.0827,80.2707,0.0,29.97,64.54,3.4
2020-04-04,Chennai,13.0827,80.2707,0.0,29.67,65.16,3.11
2020-04-05,Chennai,13.0827,80.2707,0.0,30.52,67.51,3.43
2020-04-06,Chennai,13.0827,80.2707,2.84,30.77,67.83,3.35
2020-04-07,Chennai,13.0827,80.2707,0.78,30.78,66.24,3.58
2020-04-08,Chennai,13.0827,80.2707,2.5,31.18,63.0,3.45
2020-04-09,Chennai,13.0827,80.2707,6.72,30.42,65.37,3.25
2020-04-10,Chennai,13.0827,80.2707,3.8,29.74,65.41,2.74
2020-04-11,Chennai,13.0827,80.2707,0.09,29.84,66.1,2.5
2020-04-12,Chennai,13.0827,80.2707,0.01,29.96,62.87,2.19
2020-04-13,Chennai,13.0827,80.2707,0.0,30.6,58.84,2.41
2020-04-14,Chennai,13.0827,80.2707,0.0,30.08,59.8,2.72
2020-04-15,Chennai,13.0827,80.2707,0.0,30.11,61.97,2.59
2020-04-16,Chennai,13.0827,80.2707,0.0,30.12,66.61,3.46
2020-04-17,Chennai,13.0827,80.2707,0.0,30.66,65.27,3.8
2020-04-18,Chennai,13.0827,80.2707,0.0,30.95,64.31,3.94
2020-04-19,Chennai,13.0827,80.2707,0.01,31.05,64.96,3.56
2020-04-20,Chennai,13.0827,80.2707,0.0,30.84,62.99,3.23
2020-04-21,Chennai,13.0827,80.2707,0.02,31.0,61.93,3.08
2020-04-22,Chennai,13.0827,80.2707,0.05,31.26,63.05,3.71
2020-04-23,Chennai,13.0827,80.2707,0.29,31.73,64.99,3.96
2020-04-24,Chennai,13.0827,80.2707,0.01,31.91,64.01,4.68
2020-04-25,Chennai,13.0827,80.2707,5.65,31.27,70.83,4.05
2020-04-26,Chennai,13.0827,80.2707,7.74,30.06,76.47,3.79
2020-04-27,Chennai,13.0827,80.2707,7.18,29.6,77.23,1.77
2020-04-28,Chennai,13.0827,80.2707,6.23,30.16,70.72,2.05
2020-04-29,Chennai,13.0827,80.2707,2.56,30.68,69.39,1.98
2020-04-30,Chennai,13.0827,80.2707,0.19,30.45,71.62,2.35
2020-05-01,Chennai,13.0827,80.2707,0.05,30.7,70.64,2.61
2020-05-02,Chennai,13.0827,80.2707,0.05,31.19,67.76,2.87
2020-05-03,Chennai,13.0827,80.2707,0.01,31.15,67.58,3.0
2020-05-04,Chennai,13.0827,80.2707,0.01,31.33,68.91,2.99
2020-05-05,Chennai,13.0827,80.2707,0.0,31.66,65.98,3.38
2020-05-06,Chennai,13.0827,80.2707,0.02,31.22,69.01,3.78
2020-05-07,Chennai,13.0827,80.2707,0.05,31.83,66.69,3.55
2020-05-08,Chennai,13.0827,80.2707,0.07,32.15,64.6,3.46
2020-05-09,Chennai,13.0827,80.2707,0.02,32.08,64.34,3.39
2020-05-10,Chennai,13.0827,80.2707,0.02,32.15,61.53,3.24
2020-05-11,Chennai,13.0827,80.2707,11.09,30.96,67.62,2.71
2020-05-12,Chennai,13.0827,80.2707,51.91,28.89,76.57,2.22
2020-05-13,Chennai,13.0827,80.2707,12.13,29.94,63.65,2.03
2020-05-14,Chennai,13.0827,80.2707,1.45,30.44,70.61,2.36
2020-05-15,Chennai,13.0827,80.2707,5.46,30.21,73.73,2.8
2020-05-16,Chennai,13.0827,80.2707,1.24,29.74,76.57,3.06
2020-05-17,Chennai,13.0827,80.2707,0.25,29.73,72.43,2.55
2020-05-18,Chennai,13.0827,80.2707,2.65,30.92,70.0,2.4
2020-05-19,Chennai,13.0827,80.2707,1.64,32.91,58.51,3.1
2020-05-20,Chennai,13.0827,80.2707,0.05,33.12,57.39,4.03
2020-05-21,Chennai,13.0827,80.2707,0.67,32.81,57.19,4.42
2020-05-22,Chennai,13.0827,80.2707,0.01,32.61,60.58,3.65
2020-05-23,Chennai,13.0827,80.2707,0.02,31.38,72.38,3.27
2020-05-24,Chennai,13.0827,80.2707,0.02,30.78,77.43,2.82
2020-05-25,Chennai,13.0827,80.2707,0.03,30.44,79.62,3.3
2020-05-26,Chennai,13.0827,80.2707,0.02,30.68,77.66,3.13
2020-05-27,Chennai,13.0827,80.2707,0.04,31.49,74.36,3.15
2020-05-28,Chennai,13.0827,80.2707,0.85,32.01,71.82,2.87
2020-05-29,Chennai,13.0827,80.2707,1.06,31.45,68.65,3.4
2020-05-30,Chennai,13.0827,80.2707,0.09,30.99,70.24,3.48
2020-05-31,Chennai,13.0827,80.2707,0.06,29.82,75.78,3.59
2020-06-01,Chennai,13.0827,80.2707,0.1,30.49,73.6,3.19
2020-06-02,Chennai,13.0827,80.2707,0.06,29.94,71.93,3.8
2020-06-03,Chennai,13.0827,80.2707,0.04,30.17,67.69,3.69
2020-06-04,Chennai,13.0827,80.2707,0.07,31.08,64.61,2.75
2020-06-05,Chennai,13.0827,80.2707,0.33,31.11,66.28,2.26
2020-06-06,Chennai,13.0827,80.2707,0.81,30.13,69.26,3.6
2020-06-07,Chennai,13.0827,80.2707,1.0,30.39,64.61,3.6
2020-06-08,Chennai,13.0827,80.2707,0.1,31.52,60.29,3.03
2020-06-09,Chennai,13.0827,80.2707,0.24,31.42,60.94,2.08
2020-06-10,Chennai,13.0827,80.2707,2.43,30.18,64.41,2.67
2020-06-11,Chennai,13.0827,80.2707,1.6,29.19,70.03,3.79
2020-06-12,Chennai,13.0827,80.2707,0.94,30.64,62.17,3.96
2020-06-13,Chennai,13.0827,80.2707,0.01,32.14,53.88,3.7
2020-06-14,Chennai,13.0827,80.2707,0.09,32.02,52.15,4.33
2020-06-15,Chennai,13.0827,80.2707,0.35,31.67,60.31,3.73
2020-06-16,Chennai,13.0827,80.2707,0.2,31.37,65.16,4.1
2020-06-17,Chennai,13.0827,80.2707,0.06,32.06,61.49,2.9
2020-06-18,Chennai,13.0827,80.2707,0.04,32.52,55.0,1.76
2020-06-19,Chennai,13.0827,80.2707,0.35,31.96,56.23,2.35
2020-06-20,Chennai,13.0827,80.2707,1.1,31.41,60.58,2.47
2020-06-21,Chennai,13.0827,80.2707,3.29,30.91,60.15,2.59
2020-06-22,Chennai,13.0827,80.2707,7.07,31.44,62.95,2.53
2020-06-23,Chennai,13.0827,80.2707,5.63,30.45,65.13,2.93
2020-06-24,Chennai,13.0827,80.2707,8.69,30.04,70.27,2.52
2020-06-25,Chennai,13.0827,80.2707,6.33,29.47,72.29,2.46
2020-06-26,Chennai,13.0827,80.2707,0.69,30.1,69.36,3.63
2020-06-27,Chennai,13.0827,80.2707,1.78,30.51,70.89,2.37
2020-06-28,Chennai,13.0827,80.2707,5.45,29.62,76.44,2.37
2020-06-29,Chennai,13.0827,80.2707,20.2,28.64,78.67,2.35
2020-06-30,Chennai,13.0827,80.2707,2.35,29.56,74.02,2.57
2020-07-01,Chennai,13.0827,80.2707,6.82,29.17,76.91,2.91
2020-07-02,Chennai,13.0827,80.2707,3.38,29.11,70.5,3.08
2020-07-03,Chennai,13.0827,80.2707,4.59,29.42,70.39,4.15
2020-07-04,Chennai,13.0827,80.2707,2.5,29.73,69.54,4.73
2020-07-05,Chennai,13.0827,80.2707,0.7,29.33,68.95,4.21
2020-07-06,Chennai,13.0827,80.2707,4.02,29.76,69.75,2.85
2020-07-07,Chennai,13.0827,80.2707,2.5,30.27,69.16,3.37
2020-07-08,Chennai,13.0827,80.2707,4.36,28.52,75.57,2.37
2020-07-09,Chennai,13.0827,80.2707,49.7,27.39,82.78,2.73
2020-07-10,Chennai,13.0827,80.2707,8.07,28.71,76.77,2.83
2020-07-11,Chennai,13.0827,80.2707,4.61,27.55,80.31,3.04
2020-07-12,Chennai,13.0827,80.2707,9.32,29.11,77.3,2.33
2020-07-13,Chennai,13.0827,80.2707,16.44,28.33,82.48,2.0
2020-07-14,Chennai,13.0827,80.2707,5.15,27.61,84.58,2.95
2020-07-15,Chennai,13.0827,80.2707,7.72,27.66,83.35,3.6
2020-07-16,Chennai,13.0827,80.2707,3.57,27.47,82.52,2.73
2020-07-17,Chennai,13.0827,80.2707,1.96,28.43,77.87,3.2
2020-07-18,Chennai,13.0827,80.2707,3.91,27.96,78.9,2.08
2020-07-19,Chennai,13.0827,80.2707,6.94,28.24,81.27,2.66
2020-07-20,Chennai,13.0827,80.2707,3.38,28.09,83.96,3.59
2020-07-21,Chennai,13.0827,80.2707,0.13,28.22,81.18,2.98
2020-07-22,Chennai,13.0827,80.2707,0.26,28.26,83.05,3.55
2020-07-23,Chennai,13.0827,80.2707,4.91,27.67,83.12,3.19
2020-07-24,Chennai,13.0827,80.2707,6.74,27.87,84.27,2.81
2020-07-25,Chennai,13.0827,80.2707,6.42,28.44,76.84,2.2
2020-07-26,Chennai,13.0827,80.2707,2.11,28.69,74.84,1.93
2020-07-27,Chennai,13.0827,80.2707,2.0,28.77,74.75,2.17
2020-07-28,Chennai,13.0827,80.2707,3.49,27.8,81.32,2.01
2020-07-29,Chennai,13.0827,80.2707,7.93,28.0,82.33,1.44
2020-07-30,Chennai,13.0827,80.2707,4.55,28.22,80.7,2.26
2020-07-31,Chennai,13.0827,80.2707,6.4,28.72,81.0,3.25
2020-08-01,Chennai,13.0827,80.2707,10.48,27.76,84.23,2.63
2020-08-02,Chennai,13.0827,80.2707,21.26,27.18,85.1,3.51
2020-08-03,Chennai,13.0827,80.2707,6.07,27.44,83.37,3.9
2020-08-04,Chennai,13.0827,80.2707,1.06,27.53,77.51,4.69
2020-08-05,Chennai,13.0827,80.2707,0.3,28.07,74.14,5.73
2020-08-06,Chennai,13.0827,80.2707,0.47,28.66,78.67,4.26
2020-08-07,Chennai,13.0827,80.2707,1.18,29.01,79.96,2.91
2020-08-08,Chennai,13.0827,80.2707,10.03,28.75,78.6,2.94
2020-08-09,Chennai,13.0827,80.2707,9.08,27.45,82.1,3.3
2020-08-10,Chennai,13.0827,80.2707,1.05,27.97,79.88,2.99
2020-08-11,Chennai,13.0827,80.2707,6.45,28.78,78.11,2.98
2020-08-12,Chennai,13.0827,80.2707,0.54,28.54,77.5,2.6
2020-08-13,Chennai,13.0827,80.2707,1.47,28.66,77.28,2.58
2020-08-14,Chennai,13.0827,80.2707,0.71,28.82,76.87,2.15
2020-08-15,Chennai,13.0827,80.2707,0.09,28.37,76.91,3.21
2020-08-16,Chennai,13.0827,80.2707,0.29,28.94,76.17,2.53
2020-08-17,Chennai,13.0827,80.2707,0.44,29.03,77.98,2.7
2020-08-18,Chennai,13.0827,80.2707,2.82,29.39,77.66,2.0
2020-08-19,Chennai,13.0827,80.2707,2.82,29.18,78.01,2.51
2020-08-20,Chennai,13.0827,80.2707,1.17,28.91,78.45,2.58
2020-08-21,Chennai,13.0827,80.2707,1.15,28.68,78.7,2.63
2020-08-22,Chennai,13.0827,80.2707,3.05,28.39,81.74,2.17
2020-08-23,Chennai,13.0827,80.2707,15.24,28.04,83.21,2.11
2020-08-24,Chennai,13.0827,80.2707,12.33,27.68,85.16,1.96
2020-08-25,Chennai,13.0827,80.2707,1.01,27.97,83.7,1.63
2020-08-26,Chennai,13.0827,80.2707,2.01,27.99,84.8,1.7
2020-08-27,Chennai,13.0827,80.2707,1.5,27.97,82.38,1.9
2020-08-28,Chennai,13.0827,80.2707,0.34,28.92,77.03,2.15
2020-08-29,Chennai,13.0827,80.2707,0.5,28.62,81.74,1.81
2020-08-30,Chennai,13.0827,80.2707,3.47,28.37,83.42,1.92
2020-08-31,Chennai,13.0827,80.2707,2.29,28.39,82.62,1.98
2020-09-01,Chennai,13.0827,80.2707,3.28,27.26,87.46,1.24
2020-09-02,Chennai,13.0827,80.2707,8.16,27.87,78.61,1.51
2020-09-03,Chennai,13.0827,80.2707,10.01,27.58,81.36,1.89
2020-09-04,Chennai,13.0827,80.2707,0.97,28.15,80.5,1.66
2020-09-05,Chennai,13.0827,80.2707,0.43,28.07,80.71,1.68
2020-09-06,Chennai,13.0827,80.2707,1.41,28.16,81.2,2.08
2020-09-07,Chennai,13.0827,80.2707,4.28,28.31,82.52,1.92
2020-09-08,Chennai,13.0827,80.2707,2.52,28.53,80.72,2.34
2020-09-09,Chennai,13.0827,80.2707,3.46,28.46,82.94,3.14
2020-09-10,Chennai,13.0827,80.2707,4.19,27.75,82.44,3.59
2020-09-11,Chennai,13.0827,80.2707,0.97,27.61,82.29,3.87
2020-09-12,Chennai,13.0827,80.2707,3.95,27.5,81.6,2.97
2020-09-13,Chennai,13.0827,80.2707,17.2,26.59,81.61,3.38
2020-09-14,Chennai,13.0827,80.2707,4.7,26.9,80.71,3.64
2020-09-15,Chennai,13.0827,80.2707,3.0,27.54,79.66,2.68
2020-09-16,Chennai,13.0827,80.2707,7.02,27.79,82.95,2.89
2020-09-17,Chennai,13.0827,80.2707,3.01,28.27,79.55,2.52
2020-09-18,Chennai,13.0827,80.2707,22.81,28.46,80.51,2.8
2020-09-19,Chennai,13.0827,80.2707,27.44,26.81,85.78,3.75
2020-09-20,Chennai,13.0827,80.2707,3.31,26.34,84.79,4.0
2020-09-21,Chennai,13.0827,80.2707,0.14,27.02,80.01,3.88
2020-09-22,Chennai,13.0827,80.2707,0.11,27.35,75.29,4.58
2020-09-23,Chennai,13.0827,80.2707,0.05,27.53,73.93,3.35
2020-09-24,Chennai,13.0827,80.2707,0.2,28.1,78.45,2.52
2020-09-25,Chennai,13.0827,80.2707,8.21,27.35,86.34,3.9
2020-09-26,Chennai,13.0827,80.2707,2.08,26.83,83.1,3.08
2020-09-27,Chennai,13.0827,80.2707,0.82,27.97,76.72,1.53
2020-09-28,Chennai,13.0827,80.2707,3.93,28.29,79.78,2.23
2020-09-29,Chennai,13.0827,80.2707,10.51,27.65,83.67,1.71
2020-09-30,Chennai,13.0827,80.2707,19.29,27.06,85.19,2.02
2020-10-01,Chennai,13.0827,80.2707,0.43,27.72,79.05,2.62
2020-10-02,Chennai,13.0827,80.2707,0.67,28.25,76.64,2.21
2020-10-03,Chennai,13.0827,80.2707,1.43,28.17,81.57,2.73
2020-10-04,Chennai,13.0827,80.2707,0.29,27.43,81.11,3.89
2020-10-05,Chennai,13.0827,80.2707,0.02,27.9,75.99,3.29
2020-10-06,Chennai,13.0827,80.2707,2.07,28.36,75.75,2.13
2020-10-07,Chennai,13.0827,80.2707,0.65,28.94,79.65,2.36
2020-10-08,Chennai,13.0827,80.2707,0.49,28.4,82.61,1.54
2020-10-09,Chennai,13.0827,80.2707,3.62,27.74,85.26,2.25
2020-10-10,Chennai,13.0827,80.2707,6.46,27.1,83.87,1.58
2020-10-11,Chennai,13.0827,80.2707,5.96,26.83,84.15,2.56
2020-10-12,Chennai,13.0827,80.2707,1.33,27.19,83.62,2.08
2020-10-13,Chennai,13.0827,80.2707,1.8,27.27,83.88,3.84
2020-10-14,Chennai,13.0827,80.2707,0.06,27.86,78.2,3.96
2020-10-15,Chennai,13.0827,80.2707,0.04,27.24,78.8,2.95
2020-10-16,Chennai,13.0827,80.2707,1.89,28.32,78.66,1.95
2020-10-17,Chennai,13.0827,80.2707,7.48,27.51,87.48,1.46
2020-10-18,Chennai,13.0827,80.2707,6.01,27.27,80.69,1.4
2020-10-19,Chennai,13.0827,80.2707,10.94,27.29,82.81,1.3
2020-10-20,Chennai,13.0827,80.2707,6.56,27.25,83.0,1.76
2020-10-21,Chennai,13.0827,80.2707,8.23,26.55,82.41,2.67
2020-10-22,Chennai,13.0827,80.2707,6.95,27.51,78.88,0.79
2020-10-23,Chennai,13.0827,80.2707,32.61,27.24,86.15,1.09
2020-10-24,Chennai,13.0827,80.2707,0.19,27.35,84.38,1.82
2020-10-25,Chennai,13.0827,80.2707,0.18,27.42,82.08,1.11
2020-10-26,Chennai,13.0827,80.2707,0.12,27.23,81.6,2.06
2020-10-27,Chennai,13.0827,80.2707,1.19,26.89,81.98,2.61
2020-10-28,Chennai,13.0827,80.2707,13.98,26.49,83.59,3.35
2020-10-29,Chennai,13.0827,80.2707,25.21,26.02,86.04,3.33
2020-10-30,Chennai,13.0827,80.2707,3.79,26.73,76.29,2.98
2020-10-31,Chennai,13.0827,80.2707,0.0,26.91,75.38,2.07
2020-11-01,Chennai,13.0827,80.2707,0.0,27.05,77.54,1.81
2020-11-02,Chennai,13.0827,80.2707,0.03,27.32,80.06,1.81
2020-11-03,Chennai,13.0827,80.2707,1.12,27.53,81.88,2.26
2020-11-04,Chennai,13.0827,80.2707,6.71,26.89,87.0,2.05
2020-11-05,Chennai,13.0827,80.2707,9.95,27.28,84.69,1.96
2020-11-06,Chennai,13.0827,80.2707,6.13,26.73,86.93,2.02
2020-11-07,Chennai,13.0827,80.2707,11.82,27.31,83.88,2.91
2020-11-08,Chennai,13.0827,80.2707,4.73,27.24,80.62,4.15
2020-11-09,Chennai,13.0827,80.2707,0.01,26.12,76.35,4.11
2020-11-10,Chennai,13.0827,80.2707,0.86,25.39,76.28,4.04
2020-11-11,Chennai,13.0827,80.2707,14.67,25.72,87.57,4.36
2020-11-12,Chennai,13.0827,80.2707,20.94,26.54,90.15,2.86
2020-11-13,Chennai,13.0827,80.2707,18.37,27.01,85.95,3.61
2020-11-14,Chennai,13.0827,80.2707,7.16,26.96,83.91,4.19
2020-11-15,Chennai,13.0827,80.2707,42.06,26.95,90.59,3.71
2020-11-16,Chennai,13.0827,80.2707,31.04,26.0,90.29,2.89
2020-11-17,Chennai,13.0827,80.2707,6.67,26.34,87.79,2.61
2020-11-18,Chennai,13.0827,80.2707,4.03,26.55,86.12,2.17
2020-11-19,Chennai,13.0827,80.2707,0.69,26.24,85.04,2.49
2020-11-20,Chennai,13.0827,80.2707,0.01,26.03,80.61,2.38
2020-11-21,Chennai,13.0827,80.2707,0.0,24.86,79.48,2.3
2020-11-22,Chennai,13.0827,80.2707,0.0,24.69,77.54,2.19
2020-11-23,Chennai,13.0827,80.2707,3.21,25.55,80.76,3.83
2020-11-24,Chennai,13.0827,80.2707,62.58,25.99,87.92,5.4
2020-11-25,Chennai,13.0827,80.2707,79.03,25.81,88.7,7.29
2020-11-26,Chennai,13.0827,80.2707,115.52,26.17,89.28,8.6
2020-11-27,Chennai,13.0827,80.2707,8.0,25.28,87.9,4.14
2020-11-28,Chennai,13.0827,80.2707,2.01,25.84,86.38,2.65
2020-11-29,Chennai,13.0827,80.2707,2.75,25.5,88.72,3.31
2020-11-30,Chennai,13.0827,80.2707,0.75,25.73,84.16,4.13
2020-12-01,Chennai,13.0827,80.2707,0.3,25.43,80.17,4.38
2020-12-02,Chennai,13.0827,80.2707,17.72,25.42,87.23,5.74
2020-12-03,Chennai,13.0827,80.2707,60.75,25.92,92.49,4.29
2020-12-04,Chennai,13.0827,80.2707,33.79,25.47,92.3,4.26
2020-12-05,Chennai,13.0827,80.2707,18.74,25.29,92.12,3.96
2020-12-06,Chennai,13.0827,80.2707,15.12,25.37,91.26,3.71
2020-12-07,Chennai,13.0827,80.2707,22.26,25.8,89.73,3.4
2020-12-08,Chennai,13.0827,80.2707,6.99,25.75,88.98,2.81
2020-12-09,Chennai,13.0827,80.2707,5.65,25.23,85.12,3.09
2020-12-10,Chennai,13.0827,80.2707,0.11,24.29,78.86,2.31
2020-12-11,Chennai,13.0827,80.2707,0.15,24.24,76.47,2.42
2020-12-12,Chennai,13.0827,80.2707,0.03,24.55,74.35,2.39
2020-12-13,Chennai,13.0827,80.2707,0.01,24.63,72.11,2.15
2020-12-14,Chennai,13.0827,80.2707,0.05,24.75,71.36,2.26
2020-12-15,Chennai,13.0827,80.2707,1.74,24.64,80.98,3.45
2020-12-16,Chennai,13.0827,80.2707,12.82,25.22,86.14,4.1
2020-12-17,Chennai,13.0827,80.2707,8.32,25.17,86.75,3.94
2020-12-18,Chennai,13.0827,80.2707,0.74,25.05,82.78,3.88
2020-12-19,Chennai,13.0827,80.2707,0.28,24.88,83.05,4.14
2020-12-20,Chennai,13.0827,80.2707,0.03,24.21,79.45,3.96
2020-12-21,Chennai,13.0827,80.2707,0.02,23.32,78.14,3.59
2020-12-22,Chennai,13.0827,80.2707,0.0,23.11,78.34,3.14
2020-12-23,Chennai,13.0827,80.2707,0.0,23.34,78.72,2.75
2020-12-24,Chennai,13.0827,80.2707,0.0,23.48,79.93,2.79
2020-12-25,Chennai,13.0827,80.2707,0.01,23.57,76.08,2.76
2020-12-26,Chennai,13.0827,80.2707,0.0,23.53,75.91,2.96
2020-12-27,Chennai,13.0827,80.2707,0.04,23.74,78.02,3.34
2020-12-28,Chennai,13.0827,80.2707,0.04,23.55,77.76,3.28
2020-12-29,Chennai,13.0827,80.2707,0.08,24.19,81.72,3.64
2020-12-30,Chennai,13.0827,80.2707,4.21,24.81,84.81,4.08
2020-12-31,Chennai,13.0827,80.2707,3.65,24.61,85.05,4.24
2021-01-01,Chennai,13.0827,80.2707,0.81,23.66,80.7,3.48
2021-01-02,Chennai,13.0827,80.2707,8.12,24.05,85.8,4.02
2021-01-03,Chennai,13.0827,80.2707,2.08,24.61,84.67,3.83
2021-01-04,Chennai,13.0827,80.2707,8.29,24.93,84.78,3.48
2021-01-05,Chennai,13.0827,80.2707,49.85,24.85,92.6,2.79
2021-01-06,Chennai,13.0827,80.2707,40.12,25.04,93.15,2.6
2021-01-07,Chennai,13.0827,80.2707,5.7,25.12,89.82,2.82
2021-01-08,Chennai,13.0827,80.2707,2.18,25.43,88.69,2.87
2021-01-09,Chennai,13.0827,80.2707,0.3,25.18,86.05,2.9
2021-01-10,Chennai,13.0827,80.2707,0.79,25.21,86.9,3.26
2021-01-11,Chennai,13.0827,80.2707,1.1,25.26,88.24,3.45
2021-01-12,Chennai,13.0827,80.2707,0.72,25.31,84.98,3.83
2021-01-13,Chennai,13.0827,80.2707,0.23,25.21,82.87,3.36
2021-01-14,Chennai,13.0827,80.2707,1.36,24.91,83.99,3.26
2021-01-15,Chennai,13.0827,80.2707,0.16,24.54,81.17,2.95
2021-01-16,Chennai,13.0827,80.2707,0.0,23.98,76.56,2.22
2021-01-17,Chennai,13.0827,80.2707,0.0,23.77,76.78,2.63
2021-01-18,Chennai,13.0827,80.2707,0.0,24.03,74.98,3.05
2021-01-19,Chennai,13.0827,80.2707,0.0,23.99,77.33,2.88
2021-01-20,Chennai,13.0827,80.2707,0.01,24.47,81.58,2.67
2021-01-21,Chennai,13.0827,80.2707,0.0,25.46,83.88,1.69
2021-01-22,Chennai,13.0827,80.2707,0.0,25.33,84.5,1.97
2021-01-23,Chennai,13.0827,80.2707,0.0,24.61,81.15,1.96
2021-01-24,Chennai,13.0827,80.2707,0.0,24.41,74.19,1.56
2021-01-25,Chennai,13.0827,80.2707,0.0,24.55,71.81,1.63
2021-01-26,Chennai,13.0827,80.2707,0.0,24.14,72.46,2.05
2021-01-27,Chennai,13.0827,80.2707,0.02,24.1,75.69,1.7
2021-01-28,Chennai,13.0827,80.2707,0.03,24.31,78.7,2.8
2021-01-29,Chennai,13.0827,80.2707,0.09,24.56,75.09,2.85
2021-01-30,Chennai,13.0827,80.2707,0.0,24.49,77.96,2.5
2021-01-31,Chennai,13.0827,80.2707,0.0,24.29,81.14,2.91
2021-02-01,Chennai,13.0827,80.2707,0.0,24.37,78.76,3.33
2021-02-02,Chennai,13.0827,80.2707,0.34,24.53,79.32,3.11
2021-02-03,Chennai,13.0827,80.2707,0.2,24.29,74.34,3.23
2021-02-04,Chennai,13.0827,80.2707,0.0,23.75,71.75,2.98
2021-02-05,Chennai,13.0827,80.2707,0.0,23.31,74.17,2.94
2021-02-06,Chennai,13.0827,80.2707,0.0,23.33,73.86,2.91
2021-02-07,Chennai,13.0827,80.2707,0.0,23.23,74.93,3.32
2021-02-08,Chennai,13.0827,80.2707,0.0,23.78,73.74,3.76
2021-02-09,Chennai,13.0827,80.2707,0.0,23.41,73.06,3.2
2021-02-10,Chennai,13.0827,80.2707,0.0,22.96,73.07,2.31
2021-02-11,Chennai,13.0827,80.2707,0.0,23.05,71.29,2.16
2021-02-12,Chennai,13.0827,80.2707,0.0,23.28,70.24,1.96
2021-02-13,Chennai,13.0827,80.2707,0.0,23.5,71.32,1.99
2021-02-14,Chennai,13.0827,80.2707,0.0,23.24,72.04,1.55
2021-02-15,Chennai,13.0827,80.2707,0.0,23.68,71.58,1.82
2021-02-16,Chennai,13.0827,80.2707,0.0,23.88,74.22,1.64
2021-02-17,Chennai,13.0827,80.2707,0.0,24.38,74.76,2.29
2021-02-18,Chennai,13.0827,80.2707,0.0,24.42,74.63,3.11
2021-02-19,Chennai,13.0827,80.2707,2.22,25.13,77.02,3.31
2021-02-20,Chennai,13.0827,80.2707,4.31,25.38,82.76,4.49
2021-02-21,Chennai,13.0827,80.2707,16.57,25.14,83.59,4.15
2021-02-22,Chennai,13.0827,80.2707,0.17,25.44,79.29,3.0
2021-02-23,Chennai,13.0827,80.2707,0.0,25.11,78.3,2.29
2021-02-24,Chennai,13.0827,80.2707,0.0,25.0,74.23,1.57
2021-02-25,Chennai,13.0827,80.2707,0.0,25.21,70.83,1.46
2021-02-26,Chennai,13.0827,80.2707,0.0,25.26,71.58,1.85
2021-02-27,Chennai,13.0827,80.2707,0.0,25.35,76.26,2.24
2021-02-28,Chennai,13.0827,80.2707,0.0,25.31,77.26,2.33
2021-03-01,Chennai,13.0827,80.2707,0.0,26.05,75.21,2.26
2021-03-02,Chennai,13.0827,80.2707,0.0,25.73,73.84,2.22
2021-03-03,Chennai,13.0827,80.2707,0.0,25.52,71.13,2.03
2021-03-04,Chennai,13.0827,80.2707,0.0,25.64,71.19,2.02
2021-03-05,Chennai,13.0827,80.2707,0.0,25.56,71.3,1.68
2021-03-06,Chennai,13.0827,80.2707,0.0,26.38,70.72,1.71
2021-03-07,Chennai,13.0827,80.2707,0.0,26.48,73.74,1.92
2021-03-08,Chennai,13.0827,80.2707,0.0,26.69,75.07,2.2
2021-03-09,Chennai,13.0827,80.2707,0.01,26.8,75.29,2.14
2021-03-10,Chennai,13.0827,80.2707,0.0,27.19,76.99,2.41
2021-03-11,Chennai,13.0827,80.2707,0.0,27.25,73.2,2.35
2021-03-12,Chennai,13.0827,80.2707,0.0,26.05,69.28,2.05
2021-03-13,Chennai,13.0827,80.2707,0.0,26.75,65.68,2.08
2021-03-14,Chennai,13.0827,80.2707,0.0,27.07,66.33,1.98
2021-03-15,Chennai,13.0827,80.2707,0.0,27.6,66.3,2.02
2021-03-16,Chennai,13.0827,80.2707,0.0,27.36,67.1,1.86
2021-03-17,Chennai,13.0827,80.2707,0.0,27.66,68.3,2.08
2021-03-18,Chennai,13.0827,80.2707,0.0,27.14,70.58,2.03
2021-03-19,Chennai,13.0827,80.2707,0.0,27.39,66.81,2.02
2021-03-20,Chennai,13.0827,80.2707,0.0,27.23,68.57,1.85
2021-03-21,Chennai,13.0827,80.2707,0.0,27.81,65.82,1.98
2021-03-22,Chennai,13.0827,80.2707,0.0,28.18,67.38,2.17
2021-03-23,Chennai,13.0827,80.2707,0.0,28.05,69.18,2.17
2021-03-24,Chennai,13.0827,80.2707,0.0,28.32,67.15,1.96
2021-03-25,Chennai,13.0827,80.2707,0.0,28.49,67.19,2.06
2021-03-26,Chennai,13.0827,80.2707,0.0,28.34,71.11,2.1
2021-03-27,Chennai,13.0827,80.2707,0.0,29.16,68.84,1.95
2021-03-28,Chennai,13.0827,80.2707,0.01,29.4,68.27,2.85
2021-03-29,Chennai,13.0827,80.2707,0.0,29.75,67.09,3.18
2021-03-30,Chennai,13.0827,80.2707,0.0,30.43,62.89,3.11
2021-03-31,Chennai,13.0827,80.2707,0.0,31.29,64.73,3.94
2021-04-01,Chennai,13.0827,80.2707,0.0,31.69,62.34,3.7
2021-04-02,Chennai,13.0827,80.2707,0.0,32.34,60.03,3.37
2021-04-03,Chennai,13.0827,80.2707,0.0,31.69,64.22,3.68
2021-04-04,Chennai,13.0827,80.2707,0.0,31.45,64.25,2.64
2021-04-05,Chennai,13.0827,80.2707,0.0,30.34,68.14,2.81
2021-04-06,Chennai,13.0827,80.2707,0.01,29.56,68.6,2.85
2021-04-07,Chennai,13.0827,80.2707,0.0,29.35,65.17,2.86
2021-04-08,Chennai,13.0827,80.2707,0.0,29.06,65.42,3.52
2021-04-09,Chennai,13.0827,80.2707,0.0,28.9,67.68,3.19
2021-04-10,Chennai,13.0827,80.2707,0.01,29.41,67.02,3.1
2021-04-11,Chennai,13.0827,80.2707,0.69,29.83,65.22,2.88
2021-04-12,Chennai,13.0827,80.2707,0.58,29.77,67.39,2.72
2021-04-13,Chennai,13.0827,80.2707,0.57,30.03,65.59,2.54
2021-04-14,Chennai,13.0827,80.2707,11.08,29.45,70.36,2.67
2021-04-15,Chennai,13.0827,80.2707,9.8,28.66,73.87,2.3
2021-04-16,Chennai,13.0827,80.2707,0.46,29.59,68.16,2.54
2021-04-17,Chennai,13.0827,80.2707,0.0,30.0,70.4,2.35
2021-04-18,Chennai,13.0827,80.2707,0.0,30.25,70.11,2.49
2021-04-19,Chennai,13.0827,80.2707,0.02,30.66,68.93,2.79
2021-04-20,Chennai,13.0827,80.2707,0.03,30.57,70.44,2.77
2021-04-21,Chennai,13.0827,80.2707,0.03,30.6,70.54,2.75
2021-04-22,Chennai,13.0827,80.2707,0.0,30.39,68.68,3.08
2021-04-23,Chennai,13.0827,80.2707,0.26,30.9,66.19,2.25
2021-04-24,Chennai,13.0827,80.2707,0.91,29.6,72.84,2.05
2021-04-25,Chennai,13.0827,80.2707,0.04,30.59,67.81,2.63
2021-04-26,Chennai,13.0827,80.2707,0.0,30.49,68.04,3.05
2021-04-27,Chennai,13.0827,80.2707,0.0,30.48,68.14,2.8
2021-04-28,Chennai,13.0827,80.2707,0.01,30.79,67.24,2.87
2021-04-29,Chennai,13.0827,80.2707,0.02,30.85,66.53,2.84
2021-04-30,Chennai,13.0827,80.2707,0.09,31.04,66.18,2.83
2021-05-01,Chennai,13.0827,80.2707,0.18,31.03,66.44,3.08
2021-05-02,Chennai,13.0827,80.2707,0.77,30.57,68.32,2.68
2021-05-03,Chennai,13.0827,80.2707,1.06,30.8,66.1,2.77
2021-05-04,Chennai,13.0827,80.2707,1.27,31.11,63.15,2.83
2021-05-05,Chennai,13.0827,80.2707,0.06,31.47,62.35,3.13
2021-05-06,Chennai,13.0827,80.2707,0.07,31.32,64.2,3.23
2021-05-07,Chennai,13.0827,80.2707,1.33,30.89,67.21,3.25
2021-05-08,Chennai,13.0827,80.2707,0.93,30.34,67.41,2.4
2021-05-09,Chennai,13.0827,80.2707,0.03,31.05,65.35,2.78
2021-05-10,Chennai,13.0827,80.2707,0.04,31.66,63.83,3.44
2021-05-11,Chennai,13.0827,80.2707,0.26,32.33,64.26,3.42
2021-05-12,Chennai,13.0827,80.2707,0.8,32.48,64.75,3.43
2021-05-13,Chennai,13.0827,80.2707,0.75,31.67,68.77,3.66
2021-05-14,Chennai,13.0827,80.2707,2.04,31.8,66.72,4.12
2021-05-15,Chennai,13.0827,80.2707,1.3,31.14,65.6,5.22
2021-05-16,Chennai,13.0827,80.2707,3.05,30.24,69.94,5.09
2021-05-17,Chennai,13.0827,80.2707,0.71,30.97,68.59,3.94
2021-05-18,Chennai,13.0827,80.2707,0.31,30.82,71.57,4.24
2021-05-19,Chennai,13.0827,80.2707,1.81,30.36,74.5,4.01
2021-05-20,Chennai,13.0827,80.2707,4.82,30.14,72.95,2.6
2021-05-21,Chennai,13.0827,80.2707,10.51,28.62,75.67,4.2
2021-05-22,Chennai,13.0827,80.2707,4.07,29.41,72.53,2.65
2021-05-23,Chennai,13.0827,80.2707,0.38,30.07,69.84,3.07
2021-05-24,Chennai,13.0827,80.2707,3.67,29.32,70.51,3.75
2021-05-25,Chennai,13.0827,80.2707,5.19,28.57,75.73,4.76
2021-05-26,Chennai,13.0827,80.2707,0.06,31.53,61.47,3.99
2021-05-27,Chennai,13.0827,80.2707,0.46,30.92,61.35,3.91
2021-05-28,Chennai,13.0827,80.2707,0.07,31.24,61.36,3.08
2021-05-29,Chennai,13.0827,80.2707,0.12,31.68,63.14,2.88
2021-05-30,Chennai,13.0827,80.2707,4.67,31.89,63.15,2.9
2021-05-31,Chennai,13.0827,80.2707,1.86,31.56,64.6,3.39
2021-06-01,Chennai,13.0827,80.2707,0.11,31.7,65.24,2.85
2021-06-02,Chennai,13.0827,80.2707,0.01,31.1,65.79,2.38
2021-06-03,Chennai,13.0827,80.2707,0.04,30.49,71.1,3.25
2021-06-04,Chennai,13.0827,80.2707,0.51,29.31,69.93,2.81
2021-06-05,Chennai,13.0827,80.2707,12.49,29.57,71.3,1.63
2021-06-06,Chennai,13.0827,80.2707,0.27,29.77,68.45,1.59
2021-06-07,Chennai,13.0827,80.2707,8.54,30.41,69.79,2.55
2021-06-08,Chennai,13.0827,80.2707,3.75,30.19,69.18,2.95
2021-06-09,Chennai,13.0827,80.2707,4.9,30.32,68.16,2.96
2021-06-10,Chennai,13.0827,80.2707,1.39,30.73,65.28,2.95
2021-06-11,Chennai,13.0827,80.2707,0.07,30.16,62.14,4.13
2021-06-12,Chennai,13.0827,80.2707,1.78,30.51,58.87,4.45
2021-06-13,Chennai,13.0827,80.2707,0.26,29.6,62.29,4.38
2021-06-14,Chennai,13.0827,80.2707,0.4,29.95,60.72,5.07
2021-06-15,Chennai,13.0827,80.2707,0.26,30.54,57.15,5.3
2021-06-16,Chennai,13.0827,80.2707,0.52,30.86,59.46,4.52
2021-06-17,Chennai,13.0827,80.2707,0.46,31.15,58.94,4.49
2021-06-18,Chennai,13.0827,80.2707,0.26,30.98,57.52,4.32
2021-06-19,Chennai,13.0827,80.2707,1.83,30.36,62.02,3.54
2021-06-20,Chennai,13.0827,80.2707,0.81,30.51,61.99,3.14
2021-06-21,Chennai,13.0827,80.2707,0.54,30.36,62.24,2.71
2021-06-22,Chennai,13.0827,80.2707,3.93,29.53,70.58,2.7
2021-06-23,Chennai,13.0827,80.2707,2.72,29.63,70.11,3.07
2021-06-24,Chennai,13.0827,80.2707,9.96,29.91,71.51,2.71
2021-06-25,Chennai,13.0827,80.2707,0.6,30.79,63.05,2.42
2021-06-26,Chennai,13.0827,80.2707,1.89,31.01,61.63,2.87
2021-06-27,Chennai,13.0827,80.2707,8.9,29.12,66.84,3.33
2021-06-28,Chennai,13.0827,80.2707,2.16,29.34,67.78,3.23
2021-06-29,Chennai,13.0827,80.2707,0.54,29.81,70.88,4.46
2021-06-30,Chennai,13.0827,80.2707,3.03,30.22,73.42,3.94
2021-07-01,Chennai,13.0827,80.2707,4.58,29.44,79.59,3.23
2021-07-02,Chennai,13.0827,80.2707,16.13,29.19,79.81,2.04
2021-07-03,Chennai,13.0827,80.2707,9.11,28.93,81.02,1.72
2021-07-04,Chennai,13.0827,80.2707,4.88,28.55,77.94,2.31
2021-07-05,Chennai,13.0827,80.2707,1.7,29.33,73.9,2.37
2021-07-06,Chennai,13.0827,80.2707,1.71,29.41,77.28,3.06
2021-07-07,Chennai,13.0827,80.2707,1.06,29.18,77.31,2.79
2021-07-08,Chennai,13.0827,80.2707,15.69,28.67,77.17,2.66
2021-07-09,Chennai,13.0827,80.2707,18.56,28.63,80.28,2.79
2021-07-10,Chennai,13.0827,80.2707,11.85,27.85,78.27,3.11
2021-07-11,Chennai,13.0827,80.2707,3.17,27.55,76.29,3.46
2021-07-12,Chennai,13.0827,80.2707,2.4,27.49,75.01,3.74
2021-07-13,Chennai,13.0827,80.2707,1.38,28.35,74.71,3.09
2021-07-14,Chennai,13.0827,80.2707,11.24,28.09,78.8,2.38
2021-07-15,Chennai,13.0827,80.2707,7.01,28.56,76.84,3.22
2021-07-16,Chennai,13.0827,80.2707,8.77,28.84,76.77,3.08
2021-07-17,Chennai,13.0827,80.2707,33.34,27.61,83.03,2.68
2021-07-18,Chennai,13.0827,80.2707,24.12,27.36,86.67,3.5
2021-07-19,Chennai,13.0827,80.2707,10.49,28.86,76.36,3.47
2021-07-20,Chennai,13.0827,80.2707,2.56,28.71,77.43,3.87
2021-07-21,Chennai,13.0827,80.2707,1.63,28.68,76.66,3.9
2021-07-22,Chennai,13.0827,80.2707,2.77,27.57,79.63,5.01
2021-07-23,Chennai,13.0827,80.2707,0.79,28.29,77.11,3.94
2021-07-24,Chennai,13.0827,80.2707,0.91,29.23,75.12,3.39
2021-07-25,Chennai,13.0827,80.2707,3.91,28.76,77.89,3.95
2021-07-26,Chennai,13.0827,80.2707,3.03,28.21,77.62,3.3
2021-07-27,Chennai,13.0827,80.2707,1.7,28.33,76.84,4.03
2021-07-28,Chennai,13.0827,80.2707,0.11,29.61,71.14,4.22
2021-07-29,Chennai,13.0827,80.2707,0.25,29.4,71.61,3.7
2021-07-30,Chennai,13.0827,80.2707,0.4,29.46,72.52,3.51
2021-07-31,Chennai,13.0827,80.2707,4.41,29.73,70.59,3.5
2021-08-01,Chennai,13.0827,80.2707,1.9,28.93,73.64,3.03
2021-08-02,Chennai,13.0827,80.2707,0.66,29.41,69.89,3.57
2021-08-03,Chennai,13.0827,80.2707,0.6,29.44,69.42,3.18
2021-08-04,Chennai,13.0827,80.2707,0.5,29.77,70.39,3.8
2021-08-05,Chennai,13.0827,80.2707,2.46,30.08,70.68,3.35
2021-08-06,Chennai,13.0827,80.2707,2.42,29.7,72.35,3.71
2021-08-07,Chennai,13.0827,80.2707,4.07,29.57,75.8,3.09
2021-08-08,Chennai,13.0827,80.2707,3.13,29.64,76.39,2.54
2021-08-09,Chennai,13.0827,80.2707,8.96,29.76,77.23,2.23
2021-08-10,Chennai,13.0827,80.2707,5.9,28.37,80.01,3.39
2021-08-11,Chennai,13.0827,80.2707,2.64,27.04,85.5,2.7
2021-08-12,Chennai,13.0827,80.2707,3.18,27.5,83.95,2.76
2021-08-13,Chennai,13.0827,80.2707,2.72,28.27,78.55,2.35
2021-08-14,Chennai,13.0827,80.2707,1.83,28.63,74.76,3.02
2021-08-15,Chennai,13.0827,80.2707,2.47,28.18,74.48,3.24
2021-08-16,Chennai,13.0827,80.2707,3.57,28.91,71.41,2.49
2021-08-17,Chennai,13.0827,80.2707,2.72,28.96,74.16,3.59
2021-08-18,Chennai,13.0827,80.2707,0.18,28.86,72.53,2.86
2021-08-19,Chennai,13.0827,80.2707,2.56,29.18,71.49,2.78
2021-08-20,Chennai,13.0827,80.2707,3.84,28.16,75.33,2.58
2021-08-21,Chennai,13.0827,80.2707,13.32,26.1,84.9,3.0
2021-08-22,Chennai,13.0827,80.2707,5.64,26.74,81.52,2.11
2021-08-23,Chennai,13.0827,80.2707,1.42,27.37,81.11,3.35
2021-08-24,Chennai,13.0827,80.2707,4.75,28.6,77.94,3.64
2021-08-25,Chennai,13.0827,80.2707,2.59,28.65,78.84,3.27
2021-08-26,Chennai,13.0827,80.2707,3.66,28.7,78.3,1.96
2021-08-27,Chennai,13.0827,80.2707,21.55,26.93,87.39,1.74
2021-08-28,Chennai,13.0827,80.2707,16.04,27.5,80.44,2.58
2021-08-29,Chennai,13.0827,80.2707,8.29,27.1,78.95,3.31
2021-08-30,Chennai,13.0827,80.2707,0.44,27.7,75.72,3.38
2021-08-31,Chennai,13.0827,80.2707,0.99,27.87,72.92,2.39
2021-09-01,Chennai,13.0827,80.2707,1.4,27.53,80.84,1.44
2021-09-02,Chennai,13.0827,80.2707,7.02,27.25,81.85,2.53
2021-09-03,Chennai,13.0827,80.2707,8.8,27.14,80.63,3.06
2021-09-04,Chennai,13.0827,80.2707,12.16,26.38,86.49,3.98
2021-09-05,Chennai,13.0827,80.2707,7.22,28.22,78.62,2.79
2021-09-06,Chennai,13.0827,80.2707,6.91,27.37,79.09,3.54
2021-09-07,Chennai,13.0827,80.2707,0.43,26.66,79.28,3.56
2021-09-08,Chennai,13.0827,80.2707,0.06,27.55,81.28,3.22
2021-09-09,Chennai,13.0827,80.2707,0.15,28.13,78.28,3.12
2021-09-10,Chennai,13.0827,80.2707,0.53,28.07,79.24,2.92
2021-09-11,Chennai,13.0827,80.2707,0.06,28.14,79.05,3.49
2021-09-12,Chennai,13.0827,80.2707,0.17,28.09,80.56,3.54
2021-09-13,Chennai,13.0827,80.2707,0.05,28.44,77.69,4.37
2021-09-14,Chennai,13.0827,80.2707,0.04,28.42,79.69,3.79
2021-09-15,Chennai,13.0827,80.2707,1.77,28.82,79.57,2.55
2021-09-16,Chennai,13.0827,80.2707,2.6,27.99,82.21,2.58
2021-09-17,Chennai,13.0827,80.2707,1.42,27.61,85.69,2.3
2021-09-18,Chennai,13.0827,80.2707,5.01,28.29,80.48,2.31
2021-09-19,Chennai,13.0827,80.2707,6.04,28.44,80.78,2.19
2021-09-20,Chennai,13.0827,80.2707,3.03,28.69,80.77,1.79
2021-09-21,Chennai,13.0827,80.2707,4.59,28.26,81.32,2.5
2021-09-22,Chennai,13.0827,80.2707,21.25,28.19,79.6,2.43
2021-09-23,Chennai,13.0827,80.2707,1.37,28.25,81.59,2.41
2021-09-24,Chennai,13.0827,80.2707,1.87,28.12,79.09,1.85
2021-09-25,Chennai,13.0827,80.2707,7.28,28.31,82.06,1.96
2021-09-26,Chennai,13.0827,80.2707,7.13,27.3,83.09,1.99
2021-09-27,Chennai,13.0827,80.2707,0.08,28.63,76.31,3.53
2021-09-28,Chennai,13.0827,80.2707,2.25,27.5,79.6,3.47
2021-09-29,Chennai,13.0827,80.2707,1.48,28.04,75.62,2.05
2021-09-30,Chennai,13.0827,80.2707,3.93,28.16,77.95,1.64
2021-10-01,Chennai,13.0827,80.2707,2.28,28.04,81.28,1.78
2021-10-02,Chennai,13.0827,80.2707,5.59,27.43,87.9,2.25
2021-10-03,Chennai,13.0827,80.2707,4.45,27.94,82.9,1.47
2021-10-04,Chennai,13.0827,80.2707,4.71,27.92,82.95,1.85
2021-10-05,Chennai,13.0827,80.2707,37.11,27.14,88.45,2.43
2021-10-06,Chennai,13.0827,80.2707,8.39,27.99,86.03,2.32
2021-10-07,Chennai,13.0827,80.2707,3.17,27.58,85.61,2.47
2021-10-08,Chennai,13.0827,80.2707,3.81,28.44,83.88,2.46
2021-10-09,Chennai,13.0827,80.2707,5.3,27.3,86.85,1.62
2021-10-10,Chennai,13.0827,80.2707,9.41,27.76,82.77,2.24
2021-10-11,Chennai,13.0827,80.2707,4.31,27.07,85.11,1.64
2021-10-12,Chennai,13.0827,80.2707,4.16,27.19,82.65,1.63
2021-10-13,Chennai,13.0827,80.2707,6.49,28.25,79.51,2.12
2021-10-14,Chennai,13.0827,80.2707,0.24,27.8,83.46,2.58
2021-10-15,Chennai,13.0827,80.2707,2.84,28.15,82.88,1.7
2021-10-16,Chennai,13.0827,80.2707,1.62,27.82,86.08,2.62
2021-10-17,Chennai,13.0827,80.2707,3.02,28.06,86.34,1.97
2021-10-18,Chennai,13.0827,80.2707,0.37,28.07,81.65,2.39
2021-10-19,Chennai,13.0827,80.2707,3.3,27.66,83.27,1.95
2021-10-20,Chennai,13.0827,80.2707,1.74,27.49,82.14,1.28
2021-10-21,Chennai,13.0827,80.2707,1.85,27.36,83.06,1.04
2021-10-22,Chennai,13.0827,80.2707,0.51,27.32,83.57,1.21
2021-10-23,Chennai,13.0827,80.2707,0.54,27.19,85.22,1.51
2021-10-24,Chennai,13.0827,80.2707,5.98,27.63,78.27,1.52
2021-10-25,Chennai,13.0827,80.2707,0.93,26.63,84.65,2.85
2021-10-26,Chennai,13.0827,80.2707,0.98,27.14,79.82,2.59
2021-10-27,Chennai,13.0827,80.2707,0.75,26.86,81.23,3.15
2021-10-28,Chennai,13.0827,80.2707,6.67,26.41,82.03,4.21
2021-10-29,Chennai,13.0827,80.2707,25.07,26.71,86.27,2.47
2021-10-30,Chennai,13.0827,80.2707,17.88,26.48,89.13,2.76
2021-10-31,Chennai,13.0827,80.2707,16.09,26.97,86.98,3.24
2021-11-01,Chennai,13.0827,80.2707,21.37,26.41,88.91,2.99
2021-11-02,Chennai,13.0827,80.2707,23.68,26.42,86.5,2.96
2021-11-03,Chennai,13.0827,80.2707,30.77,25.71,90.13,2.4
2021-11-04,Chennai,13.0827,80.2707,18.47,25.87,90.86,2.81
2021-11-05,Chennai,13.0827,80.2707,16.95,25.94,88.54,2.23
2021-11-06,Chennai,13.0827,80.2707,49.77,26.12,89.51,2.2
2021-11-07,Chennai,13.0827,80.2707,40.64,26.64,87.96,2.47
2021-11-08,Chennai,13.0827,80.2707,36.4,26.05,89.87,4.19
2021-11-09,Chennai,13.0827,80.2707,16.97,25.26,88.64,4.53
2021-11-10,Chennai,13.0827,80.2707,84.05,24.09,92.22,6.27
2021-11-11,Chennai,13.0827,80.2707,75.19,24.83,93.4,6.88
2021-11-12,Chennai,13.0827,80.2707,3.63,26.11,86.87,4.45
2021-11-13,Chennai,13.0827,80.2707,3.72,26.85,85.99,1.31
2021-11-14,Chennai,13.0827,80.2707,4.74,26.53,87.73,1.62
2021-11-15,Chennai,13.0827,80.2707,4.57,26.59,86.79,1.6
2021-11-16,Chennai,13.0827,80.2707,2.4,26.83,86.29,1.42
2021-11-17,Chennai,13.0827,80.2707,11.0,26.46,90.25,2.62
2021-11-18,Chennai,13.0827,80.2707,74.21,26.52,94.08,6.76
2021-11-19,Chennai,13.0827,80.2707,20.62,26.72,89.65,5.57
2021-11-20,Chennai,13.0827,80.2707,16.63,26.91,89.41,4.04
2021-11-21,Chennai,13.0827,80.2707,7.5,26.66,88.16,1.8
2021-11-22,Chennai,13.0827,80.2707,5.0,26.3,89.74,2.18
2021-11-23,Chennai,13.0827,80.2707,2.29,26.64,88.2,2.67
2021-11-24,Chennai,13.0827,80.2707,2.87,26.34,87.86,2.87
2021-11-25,Chennai,13.0827,80.2707,18.25,26.46,88.38,4.25
2021-11-26,Chennai,13.0827,80.2707,58.61,26.09,90.36,4.89
2021-11-27,Chennai,13.0827,80.2707,29.98,25.83,92.6,4.21
2021-11-28,Chennai,13.0827,80.2707,61.12,25.53,92.82,3.11
2021-11-29,Chennai,13.0827,80.2707,12.76,25.44,91.47,1.89
2021-11-30,Chennai,13.0827,80.2707,9.8,26.06,91.13,3.54
2021-12-01,Chennai,13.0827,80.2707,1.22,26.09,86.45,3.73
2021-12-02,Chennai,13.0827,80.2707,0.03,24.96,82.33,3.4
2021-12-03,Chennai,13.0827,80.2707,0.14,24.43,89.59,3.35
2021-12-04,Chennai,13.0827,80.2707,0.01,26.0,81.81,1.74
2021-12-05,Chennai,13.0827,80.2707,0.15,26.58,82.01,1.32
2021-12-06,Chennai,13.0827,80.2707,1.22,26.55,84.54,1.63
2021-12-07,Chennai,13.0827,80.2707,0.09,25.87,85.08,2.58
2021-12-08,Chennai,13.0827,80.2707,0.38,25.65,87.43,2.85
2021-12-09,Chennai,13.0827,80.2707,3.98,25.84,86.13,3.15
2021-12-10,Chennai,13.0827,80.2707,2.35,25.77,84.35,3.35
2021-12-11,Chennai,13.0827,80.2707,3.71,25.88,85.41,4.0
2021-12-12,Chennai,13.0827,80.2707,6.0,25.7,85.87,3.97
2021-12-13,Chennai,13.0827,80.2707,6.87,25.99,84.01,4.39
2021-12-14,Chennai,13.0827,80.2707,2.34,25.32,83.63,4.21
2021-12-15,Chennai,13.0827,80.2707,1.6,24.96,82.85,4.19
2021-12-16,Chennai,13.0827,80.2707,0.48,24.66,80.87,4.26
2021-12-17,Chennai,13.0827,80.2707,0.15,24.2,81.65,3.93
2021-12-18,Chennai,13.0827,80.2707,0.0,23.89,80.05,4.12
2021-12-19,Chennai,13.0827,80.2707,0.0,23.5,77.93,3.95
2021-12-20,Chennai,13.0827,80.2707,0.0,23.58,76.0,3.19
2021-12-21,Chennai,13.0827,80.2707,0.0,23.25,74.54,2.43
2021-12-22,Chennai,13.0827,80.2707,0.0,22.74,73.44,1.86
2021-12-23,Chennai,13.0827,80.2707,0.0,22.4,72.27,1.76
2021-12-24,Chennai,13.0827,80.2707,0.0,23.46,72.72,1.46
2021-12-25,Chennai,13.0827,80.2707,0.0,23.62,73.36,1.64
2021-12-26,Chennai,13.0827,80.2707,0.0,23.94,76.97,1.67
2021-12-27,Chennai,13.0827,80.2707,0.41,24.25,78.07,2.12
2021-12-28,Chennai,13.0827,80.2707,0.87,24.0,81.99,2.66
2021-12-29,Chennai,13.0827,80.2707,0.92,24.37,79.08,2.55
2021-12-30,Chennai,13.0827,80.2707,55.65,24.55,86.17,3.92
2021-12-31,Chennai,13.0827,80.2707,42.52,25.22,87.17,4.76
2022-01-01,Chennai,13.0827,80.2707,8.69,25.03,86.38,4.73
2022-01-02,Chennai,13.0827,80.2707,0.5,24.61,83.33,3.87
2022-01-03,Chennai,13.0827,80.2707,0.02,24.37,81.09,3.32
2022-01-04,Chennai,13.0827,80.2707,0.01,23.36,81.46,3.46
2022-01-05,Chennai,13.0827,80.2707,0.02,23.6,80.24,2.44
2022-01-06,Chennai,13.0827,80.2707,0.04,23.94,83.68,2.68
2022-01-07,Chennai,13.0827,80.2707,0.03,24.16,84.08,2.65
2022-01-08,Chennai,13.0827,80.2707,0.0,24.29,80.79,2.83
2022-01-09,Chennai,13.0827,80.2707,0.0,24.23,80.86,2.1
2022-01-10,Chennai,13.0827,80.2707,0.0,24.65,81.06,1.89
2022-01-11,Chennai,13.0827,80.2707,0.02,25.14,79.24,2.19
2022-01-12,Chennai,13.0827,80.2707,0.14,25.29,80.42,2.13
2022-01-13,Chennai,13.0827,80.2707,0.95,25.63,81.42,2.11
2022-01-14,Chennai,13.0827,80.2707,0.68,25.84,83.07,1.84
2022-01-15,Chennai,13.0827,80.2707,0.64,25.44,84.49,2.2
2022-01-16,Chennai,13.0827,80.2707,5.86,25.15,84.51,3.57
2022-01-17,Chennai,13.0827,80.2707,6.17,25.03,80.99,3.75
2022-01-18,Chennai,13.0827,80.2707,1.52,24.18,81.09,3.19
2022-01-19,Chennai,13.0827,80.2707,0.47,23.85,76.83,2.6
2022-01-20,Chennai,13.0827,80.2707,0.0,23.8,72.09,1.32
2022-01-21,Chennai,13.0827,80.2707,0.0,24.17,76.9,1.78
2022-01-22,Chennai,13.0827,80.2707,0.0,25.02,80.42,2.03
2022-01-23,Chennai,13.0827,80.2707,0.59,25.48,83.85,2.43
2022-01-24,Chennai,13.0827,80.2707,3.1,25.37,82.98,2.15
2022-01-25,Chennai,13.0827,80.2707,1.19,25.15,80.89,1.97
2022-01-26,Chennai,13.0827,80.2707,0.7,24.8,79.43,1.7
2022-01-27,Chennai,13.0827,80.2707,0.19,24.84,76.53,2.57
2022-01-28,Chennai,13.0827,80.2707,0.26,24.43,82.84,3.83
2022-01-29,Chennai,13.0827,80.2707,0.08,24.64,81.67,4.37
2022-01-30,Chennai,13.0827,80.2707,0.0,24.52,82.15,2.77
2022-01-31,Chennai,13.0827,80.2707,0.0,24.98,80.62,1.91
2022-02-01,Chennai,13.0827,80.2707,0.0,24.13,74.41,1.71
2022-02-02,Chennai,13.0827,80.2707,0.0,23.63,71.91,1.44
2022-02-03,Chennai,13.0827,80.2707,0.0,23.78,74.14,1.67
2022-02-04,Chennai,13.0827,80.2707,0.0,25.03,76.79,2.1
2022-02-05,Chennai,13.0827,80.2707,0.04,25.45,81.05,2.22
2022-02-06,Chennai,13.0827,80.2707,0.0,25.08,77.66,2.65
2022-02-07,Chennai,13.0827,80.2707,0.0,24.4,75.11,2.65
2022-02-08,Chennai,13.0827,80.2707,0.0,23.98,75.69,2.72
2022-02-09,Chennai,13.0827,80.2707,0.0,23.72,75.92,3.03
2022-02-10,Chennai,13.0827,80.2707,0.13,24.2,75.63,3.09
2022-02-11,Chennai,13.0827,80.2707,0.25,24.9,75.48,3.45
2022-02-12,Chennai,13.0827,80.2707,0.07,25.15,75.76,3.51
2022-02-13,Chennai,13.0827,80.2707,0.0,24.62,79.75,3.03
2022-02-14,Chennai,13.0827,80.2707,0.03,24.73,74.78,3.21
2022-02-15,Chennai,13.0827,80.2707,0.01,24.13,71.62,3.06
2022-02-16,Chennai,13.0827,80.2707,0.0,24.34,70.88,2.72
2022-02-17,Chennai,13.0827,80.2707,0.0,24.73,72.42,2.39
2022-02-18,Chennai,13.0827,80.2707,0.0,25.13,74.94,2.91
2022-02-19,Chennai,13.0827,80.2707,0.0,25.37,74.38,2.67
2022-02-20,Chennai,13.0827,80.2707,0.0,25.9,73.12,1.96
2022-02-21,Chennai,13.0827,80.2707,0.0,26.3,75.22,2.14
2022-02-22,Chennai,13.0827,80.2707,0.03,26.59,76.7,2.25
2022-02-23,Chennai,13.0827,80.2707,0.0,25.98,75.9,2.8
2022-02-24,Chennai,13.0827,80.2707,0.0,25.46,70.74,2.35
2022-02-25,Chennai,13.0827,80.2707,0.0,24.43,72.71,2.73
2022-02-26,Chennai,13.0827,80.2707,0.01,25.33,74.88,2.86
2022-02-27,Chennai,13.0827,80.2707,0.0,25.72,72.09,3.04
2022-02-28,Chennai,13.0827,80.2707,0.0,26.06,69.11,2.55
2022-03-01,Chennai,13.0827,80.2707,0.0,26.31,66.33,2.87
2022-03-02,Chennai,13.0827,80.2707,0.0,25.89,66.79,3.04
2022-03-03,Chennai,13.0827,80.2707,0.0,26.0,73.5,3.44
2022-03-04,Chennai,13.0827,80.2707,0.06,26.86,71.74,4.31
2022-03-05,Chennai,13.0827,80.2707,0.01,26.68,71.33,3.8
2022-03-06,Chennai,13.0827,80.2707,0.89,26.69,71.49,4.17
2022-03-07,Chennai,13.0827,80.2707,0.21,27.01,72.29,2.89
2022-03-08,Chennai,13.0827,80.2707,0.0,27.16,68.69,2.07
2022-03-09,Chennai,13.0827,80.2707,0.0,27.19,64.58,2.12
2022-03-10,Chennai,13.0827,80.2707,0.0,26.85,66.52,2.41
2022-03-11,Chennai,13.0827,80.2707,0.0,26.67,67.02,2.48
2022-03-12,Chennai,13.0827,80.2707,0.0,26.85,63.83,2.25
2022-03-13,Chennai,13.0827,80.2707,0.01,27.08,65.23,2.26
2022-03-14,Chennai,13.0827,80.2707,0.0,27.78,63.89,2.08
2022-03-15,Chennai,13.0827,80.2707,0.0,27.68,63.14,1.94
2022-03-16,Chennai,13.0827,80.2707,0.0,28.08,58.62,2.27
2022-03-17,Chennai,13.0827,80.2707,0.0,28.36,62.5,2.46
2022-03-18,Chennai,13.0827,80.2707,0.0,28.51,67.68,2.68
2022-03-19,Chennai,13.0827,80.2707,0.01,29.0,69.51,2.53
2022-03-20,Chennai,13.0827,80.2707,0.08,30.19,66.81,1.89
2022-03-21,Chennai,13.0827,80.2707,0.49,30.81,64.07,2.3
2022-03-22,Chennai,13.0827,80.2707,0.87,30.41,64.9,2.21
2022-03-23,Chennai,13.0827,80.2707,0.01,30.09,71.17,2.51
2022-03-24,Chennai,13.0827,80.2707,0.01,29.75,71.76,2.86
2022-03-25,Chennai,13.0827,80.2707,0.0,29.46,70.2,2.92
2022-03-26,Chennai,13.0827,80.2707,0.0,29.66,68.63,3.04
2022-03-27,Chennai,13.0827,80.2707,0.0,29.98,69.34,3.35
2022-03-28,Chennai,13.0827,80.2707,0.0,30.17,70.12,3.65
2022-03-29,Chennai,13.0827,80.2707,0.0,30.24,70.47,3.9
2022-03-30,Chennai,13.0827,80.2707,0.0,30.39,69.13,4.34
2022-03-31,Chennai,13.0827,80.2707,0.01,30.23,71.13,4.12
2022-04-01,Chennai,13.0827,80.2707,0.0,29.6,73.45,4.24
2022-04-02,Chennai,13.0827,80.2707,0.01,29.99,68.64,3.61
2022-04-03,Chennai,13.0827,80.2707,0.0,29.8,68.05,3.43
2022-04-04,Chennai,13.0827,80.2707,0.01,29.69,68.85,3.3
2022-04-05,Chennai,13.0827,80.2707,0.0,29.78,63.99,2.86
2022-04-06,Chennai,13.0827,80.2707,0.05,29.49,66.73,2.3
2022-04-07,Chennai,13.0827,80.2707,0.1,29.97,65.47,2.54
2022-04-08,Chennai,13.0827,80.2707,0.14,29.98,65.25,2.35
2022-04-09,Chennai,13.0827,80.2707,0.14,29.9,66.68,2.24
2022-04-10,Chennai,13.0827,80.2707,0.66,29.9,67.45,2.36
2022-04-11,Chennai,13.0827,80.2707,0.26,29.78,69.04,2.12
2022-04-12,Chennai,13.0827,80.2707,0.07,29.12,73.83,1.89
2022-04-13,Chennai,13.0827,80.2707,0.11,29.6,72.01,2.12
2022-04-14,Chennai,13.0827,80.2707,0.02,30.35,67.51,3.07
2022-04-15,Chennai,13.0827,80.2707,0.02,31.24,62.06,3.76
2022-04-16,Chennai,13.0827,80.2707,0.03,31.33,67.65,3.82
2022-04-17,Chennai,13.0827,80.2707,0.42,31.29,68.04,2.74
2022-04-18,Chennai,13.0827,80.2707,0.33,30.48,67.98,2.16
2022-04-19,Chennai,13.0827,80.2707,0.03,30.64,68.35,2.58
2022-04-20,Chennai,13.0827,80.2707,0.02,30.61,69.23,2.88
2022-04-21,Chennai,13.0827,80.2707,0.01,30.29,71.05,3.77
2022-04-22,Chennai,13.0827,80.2707,0.02,30.9,64.82,3.18
2022-04-23,Chennai,13.0827,80.2707,0.04,30.28,66.41,3.09
2022-04-24,Chennai,13.0827,80.2707,0.0,31.79,58.48,2.76
2022-04-25,Chennai,13.0827,80.2707,0.0,31.23,63.44,3.76
2022-04-26,Chennai,13.0827,80.2707,0.0,31.01,65.24,3.88
2022-04-27,Chennai,13.0827,80.2707,0.0,31.26,65.49,3.49
2022-04-28,Chennai,13.0827,80.2707,0.0,31.23,67.49,3.63
2022-04-29,Chennai,13.0827,80.2707,0.02,31.46,66.74,3.39
2022-04-30,Chennai,13.0827,80.2707,0.01,32.25,63.21,3.35
2022-05-01,Chennai,13.0827,80.2707,0.38,31.53,70.08,3.63
2022-05-02,Chennai,13.0827,80.2707,0.99,31.16,70.49,2.88
2022-05-03,Chennai,13.0827,80.2707,0.48,30.69,74.56,2.94
2022-05-04,Chennai,13.0827,80.2707,1.98,30.28,75.33,2.55
2022-05-05,Chennai,13.0827,80.2707,1.93,30.56,69.34,1.98
2022-05-06,Chennai,13.0827,80.2707,4.02,31.06,64.87,2.97
2022-05-07,Chennai,13.0827,80.2707,8.16,30.73,68.71,2.16
2022-05-08,Chennai,13.0827,80.2707,0.52,31.12,67.73,2.27
2022-05-09,Chennai,13.0827,80.2707,1.28,30.63,68.48,1.63
2022-05-10,Chennai,13.0827,80.2707,10.74,29.78,68.11,3.35
2022-05-11,Chennai,13.0827,80.2707,6.44,30.39,65.48,4.78
2022-05-12,Chennai,13.0827,80.2707,8.99,29.95,72.1,4.72
2022-05-13,Chennai,13.0827,80.2707,1.16,28.94,75.67,3.76
2022-05-14,Chennai,13.0827,80.2707,1.15,30.42,72.58,2.82
2022-05-15,Chennai,13.0827,80.2707,7.5,28.6,83.04,3.73
2022-05-16,Chennai,13.0827,80.2707,6.12,29.29,80.9,2.09
2022-05-17,Chennai,13.0827,80.2707,2.55,29.08,80.26,2.7
2022-05-18,Chennai,13.0827,80.2707,1.4,29.3,80.04,2.93
2022-05-19,Chennai,13.0827,80.2707,0.45,29.28,75.88,4.54
2022-05-20,Chennai,13.0827,80.2707,0.4,28.45,69.84,4.31
2022-05-21,Chennai,13.0827,80.2707,0.02,30.58,63.4,3.76
2022-05-22,Chennai,13.0827,80.2707,0.03,31.38,60.97,3.68
2022-05-23,Chennai,13.0827,80.2707,0.01,31.94,61.99,3.62
2022-05-24,Chennai,13.0827,80.2707,0.07,32.05,65.36,2.95
2022-05-25,Chennai,13.0827,80.2707,2.43,31.23,69.08,2.98
2022-05-26,Chennai,13.0827,80.2707,3.13,30.34,73.62,2.85
2022-05-27,Chennai,13.0827,80.2707,1.93,30.33,68.42,3.38
2022-05-28,Chennai,13.0827,80.2707,0.08,30.67,66.71,2.88
2022-05-29,Chennai,13.0827,80.2707,0.13,30.83,62.61,3.02
2022-05-30,Chennai,13.0827,80.2707,0.09,31.03,62.73,3.34
2022-05-31,Chennai,13.0827,80.2707,0.03,31.0,66.15,3.01
2022-06-01,Chennai,13.0827,80.2707,0.01,31.01,64.24,2.34
2022-06-02,Chennai,13.0827,80.2707,0.0,31.0,63.91,1.93
2022-06-03,Chennai,13.0827,80.2707,0.01,31.22,65.58,2.95
2022-06-04,Chennai,13.0827,80.2707,0.01,29.71,62.64,2.85
2022-06-05,Chennai,13.0827,80.2707,1.81,30.59,63.2,2.14
2022-06-06,Chennai,13.0827,80.2707,3.7,29.17,73.57,2.57
2022-06-07,Chennai,13.0827,80.2707,2.57,29.96,70.36,3.97
2022-06-08,Chennai,13.0827,80.2707,0.38,30.65,66.61,3.2
2022-06-09,Chennai,13.0827,80.2707,0.26,30.33,66.24,3.76
2022-06-10,Chennai,13.0827,80.2707,0.21,30.45,66.34,3.29
2022-06-11,Chennai,13.0827,80.2707,1.31,30.27,64.94,2.51
2022-06-12,Chennai,13.0827,80.2707,1.97,30.7,60.43,2.51
2022-06-13,Chennai,13.0827,80.2707,1.48,30.57,66.07,2.83
2022-06-14,Chennai,13.0827,80.2707,1.54,30.66,67.57,2.6
2022-06-15,Chennai,13.0827,80.2707,8.16,29.77,70.59,2.9
2022-06-16,Chennai,13.0827,80.2707,8.64,28.98,76.29,1.76
2022-06-17,Chennai,13.0827,80.2707,7.47,29.22,74.08,3.1
2022-06-18,Chennai,13.0827,80.2707,4.74,29.32,72.21,3.72
2022-06-19,Chennai,13.0827,80.2707,28.85,28.87,78.1,3.12
2022-06-20,Chennai,13.0827,80.2707,18.31,28.7,77.28,2.53
2022-06-21,Chennai,13.0827,80.2707,23.54,28.77,76.61,2.6
2022-06-22,Chennai,13.0827,80.2707,9.51,28.39,76.72,2.05
2022-06-23,Chennai,13.0827,80.2707,3.63,28.65,76.02,2.55
2022-06-24,Chennai,13.0827,80.2707,2.55,28.98,75.38,3.01
2022-06-25,Chennai,13.0827,80.2707,1.99,28.63,73.15,3.33
2022-06-26,Chennai,13.0827,80.2707,0.65,28.93,72.4,3.0
2022-06-27,Chennai,13.0827,80.2707,2.44,29.62,69.16,2.24
2022-06-28,Chennai,13.0827,80.2707,2.59,30.28,68.3,2.12
2022-06-29,Chennai,13.0827,80.2707,5.16,30.59,69.83,2.28
2022-06-30,Chennai,13.0827,80.2707,5.14,30.0,73.97,2.6
2022-07-01,Chennai,13.0827,80.2707,4.5,29.98,72.3,2.85
2022-07-02,Chennai,13.0827,80.2707,3.0,29.85,72.19,3.14
2022-07-03,Chennai,13.0827,80.2707,3.04,29.55,73.91,2.53
2022-07-04,Chennai,13.0827,80.2707,3.24,29.68,70.08,3.61
2022-07-05,Chennai,13.0827,80.2707,6.45,28.93,72.68,3.23
2022-07-06,Chennai,13.0827,80.2707,4.59,28.77,73.58,2.64
2022-07-07,Chennai,13.0827,80.2707,1.75,28.59,73.43,3.72
2022-07-08,Chennai,13.0827,80.2707,3.76,28.96,71.85,3.51
2022-07-09,Chennai,13.0827,80.2707,2.01,29.07,70.96,3.97
2022-07-10,Chennai,13.0827,80.2707,2.79,29.1,70.16,4.33
2022-07-11,Chennai,13.0827,80.2707,1.15,29.27,68.64,4.94
2022-07-12,Chennai,13.0827,80.2707,1.38,29.38,67.03,5.19
2022-07-13,Chennai,13.0827,80.2707,2.29,29.21,67.36,5.56
2022-07-14,Chennai,13.0827,80.2707,0.31,29.52,63.32,5.86
2022-07-15,Chennai,13.0827,80.2707,0.09,29.92,64.32,4.57
2022-07-16,Chennai,13.0827,80.2707,5.09,29.97,70.15,3.47
2022-07-17,Chennai,13.0827,80.2707,9.42,29.51,75.18,2.75
2022-07-18,Chennai,13.0827,80.2707,2.0,28.48,74.31,2.76
2022-07-19,Chennai,13.0827,80.2707,0.94,29.5,73.25,2.1
2022-07-20,Chennai,13.0827,80.2707,10.14,28.94,79.3,2.21
2022-07-21,Chennai,13.0827,80.2707,5.89,28.65,79.45,2.2
2022-07-22,Chennai,13.0827,80.2707,15.58,27.1,86.36,1.83
2022-07-23,Chennai,13.0827,80.2707,1.46,28.68,75.05,2.15
2022-07-24,Chennai,13.0827,80.2707,3.4,28.71,73.78,2.23
2022-07-25,Chennai,13.0827,80.2707,3.46,28.45,75.63,2.32
2022-07-26,Chennai,13.0827,80.2707,7.74,27.11,83.97,1.78
2022-07-27,Chennai,13.0827,80.2707,0.2,27.76,80.18,1.66
2022-07-28,Chennai,13.0827,80.2707,0.75,28.1,78.64,1.29
2022-07-29,Chennai,13.0827,80.2707,0.73,28.49,77.08,1.31
2022-07-30,Chennai,13.0827,80.2707,1.37,29.21,75.32,2.37
2022-07-31,Chennai,13.0827,80.2707,4.17,28.87,78.92,2.41
2022-08-01,Chennai,13.0827,80.2707,8.36,29.2,77.4,1.6
2022-08-02,Chennai,13.0827,80.2707,6.98,29.35,74.09,1.76
2022-08-03,Chennai,13.0827,80.2707,14.47,27.64,80.85,1.55
2022-08-04,Chennai,13.0827,80.2707,6.52,27.68,79.7,2.3
2022-08-05,Chennai,13.0827,80.2707,3.08,28.33,78.14,4.02
2022-08-06,Chennai,13.0827,80.2707,1.04,27.99,79.09,4.05
2022-08-07,Chennai,13.0827,80.2707,0.62,28.1,77.96,4.45
2022-08-08,Chennai,13.0827,80.2707,0.33,28.31,76.48,5.01
2022-08-09,Chennai,13.0827,80.2707,0.02,28.67,72.24,5.17
2022-08-10,Chennai,13.0827,80.2707,0.0,28.89,69.3,5.04
2022-08-11,Chennai,13.0827,80.2707,0.02,29.22,69.98,4.16
2022-08-12,Chennai,13.0827,80.2707,0.02,29.83,69.58,3.31
2022-08-13,Chennai,13.0827,80.2707,0.04,29.28,70.75,2.9
2022-08-14,Chennai,13.0827,80.2707,0.02,29.8,65.72,2.87
2022-08-15,Chennai,13.0827,80.2707,2.09,29.36,70.5,2.32
2022-08-16,Chennai,13.0827,80.2707,8.22,28.55,79.44,2.79
2022-08-17,Chennai,13.0827,80.2707,8.62,27.3,85.51,3.07
2022-08-18,Chennai,13.0827,80.2707,4.21,28.0,79.58,2.47
2022-08-19,Chennai,13.0827,80.2707,4.58,27.74,78.77,2.75
2022-08-20,Chennai,13.0827,80.2707,1.33,29.32,72.62,2.7
2022-08-21,Chennai,13.0827,80.2707,9.65,29.3,73.23,3.13
2022-08-22,Chennai,13.0827,80.2707,10.86,29.01,77.63,3.41
2022-08-23,Chennai,13.0827,80.2707,21.98,29.32,74.8,2.67
2022-08-24,Chennai,13.0827,80.2707,9.93,27.76,79.67,2.54
2022-08-25,Chennai,13.0827,80.2707,9.94,28.38,78.55,1.91
2022-08-26,Chennai,13.0827,80.2707,12.99,27.11,84.17,1.87
2022-08-27,Chennai,13.0827,80.2707,12.65,27.81,80.77,2.21
2022-08-28,Chennai,13.0827,80.2707,8.91,28.01,81.4,1.84
2022-08-29,Chennai,13.0827,80.2707,9.02,27.93,81.98,1.18
2022-08-30,Chennai,13.0827,80.2707,1.29,28.09,80.06,1.56
2022-08-31,Chennai,13.0827,80.2707,10.69,27.45,79.65,1.09
2022-09-01,Chennai,13.0827,80.2707,12.54,27.5,77.82,0.93
2022-09-02,Chennai,13.0827,80.2707,2.58,27.39,81.54,1.44
2022-09-03,Chennai,13.0827,80.2707,0.26,28.13,80.48,1.58
2022-09-04,Chennai,13.0827,80.2707,1.19,28.06,84.68,1.83
2022-09-05,Chennai,13.0827,80.2707,0.73,28.31,83.29,2.02
2022-09-06,Chennai,13.0827,80.2707,11.67,28.18,81.79,1.96
2022-09-07,Chennai,13.0827,80.2707,2.75,27.52,80.29,1.98
2022-09-08,Chennai,13.0827,80.2707,6.67,26.86,84.31,1.97
2022-09-09,Chennai,13.0827,80.2707,1.36,28.32,81.35,2.6
2022-09-10,Chennai,13.0827,80.2707,1.35,28.27,81.64,3.47
2022-09-11,Chennai,13.0827,80.2707,0.42,28.06,80.24,4.13
2022-09-12,Chennai,13.0827,80.2707,0.11,27.93,80.49,4.01
2022-09-13,Chennai,13.0827,80.2707,0.17,28.29,78.92,3.41
2022-09-14,Chennai,13.0827,80.2707,1.25,28.57,79.78,2.8
2022-09-15,Chennai,13.0827,80.2707,2.04,27.11,82.01,2.53
2022-09-16,Chennai,13.0827,80.2707,1.29,28.16,78.55,2.05
2022-09-17,Chennai,13.0827,80.2707,2.85,28.64,78.48,2.12
2022-09-18,Chennai,13.0827,80.2707,1.23,28.64,78.27,2.49
2022-09-19,Chennai,13.0827,80.2707,2.23,27.82,79.47,2.65
2022-09-20,Chennai,13.0827,80.2707,0.78,28.01,72.64,2.74
2022-09-21,Chennai,13.0827,80.2707,0.04,27.97,70.4,2.37
2022-09-22,Chennai,13.0827,80.2707,0.13,28.75,72.72,1.9
2022-09-23,Chennai,13.0827,80.2707,0.14,28.48,69.53,2.28
2022-09-24,Chennai,13.0827,80.2707,0.83,28.92,72.72,2.5
2022-09-25,Chennai,13.0827,80.2707,0.82,28.65,75.29,2.1
2022-09-26,Chennai,13.0827,80.2707,4.23,29.05,76.43,1.39
2022-09-27,Chennai,13.0827,80.2707,9.48,28.27,79.9,1.49
2022-09-28,Chennai,13.0827,80.2707,5.7,26.83,86.66,2.46
2022-09-29,Chennai,13.0827,80.2707,4.56,27.5,80.75,2.49
2022-09-30,Chennai,13.0827,80.2707,5.21,26.9,83.63,2.87
2022-10-01,Chennai,13.0827,80.2707,5.77,26.05,83.85,5.18
2022-10-02,Chennai,13.0827,80.2707,0.6,27.05,77.79,3.85
2022-10-03,Chennai,13.0827,80.2707,0.21,27.96,77.2,3.04
2022-10-04,Chennai,13.0827,80.2707,0.44,27.06,82.87,2.52
2022-10-05,Chennai,13.0827,80.2707,10.79,26.19,86.75,2.2
2022-10-06,Chennai,13.0827,80.2707,22.41,26.75,84.4,1.49
2022-10-07,Chennai,13.0827,80.2707,3.22,27.3,80.74,1.43
2022-10-08,Chennai,13.0827,80.2707,10.59,27.5,82.6,1.87
2022-10-09,Chennai,13.0827,80.2707,17.43,27.17,85.88,2.33
2022-10-10,Chennai,13.0827,80.2707,5.37,27.3,84.96,2.65
2022-10-11,Chennai,13.0827,80.2707,9.35,27.46,84.91,3.27
2022-10-12,Chennai,13.0827,80.2707,2.27,27.45,83.99,1.82
2022-10-13,Chennai,13.0827,80.2707,2.18,27.48,82.14,1.47
2022-10-14,Chennai,13.0827,80.2707,2.34,27.59,81.03,1.59
2022-10-15,Chennai,13.0827,80.2707,4.78,27.18,83.7,2.05
2022-10-16,Chennai,13.0827,80.2707,5.46,27.4,84.12,2.1
2022-10-17,Chennai,13.0827,80.2707,2.69,27.86,82.1,1.88
2022-10-18,Chennai,13.0827,80.2707,6.35,27.66,81.16,1.46
2022-10-19,Chennai,13.0827,80.2707,5.85,27.67,80.37,1.9
2022-10-20,Chennai,13.0827,80.2707,16.88,27.17,85.87,2.1
2022-10-21,Chennai,13.0827,80.2707,6.6,27.25,85.29,2.52
2022-10-22,Chennai,13.0827,80.2707,2.64,27.3,86.71,3.36
2022-10-23,Chennai,13.0827,80.2707,1.41,27.44,76.08,3.44
2022-10-24,Chennai,13.0827,80.2707,0.0,26.14,65.99,2.67
2022-10-25,Chennai,13.0827,80.2707,0.0,26.1,64.27,2.07
2022-10-26,Chennai,13.0827,80.2707,0.02,26.31,65.69,2.75
2022-10-27,Chennai,13.0827,80.2707,2.07,26.44,75.1,3.13
2022-10-28,Chennai,13.0827,80.2707,10.41,26.62,83.52,3.52
2022-10-29,Chennai,13.0827,80.2707,3.87,27.01,80.51,3.86
2022-10-30,Chennai,13.0827,80.2707,7.56,26.81,81.9,4.15
2022-10-31,Chennai,13.0827,80.2707,25.66,25.71,90.31,3.43
2022-11-01,Chennai,13.0827,80.2707,54.46,25.65,85.84,2.44
2022-11-02,Chennai,13.0827,80.2707,28.46,25.63,88.37,3.04
2022-11-03,Chennai,13.0827,80.2707,24.99,25.67,86.58,2.8
2022-11-04,Chennai,13.0827,80.2707,4.36,25.79,84.38,2.05
2022-11-05,Chennai,13.0827,80.2707,3.45,26.43,85.01,2.8
2022-11-06,Chennai,13.0827,80.2707,2.51,26.37,83.12,3.69
2022-11-07,Chennai,13.0827,80.2707,8.51,26.06,84.97,3.39
2022-11-08,Chennai,13.0827,80.2707,4.0,26.05,86.01,3.7
2022-11-09,Chennai,13.0827,80.2707,1.51,26.32,83.88,3.71
2022-11-10,Chennai,13.0827,80.2707,3.84,26.27,83.05,4.69
2022-11-11,Chennai,13.0827,80.2707,67.26,26.09,90.35,5.69
2022-11-12,Chennai,13.0827,80.2707,35.62,26.44,87.95,3.5
2022-11-13,Chennai,13.0827,80.2707,35.91,25.77,88.67,2.25
2022-11-14,Chennai,13.0827,80.2707,7.69,26.26,85.98,3.25
2022-11-15,Chennai,13.0827,80.2707,7.45,25.97,82.74,3.24
2022-11-16,Chennai,13.0827,80.2707,0.01,24.62,80.42,3.19
2022-11-17,Chennai,13.0827,80.2707,0.0,24.14,76.68,3.81
2022-11-18,Chennai,13.0827,80.2707,0.0,24.47,76.51,4.08
2022-11-19,Chennai,13.0827,80.2707,0.0,24.13,77.35,4.46
2022-11-20,Chennai,13.0827,80.2707,0.35,23.07,78.95,4.71
2022-11-21,Chennai,13.0827,80.2707,2.31,23.62,91.87,4.02
2022-11-22,Chennai,13.0827,80.2707,5.68,25.39,92.14,3.44
2022-11-23,Chennai,13.0827,80.2707,9.63,26.18,90.48,2.16
2022-11-24,Chennai,13.0827,80.2707,3.0,25.91,87.32,2.11
2022-11-25,Chennai,13.0827,80.2707,0.3,25.54,86.6,2.01
2022-11-26,Chennai,13.0827,80.2707,0.14,25.84,84.6,1.82
2022-11-27,Chennai,13.0827,80.2707,1.01,25.96,83.83,1.37
2022-11-28,Chennai,13.0827,80.2707,0.05,25.71,81.23,2.0
2022-11-29,Chennai,13.0827,80.2707,0.0,24.69,77.56,2.83
2022-11-30,Chennai,13.0827,80.2707,1.28,24.64,83.2,2.6
2022-12-01,Chennai,13.0827,80.2707,2.14,25.96,86.61,2.61
2022-12-02,Chennai,13.0827,80.2707,0.14,26.07,83.68,2.35
2022-12-03,Chennai,13.0827,80.2707,2.59,26.05,86.39,3.2
2022-12-04,Chennai,13.0827,80.2707,1.1,25.82,86.35,3.68
2022-12-05,Chennai,13.0827,80.2707,0.7,25.87,83.06,3.29
2022-12-06,Chennai,13.0827,80.2707,0.02,25.36,79.81,3.87
2022-12-07,Chennai,13.0827,80.2707,0.01,23.77,81.29,4.74
2022-12-08,Chennai,13.0827,80.2707,14.41,22.52,81.86,6.99
2022-12-09,Chennai,13.0827,80.2707,58.41,23.96,88.93,7.57
2022-12-10,Chennai,13.0827,80.2707,59.93,25.03,89.81,5.18
2022-12-11,Chennai,13.0827,80.2707,14.22,25.37,87.25,3.78
2022-12-12,Chennai,13.0827,80.2707,23.63,25.26,90.18,3.64
2022-12-13,Chennai,13.0827,80.2707,5.64,25.5,87.95,2.54
2022-12-14,Chennai,13.0827,80.2707,0.8,25.36,86.71,2.35
2022-12-15,Chennai,13.0827,80.2707,0.01,24.34,83.55,2.18
2022-12-16,Chennai,13.0827,80.2707,0.03,24.39,84.08,2.5
2022-12-17,Chennai,13.0827,80.2707,0.03,25.2,84.58,2.86
2022-12-18,Chennai,13.0827,80.2707,0.03,24.86,81.93,4.11
2022-12-19,Chennai,13.0827,80.2707,0.04,23.97,82.3,4.03
2022-12-20,Chennai,13.0827,80.2707,0.04,24.21,82.48,4.26
2022-12-21,Chennai,13.0827,80.2707,0.07,24.31,86.31,4.31
2022-12-22,Chennai,13.0827,80.2707,0.52,24.32,83.39,4.44
2022-12-23,Chennai,13.0827,80.2707,0.22,24.63,88.43,4.44
2022-12-24,Chennai,13.0827,80.2707,6.68,25.34,87.36,4.82
2022-12-25,Chennai,13.0827,80.2707,13.2,25.88,89.15,3.88
2022-12-26,Chennai,13.0827,80.2707,3.62,25.58,89.34,2.82
2022-12-27,Chennai,13.0827,80.2707,0.41,25.1,89.17,2.31
2022-12-28,Chennai,13.0827,80.2707,0.02,25.59,83.74,1.82
2022-12-29,Chennai,13.0827,80.2707,0.0,25.27,82.49,1.46
2022-12-30,Chennai,13.0827,80.2707,0.0,25.01,79.06,1.32
2022-12-31,Chennai,13.0827,80.2707,0.0,24.7,78.67,1.23
2023-01-01,Chennai,13.0827,80.2707,0.0,24.36,80.51,1.6
2023-01-02,Chennai,13.0827,80.2707,0.0,24.74,76.93,2.3
2023-01-03,Chennai,13.0827,80.2707,0.01,24.67,77.4,2.64
2023-01-04,Chennai,13.0827,80.2707,0.0,24.68,77.54,3.07
2023-01-05,Chennai,13.0827,80.2707,0.01,24.6,74.79,3.93
2023-01-06,Chennai,13.0827,80.2707,0.01,24.69,77.4,4.43
2023-01-07,Chennai,13.0827,80.2707,0.21,24.44,80.41,3.82
2023-01-08,Chennai,13.0827,80.2707,0.21,23.99,78.94,3.29
2023-01-09,Chennai,13.0827,80.2707,0.0,22.92,72.99,3.2
2023-01-10,Chennai,13.0827,80.2707,0.07,23.08,75.06,3.11
2023-01-11,Chennai,13.0827,80.2707,0.0,23.16,76.15,2.42
2023-01-12,Chennai,13.0827,80.2707,0.0,23.24,74.67,1.65
2023-01-13,Chennai,13.0827,80.2707,0.0,23.15,75.4,1.53
2023-01-14,Chennai,13.0827,80.2707,0.0,22.67,74.14,1.66
2023-01-15,Chennai,13.0827,80.2707,0.0,22.54,75.5,1.67
2023-01-16,Chennai,13.0827,80.2707,0.0,22.55,74.95,2.08
2023-01-17,Chennai,13.0827,80.2707,0.0,23.2,73.37,1.93
2023-01-18,Chennai,13.0827,80.2707,0.0,23.44,72.48,2.4
2023-01-19,Chennai,13.0827,80.2707,0.0,23.68,71.9,2.27
2023-01-20,Chennai,13.0827,80.2707,0.08,23.98,79.81,2.65
2023-01-21,Chennai,13.0827,80.2707,0.02,24.24,78.13,3.2
2023-01-22,Chennai,13.0827,80.2707,0.0,23.75,77.83,3.05
2023-01-23,Chennai,13.0827,80.2707,0.02,24.59,78.83,3.1
2023-01-24,Chennai,13.0827,80.2707,0.01,24.54,75.5,2.65
2023-01-25,Chennai,13.0827,80.2707,0.0,23.71,73.95,2.53
2023-01-26,Chennai,13.0827,80.2707,0.02,24.11,72.82,2.67
2023-01-27,Chennai,13.0827,80.2707,0.0,23.7,75.02,2.65
2023-01-28,Chennai,13.0827,80.2707,0.03,23.93,78.0,2.94
2023-01-29,Chennai,13.0827,80.2707,0.5,24.8,80.23,3.52
2023-01-30,Chennai,13.0827,80.2707,1.86,25.5,82.63,3.58
2023-01-31,Chennai,13.0827,80.2707,0.52,24.98,82.17,3.7
2023-02-01,Chennai,13.0827,80.2707,0.5,25.47,76.48,4.15
2023-02-02,Chennai,13.0827,80.2707,0.18,25.57,78.36,3.87
2023-02-03,Chennai,13.0827,80.2707,0.34,25.8,78.3,3.82
2023-02-04,Chennai,13.0827,80.2707,0.14,25.43,75.58,3.31
2023-02-05,Chennai,13.0827,80.2707,0.0,25.0,72.68,2.67
2023-02-06,Chennai,13.0827,80.2707,0.0,24.88,73.16,2.33
2023-02-07,Chennai,13.0827,80.2707,0.0,24.75,73.56,1.57
2023-02-08,Chennai,13.0827,80.2707,0.0,24.95,73.76,2.09
2023-02-09,Chennai,13.0827,80.2707,0.0,25.08,74.52,1.76
2023-02-10,Chennai,13.0827,80.2707,0.0,25.19,71.65,1.77
2023-02-11,Chennai,13.0827,80.2707,0.0,25.14,68.28,1.56
2023-02-12,Chennai,13.0827,80.2707,0.0,25.19,65.17,1.89
2023-02-13,Chennai,13.0827,80.2707,0.0,25.12,64.43,1.98
2023-02-14,Chennai,13.0827,80.2707,0.0,25.01,69.76,1.93
2023-02-15,Chennai,13.0827,80.2707,0.0,24.71,72.74,1.98
2023-02-16,Chennai,13.0827,80.2707,0.0,24.7,74.12,2.02
2023-02-17,Chennai,13.0827,80.2707,0.0,24.7,73.6,2.13
2023-02-18,Chennai,13.0827,80.2707,0.0,25.17,71.33,2.37
2023-02-19,Chennai,13.0827,80.2707,0.0,25.52,69.58,2.39
2023-02-20,Chennai,13.0827,80.2707,0.0,25.76,65.54,1.9
2023-02-21,Chennai,13.0827,80.2707,0.0,25.78,63.99,1.83
2023-02-22,Chennai,13.0827,80.2707,0.0,25.77,65.33,2.23
2023-02-23,Chennai,13.0827,80.2707,0.0,25.06,67.8,2.24
2023-02-24,Chennai,13.0827,80.2707,0.0,25.32,63.89,1.84
2023-02-25,Chennai,13.0827,80.2707,0.0,25.52,64.98,2.07
2023-02-26,Chennai,13.0827,80.2707,0.0,25.42,67.37,2.36
2023-02-27,Chennai,13.0827,80.2707,0.0,25.82,60.33,2.25
2023-02-28,Chennai,13.0827,80.2707,0.0,26.06,71.67,2.93
2023-03-01,Chennai,13.0827,80.2707,0.01,26.55,72.45,3.32
2023-03-02,Chennai,13.0827,80.2707,0.0,25.92,63.85,3.01
2023-03-03,Chennai,13.0827,80.2707,0.0,25.88,68.59,2.86
2023-03-04,Chennai,13.0827,80.2707,0.0,26.41,66.97,2.9
2023-03-05,Chennai,13.0827,80.2707,0.0,26.45,69.87,2.98
2023-03-06,Chennai,13.0827,80.2707,0.0,26.47,67.86,2.65
2023-03-07,Chennai,13.0827,80.2707,0.0,26.36,68.22,2.47
2023-03-08,Chennai,13.0827,80.2707,0.0,26.7,65.56,3.19
2023-03-09,Chennai,13.0827,80.2707,0.0,27.22,64.5,2.87
2023-03-10,Chennai,13.0827,80.2707,0.0,26.98,69.71,2.93
2023-03-11,Chennai,13.0827,80.2707,0.0,26.76,70.07,3.01
2023-03-12,Chennai,13.0827,80.2707,0.01,27.49,69.92,3.01
2023-03-13,Chennai,13.0827,80.2707,0.01,27.91,66.41,2.71
2023-03-14,Chennai,13.0827,80.2707,0.02,27.75,68.25,2.62
2023-03-15,Chennai,13.0827,80.2707,0.04,27.95,71.71,2.95
2023-03-16,Chennai,13.0827,80.2707,0.13,28.21,71.36,3.34
2023-03-17,Chennai,13.0827,80.2707,10.01,27.93,75.24,2.79
2023-03-18,Chennai,13.0827,80.2707,10.1,27.82,77.04,3.31
2023-03-19,Chennai,13.0827,80.2707,19.92,27.49,77.8,2.42
2023-03-20,Chennai,13.0827,80.2707,11.9,27.52,78.1,3.03
2023-03-21,Chennai,13.0827,80.2707,1.79,28.24,75.92,2.6
2023-03-22,Chennai,13.0827,80.2707,0.39,29.03,73.18,2.88
2023-03-23,Chennai,13.0827,80.2707,2.02,28.81,76.23,3.19
2023-03-24,Chennai,13.0827,80.2707,2.69,28.76,74.99,3.35
2023-03-25,Chennai,13.0827,80.2707,0.03,29.04,72.38,3.01
2023-03-26,Chennai,13.0827,80.2707,0.13,28.96,73.4,2.65
2023-03-27,Chennai,13.0827,80.2707,0.16,29.63,70.9,2.62
2023-03-28,Chennai,13.0827,80.2707,0.03,29.31,71.86,3.12
2023-03-29,Chennai,13.0827,80.2707,0.01,28.95,70.78,3.07
2023-03-30,Chennai,13.0827,80.2707,0.01,28.58,70.01,2.85
2023-03-31,Chennai,13.0827,80.2707,0.01,28.98,67.71,3.52
2023-04-01,Chennai,13.0827,80.2707,0.02,29.27,71.17,3.45
2023-04-02,Chennai,13.0827,80.2707,0.97,29.27,73.05,3.9
2023-04-03,Chennai,13.0827,80.2707,0.26,29.34,74.12,3.71
2023-04-04,Chennai,13.0827,80.2707,0.03,29.51,71.28,3.24
2023-04-05,Chennai,13.0827,80.2707,0.03,28.95,73.8,3.15
2023-04-06,Chennai,13.0827,80.2707,0.01,29.48,70.09,2.8
2023-04-07,Chennai,13.0827,80.2707,0.0,29.29,68.71,2.69
2023-04-08,Chennai,13.0827,80.2707,0.0,29.16,65.65,2.62
2023-04-09,Chennai,13.0827,80.2707,0.01,28.94,68.3,2.71
2023-04-10,Chennai,13.0827,80.2707,0.0,29.01,67.22,2.1
2023-04-11,Chennai,13.0827,80.2707,0.0,29.23,62.6,1.81
2023-04-12,Chennai,13.0827,80.2707,0.0,29.74,57.99,2.0
2023-04-13,Chennai,13.0827,80.2707,0.0,30.69,52.62,2.23
2023-04-14,Chennai,13.0827,80.2707,0.0,30.61,57.99,2.77
2023-04-15,Chennai,13.0827,80.2707,0.0,31.07,55.87,2.52
2023-04-16,Chennai,13.0827,80.2707,0.0,30.31,59.96,2.78
2023-04-17,Chennai,13.0827,80.2707,0.0,31.03,57.25,3.13
2023-04-18,Chennai,13.0827,80.2707,0.0,30.78,60.54,2.6
2023-04-19,Chennai,13.0827,80.2707,0.0,30.8,61.09,2.92
2023-04-20,Chennai,13.0827,80.2707,0.0,31.59,65.28,3.7
2023-04-21,Chennai,13.0827,80.2707,0.12,31.85,64.69,3.97
2023-04-22,Chennai,13.0827,80.2707,0.67,31.62,65.45,3.44
2023-04-23,Chennai,13.0827,80.2707,3.5,31.64,65.07,4.27
2023-04-24,Chennai,13.0827,80.2707,2.17,30.84,67.85,4.1
2023-04-25,Chennai,13.0827,80.2707,2.14,30.07,70.92,3.08
2023-04-26,Chennai,13.0827,80.2707,0.07,30.48,63.51,2.58
2023-04-27,Chennai,13.0827,80.2707,0.09,30.59,65.16,2.64
2023-04-28,Chennai,13.0827,80.2707,0.32,30.92,65.36,2.96
2023-04-29,Chennai,13.0827,80.2707,1.27,30.77,67.18,2.86
2023-04-30,Chennai,13.0827,80.2707,0.55,30.83,64.38,3.0
2023-05-01,Chennai,13.0827,80.2707,14.52,29.21,73.13,2.56
2023-05-02,Chennai,13.0827,80.2707,12.13,28.1,81.9,2.88
2023-05-03,Chennai,13.0827,80.2707,1.28,27.83,82.81,2.68
2023-05-04,Chennai,13.0827,80.2707,0.98,29.45,72.96,1.84
2023-05-05,Chennai,13.0827,80.2707,6.0,28.25,78.33,1.51
2023-05-06,Chennai,13.0827,80.2707,7.4,29.45,71.08,1.28
2023-05-07,Chennai,13.0827,80.2707,3.23,29.32,73.2,2.09
2023-05-08,Chennai,13.0827,80.2707,8.36,29.32,76.05,2.09
2023-05-09,Chennai,13.0827,80.2707,0.14,29.95,71.53,2.27
2023-05-10,Chennai,13.0827,80.2707,0.15,29.88,71.05,2.03
2023-05-11,Chennai,13.0827,80.2707,0.07,30.41,70.36,1.9
2023-05-12,Chennai,13.0827,80.2707,0.06,31.64,66.11,2.38
2023-05-13,Chennai,13.0827,80.2707,0.02,33.29,59.36,3.1
2023-05-14,Chennai,13.0827,80.2707,0.01,34.15,55.34,3.45
2023-05-15,Chennai,13.0827,80.2707,1.03,33.52,59.98,3.11
2023-05-16,Chennai,13.0827,80.2707,0.18,33.34,59.73,2.96
2023-05-17,Chennai,13.0827,80.2707,0.19,32.65,66.61,3.16
2023-05-18,Chennai,13.0827,80.2707,0.1,31.37,71.2,3.06
2023-05-19,Chennai,13.0827,80.2707,0.12,30.9,74.06,3.61
2023-05-20,Chennai,13.0827,80.2707,0.07,31.24,71.64,3.12
2023-05-21,Chennai,13.0827,80.2707,0.17,30.29,76.56,2.99
2023-05-22,Chennai,13.0827,80.2707,0.16,30.38,76.47,3.24
2023-05-23,Chennai,13.0827,80.2707,0.06,30.76,72.5,3.29
2023-05-24,Chennai,13.0827,80.2707,0.06,31.92,65.54,4.03
2023-05-25,Chennai,13.0827,80.2707,0.5,33.23,57.15,2.93
2023-05-26,Chennai,13.0827,80.2707,0.27,33.36,55.67,3.14
2023-05-27,Chennai,13.0827,80.2707,2.46,33.84,55.62,2.64
2023-05-28,Chennai,13.0827,80.2707,0.84,32.91,58.07,3.67
2023-05-29,Chennai,13.0827,80.2707,0.35,32.38,63.99,3.23
2023-05-30,Chennai,13.0827,80.2707,2.08,31.44,68.69,2.87
2023-05-31,Chennai,13.0827,80.2707,0.58,31.25,69.9,1.85
2023-06-01,Chennai,13.0827,80.2707,0.5,32.34,63.01,3.92
2023-06-02,Chennai,13.0827,80.2707,0.17,33.1,57.72,3.12
2023-06-03,Chennai,13.0827,80.2707,0.04,33.76,54.76,4.25
2023-06-04,Chennai,13.0827,80.2707,0.03,33.53,55.26,3.4
2023-06-05,Chennai,13.0827,80.2707,2.71,31.66,62.43,5.14
2023-06-06,Chennai,13.0827,80.2707,1.2,32.2,59.27,4.5
2023-06-07,Chennai,13.0827,80.2707,3.04,28.61,75.89,5.11
2023-06-08,Chennai,13.0827,80.2707,0.35,31.11,66.19,4.75
2023-06-09,Chennai,13.0827,80.2707,5.24,30.34,69.86,4.0
2023-06-10,Chennai,13.0827,80.2707,6.7,31.31,65.1,2.34
2023-06-11,Chennai,13.0827,80.2707,0.01,31.81,59.37,4.2
2023-06-12,Chennai,13.0827,80.2707,4.57,31.78,63.28,3.57
2023-06-13,Chennai,13.0827,80.2707,2.31,31.16,66.78,2.8
2023-06-14,Chennai,13.0827,80.2707,2.5,30.27,71.26,3.56
2023-06-15,Chennai,13.0827,80.2707,0.73,31.3,65.04,3.29
2023-06-16,Chennai,13.0827,80.2707,1.61,32.16,64.13,3.01
2023-06-17,Chennai,13.0827,80.2707,8.83,29.26,72.75,4.17
2023-06-18,Chennai,13.0827,80.2707,48.9,27.98,80.55,3.89
2023-06-19,Chennai,13.0827,80.2707,21.5,29.47,75.81,3.44
2023-06-20,Chennai,13.0827,80.2707,12.83,29.48,76.98,2.61
2023-06-21,Chennai,13.0827,80.2707,1.73,27.48,81.24,2.19
2023-06-22,Chennai,13.0827,80.2707,8.34,28.79,79.69,1.72
2023-06-23,Chennai,13.0827,80.2707,6.08,29.25,77.83,2.15
2023-06-24,Chennai,13.0827,80.2707,3.76,29.23,74.83,2.5
2023-06-25,Chennai,13.0827,80.2707,7.82,28.27,80.21,3.28
2023-06-26,Chennai,13.0827,80.2707,0.15,29.75,70.56,2.35
2023-06-27,Chennai,13.0827,80.2707,0.15,30.14,69.05,2.06
2023-06-28,Chennai,13.0827,80.2707,0.16,29.66,68.03,3.11
2023-06-29,Chennai,13.0827,80.2707,1.62,30.08,69.4,2.35
2023-06-30,Chennai,13.0827,80.2707,0.56,30.74,66.42,2.55
2023-07-01,Chennai,13.0827,80.2707,3.01,30.25,69.37,2.16
2023-07-02,Chennai,13.0827,80.2707,3.24,27.44,78.47,4.18
2023-07-03,Chennai,13.0827,80.2707,4.82,27.97,80.12,3.42
2023-07-04,Chennai,13.0827,80.2707,3.92,28.23,79.22,2.98
2023-07-05,Chennai,13.0827,80.2707,1.34,29.46,67.13,4.57
2023-07-06,Chennai,13.0827,80.2707,0.15,29.09,69.75,4.24
2023-07-07,Chennai,13.0827,80.2707,0.22,29.37,68.08,3.52
2023-07-08,Chennai,13.0827,80.2707,1.94,29.72,69.84,2.6
2023-07-09,Chennai,13.0827,80.2707,4.36,29.79,70.06,2.21
2023-07-10,Chennai,13.0827,80.2707,8.05,28.83,77.62,2.68
2023-07-11,Chennai,13.0827,80.2707,3.13,28.86,76.32,2.75
2023-07-12,Chennai,13.0827,80.2707,12.22,29.08,73.82,2.44
2023-07-13,Chennai,13.0827,80.2707,11.25,29.26,72.59,3.18
2023-07-14,Chennai,13.0827,80.2707,0.46,29.93,71.98,2.97
2023-07-15,Chennai,13.0827,80.2707,0.14,29.79,68.5,3.02
2023-07-16,Chennai,13.0827,80.2707,0.06,30.05,71.23,2.13
2023-07-17,Chennai,13.0827,80.2707,0.11,30.07,71.34,3.18
2023-07-18,Chennai,13.0827,80.2707,0.04,30.27,68.44,3.78
2023-07-19,Chennai,13.0827,80.2707,0.54,30.18,64.86,4.34
2023-07-20,Chennai,13.0827,80.2707,0.03,30.02,65.02,5.2
2023-07-21,Chennai,13.0827,80.2707,0.55,29.98,67.67,4.6
2023-07-22,Chennai,13.0827,80.2707,6.07,29.94,68.46,4.21
2023-07-23,Chennai,13.0827,80.2707,2.07,29.18,73.19,3.43
2023-07-24,Chennai,13.0827,80.2707,7.47,27.96,79.37,3.94
2023-07-25,Chennai,13.0827,80.2707,6.91,27.46,79.23,3.77
2023-07-26,Chennai,13.0827,80.2707,6.64,28.81,74.17,4.36
2023-07-27,Chennai,13.0827,80.2707,0.02,29.15,68.17,4.68
2023-07-28,Chennai,13.0827,80.2707,0.03,30.39,64.83,3.84
2023-07-29,Chennai,13.0827,80.2707,0.1,31.12,62.34,4.44
2023-07-30,Chennai,13.0827,80.2707,0.33,31.32,63.59,3.76
2023-07-31,Chennai,13.0827,80.2707,0.18,30.94,67.77,3.21
2023-08-01,Chennai,13.0827,80.2707,0.07,31.57,64.38,3.37
2023-08-02,Chennai,13.0827,80.2707,0.03,31.14,62.46,3.22
2023-08-03,Chennai,13.0827,80.2707,0.23,31.04,66.03,2.94
2023-08-04,Chennai,13.0827,80.2707,0.7,31.02,66.32,2.81
2023-08-05,Chennai,13.0827,80.2707,0.21,31.2,65.45,2.66
2023-08-06,Chennai,13.0827,80.2707,0.17,30.97,67.26,2.79
2023-08-07,Chennai,13.0827,80.2707,0.49,30.64,67.78,2.96
2023-08-08,Chennai,13.0827,80.2707,0.21,30.4,67.4,2.34
2023-08-09,Chennai,13.0827,80.2707,2.38,30.0,71.83,2.34
2023-08-10,Chennai,13.0827,80.2707,7.97,29.62,73.72,2.27
2023-08-11,Chennai,13.0827,80.2707,7.84,29.61,72.25,1.9
2023-08-12,Chennai,13.0827,80.2707,7.11,30.08,72.1,2.51
2023-08-13,Chennai,13.0827,80.2707,11.98,29.8,73.46,2.0
2023-08-14,Chennai,13.0827,80.2707,23.59,29.1,78.19,1.87
2023-08-15,Chennai,13.0827,80.2707,10.31,28.94,77.09,2.27
2023-08-16,Chennai,13.0827,80.2707,7.46,29.24,76.21,2.44
2023-08-17,Chennai,13.0827,80.2707,23.85,28.76,80.85,2.59
2023-08-18,Chennai,13.0827,80.2707,2.91,29.81,73.07,2.41
2023-08-19,Chennai,13.0827,80.2707,5.86,29.82,70.72,1.98
2023-08-20,Chennai,13.0827,80.2707,1.54,29.92,71.66,2.27
2023-08-21,Chennai,13.0827,80.2707,3.55,29.73,74.99,2.42
2023-08-22,Chennai,13.0827,80.2707,10.89,29.22,78.93,2.51
2023-08-23,Chennai,13.0827,80.2707,16.42,28.65,81.11,2.44
2023-08-24,Chennai,13.0827,80.2707,20.33,27.85,84.03,1.8
2023-08-25,Chennai,13.0827,80.2707,1.48,28.26,82.66,2.03
2023-08-26,Chennai,13.0827,80.2707,5.42,28.51,81.71,2.48
2023-08-27,Chennai,13.0827,80.2707,16.61,28.78,79.99,1.79
2023-08-28,Chennai,13.0827,80.2707,4.07,28.63,79.26,2.96
2023-08-29,Chennai,13.0827,80.2707,10.59,28.29,81.77,2.43
2023-08-30,Chennai,13.0827,80.2707,5.64,28.74,79.96,2.3
2023-08-31,Chennai,13.0827,80.2707,3.02,28.18,84.84,2.24
2023-09-01,Chennai,13.0827,80.2707,2.24,28.75,80.74,3.18
2023-09-02,Chennai,13.0827,80.2707,5.46,28.18,84.27,2.88
2023-09-03,Chennai,13.0827,80.2707,32.16,27.46,83.87,2.33
2023-09-04,Chennai,13.0827,80.2707,2.04,27.68,79.72,2.99
2023-09-05,Chennai,13.0827,80.2707,2.52,28.08,75.87,3.62
2023-09-06,Chennai,13.0827,80.2707,4.57,28.21,80.55,3.49
2023-09-07,Chennai,13.0827,80.2707,19.19,28.23,79.55,3.74
2023-09-08,Chennai,13.0827,80.2707,1.06,28.23,77.26,3.55
2023-09-09,Chennai,13.0827,80.2707,0.3,27.93,78.56,3.12
2023-09-10,Chennai,13.0827,80.2707,0.66,26.91,84.83,2.83
2023-09-11,Chennai,13.0827,80.2707,0.55,28.06,78.55,2.42
2023-09-12,Chennai,13.0827,80.2707,1.8,28.81,76.71,2.27
2023-09-13,Chennai,13.0827,80.2707,8.37,28.81,77.87,2.17
2023-09-14,Chennai,13.0827,80.2707,4.99,28.94,77.34,3.06
2023-09-15,Chennai,13.0827,80.2707,4.02,28.48,77.47,3.47
2023-09-16,Chennai,13.0827,80.2707,27.6,27.63,82.93,3.48
2023-09-17,Chennai,13.0827,80.2707,7.4,28.13,82.79,2.67
2023-09-18,Chennai,13.0827,80.2707,6.86,28.22,82.13,2.75
2023-09-19,Chennai,13.0827,80.2707,4.7,27.92,82.96,2.94
2023-09-20,Chennai,13.0827,80.2707,3.42,27.75,82.64,2.34
2023-09-21,Chennai,13.0827,80.2707,4.08,27.15,84.23,2.67
2023-09-22,Chennai,13.0827,80.2707,0.91,28.22,82.57,2.73
2023-09-23,Chennai,13.0827,80.2707,4.18,28.61,84.47,3.08
2023-09-24,Chennai,13.0827,80.2707,13.01,28.3,84.45,2.74
2023-09-25,Chennai,13.0827,80.2707,16.03,26.79,88.59,2.65
2023-09-26,Chennai,13.0827,80.2707,10.41,27.58,85.21,2.84
2023-09-27,Chennai,13.0827,80.2707,4.95,27.77,82.77,2.5
2023-09-28,Chennai,13.0827,80.2707,12.18,28.02,82.37,2.31
2023-09-29,Chennai,13.0827,80.2707,9.79,27.59,85.03,3.44
2023-09-30,Chennai,13.0827,80.2707,8.53,27.72,80.61,3.04
2023-10-01,Chennai,13.0827,80.2707,1.19,27.44,82.99,3.62
2023-10-02,Chennai,13.0827,80.2707,0.69,27.53,82.8,3.89
2023-10-03,Chennai,13.0827,80.2707,0.64,28.57,78.69,3.08
2023-10-04,Chennai,13.0827,80.2707,5.0,28.87,80.29,2.3
2023-10-05,Chennai,13.0827,80.2707,3.78,28.96,80.17,1.76
2023-10-06,Chennai,13.0827,80.2707,2.56,28.36,82.18,1.8
2023-10-07,Chennai,13.0827,80.2707,1.1,28.68,82.33,1.65
2023-10-08,Chennai,13.0827,80.2707,0.63,28.23,85.94,2.38
2023-10-09,Chennai,13.0827,80.2707,0.4,28.05,85.96,2.1
2023-10-10,Chennai,13.0827,80.2707,2.95,28.03,86.32,1.81
2023-10-11,Chennai,13.0827,80.2707,2.44,28.04,82.89,1.61
2023-10-12,Chennai,13.0827,80.2707,0.04,27.62,80.09,1.96
2023-10-13,Chennai,13.0827,80.2707,0.7,27.16,79.15,1.84
2023-10-14,Chennai,13.0827,80.2707,3.96,27.58,81.34,1.7
2023-10-15,Chennai,13.0827,80.2707,0.86,27.34,83.92,1.56
2023-10-16,Chennai,13.0827,80.2707,0.7,27.73,82.46,1.96
2023-10-17,Chennai,13.0827,80.2707,0.24,27.83,79.77,2.48
2023-10-18,Chennai,13.0827,80.2707,0.01,27.73,75.35,2.54
2023-10-19,Chennai,13.0827,80.2707,0.0,27.62,77.26,2.3
2023-10-20,Chennai,13.0827,80.2707,0.26,27.65,78.06,2.09
2023-10-21,Chennai,13.0827,80.2707,7.89,27.74,81.5,3.11
2023-10-22,Chennai,13.0827,80.2707,0.46,27.78,79.91,3.04
2023-10-23,Chennai,13.0827,80.2707,0.01,27.41,68.17,2.28
2023-10-24,Chennai,13.0827,80.2707,0.0,27.22,69.26,1.6
2023-10-25,Chennai,13.0827,80.2707,0.01,27.61,71.58,1.88
2023-10-26,Chennai,13.0827,80.2707,0.01,27.34,76.89,2.18
2023-10-27,Chennai,13.0827,80.2707,0.03,27.55,78.88,2.38
2023-10-28,Chennai,13.0827,80.2707,1.34,27.89,78.68,1.99
2023-10-29,Chennai,13.0827,80.2707,7.24,27.43,83.19,2.11
2023-10-30,Chennai,13.0827,80.2707,8.84,26.63,85.25,2.18
2023-10-31,Chennai,13.0827,80.2707,1.3,27.41,80.58,3.28
2023-11-01,Chennai,13.0827,80.2707,5.87,27.75,83.84,3.67
2023-11-02,Chennai,13.0827,80.2707,5.84,27.78,82.65,2.64
2023-11-03,Chennai,13.0827,80.2707,18.86,26.99,88.05,1.81
2023-11-04,Chennai,13.0827,80.2707,24.68,26.95,86.19,2.36
2023-11-05,Chennai,13.0827,80.2707,9.19,26.7,85.35,1.34
2023-11-06,Chennai,13.0827,80.2707,8.74,27.14,83.1,1.5
2023-11-07,Chennai,13.0827,80.2707,4.44,26.96,85.91,2.32
2023-11-08,Chennai,13.0827,80.2707,5.75,26.76,86.15,2.1
2023-11-09,Chennai,13.0827,80.2707,12.07,26.59,87.36,2.05
2023-11-10,Chennai,13.0827,80.2707,1.73,27.06,83.34,3.06
2023-11-11,Chennai,13.0827,80.2707,0.01,26.6,78.08,3.38
2023-11-12,Chennai,13.0827,80.2707,0.03,26.87,75.52,3.63
2023-11-13,Chennai,13.0827,80.2707,5.77,27.06,81.36,4.18
2023-11-14,Chennai,13.0827,80.2707,40.48,26.14,88.39,4.14
2023-11-15,Chennai,13.0827,80.2707,10.98,26.13,90.77,4.36
2023-11-16,Chennai,13.0827,80.2707,3.49,26.8,84.68,3.56
2023-11-17,Chennai,13.0827,80.2707,0.9,26.74,85.04,3.29
2023-11-18,Chennai,13.0827,80.2707,0.76,27.01,84.42,3.94
2023-11-19,Chennai,13.0827,80.2707,0.38,27.0,84.85,3.94
2023-11-20,Chennai,13.0827,80.2707,18.5,26.57,90.63,4.2
2023-11-21,Chennai,13.0827,80.2707,14.95,27.01,86.09,2.77
2023-11-22,Chennai,13.0827,80.2707,11.15,26.8,85.57,2.17
2023-11-23,Chennai,13.0827,80.2707,11.14,26.93,86.25,1.36
2023-11-24,Chennai,13.0827,80.2707,14.33,26.66,89.94,2.67
2023-11-25,Chennai,13.0827,80.2707,11.86,26.91,86.08,3.65
2023-11-26,Chennai,13.0827,80.2707,7.68,26.71,85.85,3.83
2023-11-27,Chennai,13.0827,80.2707,18.5,26.82,86.53,3.05
2023-11-28,Chennai,13.0827,80.2707,14.1,26.89,85.59,3.33
2023-11-29,Chennai,13.0827,80.2707,45.11,26.36,87.08,2.91
2023-11-30,Chennai,13.0827,80.2707,19.95,26.02,88.69,2.88
2023-12-01,Chennai,13.0827,80.2707,13.28,26.32,86.66,3.87
2023-12-02,Chennai,13.0827,80.2707,35.1,26.38,88.14,5.36
2023-12-03,Chennai,13.0827,80.2707,50.09,26.28,90.4,6.86
2023-12-04,Chennai,13.0827,80.2707,187.88,24.8,89.68,11.28
2023-12-05,Chennai,13.0827,80.2707,2.58,25.84,86.3,4.57
2023-12-06,Chennai,13.0827,80.2707,1.83,27.07,87.78,1.63
2023-12-07,Chennai,13.0827,80.2707,1.35,27.07,87.08,1.62
2023-12-08,Chennai,13.0827,80.2707,0.69,26.38,89.08,3.05
2023-12-09,Chennai,13.0827,80.2707,0.34,26.1,86.13,3.56
2023-12-10,Chennai,13.0827,80.2707,0.07,25.51,84.14,3.41
2023-12-11,Chennai,13.0827,80.2707,0.08,25.1,84.5,3.2
2023-12-12,Chennai,13.0827,80.2707,0.12,24.49,81.09,3.04
2023-12-13,Chennai,13.0827,80.2707,0.02,24.29,77.51,3.39
2023-12-14,Chennai,13.0827,80.2707,0.03,24.53,80.25,3.97
2023-12-15,Chennai,13.0827,80.2707,7.0,25.18,88.2,4.39
2023-12-16,Chennai,13.0827,80.2707,1.85,25.99,86.69,4.49
2023-12-17,Chennai,13.0827,80.2707,0.13,25.5,83.44,4.21
2023-12-18,Chennai,13.0827,80.2707,0.04,25.15,81.4,4.35
2023-12-19,Chennai,13.0827,80.2707,0.01,24.75,81.44,4.28
2023-12-20,Chennai,13.0827,80.2707,0.01,24.69,82.83,4.06
2023-12-21,Chennai,13.0827,80.2707,0.02,24.69,83.89,3.55
2023-12-22,Chennai,13.0827,80.2707,0.0,24.23,80.25,2.73
2023-12-23,Chennai,13.0827,80.2707,0.0,23.75,77.38,2.54
2023-12-24,Chennai,13.0827,80.2707,0.01,24.62,84.37,4.12
2023-12-25,Chennai,13.0827,80.2707,0.02,25.17,85.29,4.14
2023-12-26,Chennai,13.0827,80.2707,0.0,24.53,82.05,3.52
2023-12-27,Chennai,13.0827,80.2707,0.02,24.45,80.46,3.98
2023-12-28,Chennai,13.0827,80.2707,0.15,25.1,84.87,4.0
2023-12-29,Chennai,13.0827,80.2707,0.21,25.2,84.25,4.04
2023-12-30,Chennai,13.0827,80.2707,0.01,24.34,80.46,3.3
2023-12-31,Chennai,13.0827,80.2707,0.01,24.46,77.83,2.89
2019-01-01,Coimbatore,11.0168,76.9558,0.0,20.37,63.57,2.01
2019-01-02,Coimbatore,11.0168,76.9558,0.0,19.84,64.52,2.2
2019-01-03,Coimbatore,11.0168,76.9558,0.0,20.33,65.91,2.19
2019-01-04,Coimbatore,11.0168,76.9558,0.0,20.31,64.99,2.34
2019-01-05,Coimbatore,11.0168,76.9558,0.0,20.27,67.04,1.96
2019-01-06,Coimbatore,11.0168,76.9558,0.0,20.83,68.13,1.74
2019-01-07,Coimbatore,11.0168,76.9558,0.0,21.42,67.0,1.7
2019-01-08,Coimbatore,11.0168,76.9558,0.0,22.04,62.59,1.76
2019-01-09,Coimbatore,11.0168,76.9558,0.0,21.27,60.49,1.79
2019-01-10,Coimbatore,11.0168,76.9558,0.0,21.25,61.81,1.8
2019-01-11,Coimbatore,11.0168,76.9558,0.0,21.85,64.53,1.56
2019-01-12,Coimbatore,11.0168,76.9558,0.0,21.86,64.05,1.89
2019-01-13,Coimbatore,11.0168,76.9558,0.0,21.73,58.39,1.73
2019-01-14,Coimbatore,11.0168,76.9558,0.0,22.17,66.4,1.79
2019-01-15,Coimbatore,11.0168,76.9558,0.03,22.09,56.38,1.8
2019-01-16,Coimbatore,11.0168,76.9558,0.0,21.51,55.18,1.98
2019-01-17,Coimbatore,11.0168,76.9558,0.0,21.71,61.17,2.03
2019-01-18,Coimbatore,11.0168,76.9558,0.0,21.58,59.46,1.91
2019-01-19,Coimbatore,11.0168,76.9558,0.0,21.78,56.03,1.85
2019-01-20,Coimbatore,11.0168,76.9558,0.0,21.63,52.79,2.07
2019-01-21,Coimbatore,11.0168,76.9558,0.0,21.62,51.06,1.72
2019-01-22,Coimbatore,11.0168,76.9558,0.0,22.34,51.94,1.32
2019-01-23,Coimbatore,11.0168,76.9558,0.0,23.13,52.62,1.25
2019-01-24,Coimbatore,11.0168,76.9558,0.0,24.51,56.85,0.93
2019-01-25,Coimbatore,11.0168,76.9558,0.0,25.14,61.74,1.04
2019-01-26,Coimbatore,11.0168,76.9558,0.0,26.17,61.5,0.82
2019-01-27,Coimbatore,11.0168,76.9558,0.0,26.38,60.41,1.12
2019-01-28,Coimbatore,11.0168,76.9558,0.0,26.3,58.28,1.05
2019-01-29,Coimbatore,11.0168,76.9558,0.02,25.52,55.47,2.03
2019-01-30,Coimbatore,11.0168,76.9558,0.05,24.9,54.64,2.39
2019-01-31,Coimbatore,11.0168,76.9558,0.0,24.55,57.18,2.41
2019-02-01,Coimbatore,11.0168,76.9558,0.0,24.41,56.31,1.93
2019-02-02,Coimbatore,11.0168,76.9558,0.0,25.25,55.67,1.5
2019-02-03,Coimbatore,11.0168,76.9558,0.0,25.73,53.32,2.0
2019-02-04,Coimbatore,11.0168,76.9558,0.0,25.9,55.01,2.54
2019-02-05,Coimbatore,11.0168,76.9558,0.02,25.65,58.9,2.45
2019-02-06,Coimbatore,11.0168,76.9558,0.04,26.03,53.16,2.02
2019-02-07,Coimbatore,11.0168,76.9558,0.1,26.8,52.58,1.23
2019-02-08,Coimbatore,11.0168,76.9558,0.0,27.58,55.42,0.88
2019-02-09,Coimbatore,11.0168,76.9558,1.95,27.44,61.53,0.84
2019-02-10,Coimbatore,11.0168,76.9558,3.48,26.59,66.8,0.85
2019-02-11,Coimbatore,11.0168,76.9558,0.21,26.43,58.48,2.95
2019-02-12,Coimbatore,11.0168,76.9558,0.0,25.76,56.28,3.4
2019-02-13,Coimbatore,11.0168,76.9558,0.0,25.61,52.22,2.84
2019-02-14,Coimbatore,11.0168,76.9558,0.0,26.44,57.22,2.23
2019-02-15,Coimbatore,11.0168,76.9558,0.04,27.9,55.26,1.38
2019-02-16,Coimbatore,11.0168,76.9558,0.04,28.73,53.34,1.18
2019-02-17,Coimbatore,11.0168,76.9558,0.01,28.65,51.33,1.8
2019-02-18,Coimbatore,11.0168,76.9558,0.0,28.39,44.03,0.97
2019-02-19,Coimbatore,11.0168,76.9558,2.07,28.17,53.04,1.5
2019-02-20,Coimbatore,11.0168,76.9558,0.83,27.61,53.63,2.71
2019-02-21,Coimbatore,11.0168,76.9558,0.0,26.65,49.35,2.56
2019-02-22,Coimbatore,11.0168,76.9558,0.0,25.47,44.93,2.65
2019-02-23,Coimbatore,11.0168,76.9558,0.0,25.71,39.47,2.53
2019-02-24,Coimbatore,11.0168,76.9558,0.0,26.2,40.81,2.15
2019-02-25,Coimbatore,11.0168,76.9558,0.0,27.31,37.08,1.38
2019-02-26,Coimbatore,11.0168,76.9558,0.0,28.1,49.4,1.12
2019-02-27,Coimbatore,11.0168,76.9558,0.0,28.22,56.83,2.32
2019-02-28,Coimbatore,11.0168,76.9558,0.1,28.25,53.2,1.65
2019-03-01,Coimbatore,11.0168,76.9558,2.0,29.14,52.21,1.01
2019-03-02,Coimbatore,11.0168,76.9558,6.75,28.29,58.92,1.66
2019-03-03,Coimbatore,11.0168,76.9558,0.08,28.34,55.83,1.34
2019-03-04,Coimbatore,11.0168,76.9558,0.0,28.52,53.82,1.22
2019-03-05,Coimbatore,11.0168,76.9558,0.0,29.08,55.45,1.32
2019-03-06,Coimbatore,11.0168,76.9558,0.54,29.04,55.97,1.91
2019-03-07,Coimbatore,11.0168,76.9558,0.33,29.45,54.61,1.88
2019-03-08,Coimbatore,11.0168,76.9558,0.01,28.66,58.65,2.31
2019-03-09,Coimbatore,11.0168,76.9558,1.66,28.3,59.13,1.2
2019-03-10,Coimbatore,11.0168,76.9558,1.77,28.92,59.0,1.01
2019-03-11,Coimbatore,11.0168,76.9558,0.0,29.17,51.07,1.38
2019-03-12,Coimbatore,11.0168,76.9558,0.0,28.24,42.15,1.94
2019-03-13,Coimbatore,11.0168,76.9558,0.0,27.6,35.85,2.19
2019-03-14,Coimbatore,11.0168,76.9558,0.0,27.76,34.3,2.31
2019-03-15,Coimbatore,11.0168,76.9558,0.0,27.97,31.81,2.18
2019-03-16,Coimbatore,11.0168,76.9558,0.0,27.76,38.46,1.87
2019-03-17,Coimbatore,11.0168,76.9558,0.0,28.13,39.44,1.51
2019-03-18,Coimbatore,11.0168,76.9558,0.06,28.77,48.32,1.15
2019-03-19,Coimbatore,11.0168,76.9558,0.14,29.06,53.02,1.0
2019-03-20,Coimbatore,11.0168,76.9558,0.0,29.5,51.49,0.89
2019-03-21,Coimbatore,11.0168,76.9558,0.0,29.47,45.23,1.32
2019-03-22,Coimbatore,11.0168,76.9558,0.0,29.32,44.63,1.36
2019-03-23,Coimbatore,11.0168,76.9558,0.0,29.96,45.45,0.89
2019-03-24,Coimbatore,11.0168,76.9558,0.0,30.46,44.27,1.49
2019-03-25,Coimbatore,11.0168,76.9558,0.0,30.26,39.65,1.95
2019-03-26,Coimbatore,11.0168,76.9558,0.01,30.13,40.04,1.9
2019-03-27,Coimbatore,11.0168,76.9558,0.05,29.39,35.94,1.44
2019-03-28,Coimbatore,11.0168,76.9558,0.0,30.06,42.01,1.76
2019-03-29,Coimbatore,11.0168,76.9558,0.0,30.44,47.59,1.26
2019-03-30,Coimbatore,11.0168,76.9558,0.0,30.46,48.26,1.52
2019-03-31,Coimbatore,11.0168,76.9558,0.0,30.48,49.7,1.36
2019-04-01,Coimbatore,11.0168,76.9558,0.0,30.41,49.9,1.62
2019-04-02,Coimbatore,11.0168,76.9558,0.0,30.82,47.9,1.38
2019-04-03,Coimbatore,11.0168,76.9558,0.0,31.06,43.17,1.62
2019-04-04,Coimbatore,11.0168,76.9558,0.0,30.25,43.27,1.19
2019-04-05,Coimbatore,11.0168,76.9558,0.04,30.52,47.12,1.31
2019-04-06,Coimbatore,11.0168,76.9558,0.06,30.66,44.13,1.31
2019-04-07,Coimbatore,11.0168,76.9558,0.0,31.0,44.37,1.0
2019-04-08,Coimbatore,11.0168,76.9558,0.13,31.14,47.35,1.39
2019-04-09,Coimbatore,11.0168,76.9558,0.45,30.94,52.89,1.44
2019-04-10,Coimbatore,11.0168,76.9558,0.11,31.4,47.04,1.54
2019-04-11,Coimbatore,11.0168,76.9558,0.0,31.04,46.16,1.32
2019-04-12,Coimbatore,11.0168,76.9558,0.0,31.58,41.36,1.26
2019-04-13,Coimbatore,11.0168,76.9558,0.0,31.21,40.55,1.65
2019-04-14,Coimbatore,11.0168,76.9558,0.0,31.1,36.4,1.81
2019-04-15,Coimbatore,11.0168,76.9558,0.0,30.24,45.82,0.96
2019-04-16,Coimbatore,11.0168,76.9558,1.79,30.65,53.86,1.54
2019-04-17,Coimbatore,11.0168,76.9558,8.26,28.17,69.13,1.05
2019-04-18,Coimbatore,11.0168,76.9558,5.85,28.96,66.65,1.24
2019-04-19,Coimbatore,11.0168,76.9558,8.96,28.11,71.95,1.27
2019-04-20,Coimbatore,11.0168,76.9558,16.22,27.32,76.22,1.15
2019-04-21,Coimbatore,11.0168,76.9558,8.89,27.61,71.25,1.28
2019-04-22,Coimbatore,11.0168,76.9558,9.75,28.74,66.6,0.89
2019-04-23,Coimbatore,11.0168,76.9558,13.79,28.4,68.2,1.1
2019-04-24,Coimbatore,11.0168,76.9558,0.43,28.68,63.17,0.92
2019-04-25,Coimbatore,11.0168,76.9558,0.75,28.74,62.36,0.88
2019-04-26,Coimbatore,11.0168,76.9558,0.77,29.07,64.34,1.17
2019-04-27,Coimbatore,11.0168,76.9558,0.02,30.01,61.67,1.28
2019-04-28,Coimbatore,11.0168,76.9558,0.0,29.78,61.03,1.1
2019-04-29,Coimbatore,11.0168,76.9558,0.5,27.86,71.9,1.83
2019-04-30,Coimbatore,11.0168,76.9558,0.84,26.83,74.8,3.02
2019-05-01,Coimbatore,11.0168,76.9558,2.13,27.04,72.89,3.48
2019-05-02,Coimbatore,11.0168,76.9558,0.29,27.07,69.79,3.12
2019-05-03,Coimbatore,11.0168,76.9558,0.0,27.31,65.6,3.16
2019-05-04,Coimbatore,11.0168,76.9558,0.0,27.72,64.03,2.59
2019-05-05,Coimbatore,11.0168,76.9558,0.0,28.46,65.06,1.65
2019-05-06,Coimbatore,11.0168,76.9558,0.22,29.42,64.75,1.73
2019-05-07,Coimbatore,11.0168,76.9558,1.11,27.57,73.06,2.85
2019-05-08,Coimbatore,11.0168,76.9558,1.9,26.05,74.52,2.6
2019-05-09,Coimbatore,11.0168,76.9558,2.01,27.51,68.56,2.09
2019-05-10,Coimbatore,11.0168,76.9558,1.33,28.85,65.12,1.63
2019-05-11,Coimbatore,11.0168,76.9558,1.03,28.36,70.19,1.89
2019-05-12,Coimbatore,11.0168,76.9558,0.98,28.16,71.05,1.92
2019-05-13,Coimbatore,11.0168,76.9558,0.2,28.35,67.91,2.09
2019-05-14,Coimbatore,11.0168,76.9558,0.96,28.1,69.46,2.11
2019-05-15,Coimbatore,11.0168,76.9558,8.62,27.28,76.56,1.8
2019-05-16,Coimbatore,11.0168,76.9558,1.83,28.18,71.31,1.7
2019-05-17,Coimbatore,11.0168,76.9558,1.23,27.62,73.6,1.61
2019-05-18,Coimbatore,11.0168,76.9558,0.16,28.09,70.52,1.09
2019-05-19,Coimbatore,11.0168,76.9558,0.02,28.86,68.81,1.51
2019-05-20,Coimbatore,11.0168,76.9558,0.0,29.71,63.66,1.22
2019-05-21,Coimbatore,11.0168,76.9558,0.44,28.47,69.04,1.87
2019-05-22,Coimbatore,11.0168,76.9558,0.21,29.75,62.85,1.26
2019-05-23,Coimbatore,11.0168,76.9558,0.16,28.35,70.7,2.22
2019-05-24,Coimbatore,11.0168,76.9558,0.92,27.54,75.34,2.12
2019-05-25,Coimbatore,11.0168,76.9558,2.91,26.71,77.86,2.89
2019-05-26,Coimbatore,11.0168,76.9558,1.0,27.22,76.6,2.62
2019-05-27,Coimbatore,11.0168,76.9558,0.33,28.8,69.39,1.68
2019-05-28,Coimbatore,11.0168,76.9558,10.51,28.6,70.2,1.93
2019-05-29,Coimbatore,11.0168,76.9558,10.06,27.06,79.73,1.68
2019-05-30,Coimbatore,11.0168,76.9558,3.14,27.09,74.19,1.87
2019-05-31,Coimbatore,11.0168,76.9558,4.73,25.93,76.23,2.05
2019-06-01,Coimbatore,11.0168,76.9558,0.84,27.43,72.57,2.35
2019-06-02,Coimbatore,11.0168,76.9558,4.47,27.15,77.11,2.79
2019-06-03,Coimbatore,11.0168,76.9558,0.94,26.13,80.61,2.26
2019-06-04,Coimbatore,11.0168,76.9558,10.61,26.3,79.06,2.83
2019-06-05,Coimbatore,11.0168,76.9558,16.98,26.42,78.36,1.42
2019-06-06,Coimbatore,11.0168,76.9558,4.55,27.09,79.0,1.31
2019-06-07,Coimbatore,11.0168,76.9558,0.8,26.47,81.73,2.51
2019-06-08,Coimbatore,11.0168,76.9558,0.71,26.81,76.39,2.65
2019-06-09,Coimbatore,11.0168,76.9558,4.33,25.84,77.27,3.02
2019-06-10,Coimbatore,11.0168,76.9558,5.86,25.48,79.98,3.42
2019-06-11,Coimbatore,11.0168,76.9558,6.54,25.82,79.93,4.23
2019-06-12,Coimbatore,11.0168,76.9558,2.58,26.03,80.35,4.27
2019-06-13,Coimbatore,11.0168,76.9558,2.25,25.82,80.95,4.1
2019-06-14,Coimbatore,11.0168,76.9558,5.33,25.19,78.01,3.51
2019-06-15,Coimbatore,11.0168,76.9558,2.61,25.7,77.26,2.95
2019-06-16,Coimbatore,11.0168,76.9558,0.48,26.65,78.61,3.0
2019-06-17,Coimbatore,11.0168,76.9558,0.39,26.53,78.04,3.24
2019-06-18,Coimbatore,11.0168,76.9558,1.77,26.48,77.3,3.19
2019-06-19,Coimbatore,11.0168,76.9558,3.5,25.76,82.61,3.28
2019-06-20,Coimbatore,11.0168,76.9558,2.38,25.54,77.65,3.38
2019-06-21,Coimbatore,11.0168,76.9558,7.64,24.98,79.29,3.06
2019-06-22,Coimbatore,11.0168,76.9558,7.88,24.47,85.29,3.7
2019-06-23,Coimbatore,11.0168,76.9558,4.59,24.95,80.5,3.5
2019-06-24,Coimbatore,11.0168,76.9558,3.16,26.08,78.11,3.18
2019-06-25,Coimbatore,11.0168,76.9558,2.74,25.7,81.87,2.76
2019-06-26,Coimbatore,11.0168,76.9558,0.73,25.33,82.58,2.44
2019-06-27,Coimbatore,11.0168,76.9558,0.04,26.07,78.64,3.42
2019-06-28,Coimbatore,11.0168,76.9558,0.05,26.08,76.09,3.74
2019-06-29,Coimbatore,11.0168,76.9558,0.07,25.94,76.7,3.76
2019-06-30,Coimbatore,11.0168,76.9558,0.06,25.53,78.01,3.8
2019-07-01,Coimbatore,11.0168,76.9558,0.08,26.41,76.54,3.6
2019-07-02,Coimbatore,11.0168,76.9558,4.46,25.05,84.13,3.61
2019-07-03,Coimbatore,11.0168,76.9558,2.95,25.27,83.57,3.61
2019-07-04,Coimbatore,11.0168,76.9558,8.14,25.08,85.53,3.44
2019-07-05,Coimbatore,11.0168,76.9558,5.3,24.99,83.67,3.82
2019-07-06,Coimbatore,11.0168,76.9558,6.06,25.02,83.84,3.98
2019-07-07,Coimbatore,11.0168,76.9558,3.82,25.35,82.36,3.61
2019-07-08,Coimbatore,11.0168,76.9558,3.63,25.41,83.44,3.37
2019-07-09,Coimbatore,11.0168,76.9558,5.91,24.55,84.49,3.01
2019-07-10,Coimbatore,11.0168,76.9558,3.7,24.27,78.32,3.47
2019-07-11,Coimbatore,11.0168,76.9558,3.08,25.04,74.64,2.49
2019-07-12,Coimbatore,11.0168,76.9558,0.55,24.81,75.78,1.9
2019-07-13,Coimbatore,11.0168,76.9558,4.18,25.31,79.39,2.22
2019-07-14,Coimbatore,11.0168,76.9558,6.05,24.85,83.74,2.52
2019-07-15,Coimbatore,11.0168,76.9558,5.09,24.22,79.87,2.82
2019-07-16,Coimbatore,11.0168,76.9558,3.81,24.23,79.35,3.13
2019-07-17,Coimbatore,11.0168,76.9558,2.55,24.2,80.18,2.85
2019-07-18,Coimbatore,11.0168,76.9558,10.3,23.85,81.68,2.78
2019-07-19,Coimbatore,11.0168,76.9558,13.68,23.62,85.46,3.65
2019-07-20,Coimbatore,11.0168,76.9558,8.95,23.63,85.33,4.0
2019-07-21,Coimbatore,11.0168,76.9558,6.31,24.13,84.66,4.5
2019-07-22,Coimbatore,11.0168,76.9558,8.2,23.66,85.73,3.92
2019-07-23,Coimbatore,11.0168,76.9558,3.46,23.82,80.47,3.78
2019-07-24,Coimbatore,11.0168,76.9558,7.76,24.38,82.94,2.91
2019-07-25,Coimbatore,11.0168,76.9558,4.91,24.01,83.09,2.9
2019-07-26,Coimbatore,11.0168,76.9558,2.36,23.79,83.43,2.9
2019-07-27,Coimbatore,11.0168,76.9558,0.01,24.43,81.58,2.63
2019-07-28,Coimbatore,11.0168,76.9558,0.65,24.36,81.85,3.19
2019-07-29,Coimbatore,11.0168,76.9558,0.7,24.41,82.94,3.27
2019-07-30,Coimbatore,11.0168,76.9558,0.15,24.41,79.1,2.94
2019-07-31,Coimbatore,11.0168,76.9558,0.06,24.78,78.0,2.61
2019-08-01,Coimbatore,11.0168,76.9558,1.03,25.11,81.45,3.1
2019-08-02,Coimbatore,11.0168,76.9558,2.9,24.3,85.19,3.37
2019-08-03,Coimbatore,11.0168,76.9558,1.28,24.31,85.61,3.29
2019-08-04,Coimbatore,11.0168,76.9558,7.21,24.07,85.79,3.46
2019-08-05,Coimbatore,11.0168,76.9558,8.18,23.69,84.45,3.89
2019-08-06,Coimbatore,11.0168,76.9558,16.32,23.92,84.57,4.37
2019-08-07,Coimbatore,11.0168,76.9558,17.85,23.65,87.78,4.68
2019-08-08,Coimbatore,11.0168,76.9558,50.65,23.92,89.29,5.23
2019-08-09,Coimbatore,11.0168,76.9558,44.38,23.63,89.43,4.77
2019-08-10,Coimbatore,11.0168,76.9558,14.08,23.26,86.73,4.15
2019-08-11,Coimbatore,11.0168,76.9558,4.52,23.29,85.66,3.68
2019-08-12,Coimbatore,11.0168,76.9558,2.66,23.59,84.5,3.78
2019-08-13,Coimbatore,11.0168,76.9558,8.46,23.83,86.04,3.26
2019-08-14,Coimbatore,11.0168,76.9558,7.02,23.68,89.64,3.52
2019-08-15,Coimbatore,11.0168,76.9558,1.51,23.55,87.81,2.57
2019-08-16,Coimbatore,11.0168,76.9558,8.91,23.37,86.0,2.65
2019-08-17,Coimbatore,11.0168,76.9558,4.55,23.04,89.0,2.52
2019-08-18,Coimbatore,11.0168,76.9558,7.2,22.95,90.68,2.01
2019-08-19,Coimbatore,11.0168,76.9558,7.6,23.73,87.83,2.01
2019-08-20,Coimbatore,11.0168,76.9558,7.48,23.93,88.51,2.3
2019-08-21,Coimbatore,11.0168,76.9558,7.99,23.31,89.46,2.59
2019-08-22,Coimbatore,11.0168,76.9558,9.27,22.71,89.56,3.17
2019-08-23,Coimbatore,11.0168,76.9558,4.19,22.34,87.71,3.46
2019-08-24,Coimbatore,11.0168,76.9558,2.58,22.71,88.13,3.2
2019-08-25,Coimbatore,11.0168,76.9558,4.03,22.75,87.14,3.21
2019-08-26,Coimbatore,11.0168,76.9558,6.87,23.27,87.55,3.36
2019-08-27,Coimbatore,11.0168,76.9558,4.68,23.14,87.78,3.46
2019-08-28,Coimbatore,11.0168,76.9558,3.19,23.46,86.53,3.11
2019-08-29,Coimbatore,11.0168,76.9558,14.49,23.22,89.58,3.22
2019-08-30,Coimbatore,11.0168,76.9558,1.09,23.08,86.94,3.42
2019-08-31,Coimbatore,11.0168,76.9558,3.01,23.3,90.08,3.22
2019-09-01,Coimbatore,11.0168,76.9558,5.02,23.43,91.36,2.54
2019-09-02,Coimbatore,11.0168,76.9558,8.36,23.46,90.96,2.45
2019-09-03,Coimbatore,11.0168,76.9558,4.55,23.64,87.93,3.08
2019-09-04,Coimbatore,11.0168,76.9558,3.99,23.48,88.85,3.2
2019-09-05,Coimbatore,11.0168,76.9558,3.94,23.59,88.81,3.48
2019-09-06,Coimbatore,11.0168,76.9558,5.63,23.96,89.27,3.33
2019-09-07,Coimbatore,11.0168,76.9558,3.5,23.95,88.22,3.35
2019-09-08,Coimbatore,11.0168,76.9558,8.42,23.28,88.07,3.31
2019-09-09,Coimbatore,11.0168,76.9558,2.96,23.13,88.62,2.62
2019-09-10,Coimbatore,11.0168,76.9558,3.99,24.27,88.72,2.35
2019-09-11,Coimbatore,11.0168,76.9558,15.57,24.16,90.78,2.27
2019-09-12,Coimbatore,11.0168,76.9558,6.0,23.8,90.47,1.97
2019-09-13,Coimbatore,11.0168,76.9558,14.26,23.31,90.5,2.04
2019-09-14,Coimbatore,11.0168,76.9558,2.53,23.79,87.59,1.9
2019-09-15,Coimbatore,11.0168,76.9558,8.48,23.65,87.92,1.6
2019-09-16,Coimbatore,11.0168,76.9558,10.67,24.21,87.69,2.21
2019-09-17,Coimbatore,11.0168,76.9558,13.03,23.83,86.8,2.17
2019-09-18,Coimbatore,11.0168,76.9558,7.31,23.9,87.25,2.22
2019-09-19,Coimbatore,11.0168,76.9558,4.89,23.05,89.42,2.34
2019-09-20,Coimbatore,11.0168,76.9558,0.72,23.4,86.04,1.68
2019-09-21,Coimbatore,11.0168,76.9558,0.97,24.19,86.58,1.85
2019-09-22,Coimbatore,11.0168,76.9558,9.88,23.96,89.46,1.19
2019-09-23,Coimbatore,11.0168,76.9558,14.99,24.05,89.28,1.57
2019-09-24,Coimbatore,11.0168,76.9558,14.2,24.14,88.69,0.95
2019-09-25,Coimbatore,11.0168,76.9558,8.6,23.68,90.88,1.44
2019-09-26,Coimbatore,11.0168,76.9558,2.26,22.8,90.22,1.54
2019-09-27,Coimbatore,11.0168,76.9558,5.64,24.04,83.69,0.74
2019-09-28,Coimbatore,11.0168,76.9558,6.85,24.54,83.93,0.95
2019-09-29,Coimbatore,11.0168,76.9558,11.68,23.61,86.5,1.24
2019-09-30,Coimbatore,11.0168,76.9558,12.84,22.99,89.87,1.51
2019-10-01,Coimbatore,11.0168,76.9558,5.2,23.91,87.34,1.31
2019-10-02,Coimbatore,11.0168,76.9558,4.67,24.91,85.3,0.73
2019-10-03,Coimbatore,11.0168,76.9558,2.26,24.77,86.16,0.82
2019-10-04,Coimbatore,11.0168,76.9558,1.09,24.5,88.3,1.37
2019-10-05,Coimbatore,11.0168,76.9558,1.93,23.53,89.31,1.28
2019-10-06,Coimbatore,11.0168,76.9558,4.04,23.63,88.2,1.14
2019-10-07,Coimbatore,11.0168,76.9558,9.16,23.21,87.97,1.5
2019-10-08,Coimbatore,11.0168,76.9558,6.62,24.06,85.41,1.05
2019-10-09,Coimbatore,11.0168,76.9558,2.97,24.52,86.68,1.07
2019-10-10,Coimbatore,11.0168,76.9558,0.61,23.48,91.18,0.84
2019-10-11,Coimbatore,11.0168,76.9558,6.38,24.26,87.66,0.68
2019-10-12,Coimbatore,11.0168,76.9558,10.49,24.88,84.08,0.71
2019-10-13,Coimbatore,11.0168,76.9558,22.86,24.35,87.36,0.97
2019-10-14,Coimbatore,11.0168,76.9558,6.92,24.45,88.38,1.23
2019-10-15,Coimbatore,11.0168,76.9558,6.4,24.15,89.31,1.23
2019-10-16,Coimbatore,11.0168,76.9558,26.98,23.59,90.24,1.43
2019-10-17,Coimbatore,11.0168,76.9558,17.03,23.25,90.69,1.22
2019-10-18,Coimbatore,11.0168,76.9558,29.15,23.81,89.84,1.03
2019-10-19,Coimbatore,11.0168,76.9558,10.3,23.68,90.26,1.27
2019-10-20,Coimbatore,11.0168,76.9558,25.3,23.44,91.11,0.9
2019-10-21,Coimbatore,11.0168,76.9558,19.85,22.45,92.08,1.02
2019-10-22,Coimbatore,11.0168,76.9558,4.77,23.01,91.33,1.67
2019-10-23,Coimbatore,11.0168,76.9558,7.71,22.82,91.74,1.98
2019-10-24,Coimbatore,11.0168,76.9558,4.12,22.43,91.78,2.13
2019-10-25,Coimbatore,11.0168,76.9558,2.77,22.44,90.44,1.91
2019-10-26,Coimbatore,11.0168,76.9558,1.47,22.99,90.63,1.64
2019-10-27,Coimbatore,11.0168,76.9558,0.22,22.99,86.64,0.76
2019-10-28,Coimbatore,11.0168,76.9558,1.03,22.99,88.86,1.14
2019-10-29,Coimbatore,11.0168,76.9558,7.06,21.78,90.05,1.87
2019-10-30,Coimbatore,11.0168,76.9558,39.7,22.65,90.84,1.42
2019-10-31,Coimbatore,11.0168,76.9558,11.78,22.63,93.95,1.59
2019-11-01,Coimbatore,11.0168,76.9558,0.49,23.34,81.14,0.63
2019-11-02,Coimbatore,11.0168,76.9558,1.98,23.14,88.56,0.98
2019-11-03,Coimbatore,11.0168,76.9558,9.76,23.38,89.08,1.18
2019-11-04,Coimbatore,11.0168,76.9558,3.29,24.06,85.13,0.55
2019-11-05,Coimbatore,11.0168,76.9558,0.29,24.46,83.62,0.93
2019-11-06,Coimbatore,11.0168,76.9558,0.9,24.48,88.92,0.96
2019-11-07,Coimbatore,11.0168,76.9558,3.53,23.94,90.24,0.55
2019-11-08,Coimbatore,11.0168,76.9558,4.9,24.26,89.03,0.94
2019-11-09,Coimbatore,11.0168,76.9558,8.11,24.5,85.54,0.8
2019-11-10,Coimbatore,11.0168,76.9558,10.11,23.77,92.89,0.53
2019-11-11,Coimbatore,11.0168,76.9558,6.4,23.09,91.96,0.98
2019-11-12,Coimbatore,11.0168,76.9558,1.52,21.88,91.16,1.61
2019-11-13,Coimbatore,11.0168,76.9558,0.05,22.86,87.86,1.91
2019-11-14,Coimbatore,11.0168,76.9558,2.33,23.03,90.28,1.71
2019-11-15,Coimbatore,11.0168,76.9558,5.2,23.56,90.59,1.95
2019-11-16,Coimbatore,11.0168,76.9558,3.69,23.45,90.06,1.59
2019-11-17,Coimbatore,11.0168,76.9558,0.79,23.43,86.4,1.61
2019-11-18,Coimbatore,11.0168,76.9558,2.24,23.52,88.09,1.61
2019-11-19,Coimbatore,11.0168,76.9558,1.4,23.62,87.59,1.74
2019-11-20,Coimbatore,11.0168,76.9558,6.73,23.29,90.54,1.49
2019-11-21,Coimbatore,11.0168,76.9558,3.65,23.51,89.76,2.06
2019-11-22,Coimbatore,11.0168,76.9558,1.61,22.65,90.45,1.91
2019-11-23,Coimbatore,11.0168,76.9558,0.48,22.54,88.02,2.14
2019-11-24,Coimbatore,11.0168,76.9558,0.5,22.72,89.05,2.06
2019-11-25,Coimbatore,11.0168,76.9558,0.14,22.85,88.64,2.28
2019-11-26,Coimbatore,11.0168,76.9558,0.72,22.46,86.79,2.44
2019-11-27,Coimbatore,11.0168,76.9558,2.43,22.89,89.94,2.24
2019-11-28,Coimbatore,11.0168,76.9558,2.6,23.08,91.32,2.18
2019-11-29,Coimbatore,11.0168,76.9558,6.02,23.31,91.28,2.14
2019-11-30,Coimbatore,11.0168,76.9558,4.04,23.15,91.31,1.91
2019-12-01,Coimbatore,11.0168,76.9558,16.97,23.49,91.35,1.2
2019-12-02,Coimbatore,11.0168,76.9558,16.32,22.51,92.98,1.91
2019-12-03,Coimbatore,11.0168,76.9558,2.61,22.54,92.19,2.01
2019-12-04,Coimbatore,11.0168,76.9558,0.66,22.25,88.63,2.57
2019-12-05,Coimbatore,11.0168,76.9558,0.25,21.82,86.85,2.73
2019-12-06,Coimbatore,11.0168,76.9558,0.05,21.21,87.05,2.47
2019-12-07,Coimbatore,11.0168,76.9558,1.05,21.99,89.88,2.36
2019-12-08,Coimbatore,11.0168,76.9558,0.33,21.58,87.9,2.17
2019-12-09,Coimbatore,11.0168,76.9558,0.2,21.41,87.08,2.12
2019-12-10,Coimbatore,11.0168,76.9558,0.05,21.1,84.65,1.7
2019-12-11,Coimbatore,11.0168,76.9558,0.0,21.89,85.98,1.53
2019-12-12,Coimbatore,11.0168,76.9558,0.0,21.78,85.16,1.48
2019-12-13,Coimbatore,11.0168,76.9558,0.84,22.73,88.21,1.94
2019-12-14,Coimbatore,11.0168,76.9558,10.72,22.49,92.42,2.42
2019-12-15,Coimbatore,11.0168,76.9558,1.26,21.97,88.5,2.4
2019-12-16,Coimbatore,11.0168,76.9558,0.0,21.77,88.81,1.9
2019-12-17,Coimbatore,11.0168,76.9558,0.17,22.06,86.71,2.27
2019-12-18,Coimbatore,11.0168,76.9558,0.07,22.12,87.55,2.49
2019-12-19,Coimbatore,11.0168,76.9558,0.01,22.36,87.48,2.6
2019-12-20,Coimbatore,11.0168,76.9558,0.0,22.18,87.83,2.07
2019-12-21,Coimbatore,11.0168,76.9558,0.0,21.44,87.45,1.99
2019-12-22,Coimbatore,11.0168,76.9558,0.0,22.13,85.45,1.84
2019-12-23,Coimbatore,11.0168,76.9558,0.0,21.78,85.56,1.7
2019-12-24,Coimbatore,11.0168,76.9558,0.73,22.46,86.38,1.58
2019-12-25,Coimbatore,11.0168,76.9558,2.88,23.02,89.06,2.23
2019-12-26,Coimbatore,11.0168,76.9558,0.21,23.18,86.15,1.4
2019-12-27,Coimbatore,11.0168,76.9558,0.0,22.92,84.85,1.57
2019-12-28,Coimbatore,11.0168,76.9558,0.0,22.26,83.14,1.77
2019-12-29,Coimbatore,11.0168,76.9558,0.0,22.48,83.89,1.94
2019-12-30,Coimbatore,11.0168,76.9558,0.07,22.42,83.22,1.85
2019-12-31,Coimbatore,11.0168,76.9558,0.89,22.83,84.71,1.61
2020-01-01,Coimbatore,11.0168,76.9558,0.39,23.29,84.19,1.5
2020-01-02,Coimbatore,11.0168,76.9558,0.0,23.47,83.99,1.45
2020-01-03,Coimbatore,11.0168,76.9558,0.0,24.16,81.69,1.29
2020-01-04,Coimbatore,11.0168,76.9558,0.0,24.82,79.67,0.74
2020-01-05,Coimbatore,11.0168,76.9558,0.0,24.29,81.83,1.6
2020-01-06,Coimbatore,11.0168,76.9558,0.01,23.62,80.84,2.32
2020-01-07,Coimbatore,11.0168,76.9558,0.01,23.06,79.6,2.04
2020-01-08,Coimbatore,11.0168,76.9558,0.0,22.89,77.51,1.51
2020-01-09,Coimbatore,11.0168,76.9558,0.0,22.67,76.74,1.41
2020-01-10,Coimbatore,11.0168,76.9558,0.0,22.06,76.82,1.98
2020-01-11,Coimbatore,11.0168,76.9558,0.0,21.53,72.99,2.15
2020-01-12,Coimbatore,11.0168,76.9558,0.0,21.42,75.82,1.95
2020-01-13,Coimbatore,11.0168,76.9558,0.0,22.42,76.01,1.23
2020-01-14,Coimbatore,11.0168,76.9558,0.0,22.2,73.99,1.26
2020-01-15,Coimbatore,11.0168,76.9558,0.0,21.32,72.68,1.61
2020-01-16,Coimbatore,11.0168,76.9558,0.0,21.45,70.68,1.35
2020-01-17,Coimbatore,11.0168,76.9558,0.03,22.63,73.71,1.28
2020-01-18,Coimbatore,11.0168,76.9558,1.18,24.04,78.97,2.11
2020-01-19,Coimbatore,11.0168,76.9558,3.06,23.68,79.55,2.14
2020-01-20,Coimbatore,11.0168,76.9558,0.04,23.47,73.46,1.98
2020-01-21,Coimbatore,11.0168,76.9558,0.0,22.96,69.5,2.09
2020-01-22,Coimbatore,11.0168,76.9558,0.0,23.02,71.48,2.55
2020-01-23,Coimbatore,11.0168,76.9558,0.0,23.85,75.73,2.67
2020-01-24,Coimbatore,11.0168,76.9558,0.0,22.87,65.2,2.42
2020-01-25,Coimbatore,11.0168,76.9558,0.0,21.93,62.99,1.66
2020-01-26,Coimbatore,11.0168,76.9558,0.0,22.65,64.4,1.47
2020-01-27,Coimbatore,11.0168,76.9558,0.0,23.79,62.5,1.21
2020-01-28,Coimbatore,11.0168,76.9558,0.0,24.45,68.02,0.94
2020-01-29,Coimbatore,11.0168,76.9558,0.0,24.75,64.34,1.03
2020-01-30,Coimbatore,11.0168,76.9558,0.0,25.2,64.05,1.09
2020-01-31,Coimbatore,11.0168,76.9558,0.0,24.59,66.34,1.47
2020-02-01,Coimbatore,11.0168,76.9558,0.0,24.37,66.43,1.62
2020-02-02,Coimbatore,11.0168,76.9558,0.0,23.66,65.38,2.03
2020-02-03,Coimbatore,11.0168,76.9558,0.0,23.59,65.64,1.75
2020-02-04,Coimbatore,11.0168,76.9558,0.01,24.03,65.23,1.7
2020-02-05,Coimbatore,11.0168,76.9558,1.35,24.42,72.36,1.54
2020-02-06,Coimbatore,11.0168,76.9558,0.56,24.49,66.75,1.23
2020-02-07,Coimbatore,11.0168,76.9558,0.62,24.21,73.78,1.1
2020-02-08,Coimbatore,11.0168,76.9558,0.0,25.36,68.39,0.9
2020-02-09,Coimbatore,11.0168,76.9558,0.29,25.22,65.65,1.53
2020-02-10,Coimbatore,11.0168,76.9558,0.21,25.37,64.59,2.43
2020-02-11,Coimbatore,11.0168,76.9558,0.0,25.09,61.77,2.95
2020-02-12,Coimbatore,11.0168,76.9558,0.0,24.99,61.58,2.6
2020-02-13,Coimbatore,11.0168,76.9558,0.0,25.06,58.12,2.22
2020-02-14,Coimbatore,11.0168,76.9558,0.0,25.0,58.6,1.3
2020-02-15,Coimbatore,11.0168,76.9558,0.0,26.13,56.15,1.26
2020-02-16,Coimbatore,11.0168,76.9558,0.0,24.95,50.99,1.85
2020-02-17,Coimbatore,11.0168,76.9558,0.0,24.04,48.41,2.02
2020-02-18,Coimbatore,11.0168,76.9558,0.0,24.25,53.16,2.22
2020-02-19,Coimbatore,11.0168,76.9558,0.0,23.29,59.83,2.01
2020-02-20,Coimbatore,11.0168,76.9558,0.0,23.84,55.75,2.49
2020-02-21,Coimbatore,11.0168,76.9558,0.0,24.68,59.64,2.52
2020-02-22,Coimbatore,11.0168,76.9558,0.0,26.45,61.57,3.25
2020-02-23,Coimbatore,11.0168,76.9558,0.0,25.87,58.89,2.81
2020-02-24,Coimbatore,11.0168,76.9558,0.0,25.92,56.69,2.49
2020-02-25,Coimbatore,11.0168,76.9558,0.0,26.8,52.72,1.47
2020-02-26,Coimbatore,11.0168,76.9558,0.01,27.08,51.23,1.9
2020-02-27,Coimbatore,11.0168,76.9558,0.11,27.41,51.43,1.84
2020-02-28,Coimbatore,11.0168,76.9558,0.07,27.44,56.22,2.31
2020-02-29,Coimbatore,11.0168,76.9558,0.09,27.25,54.73,1.53
2020-03-01,Coimbatore,11.0168,76.9558,1.22,27.52,57.82,1.6
2020-03-02,Coimbatore,11.0168,76.9558,3.55,24.3,75.7,1.09
2020-03-03,Coimbatore,11.0168,76.9558,0.59,24.4,71.12,1.03
2020-03-04,Coimbatore,11.0168,76.9558,0.52,25.69,70.45,0.99
2020-03-05,Coimbatore,11.0168,76.9558,0.22,26.82,67.57,1.52
2020-03-06,Coimbatore,11.0168,76.9558,0.02,27.61,61.73,1.53
2020-03-07,Coimbatore,11.0168,76.9558,0.0,28.01,58.67,2.06
2020-03-08,Coimbatore,11.0168,76.9558,0.79,28.16,59.03,0.85
2020-03-09,Coimbatore,11.0168,76.9558,0.27,28.78,60.14,0.84
2020-03-10,Coimbatore,11.0168,76.9558,0.0,29.3,48.99,1.24
2020-03-11,Coimbatore,11.0168,76.9558,0.51,28.95,52.59,1.16
2020-03-12,Coimbatore,11.0168,76.9558,1.07,28.74,54.56,1.25
2020-03-13,Coimbatore,11.0168,76.9558,0.0,28.15,43.37,1.66
2020-03-14,Coimbatore,11.0168,76.9558,0.0,28.47,46.17,1.7
2020-03-15,Coimbatore,11.0168,76.9558,0.0,28.64,49.28,1.83
2020-03-16,Coimbatore,11.0168,76.9558,0.0,28.95,49.14,2.2
2020-03-17,Coimbatore,11.0168,76.9558,0.0,28.77,48.55,2.61
2020-03-18,Coimbatore,11.0168,76.9558,0.0,28.55,48.51,1.86
2020-03-19,Coimbatore,11.0168,76.9558,0.0,29.49,43.13,1.37
2020-03-20,Coimbatore,11.0168,76.9558,1.0,29.4,53.52,1.28
2020-03-21,Coimbatore,11.0168,76.9558,4.33,28.42,60.55,1.04
2020-03-22,Coimbatore,11.0168,76.9558,0.33,29.0,56.6,0.82
2020-03-23,Coimbatore,11.0168,76.9558,0.32,29.06,56.46,1.04
2020-03-24,Coimbatore,11.0168,76.9558,0.07,29.64,49.92,1.29
2020-03-25,Coimbatore,11.0168,76.9558,0.09,29.25,50.71,1.3
2020-03-26,Coimbatore,11.0168,76.9558,0.01,29.16,46.01,2.0
2020-03-27,Coimbatore,11.0168,76.9558,0.0,29.2,45.71,1.78
2020-03-28,Coimbatore,11.0168,76.9558,0.01,29.33,42.34,1.43
2020-03-29,Coimbatore,11.0168,76.9558,0.05,29.46,42.32,1.21
2020-03-30,Coimbatore,11.0168,76.9558,0.17,29.45,37.91,1.63
2020-03-31,Coimbatore,11.0168,76.9558,0.33,29.29,36.24,1.87
2020-04-01,Coimbatore,11.0168,76.9558,0.0,29.38,39.2,2.0
2020-04-02,Coimbatore,11.0168,76.9558,0.0,30.49,41.11,1.68
2020-04-03,Coimbatore,11.0168,76.9558,0.0,30.35,41.54,1.3
2020-04-04,Coimbatore,11.0168,76.9558,0.0,30.21,43.6,0.9
2020-04-05,Coimbatore,11.0168,76.9558,0.28,30.34,51.43,1.44
2020-04-06,Coimbatore,11.0168,76.9558,1.56,29.01,61.77,1.04
2020-04-07,Coimbatore,11.0168,76.9558,2.87,25.76,79.72,0.83
2020-04-08,Coimbatore,11.0168,76.9558,0.47,28.0,61.7,1.07
2020-04-09,Coimbatore,11.0168,76.9558,5.25,28.57,64.81,1.01
2020-04-10,Coimbatore,11.0168,76.9558,0.28,28.71,58.92,1.65
2020-04-11,Coimbatore,11.0168,76.9558,0.39,28.84,53.25,1.77
2020-04-12,Coimbatore,11.0168,76.9558,0.41,28.74,49.94,1.69
2020-04-13,Coimbatore,11.0168,76.9558,0.0,29.23,43.55,1.54
2020-04-14,Coimbatore,11.0168,76.9558,0.01,29.95,41.44,1.66
2020-04-15,Coimbatore,11.0168,76.9558,0.02,30.3,44.88,1.23
2020-04-16,Coimbatore,11.0168,76.9558,0.07,30.42,48.84,0.97
2020-04-17,Coimbatore,11.0168,76.9558,0.19,30.77,52.05,1.47
2020-04-18,Coimbatore,11.0168,76.9558,0.24,30.89,52.46,1.46
2020-04-19,Coimbatore,11.0168,76.9558,0.05,30.76,52.11,1.45
2020-04-20,Coimbatore,11.0168,76.9558,0.28,31.04,47.99,1.67
2020-04-21,Coimbatore,11.0168,76.9558,0.69,31.09,49.75,1.03
2020-04-22,Coimbatore,11.0168,76.9558,1.71,30.15,59.78,1.6
2020-04-23,Coimbatore,11.0168,76.9558,1.13,29.65,63.79,1.88
2020-04-24,Coimbatore,11.0168,76.9558,0.89,28.21,62.11,1.98
2020-04-25,Coimbatore,11.0168,76.9558,0.57,29.4,59.57,1.38
2020-04-26,Coimbatore,11.0168,76.9558,5.06,27.36,71.82,1.14
2020-04-27,Coimbatore,11.0168,76.9558,1.09,28.46,69.03,0.86
2020-04-28,Coimbatore,11.0168,76.9558,2.52,27.0,76.63,1.18
2020-04-29,Coimbatore,11.0168,76.9558,10.54,25.26,78.41,1.76
2020-04-30,Coimbatore,11.0168,76.9558,0.12,27.85,60.67,1.14
2020-05-01,Coimbatore,11.0168,76.9558,4.3,28.45,67.18,1.09
2020-05-02,Coimbatore,11.0168,76.9558,2.04,28.59,68.66,0.99
2020-05-03,Coimbatore,11.0168,76.9558,0.48,30.17,62.19,1.25
2020-05-04,Coimbatore,11.0168,76.9558,0.2,29.65,64.08,0.98
2020-05-05,Coimbatore,11.0168,76.9558,0.14,29.57,64.16,1.04
2020-05-06,Coimbatore,11.0168,76.9558,2.48,28.0,73.71,1.45
2020-05-07,Coimbatore,11.0168,76.9558,3.63,27.52,76.36,1.51
2020-05-08,Coimbatore,11.0168,76.9558,2.88,26.73,79.96,1.13
2020-05-09,Coimbatore,11.0168,76.9558,0.07,29.46,64.93,1.33
2020-05-10,Coimbatore,11.0168,76.9558,0.12,28.51,69.29,0.59
2020-05-11,Coimbatore,11.0168,76.9558,0.18,28.28,69.02,0.88
2020-05-12,Coimbatore,11.0168,76.9558,0.46,27.81,69.01,0.9
2020-05-13,Coimbatore,11.0168,76.9558,0.37,29.15,56.67,1.27
2020-05-14,Coimbatore,11.0168,76.9558,0.26,27.93,71.79,1.22
2020-05-15,Coimbatore,11.0168,76.9558,0.88,27.85,73.33,1.47
2020-05-16,Coimbatore,11.0168,76.9558,0.72,27.92,70.7,2.35
2020-05-17,Coimbatore,11.0168,76.9558,4.66,27.23,75.89,2.76
2020-05-18,Coimbatore,11.0168,76.9558,5.75,26.04,76.35,3.62
2020-05-19,Coimbatore,11.0168,76.9558,1.1,26.65,75.61,3.82
2020-05-20,Coimbatore,11.0168,76.9558,0.42,27.66,71.12,3.53
2020-05-21,Coimbatore,11.0168,76.9558,2.28,26.27,74.89,2.84
2020-05-22,Coimbatore,11.0168,76.9558,0.44,27.58,67.72,2.86
2020-05-23,Coimbatore,11.0168,76.9558,0.03,28.7,69.95,2.74
2020-05-24,Coimbatore,11.0168,76.9558,0.51,28.21,72.47,3.06
2020-05-25,Coimbatore,11.0168,76.9558,2.86,27.26,77.6,2.65
2020-05-26,Coimbatore,11.0168,76.9558,0.92,27.36,76.08,2.32
2020-05-27,Coimbatore,11.0168,76.9558,2.02,27.24,76.95,2.68
2020-05-28,Coimbatore,11.0168,76.9558,19.29,26.86,79.17,2.65
2020-05-29,Coimbatore,11.0168,76.9558,4.0,26.61,75.31,2.11
2020-05-30,Coimbatore,11.0168,76.9558,2.47,26.36,77.43,1.63
2020-05-31,Coimbatore,11.0168,76.9558,1.77,26.35,79.36,2.57
2020-06-01,Coimbatore,11.0168,76.9558,3.16,25.82,82.97,2.82
2020-06-02,Coimbatore,11.0168,76.9558,9.91,25.15,81.71,3.14
2020-06-03,Coimbatore,11.0168,76.9558,1.48,25.15,82.93,3.25
2020-06-04,Coimbatore,11.0168,76.9558,5.93,25.11,81.6,3.68
2020-06-05,Coimbatore,11.0168,76.9558,5.15,25.52,81.32,3.1
2020-06-06,Coimbatore,11.0168,76.9558,5.71,25.52,79.25,3.25
2020-06-07,Coimbatore,11.0168,76.9558,5.07,25.12,81.15,2.86
2020-06-08,Coimbatore,11.0168,76.9558,0.14,25.82,72.24,2.89
2020-06-09,Coimbatore,11.0168,76.9558,2.1,25.22,77.07,2.69
2020-06-10,Coimbatore,11.0168,76.9558,3.29,24.99,77.5,3.35
2020-06-11,Coimbatore,11.0168,76.9558,0.86,25.12,76.22,3.62
2020-06-12,Coimbatore,11.0168,76.9558,2.91,24.81,74.82,4.43
2020-06-13,Coimbatore,11.0168,76.9558,1.95,25.61,74.08,3.95
2020-06-14,Coimbatore,11.0168,76.9558,3.16,25.43,77.28,4.05
2020-06-15,Coimbatore,11.0168,76.9558,1.61,25.87,79.94,3.44
2020-06-16,Coimbatore,11.0168,76.9558,3.7,25.31,84.83,3.18
2020-06-17,Coimbatore,11.0168,76.9558,2.68,24.87,83.3,3.24
2020-06-18,Coimbatore,11.0168,76.9558,2.0,24.57,80.21,3.27
2020-06-19,Coimbatore,11.0168,76.9558,1.77,24.57,81.06,2.63
2020-06-20,Coimbatore,11.0168,76.9558,0.64,25.08,75.92,2.67
2020-06-21,Coimbatore,11.0168,76.9558,3.67,24.13,81.27,3.18
2020-06-22,Coimbatore,11.0168,76.9558,2.98,24.88,78.25,3.43
2020-06-23,Coimbatore,11.0168,76.9558,0.21,24.84,75.45,2.59
2020-06-24,Coimbatore,11.0168,76.9558,1.11,25.28,75.18,2.53
2020-06-25,Coimbatore,11.0168,76.9558,10.13,24.4,81.9,1.86
2020-06-26,Coimbatore,11.0168,76.9558,4.62,24.68,81.5,2.42
2020-06-27,Coimbatore,11.0168,76.9558,3.24,24.76,83.95,2.88
2020-06-28,Coimbatore,11.0168,76.9558,10.76,25.16,85.8,2.66
2020-06-29,Coimbatore,11.0168,76.9558,7.42,25.02,86.14,2.59
2020-06-30,Coimbatore,11.0168,76.9558,2.18,25.41,77.95,3.17
2020-07-01,Coimbatore,11.0168,76.9558,0.51,24.63,79.83,3.02
2020-07-02,Coimbatore,11.0168,76.9558,6.26,24.13,82.55,2.82
2020-07-03,Coimbatore,11.0168,76.9558,8.3,23.1,83.39,3.39
2020-07-04,Coimbatore,11.0168,76.9558,7.85,23.46,83.82,3.87
2020-07-05,Coimbatore,11.0168,76.9558,3.53,24.39,79.35,3.43
2020-07-06,Coimbatore,11.0168,76.9558,14.36,23.5,85.54,3.13
2020-07-07,Coimbatore,11.0168,76.9558,6.02,24.02,82.98,3.36
2020-07-08,Coimbatore,11.0168,76.9558,9.52,24.24,87.35,2.33
2020-07-09,Coimbatore,11.0168,76.9558,20.77,23.45,87.62,1.72
2020-07-10,Coimbatore,11.0168,76.9558,2.34,23.95,85.44,1.75
2020-07-11,Coimbatore,11.0168,76.9558,5.84,24.08,84.29,2.29
2020-07-12,Coimbatore,11.0168,76.9558,2.31,24.42,82.83,3.06
2020-07-13,Coimbatore,11.0168,76.9558,4.32,24.16,83.58,1.93
2020-07-14,Coimbatore,11.0168,76.9558,3.49,24.14,87.55,2.05
2020-07-15,Coimbatore,11.0168,76.9558,5.72,23.74,89.58,2.79
2020-07-16,Coimbatore,11.0168,76.9558,10.43,23.98,86.15,3.17
2020-07-17,Coimbatore,11.0168,76.9558,10.15,23.16,88.06,2.46
2020-07-18,Coimbatore,11.0168,76.9558,3.04,23.79,85.96,2.28
2020-07-19,Coimbatore,11.0168,76.9558,5.31,23.99,86.09,1.08
2020-07-20,Coimbatore,11.0168,76.9558,32.56,23.97,90.48,1.71
2020-07-21,Coimbatore,11.0168,76.9558,2.4,24.3,84.81,0.9
2020-07-22,Coimbatore,11.0168,76.9558,0.63,24.87,86.63,0.95
2020-07-23,Coimbatore,11.0168,76.9558,6.82,24.33,89.08,1.61
2020-07-24,Coimbatore,11.0168,76.9558,12.75,23.86,87.38,2.3
2020-07-25,Coimbatore,11.0168,76.9558,2.26,22.95,89.32,2.28
2020-07-26,Coimbatore,11.0168,76.9558,1.72,23.46,87.15,2.15
2020-07-27,Coimbatore,11.0168,76.9558,2.43,23.96,84.42,2.28
2020-07-28,Coimbatore,11.0168,76.9558,5.47,23.85,87.57,2.65
2020-07-29,Coimbatore,11.0168,76.9558,16.24,23.45,89.33,2.64
2020-07-30,Coimbatore,11.0168,76.9558,7.34,23.43,88.28,3.25
2020-07-31,Coimbatore,11.0168,76.9558,10.18,23.99,89.01,2.95
2020-08-01,Coimbatore,11.0168,76.9558,7.08,23.33,87.67,3.17
2020-08-02,Coimbatore,11.0168,76.9558,8.62,23.24,87.98,4.15
2020-08-03,Coimbatore,11.0168,76.9558,13.01,23.48,88.48,4.62
2020-08-04,Coimbatore,11.0168,76.9558,15.98,23.57,86.75,5.08
2020-08-05,Coimbatore,11.0168,76.9558,10.24,23.64,87.97,5.93
2020-08-06,Coimbatore,11.0168,76.9558,22.51,24.66,86.59,5.25
2020-08-07,Coimbatore,11.0168,76.9558,27.33,23.94,88.31,4.48
2020-08-08,Coimbatore,11.0168,76.9558,18.95,23.45,88.45,3.8
2020-08-09,Coimbatore,11.0168,76.9558,13.34,22.58,90.45,2.91
2020-08-10,Coimbatore,11.0168,76.9558,2.45,23.16,90.94,3.46
2020-08-11,Coimbatore,11.0168,76.9558,6.38,23.69,89.11,2.94
2020-08-12,Coimbatore,11.0168,76.9558,2.61,23.84,89.15,3.18
2020-08-13,Coimbatore,11.0168,76.9558,5.32,23.59,90.11,2.69
2020-08-14,Coimbatore,11.0168,76.9558,2.39,23.16,90.03,2.71
2020-08-15,Coimbatore,11.0168,76.9558,1.08,23.28,89.81,2.92
2020-08-16,Coimbatore,11.0168,76.9558,1.15,23.49,89.42,2.76
2020-08-17,Coimbatore,11.0168,76.9558,2.48,24.11,87.4,2.71
2020-08-18,Coimbatore,11.0168,76.9558,3.35,24.2,88.19,2.65
2020-08-19,Coimbatore,11.0168,76.9558,0.87,23.77,89.03,2.31
2020-08-20,Coimbatore,11.0168,76.9558,0.42,23.48,90.37,2.23
2020-08-21,Coimbatore,11.0168,76.9558,0.05,24.43,86.49,2.04
2020-08-22,Coimbatore,11.0168,76.9558,6.15,24.63,86.91,1.93
2020-08-23,Coimbatore,11.0168,76.9558,2.7,24.07,87.8,1.85
2020-08-24,Coimbatore,11.0168,76.9558,11.0,24.33,86.88,1.57
2020-08-25,Coimbatore,11.0168,76.9558,2.45,24.53,86.06,1.48
2020-08-26,Coimbatore,11.0168,76.9558,1.13,24.33,86.89,1.09
2020-08-27,Coimbatore,11.0168,76.9558,0.12,24.45,84.02,1.8
2020-08-28,Coimbatore,11.0168,76.9558,0.09,24.71,82.13,2.03
2020-08-29,Coimbatore,11.0168,76.9558,0.09,24.22,84.74,2.23
2020-08-30,Coimbatore,11.0168,76.9558,1.09,24.79,85.77,1.89
2020-08-31,Coimbatore,11.0168,76.9558,3.24,24.05,88.64,1.39
2020-09-01,Coimbatore,11.0168,76.9558,12.27,23.68,88.69,2.03
2020-09-02,Coimbatore,11.0168,76.9558,14.78,23.02,90.35,1.84
2020-09-03,Coimbatore,11.0168,76.9558,5.41,24.02,88.91,1.24
2020-09-04,Coimbatore,11.0168,76.9558,6.66,24.63,87.35,0.96
2020-09-05,Coimbatore,11.0168,76.9558,2.46,25.2,83.85,0.89
2020-09-06,Coimbatore,11.0168,76.9558,18.71,24.5,87.49,1.83
2020-09-07,Coimbatore,11.0168,76.9558,6.87,23.43,90.21,2.92
2020-09-08,Coimbatore,11.0168,76.9558,4.8,23.92,89.62,1.7
2020-09-09,Coimbatore,11.0168,76.9558,14.78,23.77,89.02,2.3
2020-09-10,Coimbatore,11.0168,76.9558,8.29,23.43,89.4,3.55
2020-09-11,Coimbatore,11.0168,76.9558,10.29,23.44,88.05,3.83
2020-09-12,Coimbatore,11.0168,76.9558,6.5,22.6,89.17,2.91
2020-09-13,Coimbatore,11.0168,76.9558,4.42,22.05,88.56,2.34
2020-09-14,Coimbatore,11.0168,76.9558,2.48,22.8,86.05,3.05
2020-09-15,Coimbatore,11.0168,76.9558,2.87,23.6,88.16,3.02
2020-09-16,Coimbatore,11.0168,76.9558,2.13,24.04,87.49,2.72
2020-09-17,Coimbatore,11.0168,76.9558,4.99,23.92,89.24,2.77
2020-09-18,Coimbatore,11.0168,76.9558,6.11,23.86,86.89,3.38
2020-09-19,Coimbatore,11.0168,76.9558,11.88,23.41,86.43,4.07
2020-09-20,Coimbatore,11.0168,76.9558,13.8,23.13,88.23,4.85
2020-09-21,Coimbatore,11.0168,76.9558,6.41,23.05,87.67,4.39
2020-09-22,Coimbatore,11.0168,76.9558,2.78,22.56,86.12,3.58
2020-09-23,Coimbatore,11.0168,76.9558,1.29,23.05,88.33,2.61
2020-09-24,Coimbatore,11.0168,76.9558,1.15,23.39,88.62,1.78
2020-09-25,Coimbatore,11.0168,76.9558,4.64,23.11,88.39,1.79
2020-09-26,Coimbatore,11.0168,76.9558,0.97,22.04,88.96,1.66
2020-09-27,Coimbatore,11.0168,76.9558,4.11,23.57,86.12,1.58
2020-09-28,Coimbatore,11.0168,76.9558,1.7,23.91,86.11,1.88
2020-09-29,Coimbatore,11.0168,76.9558,12.39,23.67,88.77,2.59
2020-09-30,Coimbatore,11.0168,76.9558,3.35,23.09,88.96,2.47
2020-10-01,Coimbatore,11.0168,76.9558,0.04,22.85,88.7,2.06
2020-10-02,Coimbatore,11.0168,76.9558,1.16,23.25,87.01,1.92
2020-10-03,Coimbatore,11.0168,76.9558,1.58,23.51,86.26,2.33
2020-10-04,Coimbatore,11.0168,76.9558,0.03,23.74,84.79,2.13
2020-10-05,Coimbatore,11.0168,76.9558,0.02,23.77,83.04,1.89
2020-10-06,Coimbatore,11.0168,76.9558,1.59,24.73,84.61,1.63
2020-10-07,Coimbatore,11.0168,76.9558,4.95,24.32,88.96,1.79
2020-10-08,Coimbatore,11.0168,76.9558,5.77,24.59,88.14,1.03
2020-10-09,Coimbatore,11.0168,76.9558,17.9,23.41,93.42,1.64
2020-10-10,Coimbatore,11.0168,76.9558,5.31,23.04,90.43,1.78
2020-10-11,Coimbatore,11.0168,76.9558,4.15,22.38,88.79,2.61
2020-10-12,Coimbatore,11.0168,76.9558,6.03,23.06,89.51,3.17
2020-10-13,Coimbatore,11.0168,76.9558,3.27,23.19,88.5,3.94
2020-10-14,Coimbatore,11.0168,76.9558,2.1,23.36,86.86,3.54
2020-10-15,Coimbatore,11.0168,76.9558,1.38,23.34,87.44,2.69
2020-10-16,Coimbatore,11.0168,76.9558,2.27,23.73,88.85,2.18
2020-10-17,Coimbatore,11.0168,76.9558,2.11,23.54,87.81,1.63
2020-10-18,Coimbatore,11.0168,76.9558,1.82,23.55,86.32,1.41
2020-10-19,Coimbatore,11.0168,76.9558,6.84,23.81,87.05,1.55
2020-10-20,Coimbatore,11.0168,76.9558,7.71,22.95,91.59,1.8
2020-10-21,Coimbatore,11.0168,76.9558,2.44,23.54,88.07,2.33
2020-10-22,Coimbatore,11.0168,76.9558,1.91,23.69,88.52,2.34
2020-10-23,Coimbatore,11.0168,76.9558,0.04,23.54,87.71,2.36
2020-10-24,Coimbatore,11.0168,76.9558,0.02,22.75,82.04,1.77
2020-10-25,Coimbatore,11.0168,76.9558,57.95,22.86,83.85,1.26
2020-10-26,Coimbatore,11.0168,76.9558,27.2,24.39,81.66,0.65
2020-10-27,Coimbatore,11.0168,76.9558,0.21,24.58,81.84,0.69
2020-10-28,Coimbatore,11.0168,76.9558,0.16,24.7,79.43,0.83
2020-10-29,Coimbatore,11.0168,76.9558,0.74,24.4,81.6,0.75
2020-10-30,Coimbatore,11.0168,76.9558,1.49,24.63,80.26,0.65
2020-10-31,Coimbatore,11.0168,76.9558,0.35,24.73,78.41,0.63
2020-11-01,Coimbatore,11.0168,76.9558,2.5,24.75,80.55,0.63
2020-11-02,Coimbatore,11.0168,76.9558,11.46,24.87,82.88,0.38
2020-11-03,Coimbatore,11.0168,76.9558,4.45,24.57,83.19,1.17
2020-11-04,Coimbatore,11.0168,76.9558,5.65,24.85,82.35,0.83
2020-11-05,Coimbatore,11.0168,76.9558,12.94,24.63,84.07,1.24
2020-11-06,Coimbatore,11.0168,76.9558,5.83,23.51,86.06,1.67
2020-11-07,Coimbatore,11.0168,76.9558,1.17,23.91,85.76,1.87
2020-11-08,Coimbatore,11.0168,76.9558,4.09,23.72,88.93,1.92
2020-11-09,Coimbatore,11.0168,76.9558,0.08,24.24,80.7,1.34
2020-11-10,Coimbatore,11.0168,76.9558,0.0,22.33,77.39,1.62
2020-11-11,Coimbatore,11.0168,76.9558,2.33,22.62,79.29,1.36
2020-11-12,Coimbatore,11.0168,76.9558,9.72,23.31,92.23,1.71
2020-11-13,Coimbatore,11.0168,76.9558,7.63,23.44,88.85,1.99
2020-11-14,Coimbatore,11.0168,76.9558,1.32,23.96,87.14,2.24
2020-11-15,Coimbatore,11.0168,76.9558,4.56,23.86,89.63,2.2
2020-11-16,Coimbatore,11.0168,76.9558,22.39,23.16,92.22,2.45
2020-11-17,Coimbatore,11.0168,76.9558,28.91,22.93,91.03,2.69
2020-11-18,Coimbatore,11.0168,76.9558,14.2,22.99,90.66,1.72
2020-11-19,Coimbatore,11.0168,76.9558,2.57,23.14,89.14,1.88
2020-11-20,Coimbatore,11.0168,76.9558,0.94,22.65,89.04,1.81
2020-11-21,Coimbatore,11.0168,76.9558,0.08,21.88,82.56,1.41
2020-11-22,Coimbatore,11.0168,76.9558,0.0,20.63,78.36,1.37
2020-11-23,Coimbatore,11.0168,76.9558,0.0,21.64,76.99,1.32
2020-11-24,Coimbatore,11.0168,76.9558,0.0,22.47,78.51,1.19
2020-11-25,Coimbatore,11.0168,76.9558,2.84,23.44,85.86,1.15
2020-11-26,Coimbatore,11.0168,76.9558,4.25,22.85,90.37,2.12
2020-11-27,Coimbatore,11.0168,76.9558,3.72,22.79,86.45,0.89
2020-11-28,Coimbatore,11.0168,76.9558,3.05,21.88,91.32,1.64
2020-11-29,Coimbatore,11.0168,76.9558,1.86,22.66,89.2,1.84
2020-11-30,Coimbatore,11.0168,76.9558,0.31,22.79,86.84,1.99
2020-12-01,Coimbatore,11.0168,76.9558,0.0,21.66,80.46,1.9
2020-12-02,Coimbatore,11.0168,76.9558,2.11,22.79,80.9,1.45
2020-12-03,Coimbatore,11.0168,76.9558,8.69,22.13,91.08,1.44
2020-12-04,Coimbatore,11.0168,76.9558,7.61,22.27,91.14,2.63
2020-12-05,Coimbatore,11.0168,76.9558,2.46,22.07,90.1,1.99
2020-12-06,Coimbatore,11.0168,76.9558,16.09,22.82,89.71,2.13
2020-12-07,Coimbatore,11.0168,76.9558,7.64,22.7,91.99,2.4
2020-12-08,Coimbatore,11.0168,76.9558,7.75,22.92,90.95,2.41
2020-12-09,Coimbatore,11.0168,76.9558,1.43,22.81,88.64,1.86
2020-12-10,Coimbatore,11.0168,76.9558,0.78,21.76,86.41,1.83
2020-12-11,Coimbatore,11.0168,76.9558,0.3,21.27,84.01,1.54
2020-12-12,Coimbatore,11.0168,76.9558,0.18,20.78,82.28,1.4
2020-12-13,Coimbatore,11.0168,76.9558,0.01,20.64,83.52,1.4
2020-12-14,Coimbatore,11.0168,76.9558,0.0,20.19,82.08,1.49
2020-12-15,Coimbatore,11.0168,76.9558,0.17,20.54,82.87,1.69
2020-12-16,Coimbatore,11.0168,76.9558,2.96,21.93,87.06,1.63
2020-12-17,Coimbatore,11.0168,76.9558,2.3,22.04,90.48,2.13
2020-12-18,Coimbatore,11.0168,76.9558,1.04,22.03,85.93,2.1
2020-12-19,Coimbatore,11.0168,76.9558,0.07,21.39,85.39,2.49
2020-12-20,Coimbatore,11.0168,76.9558,0.0,21.17,83.99,2.35
2020-12-21,Coimbatore,11.0168,76.9558,0.0,19.88,83.6,2.3
2020-12-22,Coimbatore,11.0168,76.9558,0.0,20.63,83.21,1.8
2020-12-23,Coimbatore,11.0168,76.9558,0.0,21.72,84.61,1.47
2020-12-24,Coimbatore,11.0168,76.9558,0.0,22.39,83.6,1.88
2020-12-25,Coimbatore,11.0168,76.9558,0.0,21.51,82.47,1.89
2020-12-26,Coimbatore,11.0168,76.9558,0.0,20.94,80.38,1.91
2020-12-27,Coimbatore,11.0168,76.9558,0.0,20.64,76.98,1.53
2020-12-28,Coimbatore,11.0168,76.9558,0.0,21.15,76.25,1.39
2020-12-29,Coimbatore,11.0168,76.9558,0.4,21.75,79.55,1.67
2020-12-30,Coimbatore,11.0168,76.9558,2.12,23.0,85.16,2.25
2020-12-31,Coimbatore,11.0168,76.9558,6.61,22.89,87.26,2.97
2021-01-01,Coimbatore,11.0168,76.9558,0.64,21.32,80.97,2.64
2021-01-02,Coimbatore,11.0168,76.9558,0.24,21.63,83.43,2.16
2021-01-03,Coimbatore,11.0168,76.9558,4.41,22.48,87.1,2.17
2021-01-04,Coimbatore,11.0168,76.9558,4.9,22.58,87.94,2.55
2021-01-05,Coimbatore,11.0168,76.9558,1.96,22.47,87.51,1.96
2021-01-06,Coimbatore,11.0168,76.9558,16.35,22.19,88.3,1.08
2021-01-07,Coimbatore,11.0168,76.9558,29.69,22.44,91.95,1.6
2021-01-08,Coimbatore,11.0168,76.9558,11.12,23.22,90.9,1.24
2021-01-09,Coimbatore,11.0168,76.9558,8.05,23.1,90.56,2.01
2021-01-10,Coimbatore,11.0168,76.9558,1.39,22.1,90.42,1.54
2021-01-11,Coimbatore,11.0168,76.9558,2.58,22.07,89.84,1.86
2021-01-12,Coimbatore,11.0168,76.9558,8.22,21.4,91.82,2.69
2021-01-13,Coimbatore,11.0168,76.9558,12.69,21.54,91.03,2.99
2021-01-14,Coimbatore,11.0168,76.9558,7.45,22.01,89.79,2.66
2021-01-15,Coimbatore,11.0168,76.9558,2.93,21.85,89.89,2.25
2021-01-16,Coimbatore,11.0168,76.9558,0.57,22.43,88.45,2.05
2021-01-17,Coimbatore,11.0168,76.9558,0.07,21.67,83.91,1.83
2021-01-18,Coimbatore,11.0168,76.9558,0.0,20.66,82.29,1.98
2021-01-19,Coimbatore,11.0168,76.9558,0.0,20.82,81.23,1.61
2021-01-20,Coimbatore,11.0168,76.9558,0.0,22.01,81.2,1.14
2021-01-21,Coimbatore,11.0168,76.9558,0.23,22.99,86.42,1.12
2021-01-22,Coimbatore,11.0168,76.9558,1.92,23.27,86.45,1.41
2021-01-23,Coimbatore,11.0168,76.9558,0.91,22.82,84.81,1.59
2021-01-24,Coimbatore,11.0168,76.9558,0.0,22.38,81.74,1.55
2021-01-25,Coimbatore,11.0168,76.9558,0.0,21.12,81.88,1.85
2021-01-26,Coimbatore,11.0168,76.9558,0.0,20.76,78.42,1.77
2021-01-27,Coimbatore,11.0168,76.9558,0.0,20.04,75.01,1.68
2021-01-28,Coimbatore,11.0168,76.9558,0.0,20.55,78.43,1.85
2021-01-29,Coimbatore,11.0168,76.9558,0.0,21.82,80.42,1.66
2021-01-30,Coimbatore,11.0168,76.9558,0.04,22.73,77.76,1.68
2021-01-31,Coimbatore,11.0168,76.9558,0.2,22.0,76.29,1.88
2021-02-01,Coimbatore,11.0168,76.9558,0.18,21.66,73.59,2.0
2021-02-02,Coimbatore,11.0168,76.9558,0.0,21.74,73.77,2.08
2021-02-03,Coimbatore,11.0168,76.9558,0.06,22.19,78.37,2.21
2021-02-04,Coimbatore,11.0168,76.9558,0.03,22.15,71.92,2.01
2021-02-05,Coimbatore,11.0168,76.9558,0.0,22.13,72.1,1.72
2021-02-06,Coimbatore,11.0168,76.9558,0.0,21.73,71.03,1.94
2021-02-07,Coimbatore,11.0168,76.9558,0.0,21.22,63.57,1.93
2021-02-08,Coimbatore,11.0168,76.9558,0.0,21.04,65.31,2.15
2021-02-09,Coimbatore,11.0168,76.9558,0.0,21.17,68.04,2.11
2021-02-10,Coimbatore,11.0168,76.9558,0.0,20.56,64.79,1.94
2021-02-11,Coimbatore,11.0168,76.9558,0.0,20.56,65.93,1.79
2021-02-12,Coimbatore,11.0168,76.9558,0.0,20.77,67.47,1.83
2021-02-13,Coimbatore,11.0168,76.9558,0.0,21.61,67.7,1.52
2021-02-14,Coimbatore,11.0168,76.9558,0.0,22.84,64.36,1.2
2021-02-15,Coimbatore,11.0168,76.9558,0.0,23.76,65.38,0.97
2021-02-16,Coimbatore,11.0168,76.9558,0.0,24.45,70.15,1.02
2021-02-17,Coimbatore,11.0168,76.9558,0.0,24.57,70.19,1.39
2021-02-18,Coimbatore,11.0168,76.9558,0.17,23.33,72.82,1.88
2021-02-19,Coimbatore,11.0168,76.9558,0.91,23.99,67.54,1.4
2021-02-20,Coimbatore,11.0168,76.9558,7.26,24.14,76.78,1.82
2021-02-21,Coimbatore,11.0168,76.9558,7.63,24.06,79.01,1.64
2021-02-22,Coimbatore,11.0168,76.9558,3.74,24.17,73.25,2.09
2021-02-23,Coimbatore,11.0168,76.9558,0.99,24.6,70.71,1.77
2021-02-24,Coimbatore,11.0168,76.9558,0.0,24.5,65.25,1.63
2021-02-25,Coimbatore,11.0168,76.9558,0.0,25.23,63.67,1.28
2021-02-26,Coimbatore,11.0168,76.9558,0.0,26.53,59.94,1.05
2021-02-27,Coimbatore,11.0168,76.9558,0.0,26.91,57.78,1.03
2021-02-28,Coimbatore,11.0168,76.9558,0.0,25.22,55.18,1.74
2021-03-01,Coimbatore,11.0168,76.9558,0.0,24.52,57.61,1.52
2021-03-02,Coimbatore,11.0168,76.9558,0.0,24.73,56.91,1.86
2021-03-03,Coimbatore,11.0168,76.9558,0.0,24.02,59.06,2.3
2021-03-04,Coimbatore,11.0168,76.9558,0.0,23.4,62.05,2.05
2021-03-05,Coimbatore,11.0168,76.9558,0.0,24.4,57.57,1.61
2021-03-06,Coimbatore,11.0168,76.9558,0.0,25.59,57.43,1.32
2021-03-07,Coimbatore,11.0168,76.9558,0.0,25.87,55.7,1.54
2021-03-08,Coimbatore,11.0168,76.9558,0.0,26.07,59.69,1.62
2021-03-09,Coimbatore,11.0168,76.9558,0.06,26.28,62.21,1.95
2021-03-10,Coimbatore,11.0168,76.9558,5.86,26.38,63.61,1.74
2021-03-11,Coimbatore,11.0168,76.9558,13.84,24.61,77.26,1.43
2021-03-12,Coimbatore,11.0168,76.9558,2.28,25.16,66.72,1.78
2021-03-13,Coimbatore,11.0168,76.9558,0.0,24.95,61.68,1.85
2021-03-14,Coimbatore,11.0168,76.9558,0.0,25.66,62.32,1.89
2021-03-15,Coimbatore,11.0168,76.9558,0.0,25.93,60.03,1.64
2021-03-16,Coimbatore,11.0168,76.9558,0.0,26.24,57.2,1.36
2021-03-17,Coimbatore,11.0168,76.9558,0.0,25.89,55.9,1.83
2021-03-18,Coimbatore,11.0168,76.9558,0.0,25.94,55.55,1.95
2021-03-19,Coimbatore,11.0168,76.9558,0.02,24.74,53.96,1.62
2021-03-20,Coimbatore,11.0168,76.9558,0.09,26.48,55.76,1.06
2021-03-21,Coimbatore,11.0168,76.9558,2.95,26.79,56.23,1.42
2021-03-22,Coimbatore,11.0168,76.9558,1.56,26.22,57.65,1.51
2021-03-23,Coimbatore,11.0168,76.9558,0.08,26.89,56.88,1.72
2021-03-24,Coimbatore,11.0168,76.9558,0.07,27.48,58.29,1.52
2021-03-25,Coimbatore,11.0168,76.9558,2.45,26.5,63.71,1.15
2021-03-26,Coimbatore,11.0168,76.9558,0.05,27.15,58.12,2.07
2021-03-27,Coimbatore,11.0168,76.9558,0.02,27.86,58.52,1.64
2021-03-28,Coimbatore,11.0168,76.9558,0.74,27.72,61.21,1.1
2021-03-29,Coimbatore,11.0168,76.9558,0.6,27.87,62.71,1.5
2021-03-30,Coimbatore,11.0168,76.9558,0.93,28.58,63.82,1.67
2021-03-31,Coimbatore,11.0168,76.9558,0.22,29.08,64.7,2.43
2021-04-01,Coimbatore,11.0168,76.9558,0.51,29.14,63.28,2.24
2021-04-02,Coimbatore,11.0168,76.9558,0.07,28.18,61.7,2.36
2021-04-03,Coimbatore,11.0168,76.9558,0.13,27.79,61.13,2.78
2021-04-04,Coimbatore,11.0168,76.9558,1.1,29.07,55.91,1.87
2021-04-05,Coimbatore,11.0168,76.9558,0.67,30.13,54.42,1.24
2021-04-06,Coimbatore,11.0168,76.9558,0.45,30.01,51.52,1.6
2021-04-07,Coimbatore,11.0168,76.9558,0.12,29.64,45.8,1.8
2021-04-08,Coimbatore,11.0168,76.9558,0.14,29.04,46.66,1.32
2021-04-09,Coimbatore,11.0168,76.9558,0.01,29.1,46.05,1.75
2021-04-10,Coimbatore,11.0168,76.9558,0.03,28.93,48.93,1.79
2021-04-11,Coimbatore,11.0168,76.9558,0.6,29.42,52.81,1.13
2021-04-12,Coimbatore,11.0168,76.9558,5.52,28.24,63.46,1.3
2021-04-13,Coimbatore,11.0168,76.9558,2.83,26.97,69.66,1.13
2021-04-14,Coimbatore,11.0168,76.9558,9.58,26.86,72.53,0.58
2021-04-15,Coimbatore,11.0168,76.9558,10.67,25.78,79.12,1.18
2021-04-16,Coimbatore,11.0168,76.9558,3.51,25.04,81.47,1.09
2021-04-17,Coimbatore,11.0168,76.9558,1.1,25.85,77.75,0.75
2021-04-18,Coimbatore,11.0168,76.9558,0.87,26.12,76.69,0.99
2021-04-19,Coimbatore,11.0168,76.9558,2.74,25.87,78.22,1.33
2021-04-20,Coimbatore,11.0168,76.9558,2.58,24.72,85.66,0.95
2021-04-21,Coimbatore,11.0168,76.9558,2.32,26.2,77.53,0.98
2021-04-22,Coimbatore,11.0168,76.9558,0.25,27.12,72.49,1.2
2021-04-23,Coimbatore,11.0168,76.9558,4.25,27.12,72.61,0.86
2021-04-24,Coimbatore,11.0168,76.9558,3.46,27.49,71.43,0.6
2021-04-25,Coimbatore,11.0168,76.9558,3.11,27.12,73.18,0.94
2021-04-26,Coimbatore,11.0168,76.9558,0.77,26.76,73.91,0.48
2021-04-27,Coimbatore,11.0168,76.9558,0.12,26.35,74.09,0.59
2021-04-28,Coimbatore,11.0168,76.9558,0.05,27.8,67.78,0.95
2021-04-29,Coimbatore,11.0168,76.9558,0.21,27.38,72.68,1.1
2021-04-30,Coimbatore,11.0168,76.9558,1.35,27.37,72.75,0.83
2021-05-01,Coimbatore,11.0168,76.9558,1.35,27.57,71.88,1.19
2021-05-02,Coimbatore,11.0168,76.9558,3.51,27.12,72.76,1.0
2021-05-03,Coimbatore,11.0168,76.9558,7.78,26.84,75.23,1.27
2021-05-04,Coimbatore,11.0168,76.9558,5.21,27.16,73.01,0.87
2021-05-05,Coimbatore,11.0168,76.9558,1.31,27.77,69.77,1.17
2021-05-06,Coimbatore,11.0168,76.9558,2.79,28.57,68.08,1.31
2021-05-07,Coimbatore,11.0168,76.9558,11.08,28.04,71.56,1.26
2021-05-08,Coimbatore,11.0168,76.9558,1.05,26.6,75.4,1.5
2021-05-09,Coimbatore,11.0168,76.9558,0.77,27.96,72.3,1.0
2021-05-10,Coimbatore,11.0168,76.9558,1.78,26.75,81.17,1.24
2021-05-11,Coimbatore,11.0168,76.9558,2.72,26.7,78.57,1.57
2021-05-12,Coimbatore,11.0168,76.9558,3.15,26.53,80.67,1.64
2021-05-13,Coimbatore,11.0168,76.9558,12.32,26.86,77.64,2.28
2021-05-14,Coimbatore,11.0168,76.9558,22.13,25.48,80.54,2.59
2021-05-15,Coimbatore,11.0168,76.9558,17.55,24.38,90.13,2.84
2021-05-16,Coimbatore,11.0168,76.9558,10.41,24.91,85.21,2.99
2021-05-17,Coimbatore,11.0168,76.9558,6.99,25.18,84.21,2.17
2021-05-18,Coimbatore,11.0168,76.9558,3.92,25.03,87.54,2.0
2021-05-19,Coimbatore,11.0168,76.9558,26.16,25.24,88.23,2.1
2021-05-20,Coimbatore,11.0168,76.9558,17.71,24.31,88.7,1.84
2021-05-21,Coimbatore,11.0168,76.9558,0.4,23.44,86.97,1.78
2021-05-22,Coimbatore,11.0168,76.9558,4.06,24.14,86.29,2.4
2021-05-23,Coimbatore,11.0168,76.9558,2.67,24.98,82.68,2.57
2021-05-24,Coimbatore,11.0168,76.9558,0.26,24.48,86.57,2.06
2021-05-25,Coimbatore,11.0168,76.9558,7.11,24.44,83.1,3.33
2021-05-26,Coimbatore,11.0168,76.9558,7.94,23.36,85.24,3.5
2021-05-27,Coimbatore,11.0168,76.9558,0.92,24.52,83.71,3.06
2021-05-28,Coimbatore,11.0168,76.9558,0.42,25.11,82.49,2.54
2021-05-29,Coimbatore,11.0168,76.9558,1.38,24.65,82.86,2.41
2021-05-30,Coimbatore,11.0168,76.9558,1.13,24.21,82.32,2.75
2021-05-31,Coimbatore,11.0168,76.9558,4.17,24.85,82.81,2.88
2021-06-01,Coimbatore,11.0168,76.9558,1.87,25.14,83.64,2.73
2021-06-02,Coimbatore,11.0168,76.9558,1.7,25.94,81.96,2.18
2021-06-03,Coimbatore,11.0168,76.9558,9.2,24.89,90.99,1.31
2021-06-04,Coimbatore,11.0168,76.9558,8.16,25.01,88.89,1.57
2021-06-05,Coimbatore,11.0168,76.9558,9.57,24.16,84.15,1.86
2021-06-06,Coimbatore,11.0168,76.9558,4.07,24.48,84.08,1.92
2021-06-07,Coimbatore,11.0168,76.9558,0.46,25.19,81.44,1.98
2021-06-08,Coimbatore,11.0168,76.9558,4.36,25.14,81.9,2.35
2021-06-09,Coimbatore,11.0168,76.9558,2.34,24.73,85.09,2.53
2021-06-10,Coimbatore,11.0168,76.9558,1.13,24.98,82.98,2.83
2021-06-11,Coimbatore,11.0168,76.9558,1.55,24.53,84.66,2.67
2021-06-12,Coimbatore,11.0168,76.9558,5.29,24.44,83.94,3.44
2021-06-13,Coimbatore,11.0168,76.9558,10.67,24.0,83.18,3.71
2021-06-14,Coimbatore,11.0168,76.9558,3.78,23.08,81.01,4.24
2021-06-15,Coimbatore,11.0168,76.9558,8.89,24.3,84.83,3.94
2021-06-16,Coimbatore,11.0168,76.9558,9.88,24.86,85.67,3.93
2021-06-17,Coimbatore,11.0168,76.9558,6.32,24.25,87.18,3.78
2021-06-18,Coimbatore,11.0168,76.9558,2.41,23.88,86.55,3.46
2021-06-19,Coimbatore,11.0168,76.9558,1.02,23.97,85.39,3.09
2021-06-20,Coimbatore,11.0168,76.9558,1.41,24.48,85.92,2.44
2021-06-21,Coimbatore,11.0168,76.9558,2.45,24.56,86.1,2.04
2021-06-22,Coimbatore,11.0168,76.9558,2.58,24.21,86.04,1.89
2021-06-23,Coimbatore,11.0168,76.9558,3.34,24.78,85.87,1.66
2021-06-24,Coimbatore,11.0168,76.9558,0.74,24.41,84.36,2.3
2021-06-25,Coimbatore,11.0168,76.9558,0.15,24.48,82.01,2.15
2021-06-26,Coimbatore,11.0168,76.9558,3.78,24.07,85.24,2.46
2021-06-27,Coimbatore,11.0168,76.9558,5.63,24.02,77.6,2.12
2021-06-28,Coimbatore,11.0168,76.9558,1.95,23.23,82.23,1.87
2021-06-29,Coimbatore,11.0168,76.9558,6.99,24.36,83.72,1.69
2021-06-30,Coimbatore,11.0168,76.9558,1.38,25.29,82.85,1.85
2021-07-01,Coimbatore,11.0168,76.9558,9.29,25.1,86.92,1.86
2021-07-02,Coimbatore,11.0168,76.9558,3.53,24.65,86.56,2.15
2021-07-03,Coimbatore,11.0168,76.9558,2.52,24.15,87.99,1.89
2021-07-04,Coimbatore,11.0168,76.9558,19.76,23.88,85.2,1.12
2021-07-05,Coimbatore,11.0168,76.9558,2.51,24.28,83.86,1.86
2021-07-06,Coimbatore,11.0168,76.9558,4.39,24.6,85.84,1.44
2021-07-07,Coimbatore,11.0168,76.9558,6.0,24.83,84.79,2.04
2021-07-08,Coimbatore,11.0168,76.9558,3.79,24.78,85.94,2.19
2021-07-09,Coimbatore,11.0168,76.9558,6.08,23.62,89.52,3.34
2021-07-10,Coimbatore,11.0168,76.9558,10.24,23.11,84.78,4.91
2021-07-11,Coimbatore,11.0168,76.9558,2.47,23.22,83.38,4.33
2021-07-12,Coimbatore,11.0168,76.9558,4.1,23.46,86.69,4.15
2021-07-13,Coimbatore,11.0168,76.9558,5.39,23.77,85.05,4.47
2021-07-14,Coimbatore,11.0168,76.9558,12.54,23.57,84.15,3.92
2021-07-15,Coimbatore,11.0168,76.9558,7.99,23.76,84.66,3.69
2021-07-16,Coimbatore,11.0168,76.9558,12.61,24.12,85.86,3.21
2021-07-17,Coimbatore,11.0168,76.9558,5.62,23.99,86.64,2.55
2021-07-18,Coimbatore,11.0168,76.9558,6.13,23.79,88.45,3.11
2021-07-19,Coimbatore,11.0168,76.9558,1.69,23.6,88.33,3.24
2021-07-20,Coimbatore,11.0168,76.9558,2.58,24.2,85.16,3.74
2021-07-21,Coimbatore,11.0168,76.9558,7.18,23.92,86.07,3.74
2021-07-22,Coimbatore,11.0168,76.9558,14.7,23.73,87.22,4.84
2021-07-23,Coimbatore,11.0168,76.9558,12.68,23.79,87.27,4.89
2021-07-24,Coimbatore,11.0168,76.9558,6.55,23.74,87.87,3.84
2021-07-25,Coimbatore,11.0168,76.9558,4.32,23.35,85.89,3.54
2021-07-26,Coimbatore,11.0168,76.9558,5.01,24.17,85.65,3.06
2021-07-27,Coimbatore,11.0168,76.9558,3.39,23.95,87.06,3.09
2021-07-28,Coimbatore,11.0168,76.9558,2.52,23.99,85.74,3.06
2021-07-29,Coimbatore,11.0168,76.9558,1.4,24.04,86.18,3.01
2021-07-30,Coimbatore,11.0168,76.9558,1.18,23.86,86.29,2.94
2021-07-31,Coimbatore,11.0168,76.9558,0.98,24.16,85.61,2.84
2021-08-01,Coimbatore,11.0168,76.9558,0.42,24.16,84.46,2.81
2021-08-02,Coimbatore,11.0168,76.9558,1.96,23.79,84.81,3.16
2021-08-03,Coimbatore,11.0168,76.9558,1.47,23.72,85.24,3.0
2021-08-04,Coimbatore,11.0168,76.9558,1.57,23.87,86.13,3.33
2021-08-05,Coimbatore,11.0168,76.9558,4.55,23.98,85.19,3.36
2021-08-06,Coimbatore,11.0168,76.9558,5.29,24.58,85.82,3.51
2021-08-07,Coimbatore,11.0168,76.9558,9.31,24.37,87.11,3.18
2021-08-08,Coimbatore,11.0168,76.9558,3.85,23.94,86.91,2.53
2021-08-09,Coimbatore,11.0168,76.9558,4.13,23.59,85.35,2.52
2021-08-10,Coimbatore,11.0168,76.9558,1.76,22.52,87.27,2.75
2021-08-11,Coimbatore,11.0168,76.9558,3.64,23.35,85.68,2.82
2021-08-12,Coimbatore,11.0168,76.9558,2.1,23.23,85.2,2.94
2021-08-13,Coimbatore,11.0168,76.9558,8.34,23.87,85.37,2.43
2021-08-14,Coimbatore,11.0168,76.9558,2.29,23.86,85.67,2.68
2021-08-15,Coimbatore,11.0168,76.9558,0.44,23.8,85.23,2.78
2021-08-16,Coimbatore,11.0168,76.9558,0.28,23.9,82.81,2.79
2021-08-17,Coimbatore,11.0168,76.9558,4.39,23.56,85.39,2.65
2021-08-18,Coimbatore,11.0168,76.9558,7.17,22.65,84.83,2.84
2021-08-19,Coimbatore,11.0168,76.9558,1.97,22.87,81.58,3.02
2021-08-20,Coimbatore,11.0168,76.9558,1.16,24.1,79.51,1.83
2021-08-21,Coimbatore,11.0168,76.9558,6.31,24.48,78.81,1.08
2021-08-22,Coimbatore,11.0168,76.9558,10.38,24.28,81.39,0.91
2021-08-23,Coimbatore,11.0168,76.9558,13.48,23.6,84.72,1.55
2021-08-24,Coimbatore,11.0168,76.9558,1.7,24.03,83.63,2.01
2021-08-25,Coimbatore,11.0168,76.9558,4.95,24.27,84.27,2.19
2021-08-26,Coimbatore,11.0168,76.9558,10.64,24.12,89.4,2.4
2021-08-27,Coimbatore,11.0168,76.9558,10.5,23.93,90.47,2.67
2021-08-28,Coimbatore,11.0168,76.9558,10.27,23.6,89.03,2.62
2021-08-29,Coimbatore,11.0168,76.9558,7.14,23.44,88.46,3.23
2021-08-30,Coimbatore,11.0168,76.9558,3.34,23.42,86.86,2.76
2021-08-31,Coimbatore,11.0168,76.9558,0.65,24.42,84.66,2.28
2021-09-01,Coimbatore,11.0168,76.9558,1.23,23.99,86.17,1.88
2021-09-02,Coimbatore,11.0168,76.9558,14.57,23.19,89.11,1.79
2021-09-03,Coimbatore,11.0168,76.9558,10.0,23.88,83.7,1.93
2021-09-04,Coimbatore,11.0168,76.9558,3.42,23.75,87.06,2.63
2021-09-05,Coimbatore,11.0168,76.9558,6.38,23.89,82.7,3.29
2021-09-06,Coimbatore,11.0168,76.9558,6.95,22.85,86.2,3.41
2021-09-07,Coimbatore,11.0168,76.9558,5.93,23.57,86.55,3.11
2021-09-08,Coimbatore,11.0168,76.9558,6.91,23.75,87.26,3.19
2021-09-09,Coimbatore,11.0168,76.9558,1.02,24.06,85.82,2.3
2021-09-10,Coimbatore,11.0168,76.9558,0.26,23.94,85.89,2.36
2021-09-11,Coimbatore,11.0168,76.9558,6.56,23.41,89.45,2.81
2021-09-12,Coimbatore,11.0168,76.9558,7.84,23.86,87.56,3.59
2021-09-13,Coimbatore,11.0168,76.9558,4.44,23.45,89.64,3.86
2021-09-14,Coimbatore,11.0168,76.9558,1.31,24.35,86.97,2.74
2021-09-15,Coimbatore,11.0168,76.9558,7.64,24.03,88.46,2.2
2021-09-16,Coimbatore,11.0168,76.9558,8.12,24.07,88.43,2.21
2021-09-17,Coimbatore,11.0168,76.9558,4.79,24.37,85.79,1.69
2021-09-18,Coimbatore,11.0168,76.9558,0.68,24.71,83.28,1.23
2021-09-19,Coimbatore,11.0168,76.9558,4.96,23.77,87.43,1.16
2021-09-20,Coimbatore,11.0168,76.9558,1.74,24.28,86.72,1.29
2021-09-21,Coimbatore,11.0168,76.9558,0.34,24.21,85.41,1.82
2021-09-22,Coimbatore,11.0168,76.9558,1.23,24.71,82.07,1.68
2021-09-23,Coimbatore,11.0168,76.9558,5.19,24.73,84.35,1.73
2021-09-24,Coimbatore,11.0168,76.9558,7.71,25.14,82.66,1.37
2021-09-25,Coimbatore,11.0168,76.9558,7.78,24.77,85.28,2.01
2021-09-26,Coimbatore,11.0168,76.9558,2.22,23.9,86.5,2.2
2021-09-27,Coimbatore,11.0168,76.9558,8.34,23.79,86.39,3.41
2021-09-28,Coimbatore,11.0168,76.9558,4.34,23.22,86.49,3.34
2021-09-29,Coimbatore,11.0168,76.9558,0.83,23.41,82.28,2.05
2021-09-30,Coimbatore,11.0168,76.9558,16.88,23.57,86.93,1.48
2021-10-01,Coimbatore,11.0168,76.9558,5.87,24.55,86.84,0.84
2021-10-02,Coimbatore,11.0168,76.9558,15.09,24.32,88.46,0.75
2021-10-03,Coimbatore,11.0168,76.9558,13.12,24.71,85.89,1.3
2021-10-04,Coimbatore,11.0168,76.9558,3.15,24.72,85.04,0.97
2021-10-05,Coimbatore,11.0168,76.9558,6.38,24.81,85.78,0.58
2021-10-06,Coimbatore,11.0168,76.9558,2.27,23.82,89.33,1.22
2021-10-07,Coimbatore,11.0168,76.9558,0.39,24.45,85.57,1.63
2021-10-08,Coimbatore,11.0168,76.9558,13.41,24.36,88.83,2.24
2021-10-09,Coimbatore,11.0168,76.9558,5.89,24.01,90.89,2.52
2021-10-10,Coimbatore,11.0168,76.9558,5.26,23.98,89.97,1.96
2021-10-11,Coimbatore,11.0168,76.9558,26.01,23.33,90.19,2.61
2021-10-12,Coimbatore,11.0168,76.9558,15.37,22.54,91.06,2.88
2021-10-13,Coimbatore,11.0168,76.9558,2.48,22.92,90.02,2.05
2021-10-14,Coimbatore,11.0168,76.9558,2.29,24.03,90.59,2.09
2021-10-15,Coimbatore,11.0168,76.9558,1.81,24.41,89.19,1.56
2021-10-16,Coimbatore,11.0168,76.9558,35.2,24.29,92.93,2.62
2021-10-17,Coimbatore,11.0168,76.9558,7.57,24.02,91.1,3.29
2021-10-18,Coimbatore,11.0168,76.9558,3.61,23.44,91.77,2.25
2021-10-19,Coimbatore,11.0168,76.9558,1.46,23.83,87.62,1.08
2021-10-20,Coimbatore,11.0168,76.9558,25.22,23.71,88.67,0.54
2021-10-21,Coimbatore,11.0168,76.9558,21.29,23.53,89.8,0.89
2021-10-22,Coimbatore,11.0168,76.9558,10.29,24.02,88.71,1.04
2021-10-23,Coimbatore,11.0168,76.9558,12.27,24.54,81.52,0.48
2021-10-24,Coimbatore,11.0168,76.9558,8.51,23.28,88.41,0.82
2021-10-25,Coimbatore,11.0168,76.9558,6.17,23.63,87.82,0.7
2021-10-26,Coimbatore,11.0168,76.9558,3.56,24.16,86.32,0.87
2021-10-27,Coimbatore,11.0168,76.9558,5.05,23.68,89.45,1.03
2021-10-28,Coimbatore,11.0168,76.9558,2.64,23.35,88.66,0.92
2021-10-29,Coimbatore,11.0168,76.9558,1.15,22.68,89.35,1.22
2021-10-30,Coimbatore,11.0168,76.9558,6.99,22.52,91.34,1.71
2021-10-31,Coimbatore,11.0168,76.9558,3.37,23.11,89.51,1.3
2021-11-01,Coimbatore,11.0168,76.9558,15.93,22.67,91.88,1.41
2021-11-02,Coimbatore,11.0168,76.9558,21.13,22.5,94.26,2.25
2021-11-03,Coimbatore,11.0168,76.9558,3.49,22.87,93.59,1.55
2021-11-04,Coimbatore,11.0168,76.9558,17.38,23.13,92.34,1.12
2021-11-05,Coimbatore,11.0168,76.9558,6.54,23.04,91.9,0.9
2021-11-06,Coimbatore,11.0168,76.9558,4.89,23.53,85.48,0.8
2021-11-07,Coimbatore,11.0168,76.9558,14.72,22.92,89.01,1.17
2021-11-08,Coimbatore,11.0168,76.9558,4.28,22.61,92.27,0.91
2021-11-09,Coimbatore,11.0168,76.9558,2.77,22.52,88.17,0.78
2021-11-10,Coimbatore,11.0168,76.9558,3.15,22.23,89.17,0.87
2021-11-11,Coimbatore,11.0168,76.9558,1.68,22.47,89.81,1.41
2021-11-12,Coimbatore,11.0168,76.9558,13.04,22.82,91.72,2.19
2021-11-13,Coimbatore,11.0168,76.9558,4.86,23.52,90.24,1.47
2021-11-14,Coimbatore,11.0168,76.9558,6.82,22.74,94.43,1.44
2021-11-15,Coimbatore,11.0168,76.9558,12.96,23.27,94.2,1.38
2021-11-16,Coimbatore,11.0168,76.9558,3.07,23.39,93.1,1.15
2021-11-17,Coimbatore,11.0168,76.9558,26.36,23.7,87.81,0.49
2021-11-18,Coimbatore,11.0168,76.9558,8.88,23.31,89.58,1.21
2021-11-19,Coimbatore,11.0168,76.9558,6.17,22.57,95.02,2.92
2021-11-20,Coimbatore,11.0168,76.9558,2.42,22.96,93.71,2.38
2021-11-21,Coimbatore,11.0168,76.9558,0.31,23.5,85.17,0.73
2021-11-22,Coimbatore,11.0168,76.9558,6.95,23.28,88.9,1.12
2021-11-23,Coimbatore,11.0168,76.9558,10.98,23.09,91.72,1.2
2021-11-24,Coimbatore,11.0168,76.9558,1.39,22.75,89.61,1.28
2021-11-25,Coimbatore,11.0168,76.9558,16.6,21.92,90.22,1.79
2021-11-26,Coimbatore,11.0168,76.9558,5.61,22.07,91.88,1.9
2021-11-27,Coimbatore,11.0168,76.9558,1.88,21.94,92.97,1.79
2021-11-28,Coimbatore,11.0168,76.9558,4.58,22.45,93.0,2.24
2021-11-29,Coimbatore,11.0168,76.9558,17.36,21.89,92.41,2.81
2021-11-30,Coimbatore,11.0168,76.9558,11.03,22.23,93.06,2.23
2021-12-01,Coimbatore,11.0168,76.9558,4.1,23.42,90.24,1.52
2021-12-02,Coimbatore,11.0168,76.9558,1.96,23.74,90.94,1.5
2021-12-03,Coimbatore,11.0168,76.9558,2.3,23.58,87.54,0.9
2021-12-04,Coimbatore,11.0168,76.9558,6.22,23.54,89.83,0.56
2021-12-05,Coimbatore,11.0168,76.9558,8.62,24.04,87.34,0.78
2021-12-06,Coimbatore,11.0168,76.9558,0.29,23.23,92.71,0.92
2021-12-07,Coimbatore,11.0168,76.9558,0.44,23.48,90.14,1.21
2021-12-08,Coimbatore,11.0168,76.9558,0.15,22.43,88.43,1.67
2021-12-09,Coimbatore,11.0168,76.9558,2.32,22.92,89.26,1.77
2021-12-10,Coimbatore,11.0168,76.9558,0.51,21.73,88.36,2.26
2021-12-11,Coimbatore,11.0168,76.9558,1.67,22.15,90.9,2.1
2021-12-12,Coimbatore,11.0168,76.9558,0.41,22.26,90.35,2.65
2021-12-13,Coimbatore,11.0168,76.9558,0.08,21.87,90.85,2.07
2021-12-14,Coimbatore,11.0168,76.9558,1.47,21.98,90.07,2.64
2021-12-15,Coimbatore,11.0168,76.9558,0.77,21.82,89.65,2.23
2021-12-16,Coimbatore,11.0168,76.9558,0.01,21.47,87.28,1.8
2021-12-17,Coimbatore,11.0168,76.9558,0.0,21.22,86.46,1.49
2021-12-18,Coimbatore,11.0168,76.9558,0.0,20.48,85.86,1.61
2021-12-19,Coimbatore,11.0168,76.9558,0.0,19.39,83.98,1.7
2021-12-20,Coimbatore,11.0168,76.9558,0.0,18.82,86.02,1.72
2021-12-21,Coimbatore,11.0168,76.9558,0.0,19.85,83.72,1.3
2021-12-22,Coimbatore,11.0168,76.9558,0.0,19.38,85.04,1.36
2021-12-23,Coimbatore,11.0168,76.9558,0.0,19.31,83.11,1.33
2021-12-24,Coimbatore,11.0168,76.9558,0.0,18.92,80.69,1.39
2021-12-25,Coimbatore,11.0168,76.9558,0.0,19.41,84.11,1.44
2021-12-26,Coimbatore,11.0168,76.9558,0.0,19.55,86.51,1.54
2021-12-27,Coimbatore,11.0168,76.9558,0.0,19.83,87.22,1.68
2021-12-28,Coimbatore,11.0168,76.9558,0.0,19.88,85.64,1.71
2021-12-29,Coimbatore,11.0168,76.9558,0.0,20.0,85.85,1.61
2021-12-30,Coimbatore,11.0168,76.9558,1.6,20.83,88.1,1.89
2021-12-31,Coimbatore,11.0168,76.9558,4.73,22.31,89.51,2.82
2022-01-01,Coimbatore,11.0168,76.9558,11.09,22.52,90.08,2.84
2022-01-02,Coimbatore,11.0168,76.9558,1.93,21.82,88.86,2.7
2022-01-03,Coimbatore,11.0168,76.9558,0.02,21.09,85.23,2.11
2022-01-04,Coimbatore,11.0168,76.9558,0.0,21.31,86.91,1.87
2022-01-05,Coimbatore,11.0168,76.9558,0.0,21.26,85.65,1.29
2022-01-06,Coimbatore,11.0168,76.9558,0.0,20.95,87.12,1.61
2022-01-07,Coimbatore,11.0168,76.9558,0.04,21.74,87.04,1.53
2022-01-08,Coimbatore,11.0168,76.9558,0.08,21.77,87.73,1.75
2022-01-09,Coimbatore,11.0168,76.9558,0.0,21.75,86.3,1.55
2022-01-10,Coimbatore,11.0168,76.9558,0.0,21.33,83.69,1.33
2022-01-11,Coimbatore,11.0168,76.9558,0.0,22.03,84.19,1.36
2022-01-12,Coimbatore,11.0168,76.9558,0.0,22.74,82.33,0.75
2022-01-13,Coimbatore,11.0168,76.9558,0.0,23.22,81.23,0.75
2022-01-14,Coimbatore,11.0168,76.9558,0.0,23.36,79.28,0.82
2022-01-15,Coimbatore,11.0168,76.9558,0.13,23.48,80.22,0.77
2022-01-16,Coimbatore,11.0168,76.9558,3.95,22.75,85.38,1.84
2022-01-17,Coimbatore,11.0168,76.9558,1.42,22.52,83.7,2.11
2022-01-18,Coimbatore,11.0168,76.9558,0.01,21.77,82.0,2.03
2022-01-19,Coimbatore,11.0168,76.9558,0.0,22.02,79.43,1.62
2022-01-20,Coimbatore,11.0168,76.9558,0.0,22.32,70.7,0.92
2022-01-21,Coimbatore,11.0168,76.9558,0.0,23.11,71.89,0.65
2022-01-22,Coimbatore,11.0168,76.9558,0.0,23.51,77.08,1.15
2022-01-23,Coimbatore,11.0168,76.9558,0.0,22.47,76.66,1.32
2022-01-24,Coimbatore,11.0168,76.9558,0.0,22.17,71.48,0.87
2022-01-25,Coimbatore,11.0168,76.9558,0.0,21.89,77.7,0.57
2022-01-26,Coimbatore,11.0168,76.9558,0.37,22.8,80.44,0.6
2022-01-27,Coimbatore,11.0168,76.9558,3.53,22.69,78.38,1.77
2022-01-28,Coimbatore,11.0168,76.9558,0.9,22.47,77.75,2.7
2022-01-29,Coimbatore,11.0168,76.9558,0.04,22.91,79.01,2.36
2022-01-30,Coimbatore,11.0168,76.9558,0.0,24.04,77.82,1.39
2022-01-31,Coimbatore,11.0168,76.9558,0.0,24.26,75.69,1.31
2022-02-01,Coimbatore,11.0168,76.9558,0.03,24.16,76.85,1.42
2022-02-02,Coimbatore,11.0168,76.9558,0.05,23.08,73.86,1.45
2022-02-03,Coimbatore,11.0168,76.9558,0.0,22.72,71.57,0.9
2022-02-04,Coimbatore,11.0168,76.9558,0.0,23.59,72.24,1.34
2022-02-05,Coimbatore,11.0168,76.9558,0.0,23.98,70.5,0.67
2022-02-06,Coimbatore,11.0168,76.9558,0.0,23.91,73.92,1.59
2022-02-07,Coimbatore,11.0168,76.9558,0.0,23.64,73.94,1.43
2022-02-08,Coimbatore,11.0168,76.9558,0.0,23.49,71.88,1.38
2022-02-09,Coimbatore,11.0168,76.9558,0.01,22.68,68.75,1.93
2022-02-10,Coimbatore,11.0168,76.9558,0.0,22.36,58.18,1.73
2022-02-11,Coimbatore,11.0168,76.9558,0.33,23.18,67.23,2.25
2022-02-12,Coimbatore,11.0168,76.9558,1.44,22.67,76.87,1.99
2022-02-13,Coimbatore,11.0168,76.9558,0.11,23.38,71.66,1.97
2022-02-14,Coimbatore,11.0168,76.9558,0.04,23.66,70.21,1.92
2022-02-15,Coimbatore,11.0168,76.9558,0.17,24.0,70.47,1.49
2022-02-16,Coimbatore,11.0168,76.9558,0.16,24.14,69.03,1.11
2022-02-17,Coimbatore,11.0168,76.9558,0.02,24.44,63.76,1.23
2022-02-18,Coimbatore,11.0168,76.9558,0.0,24.15,65.09,1.93
2022-02-19,Coimbatore,11.0168,76.9558,0.0,24.25,65.13,2.21
2022-02-20,Coimbatore,11.0168,76.9558,0.0,25.36,64.75,1.24
2022-02-21,Coimbatore,11.0168,76.9558,0.0,26.59,63.88,0.5
2022-02-22,Coimbatore,11.0168,76.9558,0.0,26.58,64.44,1.22
2022-02-23,Coimbatore,11.0168,76.9558,0.04,24.75,60.88,2.31
2022-02-24,Coimbatore,11.0168,76.9558,0.16,23.91,60.17,2.02
2022-02-25,Coimbatore,11.0168,76.9558,0.0,24.42,57.28,2.03
2022-02-26,Coimbatore,11.0168,76.9558,0.0,23.85,58.05,1.97
2022-02-27,Coimbatore,11.0168,76.9558,0.12,25.43,62.19,2.27
2022-02-28,Coimbatore,11.0168,76.9558,0.03,24.42,56.38,2.17
2022-03-01,Coimbatore,11.0168,76.9558,0.0,24.69,54.68,2.07
2022-03-02,Coimbatore,11.0168,76.9558,0.0,24.15,47.39,2.22
2022-03-03,Coimbatore,11.0168,76.9558,0.0,23.97,50.34,2.32
2022-03-04,Coimbatore,11.0168,76.9558,0.0,25.43,46.35,1.83
2022-03-05,Coimbatore,11.0168,76.9558,0.0,26.37,55.81,1.79
2022-03-06,Coimbatore,11.0168,76.9558,0.09,26.78,55.18,2.09
2022-03-07,Coimbatore,11.0168,76.9558,0.99,25.24,60.98,2.1
2022-03-08,Coimbatore,11.0168,76.9558,1.33,26.06,65.66,1.75
2022-03-09,Coimbatore,11.0168,76.9558,0.22,26.89,53.53,1.71
2022-03-10,Coimbatore,11.0168,76.9558,0.0,26.37,46.1,1.76
2022-03-11,Coimbatore,11.0168,76.9558,0.0,26.37,44.31,2.13
2022-03-12,Coimbatore,11.0168,76.9558,0.0,26.21,41.77,2.14
2022-03-13,Coimbatore,11.0168,76.9558,0.0,26.1,43.43,2.49
2022-03-14,Coimbatore,11.0168,76.9558,0.0,27.03,43.53,1.98
2022-03-15,Coimbatore,11.0168,76.9558,0.02,27.86,45.22,1.28
2022-03-16,Coimbatore,11.0168,76.9558,0.3,28.68,54.88,1.05
2022-03-17,Coimbatore,11.0168,76.9558,0.07,28.86,50.2,1.29
2022-03-18,Coimbatore,11.0168,76.9558,0.18,29.0,49.32,1.22
2022-03-19,Coimbatore,11.0168,76.9558,0.45,27.99,61.31,2.04
2022-03-20,Coimbatore,11.0168,76.9558,1.04,27.27,64.32,2.37
2022-03-21,Coimbatore,11.0168,76.9558,3.49,27.5,64.9,2.05
2022-03-22,Coimbatore,11.0168,76.9558,2.79,27.73,66.51,1.46
2022-03-23,Coimbatore,11.0168,76.9558,17.81,27.53,70.28,0.9
2022-03-24,Coimbatore,11.0168,76.9558,5.56,27.03,72.43,0.82
2022-03-25,Coimbatore,11.0168,76.9558,3.78,27.07,72.22,0.83
2022-03-26,Coimbatore,11.0168,76.9558,2.76,27.54,71.68,0.78
2022-03-27,Coimbatore,11.0168,76.9558,1.02,27.86,69.37,0.71
2022-03-28,Coimbatore,11.0168,76.9558,0.45,28.35,66.76,1.37
2022-03-29,Coimbatore,11.0168,76.9558,0.86,28.27,69.44,1.02
2022-03-30,Coimbatore,11.0168,76.9558,1.63,28.45,67.78,1.12
2022-03-31,Coimbatore,11.0168,76.9558,0.2,28.63,64.12,1.06
2022-04-01,Coimbatore,11.0168,76.9558,0.67,28.03,67.56,1.26
2022-04-02,Coimbatore,11.0168,76.9558,1.08,28.04,67.12,1.07
2022-04-03,Coimbatore,11.0168,76.9558,0.98,28.16,65.62,1.19
2022-04-04,Coimbatore,11.0168,76.9558,0.12,28.32,61.05,1.68
2022-04-05,Coimbatore,11.0168,76.9558,0.23,28.23,58.47,1.51
2022-04-06,Coimbatore,11.0168,76.9558,3.89,27.63,64.74,1.03
2022-04-07,Coimbatore,11.0168,76.9558,0.56,28.89,62.06,1.07
2022-04-08,Coimbatore,11.0168,76.9558,9.91,27.79,68.55,0.67
2022-04-09,Coimbatore,11.0168,76.9558,9.82,26.76,74.98,0.78
2022-04-10,Coimbatore,11.0168,76.9558,1.87,26.76,72.47,1.28
2022-04-11,Coimbatore,11.0168,76.9558,3.98,27.54,69.6,1.0
2022-04-12,Coimbatore,11.0168,76.9558,8.64,27.33,71.88,0.59
2022-04-13,Coimbatore,11.0168,76.9558,12.15,26.53,76.08,1.15
2022-04-14,Coimbatore,11.0168,76.9558,16.84,25.02,77.59,0.94
2022-04-15,Coimbatore,11.0168,76.9558,1.64,26.89,70.56,1.27
2022-04-16,Coimbatore,11.0168,76.9558,3.32,26.6,77.63,1.87
2022-04-17,Coimbatore,11.0168,76.9558,7.18,26.83,78.08,1.66
2022-04-18,Coimbatore,11.0168,76.9558,2.48,26.39,75.64,1.67
2022-04-19,Coimbatore,11.0168,76.9558,1.41,25.93,76.76,1.11
2022-04-20,Coimbatore,11.0168,76.9558,0.0,28.01,67.22,0.82
2022-04-21,Coimbatore,11.0168,76.9558,0.0,27.45,72.86,1.07
2022-04-22,Coimbatore,11.0168,76.9558,1.71,26.85,74.01,1.14
2022-04-23,Coimbatore,11.0168,76.9558,21.38,25.95,76.07,1.19
2022-04-24,Coimbatore,11.0168,76.9558,0.4,27.63,66.82,1.22
2022-04-25,Coimbatore,11.0168,76.9558,0.1,27.72,66.71,0.74
2022-04-26,Coimbatore,11.0168,76.9558,0.0,28.35,68.75,0.91
2022-04-27,Coimbatore,11.0168,76.9558,0.01,27.95,68.4,1.03
2022-04-28,Coimbatore,11.0168,76.9558,0.15,27.95,70.89,0.94
2022-04-29,Coimbatore,11.0168,76.9558,1.12,28.52,72.37,1.35
2022-04-30,Coimbatore,11.0168,76.9558,0.57,28.2,71.49,1.7
2022-05-01,Coimbatore,11.0168,76.9558,3.57,27.26,75.71,1.88
2022-05-02,Coimbatore,11.0168,76.9558,2.58,27.51,73.86,2.18
2022-05-03,Coimbatore,11.0168,76.9558,5.67,26.68,80.02,0.98
2022-05-04,Coimbatore,11.0168,76.9558,3.6,28.12,72.26,1.3
2022-05-05,Coimbatore,11.0168,76.9558,2.26,26.48,77.92,1.69
2022-05-06,Coimbatore,11.0168,76.9558,0.18,26.51,67.82,1.19
2022-05-07,Coimbatore,11.0168,76.9558,3.34,26.91,75.54,1.78
2022-05-08,Coimbatore,11.0168,76.9558,4.03,27.5,74.54,1.48
2022-05-09,Coimbatore,11.0168,76.9558,4.57,26.36,82.9,2.54
2022-05-10,Coimbatore,11.0168,76.9558,3.69,26.02,79.02,3.14
2022-05-11,Coimbatore,11.0168,76.9558,2.28,25.85,77.6,3.8
2022-05-12,Coimbatore,11.0168,76.9558,4.21,25.0,79.78,3.38
2022-05-13,Coimbatore,11.0168,76.9558,4.86,25.1,79.04,3.02
2022-05-14,Coimbatore,11.0168,76.9558,13.48,24.21,85.78,2.87
2022-05-15,Coimbatore,11.0168,76.9558,12.85,24.25,90.64,2.28
2022-05-16,Coimbatore,11.0168,76.9558,7.02,24.55,89.07,2.53
2022-05-17,Coimbatore,11.0168,76.9558,12.99,25.34,82.61,1.67
2022-05-18,Coimbatore,11.0168,76.9558,10.05,25.01,84.95,2.54
2022-05-19,Coimbatore,11.0168,76.9558,6.17,23.92,85.75,3.51
2022-05-20,Coimbatore,11.0168,76.9558,4.39,24.35,83.04,3.13
2022-05-21,Coimbatore,11.0168,76.9558,3.69,24.54,81.04,3.0
2022-05-22,Coimbatore,11.0168,76.9558,0.87,24.91,81.7,3.17
2022-05-23,Coimbatore,11.0168,76.9558,3.9,25.88,83.06,2.69
2022-05-24,Coimbatore,11.0168,76.9558,3.77,26.59,81.16,1.92
2022-05-25,Coimbatore,11.0168,76.9558,8.39,26.27,82.53,1.24
2022-05-26,Coimbatore,11.0168,76.9558,5.36,24.6,85.61,2.11
2022-05-27,Coimbatore,11.0168,76.9558,3.11,24.33,85.25,2.13
2022-05-28,Coimbatore,11.0168,76.9558,2.32,24.5,86.47,2.34
2022-05-29,Coimbatore,11.0168,76.9558,5.39,25.0,81.48,2.25
2022-05-30,Coimbatore,11.0168,76.9558,3.1,25.26,80.44,2.37
2022-05-31,Coimbatore,11.0168,76.9558,4.16,25.12,81.74,2.44
2022-06-01,Coimbatore,11.0168,76.9558,5.42,24.68,85.2,2.69
2022-06-02,Coimbatore,11.0168,76.9558,1.91,24.52,84.41,2.06
2022-06-03,Coimbatore,11.0168,76.9558,0.25,24.71,81.78,2.33
2022-06-04,Coimbatore,11.0168,76.9558,0.38,25.74,80.04,1.31
2022-06-05,Coimbatore,11.0168,76.9558,6.58,25.32,83.79,1.81
2022-06-06,Coimbatore,11.0168,76.9558,4.41,25.79,79.74,1.25
2022-06-07,Coimbatore,11.0168,76.9558,1.33,24.95,85.77,1.83
2022-06-08,Coimbatore,11.0168,76.9558,0.25,25.06,81.85,2.7
2022-06-09,Coimbatore,11.0168,76.9558,0.94,25.31,80.36,2.63
2022-06-10,Coimbatore,11.0168,76.9558,3.24,24.57,83.57,2.78
2022-06-11,Coimbatore,11.0168,76.9558,2.84,24.74,79.73,2.78
2022-06-12,Coimbatore,11.0168,76.9558,6.5,23.47,81.72,2.43
2022-06-13,Coimbatore,11.0168,76.9558,5.32,24.34,81.54,2.28
2022-06-14,Coimbatore,11.0168,76.9558,5.45,24.43,84.29,2.55
2022-06-15,Coimbatore,11.0168,76.9558,4.19,24.34,84.18,1.96
2022-06-16,Coimbatore,11.0168,76.9558,11.7,24.18,86.71,1.15
2022-06-17,Coimbatore,11.0168,76.9558,15.71,23.08,85.37,1.55
2022-06-18,Coimbatore,11.0168,76.9558,5.83,23.24,86.23,1.55
2022-06-19,Coimbatore,11.0168,76.9558,5.24,23.79,86.51,1.83
2022-06-20,Coimbatore,11.0168,76.9558,1.92,24.17,82.22,2.19
2022-06-21,Coimbatore,11.0168,76.9558,2.04,24.28,84.2,2.38
2022-06-22,Coimbatore,11.0168,76.9558,1.08,24.03,83.97,2.25
2022-06-23,Coimbatore,11.0168,76.9558,1.89,24.08,81.43,2.2
2022-06-24,Coimbatore,11.0168,76.9558,4.69,23.8,84.47,2.92
2022-06-25,Coimbatore,11.0168,76.9558,4.3,23.8,83.34,3.72
2022-06-26,Coimbatore,11.0168,76.9558,1.31,24.48,82.6,3.47
2022-06-27,Coimbatore,11.0168,76.9558,2.44,24.79,82.84,2.97
2022-06-28,Coimbatore,11.0168,76.9558,4.38,24.25,84.29,2.61
2022-06-29,Coimbatore,11.0168,76.9558,2.22,24.28,85.05,2.67
2022-06-30,Coimbatore,11.0168,76.9558,22.15,23.77,86.68,3.09
2022-07-01,Coimbatore,11.0168,76.9558,4.23,24.25,84.38,3.07
2022-07-02,Coimbatore,11.0168,76.9558,1.98,23.64,86.45,2.96
2022-07-03,Coimbatore,11.0168,76.9558,3.88,23.54,85.44,3.63
2022-07-04,Coimbatore,11.0168,76.9558,4.71,23.52,83.95,4.39
2022-07-05,Coimbatore,11.0168,76.9558,8.42,22.85,85.24,4.39
2022-07-06,Coimbatore,11.0168,76.9558,7.39,23.22,85.95,3.59
2022-07-07,Coimbatore,11.0168,76.9558,10.69,22.81,84.85,3.64
2022-07-08,Coimbatore,11.0168,76.9558,8.35,23.34,83.55,3.87
2022-07-09,Coimbatore,11.0168,76.9558,6.91,22.63,87.79,3.81
2022-07-10,Coimbatore,11.0168,76.9558,9.88,23.28,85.83,4.27
2022-07-11,Coimbatore,11.0168,76.9558,6.72,23.17,85.74,4.19
2022-07-12,Coimbatore,11.0168,76.9558,9.02,22.84,86.14,4.13
2022-07-13,Coimbatore,11.0168,76.9558,9.56,23.1,86.14,4.71
2022-07-14,Coimbatore,11.0168,76.9558,8.13,23.48,85.09,4.91
2022-07-15,Coimbatore,11.0168,76.9558,9.15,23.79,85.59,3.95
2022-07-16,Coimbatore,11.0168,76.9558,9.2,24.1,85.72,3.43
2022-07-17,Coimbatore,11.0168,76.9558,9.38,24.22,83.67,3.29
2022-07-18,Coimbatore,11.0168,76.9558,12.8,22.82,85.47,2.89
2022-07-19,Coimbatore,11.0168,76.9558,3.42,23.81,84.72,2.04
2022-07-20,Coimbatore,11.0168,76.9558,5.56,24.24,87.74,1.55
2022-07-21,Coimbatore,11.0168,76.9558,12.88,24.24,86.73,1.96
2022-07-22,Coimbatore,11.0168,76.9558,5.72,23.44,88.83,2.2
2022-07-23,Coimbatore,11.0168,76.9558,1.78,23.28,86.53,2.59
2022-07-24,Coimbatore,11.0168,76.9558,5.94,23.39,86.6,2.27
2022-07-25,Coimbatore,11.0168,76.9558,2.75,24.46,82.74,1.77
2022-07-26,Coimbatore,11.0168,76.9558,4.32,24.33,82.91,1.53
2022-07-27,Coimbatore,11.0168,76.9558,12.95,24.2,86.17,0.53
2022-07-28,Coimbatore,11.0168,76.9558,7.13,24.74,86.28,0.77
2022-07-29,Coimbatore,11.0168,76.9558,19.51,25.45,80.31,1.04
2022-07-30,Coimbatore,11.0168,76.9558,22.05,25.43,82.86,1.11
2022-07-31,Coimbatore,11.0168,76.9558,11.95,23.93,86.4,1.67
2022-08-01,Coimbatore,11.0168,76.9558,25.33,23.68,89.37,1.78
2022-08-02,Coimbatore,11.0168,76.9558,12.85,23.24,89.77,2.25
2022-08-03,Coimbatore,11.0168,76.9558,5.74,23.63,88.61,1.89
2022-08-04,Coimbatore,11.0168,76.9558,30.57,22.83,93.9,3.77
2022-08-05,Coimbatore,11.0168,76.9558,5.61,23.08,89.35,4.44
2022-08-06,Coimbatore,11.0168,76.9558,8.28,23.08,88.55,4.29
2022-08-07,Coimbatore,11.0168,76.9558,9.86,23.16,89.29,4.5
2022-08-08,Coimbatore,11.0168,76.9558,10.6,23.18,90.3,4.37
2022-08-09,Coimbatore,11.0168,76.9558,6.08,23.29,87.92,4.51
2022-08-10,Coimbatore,11.0168,76.9558,2.07,22.91,87.5,4.21
2022-08-11,Coimbatore,11.0168,76.9558,3.84,23.29,86.9,3.88
2022-08-12,Coimbatore,11.0168,76.9558,1.47,23.07,86.76,3.1
2022-08-13,Coimbatore,11.0168,76.9558,0.03,22.85,87.61,1.98
2022-08-14,Coimbatore,11.0168,76.9558,0.02,23.48,83.34,2.47
2022-08-15,Coimbatore,11.0168,76.9558,0.0,24.32,84.14,1.6
2022-08-16,Coimbatore,11.0168,76.9558,0.0,24.89,83.48,1.03
2022-08-17,Coimbatore,11.0168,76.9558,0.03,24.71,85.73,1.6
2022-08-18,Coimbatore,11.0168,76.9558,5.76,24.23,86.72,1.65
2022-08-19,Coimbatore,11.0168,76.9558,5.71,23.9,87.7,2.12
2022-08-20,Coimbatore,11.0168,76.9558,0.41,23.42,86.81,2.02
2022-08-21,Coimbatore,11.0168,76.9558,3.06,23.49,88.06,2.48
2022-08-22,Coimbatore,11.0168,76.9558,8.28,23.82,87.71,3.13
2022-08-23,Coimbatore,11.0168,76.9558,3.41,23.3,88.41,2.94
2022-08-24,Coimbatore,11.0168,76.9558,4.19,23.07,88.28,2.51
2022-08-25,Coimbatore,11.0168,76.9558,9.98,23.29,88.6,1.37
2022-08-26,Coimbatore,11.0168,76.9558,25.36,22.82,90.73,2.21
2022-08-27,Coimbatore,11.0168,76.9558,10.07,22.08,90.85,2.56
2022-08-28,Coimbatore,11.0168,76.9558,8.18,23.05,88.11,1.73
2022-08-29,Coimbatore,11.0168,76.9558,9.02,22.83,93.31,1.83
2022-08-30,Coimbatore,11.0168,76.9558,37.5,23.57,90.91,0.85
2022-08-31,Coimbatore,11.0168,76.9558,32.94,23.66,87.49,0.9
2022-09-01,Coimbatore,11.0168,76.9558,8.33,23.52,87.64,0.61
2022-09-02,Coimbatore,11.0168,76.9558,1.57,24.18,88.07,1.37
2022-09-03,Coimbatore,11.0168,76.9558,1.74,24.65,86.86,1.28
2022-09-04,Coimbatore,11.0168,76.9558,12.45,24.29,89.77,1.41
2022-09-05,Coimbatore,11.0168,76.9558,20.19,24.48,89.92,1.47
2022-09-06,Coimbatore,11.0168,76.9558,12.06,23.11,90.52,2.02
2022-09-07,Coimbatore,11.0168,76.9558,14.53,22.73,92.83,2.79
2022-09-08,Coimbatore,11.0168,76.9558,3.92,22.81,90.54,2.81
2022-09-09,Coimbatore,11.0168,76.9558,8.19,23.01,91.18,2.81
2022-09-10,Coimbatore,11.0168,76.9558,7.63,23.17,90.84,3.07
2022-09-11,Coimbatore,11.0168,76.9558,7.37,23.1,91.07,3.24
2022-09-12,Coimbatore,11.0168,76.9558,2.51,23.16,89.67,3.37
2022-09-13,Coimbatore,11.0168,76.9558,3.2,23.26,89.58,2.59
2022-09-14,Coimbatore,11.0168,76.9558,3.39,23.55,90.15,1.92
2022-09-15,Coimbatore,11.0168,76.9558,0.13,23.48,87.91,1.99
2022-09-16,Coimbatore,11.0168,76.9558,0.21,23.58,88.54,1.73
2022-09-17,Coimbatore,11.0168,76.9558,0.56,23.62,88.93,1.71
2022-09-18,Coimbatore,11.0168,76.9558,1.81,23.79,88.05,1.85
2022-09-19,Coimbatore,11.0168,76.9558,0.48,23.43,89.78,2.18
2022-09-20,Coimbatore,11.0168,76.9558,0.02,23.29,87.55,1.89
2022-09-21,Coimbatore,11.0168,76.9558,0.0,23.55,87.33,2.08
2022-09-22,Coimbatore,11.0168,76.9558,0.01,23.25,86.13,2.28
2022-09-23,Coimbatore,11.0168,76.9558,0.01,23.25,86.65,2.03
2022-09-24,Coimbatore,11.0168,76.9558,0.19,23.28,87.17,1.69
2022-09-25,Coimbatore,11.0168,76.9558,3.43,24.21,83.44,1.43
2022-09-26,Coimbatore,11.0168,76.9558,2.67,24.4,86.72,1.48
2022-09-27,Coimbatore,11.0168,76.9558,0.0,23.71,85.33,1.41
2022-09-28,Coimbatore,11.0168,76.9558,0.34,23.78,85.07,1.91
2022-09-29,Coimbatore,11.0168,76.9558,0.17,23.1,88.45,1.68
2022-09-30,Coimbatore,11.0168,76.9558,1.79,22.95,89.0,2.24
2022-10-01,Coimbatore,11.0168,76.9558,1.17,22.1,85.55,2.3
2022-10-02,Coimbatore,11.0168,76.9558,14.63,23.0,86.99,2.09
2022-10-03,Coimbatore,11.0168,76.9558,5.28,23.49,88.15,2.15
2022-10-04,Coimbatore,11.0168,76.9558,1.82,23.64,89.58,1.73
2022-10-05,Coimbatore,11.0168,76.9558,2.36,22.91,90.21,2.17
2022-10-06,Coimbatore,11.0168,76.9558,0.19,22.79,87.62,2.07
2022-10-07,Coimbatore,11.0168,76.9558,0.08,22.93,85.22,1.78
2022-10-08,Coimbatore,11.0168,76.9558,0.09,22.84,81.34,1.21
2022-10-09,Coimbatore,11.0168,76.9558,10.53,23.62,88.71,0.92
2022-10-10,Coimbatore,11.0168,76.9558,19.09,22.93,89.13,1.55
2022-10-11,Coimbatore,11.0168,76.9558,6.83,24.06,84.44,0.81
2022-10-12,Coimbatore,11.0168,76.9558,4.13,24.3,86.24,0.75
2022-10-13,Coimbatore,11.0168,76.9558,5.59,24.18,88.44,0.79
2022-10-14,Coimbatore,11.0168,76.9558,6.18,23.7,88.37,1.56
2022-10-15,Coimbatore,11.0168,76.9558,6.88,22.95,89.46,0.63
2022-10-16,Coimbatore,11.0168,76.9558,11.71,23.81,88.56,1.02
2022-10-17,Coimbatore,11.0168,76.9558,4.53,24.05,89.9,1.12
2022-10-18,Coimbatore,11.0168,76.9558,9.35,22.87,93.68,1.26
2022-10-19,Coimbatore,11.0168,76.9558,5.32,23.34,86.81,0.96
2022-10-20,Coimbatore,11.0168,76.9558,17.81,23.57,90.09,0.94
2022-10-21,Coimbatore,11.0168,76.9558,9.43,23.8,87.34,1.02
2022-10-22,Coimbatore,11.0168,76.9558,0.89,24.23,82.66,1.01
2022-10-23,Coimbatore,11.0168,76.9558,1.67,24.15,85.99,0.89
2022-10-24,Coimbatore,11.0168,76.9558,1.31,23.66,88.78,1.04
2022-10-25,Coimbatore,11.0168,76.9558,0.05,23.85,83.48,0.85
2022-10-26,Coimbatore,11.0168,76.9558,0.0,23.36,74.18,0.84
2022-10-27,Coimbatore,11.0168,76.9558,0.0,22.8,72.91,1.06
2022-10-28,Coimbatore,11.0168,76.9558,0.55,22.84,78.37,1.18
2022-10-29,Coimbatore,11.0168,76.9558,1.86,23.43,85.28,1.34
2022-10-30,Coimbatore,11.0168,76.9558,3.21,23.61,85.64,1.49
2022-10-31,Coimbatore,11.0168,76.9558,0.75,23.57,85.14,1.14
2022-11-01,Coimbatore,11.0168,76.9558,5.24,22.35,90.73,0.98
2022-11-02,Coimbatore,11.0168,76.9558,4.91,22.43,88.76,1.01
2022-11-03,Coimbatore,11.0168,76.9558,11.94,22.6,86.39,1.44
2022-11-04,Coimbatore,11.0168,76.9558,8.32,22.8,87.92,2.08
2022-11-05,Coimbatore,11.0168,76.9558,3.16,22.4,87.0,1.88
2022-11-06,Coimbatore,11.0168,76.9558,5.93,22.63,89.6,1.52
2022-11-07,Coimbatore,11.0168,76.9558,0.43,23.23,86.16,1.54
2022-11-08,Coimbatore,11.0168,76.9558,0.55,23.58,85.21,1.61
2022-11-09,Coimbatore,11.0168,76.9558,0.59,23.57,84.5,1.53
2022-11-10,Coimbatore,11.0168,76.9558,2.48,23.77,81.02,1.34
2022-11-11,Coimbatore,11.0168,76.9558,26.67,22.43,88.74,0.92
2022-11-12,Coimbatore,11.0168,76.9558,30.24,22.04,92.97,1.55
2022-11-13,Coimbatore,11.0168,76.9558,5.81,22.29,92.76,2.45
2022-11-14,Coimbatore,11.0168,76.9558,5.6,22.15,89.78,1.53
2022-11-15,Coimbatore,11.0168,76.9558,0.56,22.45,89.51,1.35
2022-11-16,Coimbatore,11.0168,76.9558,0.31,23.13,87.34,0.85
2022-11-17,Coimbatore,11.0168,76.9558,0.06,23.28,81.73,0.8
2022-11-18,Coimbatore,11.0168,76.9558,0.0,21.32,73.13,1.18
2022-11-19,Coimbatore,11.0168,76.9558,0.0,20.33,77.82,1.36
2022-11-20,Coimbatore,11.0168,76.9558,0.0,21.38,73.56,0.84
2022-11-21,Coimbatore,11.0168,76.9558,0.0,22.64,73.38,0.67
2022-11-22,Coimbatore,11.0168,76.9558,0.09,22.1,78.18,0.7
2022-11-23,Coimbatore,11.0168,76.9558,0.73,22.31,87.32,1.18
2022-11-24,Coimbatore,11.0168,76.9558,0.43,23.29,86.58,0.65
2022-11-25,Coimbatore,11.0168,76.9558,0.14,23.26,86.25,1.57
2022-11-26,Coimbatore,11.0168,76.9558,0.56,22.63,87.71,1.32
2022-11-27,Coimbatore,11.0168,76.9558,7.43,23.49,88.34,0.91
2022-11-28,Coimbatore,11.0168,76.9558,4.86,23.53,88.0,0.63
2022-11-29,Coimbatore,11.0168,76.9558,5.23,23.2,89.44,1.12
2022-11-30,Coimbatore,11.0168,76.9558,0.99,21.89,84.49,1.4
2022-12-01,Coimbatore,11.0168,76.9558,0.46,22.07,86.24,1.57
2022-12-02,Coimbatore,11.0168,76.9558,0.27,23.38,86.05,1.59
2022-12-03,Coimbatore,11.0168,76.9558,1.18,23.15,86.09,1.92
2022-12-04,Coimbatore,11.0168,76.9558,7.26,22.96,88.8,1.81
2022-12-05,Coimbatore,11.0168,76.9558,0.94,21.64,89.13,1.78
2022-12-06,Coimbatore,11.0168,76.9558,0.0,22.85,83.21,1.36
2022-12-07,Coimbatore,11.0168,76.9558,0.0,22.11,78.31,0.91
2022-12-08,Coimbatore,11.0168,76.9558,1.15,21.45,72.3,0.82
2022-12-09,Coimbatore,11.0168,76.9558,10.44,19.97,88.9,1.31
2022-12-10,Coimbatore,11.0168,76.9558,10.29,21.41,88.58,2.53
2022-12-11,Coimbatore,11.0168,76.9558,9.16,22.3,92.18,2.3
2022-12-12,Coimbatore,11.0168,76.9558,10.54,22.81,90.47,1.65
2022-12-13,Coimbatore,11.0168,76.9558,18.86,23.02,88.04,0.98
2022-12-14,Coimbatore,11.0168,76.9558,8.58,22.44,89.59,1.71
2022-12-15,Coimbatore,11.0168,76.9558,0.31,21.85,84.1,1.64
2022-12-16,Coimbatore,11.0168,76.9558,0.0,20.93,76.4,1.45
2022-12-17,Coimbatore,11.0168,76.9558,0.0,21.29,83.34,1.67
2022-12-18,Coimbatore,11.0168,76.9558,0.0,22.07,86.54,1.91
2022-12-19,Coimbatore,11.0168,76.9558,0.0,21.4,78.92,1.74
2022-12-20,Coimbatore,11.0168,76.9558,0.0,21.6,84.8,1.3
2022-12-21,Coimbatore,11.0168,76.9558,0.0,22.32,77.17,1.42
2022-12-22,Coimbatore,11.0168,76.9558,0.0,21.54,70.76,1.27
2022-12-23,Coimbatore,11.0168,76.9558,0.0,22.19,72.43,1.03
2022-12-24,Coimbatore,11.0168,76.9558,0.0,23.3,79.75,1.06
2022-12-25,Coimbatore,11.0168,76.9558,8.83,23.19,83.95,1.77
2022-12-26,Coimbatore,11.0168,76.9558,5.78,23.01,88.14,2.48
2022-12-27,Coimbatore,11.0168,76.9558,1.91,22.77,87.52,2.44
2022-12-28,Coimbatore,11.0168,76.9558,0.34,23.03,84.77,1.92
2022-12-29,Coimbatore,11.0168,76.9558,0.0,22.49,82.92,1.83
2022-12-30,Coimbatore,11.0168,76.9558,0.0,21.61,78.83,1.67
2022-12-31,Coimbatore,11.0168,76.9558,0.0,21.55,74.48,1.31
2023-01-01,Coimbatore,11.0168,76.9558,0.0,21.14,74.05,1.31
2023-01-02,Coimbatore,11.0168,76.9558,0.0,20.62,76.86,1.84
2023-01-03,Coimbatore,11.0168,76.9558,0.0,21.18,78.21,1.78
2023-01-04,Coimbatore,11.0168,76.9558,0.0,21.42,77.24,1.81
2023-01-05,Coimbatore,11.0168,76.9558,0.0,21.21,75.8,1.93
2023-01-06,Coimbatore,11.0168,76.9558,0.0,21.47,77.32,2.14
2023-01-07,Coimbatore,11.0168,76.9558,0.0,21.66,76.08,2.18
2023-01-08,Coimbatore,11.0168,76.9558,0.01,22.23,77.8,1.75
2023-01-09,Coimbatore,11.0168,76.9558,0.0,21.93,74.83,1.74
2023-01-10,Coimbatore,11.0168,76.9558,0.0,20.16,67.41,1.92
2023-01-11,Coimbatore,11.0168,76.9558,0.0,20.63,66.6,1.58
2023-01-12,Coimbatore,11.0168,76.9558,0.0,20.63,65.49,1.58
2023-01-13,Coimbatore,11.0168,76.9558,0.0,20.95,67.22,1.34
2023-01-14,Coimbatore,11.0168,76.9558,0.0,21.07,66.81,1.31
2023-01-15,Coimbatore,11.0168,76.9558,0.0,20.88,67.26,1.41
2023-01-16,Coimbatore,11.0168,76.9558,0.0,21.04,66.36,1.53
2023-01-17,Coimbatore,11.0168,76.9558,0.0,21.03,68.25,1.5
2023-01-18,Coimbatore,11.0168,76.9558,0.0,20.89,70.57,1.88
2023-01-19,Coimbatore,11.0168,76.9558,0.0,21.08,66.29,1.86
2023-01-20,Coimbatore,11.0168,76.9558,0.0,20.72,72.48,2.05
2023-01-21,Coimbatore,11.0168,76.9558,0.0,22.03,70.23,1.68
2023-01-22,Coimbatore,11.0168,76.9558,0.0,21.85,67.43,1.82
2023-01-23,Coimbatore,11.0168,76.9558,1.26,22.79,74.43,1.64
2023-01-24,Coimbatore,11.0168,76.9558,4.34,22.93,81.9,1.45
2023-01-25,Coimbatore,11.0168,76.9558,0.12,22.91,71.57,1.62
2023-01-26,Coimbatore,11.0168,76.9558,0.0,22.03,68.68,1.64
2023-01-27,Coimbatore,11.0168,76.9558,0.0,21.62,64.6,1.72
2023-01-28,Coimbatore,11.0168,76.9558,0.0,21.49,59.44,1.79
2023-01-29,Coimbatore,11.0168,76.9558,0.0,22.02,65.11,1.86
2023-01-30,Coimbatore,11.0168,76.9558,0.25,23.68,74.82,1.34
2023-01-31,Coimbatore,11.0168,76.9558,0.19,24.63,66.41,1.57
2023-02-01,Coimbatore,11.0168,76.9558,0.0,24.41,58.13,1.72
2023-02-02,Coimbatore,11.0168,76.9558,1.08,23.29,64.32,2.11
2023-02-03,Coimbatore,11.0168,76.9558,2.16,23.89,71.46,1.94
2023-02-04,Coimbatore,11.0168,76.9558,3.17,24.08,71.54,2.27
2023-02-05,Coimbatore,11.0168,76.9558,0.03,24.15,59.18,1.77
2023-02-06,Coimbatore,11.0168,76.9558,0.0,23.7,59.86,1.6
2023-02-07,Coimbatore,11.0168,76.9558,0.0,24.02,58.24,1.21
2023-02-08,Coimbatore,11.0168,76.9558,0.0,23.72,60.4,1.67
2023-02-09,Coimbatore,11.0168,76.9558,0.0,23.69,60.96,1.59
2023-02-10,Coimbatore,11.0168,76.9558,0.0,23.6,57.51,2.06
2023-02-11,Coimbatore,11.0168,76.9558,0.0,23.25,56.29,1.71
2023-02-12,Coimbatore,11.0168,76.9558,0.0,23.51,50.91,1.86
2023-02-13,Coimbatore,11.0168,76.9558,0.0,23.36,50.3,2.18
2023-02-14,Coimbatore,11.0168,76.9558,0.0,23.4,52.97,1.69
2023-02-15,Coimbatore,11.0168,76.9558,0.0,23.94,49.49,1.67
2023-02-16,Coimbatore,11.0168,76.9558,0.0,23.64,51.43,2.26
2023-02-17,Coimbatore,11.0168,76.9558,0.0,23.43,54.66,2.01
2023-02-18,Coimbatore,11.0168,76.9558,0.0,23.66,55.2,1.73
2023-02-19,Coimbatore,11.0168,76.9558,0.0,24.37,52.62,1.6
2023-02-20,Coimbatore,11.0168,76.9558,0.0,25.39,51.35,1.15
2023-02-21,Coimbatore,11.0168,76.9558,0.0,25.38,47.43,1.66
2023-02-22,Coimbatore,11.0168,76.9558,0.0,25.15,42.65,2.13
2023-02-23,Coimbatore,11.0168,76.9558,0.0,23.74,47.2,2.14
2023-02-24,Coimbatore,11.0168,76.9558,0.0,25.18,51.24,1.58
2023-02-25,Coimbatore,11.0168,76.9558,0.0,25.37,41.49,2.15
2023-02-26,Coimbatore,11.0168,76.9558,0.0,24.58,41.77,2.38
2023-02-27,Coimbatore,11.0168,76.9558,0.0,23.91,47.62,2.41
2023-02-28,Coimbatore,11.0168,76.9558,0.01,24.59,51.23,2.39
2023-03-01,Coimbatore,11.0168,76.9558,0.04,26.59,56.12,3.12
2023-03-02,Coimbatore,11.0168,76.9558,0.03,25.98,46.62,2.86
2023-03-03,Coimbatore,11.0168,76.9558,0.0,24.68,35.78,2.71
2023-03-04,Coimbatore,11.0168,76.9558,0.0,25.57,44.09,2.67
2023-03-05,Coimbatore,11.0168,76.9558,1.35,26.35,49.29,2.36
2023-03-06,Coimbatore,11.0168,76.9558,0.03,25.39,38.07,2.17
2023-03-07,Coimbatore,11.0168,76.9558,0.0,25.46,39.35,2.22
2023-03-08,Coimbatore,11.0168,76.9558,0.0,25.51,48.5,2.59
2023-03-09,Coimbatore,11.0168,76.9558,0.0,25.95,49.92,2.51
2023-03-10,Coimbatore,11.0168,76.9558,0.0,26.14,46.95,2.3
2023-03-11,Coimbatore,11.0168,76.9558,0.0,26.8,46.43,2.21
2023-03-12,Coimbatore,11.0168,76.9558,0.0,26.82,49.34,2.66
2023-03-13,Coimbatore,11.0168,76.9558,0.0,27.01,52.27,2.5
2023-03-14,Coimbatore,11.0168,76.9558,0.0,27.25,42.79,1.64
2023-03-15,Coimbatore,11.0168,76.9558,0.12,28.75,44.6,0.94
2023-03-16,Coimbatore,11.0168,76.9558,0.47,28.21,56.08,0.76
2023-03-17,Coimbatore,11.0168,76.9558,7.19,27.97,61.26,0.77
2023-03-18,Coimbatore,11.0168,76.9558,2.47,26.99,69.07,1.32
2023-03-19,Coimbatore,11.0168,76.9558,1.25,26.87,66.84,1.54
2023-03-20,Coimbatore,11.0168,76.9558,1.33,26.62,62.47,1.98
2023-03-21,Coimbatore,11.0168,76.9558,0.09,26.53,55.29,2.03
2023-03-22,Coimbatore,11.0168,76.9558,0.02,26.62,49.67,1.33
2023-03-23,Coimbatore,11.0168,76.9558,0.34,27.63,57.12,1.27
2023-03-24,Coimbatore,11.0168,76.9558,2.44,27.99,59.92,0.92
2023-03-25,Coimbatore,11.0168,76.9558,5.14,26.41,73.43,0.86
2023-03-26,Coimbatore,11.0168,76.9558,2.49,27.18,67.41,1.0
2023-03-27,Coimbatore,11.0168,76.9558,0.42,26.63,70.14,1.15
2023-03-28,Coimbatore,11.0168,76.9558,0.9,28.72,61.17,1.16
2023-03-29,Coimbatore,11.0168,76.9558,4.88,27.29,71.79,1.02
2023-03-30,Coimbatore,11.0168,76.9558,3.28,27.87,65.75,0.87
2023-03-31,Coimbatore,11.0168,76.9558,1.15,28.27,63.33,1.03
2023-04-01,Coimbatore,11.0168,76.9558,1.29,27.73,62.76,1.35
2023-04-02,Coimbatore,11.0168,76.9558,1.77,27.12,66.81,1.37
2023-04-03,Coimbatore,11.0168,76.9558,3.47,25.4,74.23,0.89
2023-04-04,Coimbatore,11.0168,76.9558,3.17,26.38,73.11,0.79
2023-04-05,Coimbatore,11.0168,76.9558,0.18,27.9,64.23,0.94
2023-04-06,Coimbatore,11.0168,76.9558,0.03,28.23,63.42,0.86
2023-04-07,Coimbatore,11.0168,76.9558,0.01,28.59,54.36,1.79
2023-04-08,Coimbatore,11.0168,76.9558,0.01,28.66,49.07,2.39
2023-04-09,Coimbatore,11.0168,76.9558,0.03,28.58,48.73,1.79
2023-04-10,Coimbatore,11.0168,76.9558,0.36,29.12,48.89,2.21
2023-04-11,Coimbatore,11.0168,76.9558,0.49,28.94,49.8,1.81
2023-04-12,Coimbatore,11.0168,76.9558,0.0,28.98,44.43,1.48
2023-04-13,Coimbatore,11.0168,76.9558,0.0,29.8,34.22,1.48
2023-04-14,Coimbatore,11.0168,76.9558,0.0,29.18,42.85,1.07
2023-04-15,Coimbatore,11.0168,76.9558,0.0,29.73,45.06,1.46
2023-04-16,Coimbatore,11.0168,76.9558,0.0,28.81,44.89,1.19
2023-04-17,Coimbatore,11.0168,76.9558,0.0,29.26,45.27,1.16
2023-04-18,Coimbatore,11.0168,76.9558,0.0,30.14,46.26,1.2
2023-04-19,Coimbatore,11.0168,76.9558,0.0,30.1,48.73,1.18
2023-04-20,Coimbatore,11.0168,76.9558,0.0,30.11,57.17,2.18
2023-04-21,Coimbatore,11.0168,76.9558,0.28,29.94,57.68,2.13
2023-04-22,Coimbatore,11.0168,76.9558,1.93,30.17,58.09,1.65
2023-04-23,Coimbatore,11.0168,76.9558,1.45,29.75,61.83,1.51
2023-04-24,Coimbatore,11.0168,76.9558,4.37,28.05,65.92,1.08
2023-04-25,Coimbatore,11.0168,76.9558,5.01,27.95,66.69,1.18
2023-04-26,Coimbatore,11.0168,76.9558,8.39,25.79,80.64,1.46
2023-04-27,Coimbatore,11.0168,76.9558,6.87,27.34,71.84,1.44
2023-04-28,Coimbatore,11.0168,76.9558,5.65,27.35,68.54,1.49
2023-04-29,Coimbatore,11.0168,76.9558,18.81,26.89,75.49,1.16
2023-04-30,Coimbatore,11.0168,76.9558,3.5,26.95,74.32,1.09
2023-05-01,Coimbatore,11.0168,76.9558,26.95,24.67,87.93,1.09
2023-05-02,Coimbatore,11.0168,76.9558,10.29,26.04,81.97,1.5
2023-05-03,Coimbatore,11.0168,76.9558,3.96,24.71,84.69,1.72
2023-05-04,Coimbatore,11.0168,76.9558,2.56,25.39,79.08,1.27
2023-05-05,Coimbatore,11.0168,76.9558,2.63,24.6,80.16,1.41
2023-05-06,Coimbatore,11.0168,76.9558,6.22,25.22,78.55,1.38
2023-05-07,Coimbatore,11.0168,76.9558,2.21,24.51,81.24,1.81
2023-05-08,Coimbatore,11.0168,76.9558,3.96,25.23,80.32,1.17
2023-05-09,Coimbatore,11.0168,76.9558,2.04,27.0,73.7,1.19
2023-05-10,Coimbatore,11.0168,76.9558,1.49,26.79,76.62,1.33
2023-05-11,Coimbatore,11.0168,76.9558,2.91,26.68,78.69,1.29
2023-05-12,Coimbatore,11.0168,76.9558,0.63,26.48,74.75,2.3
2023-05-13,Coimbatore,11.0168,76.9558,0.0,26.93,70.96,2.77
2023-05-14,Coimbatore,11.0168,76.9558,0.0,26.66,75.04,2.26
2023-05-15,Coimbatore,11.0168,76.9558,0.0,27.16,76.94,2.38
2023-05-16,Coimbatore,11.0168,76.9558,0.25,28.41,70.91,1.81
2023-05-17,Coimbatore,11.0168,76.9558,2.06,26.96,73.9,1.29
2023-05-18,Coimbatore,11.0168,76.9558,0.5,28.27,71.06,1.35
2023-05-19,Coimbatore,11.0168,76.9558,1.83,26.93,77.79,1.3
2023-05-20,Coimbatore,11.0168,76.9558,1.18,27.78,73.18,1.75
2023-05-21,Coimbatore,11.0168,76.9558,4.7,27.29,76.05,1.4
2023-05-22,Coimbatore,11.0168,76.9558,2.41,26.64,79.56,1.3
2023-05-23,Coimbatore,11.0168,76.9558,0.34,27.75,71.2,1.5
2023-05-24,Coimbatore,11.0168,76.9558,7.04,26.39,80.54,1.72
2023-05-25,Coimbatore,11.0168,76.9558,2.69,26.61,78.99,2.17
2023-05-26,Coimbatore,11.0168,76.9558,3.32,27.2,74.85,2.15
2023-05-27,Coimbatore,11.0168,76.9558,3.5,26.75,76.59,1.96
2023-05-28,Coimbatore,11.0168,76.9558,0.82,27.27,75.08,1.08
2023-05-29,Coimbatore,11.0168,76.9558,1.72,27.19,75.83,0.93
2023-05-30,Coimbatore,11.0168,76.9558,1.02,27.17,75.54,1.63
2023-05-31,Coimbatore,11.0168,76.9558,1.3,26.59,74.49,1.36
2023-06-01,Coimbatore,11.0168,76.9558,0.46,26.5,78.32,2.49
2023-06-02,Coimbatore,11.0168,76.9558,4.98,26.69,76.21,1.89
2023-06-03,Coimbatore,11.0168,76.9558,1.48,27.29,73.47,2.13
2023-06-04,Coimbatore,11.0168,76.9558,1.65,26.11,77.54,2.1
2023-06-05,Coimbatore,11.0168,76.9558,2.07,25.94,80.47,2.52
2023-06-06,Coimbatore,11.0168,76.9558,2.07,26.66,76.23,2.68
2023-06-07,Coimbatore,11.0168,76.9558,3.79,26.29,79.34,2.98
2023-06-08,Coimbatore,11.0168,76.9558,3.36,26.12,78.9,2.85
2023-06-09,Coimbatore,11.0168,76.9558,2.1,26.25,78.55,3.24
2023-06-10,Coimbatore,11.0168,76.9558,1.26,25.72,77.61,3.49
2023-06-11,Coimbatore,11.0168,76.9558,0.91,26.13,78.24,3.15
2023-06-12,Coimbatore,11.0168,76.9558,6.36,26.09,80.93,2.85
2023-06-13,Coimbatore,11.0168,76.9558,3.48,25.97,80.11,2.97
2023-06-14,Coimbatore,11.0168,76.9558,1.77,25.45,82.18,2.76
2023-06-15,Coimbatore,11.0168,76.9558,0.31,26.76,76.29,2.66
2023-06-16,Coimbatore,11.0168,76.9558,0.18,27.2,73.07,3.28
2023-06-17,Coimbatore,11.0168,76.9558,7.29,25.1,85.27,2.82
2023-06-18,Coimbatore,11.0168,76.9558,4.49,25.65,80.95,2.38
2023-06-19,Coimbatore,11.0168,76.9558,0.43,25.91,72.97,2.05
2023-06-20,Coimbatore,11.0168,76.9558,7.81,26.14,76.31,1.82
2023-06-21,Coimbatore,11.0168,76.9558,13.32,26.3,78.4,2.02
2023-06-22,Coimbatore,11.0168,76.9558,8.53,25.31,79.83,2.17
2023-06-23,Coimbatore,11.0168,76.9558,1.52,24.7,75.29,2.61
2023-06-24,Coimbatore,11.0168,76.9558,0.21,24.65,78.94,2.7
2023-06-25,Coimbatore,11.0168,76.9558,3.89,24.57,82.11,2.68
2023-06-26,Coimbatore,11.0168,76.9558,0.54,24.31,74.87,2.8
2023-06-27,Coimbatore,11.0168,76.9558,5.33,24.41,79.77,2.85
2023-06-28,Coimbatore,11.0168,76.9558,1.46,24.98,75.91,2.96
2023-06-29,Coimbatore,11.0168,76.9558,3.2,25.15,79.0,3.13
2023-06-30,Coimbatore,11.0168,76.9558,1.56,24.41,78.0,2.48
2023-07-01,Coimbatore,11.0168,76.9558,1.74,25.53,78.23,2.32
2023-07-02,Coimbatore,11.0168,76.9558,4.04,24.24,77.99,3.12
2023-07-03,Coimbatore,11.0168,76.9558,11.05,24.71,82.28,3.91
2023-07-04,Coimbatore,11.0168,76.9558,9.63,24.52,82.54,4.63
2023-07-05,Coimbatore,11.0168,76.9558,15.37,23.66,85.91,4.45
2023-07-06,Coimbatore,11.0168,76.9558,10.31,24.12,84.96,3.98
2023-07-07,Coimbatore,11.0168,76.9558,9.92,23.8,84.69,3.57
2023-07-08,Coimbatore,11.0168,76.9558,4.42,24.37,81.24,2.64
2023-07-09,Coimbatore,11.0168,76.9558,2.56,24.66,81.42,2.36
2023-07-10,Coimbatore,11.0168,76.9558,4.47,25.22,82.63,1.89
2023-07-11,Coimbatore,11.0168,76.9558,3.35,24.94,80.71,2.26
2023-07-12,Coimbatore,11.0168,76.9558,0.66,24.61,78.51,2.71
2023-07-13,Coimbatore,11.0168,76.9558,2.26,24.18,76.97,2.8
2023-07-14,Coimbatore,11.0168,76.9558,0.37,24.39,79.31,3.07
2023-07-15,Coimbatore,11.0168,76.9558,0.33,24.85,79.43,2.74
2023-07-16,Coimbatore,11.0168,76.9558,0.89,25.27,81.34,2.67
2023-07-17,Coimbatore,11.0168,76.9558,0.89,25.05,82.15,3.12
2023-07-18,Coimbatore,11.0168,76.9558,4.5,24.63,84.27,3.89
2023-07-19,Coimbatore,11.0168,76.9558,4.46,24.73,82.13,4.73
2023-07-20,Coimbatore,11.0168,76.9558,1.94,25.13,80.87,4.62
2023-07-21,Coimbatore,11.0168,76.9558,2.82,24.58,81.26,4.78
2023-07-22,Coimbatore,11.0168,76.9558,6.36,24.14,80.89,4.68
2023-07-23,Coimbatore,11.0168,76.9558,14.02,23.74,83.82,4.23
2023-07-24,Coimbatore,11.0168,76.9558,11.41,23.25,85.55,3.97
2023-07-25,Coimbatore,11.0168,76.9558,5.66,22.81,86.09,3.19
2023-07-26,Coimbatore,11.0168,76.9558,4.07,23.66,82.44,3.93
2023-07-27,Coimbatore,11.0168,76.9558,0.99,23.99,81.11,3.86
2023-07-28,Coimbatore,11.0168,76.9558,0.55,24.33,79.57,3.73
2023-07-29,Coimbatore,11.0168,76.9558,0.08,24.87,79.28,3.57
2023-07-30,Coimbatore,11.0168,76.9558,0.04,25.13,78.81,3.37
2023-07-31,Coimbatore,11.0168,76.9558,0.21,25.38,78.75,3.68
2023-08-01,Coimbatore,11.0168,76.9558,0.12,25.23,78.54,3.61
2023-08-02,Coimbatore,11.0168,76.9558,0.71,24.58,80.5,3.48
2023-08-03,Coimbatore,11.0168,76.9558,0.9,25.11,80.02,3.54
2023-08-04,Coimbatore,11.0168,76.9558,0.61,25.22,80.15,3.29
2023-08-05,Coimbatore,11.0168,76.9558,0.21,25.53,77.79,3.25
2023-08-06,Coimbatore,11.0168,76.9558,0.87,25.8,78.12,2.87
2023-08-07,Coimbatore,11.0168,76.9558,0.31,25.82,78.23,2.7
2023-08-08,Coimbatore,11.0168,76.9558,5.33,25.09,80.81,2.29
2023-08-09,Coimbatore,11.0168,76.9558,3.56,25.21,80.44,2.09
2023-08-10,Coimbatore,11.0168,76.9558,6.6,24.96,83.89,1.51
2023-08-11,Coimbatore,11.0168,76.9558,5.3,25.75,81.22,1.29
2023-08-12,Coimbatore,11.0168,76.9558,4.82,24.98,82.87,2.01
2023-08-13,Coimbatore,11.0168,76.9558,1.3,25.52,78.68,2.3
2023-08-14,Coimbatore,11.0168,76.9558,0.05,25.35,76.68,2.42
2023-08-15,Coimbatore,11.0168,76.9558,0.07,24.99,76.94,2.43
2023-08-16,Coimbatore,11.0168,76.9558,0.04,25.56,75.94,2.6
2023-08-17,Coimbatore,11.0168,76.9558,0.02,25.67,76.98,3.19
2023-08-18,Coimbatore,11.0168,76.9558,0.19,24.95,78.29,3.22
2023-08-19,Coimbatore,11.0168,76.9558,0.25,25.22,78.32,3.4
2023-08-20,Coimbatore,11.0168,76.9558,0.42,26.04,76.97,2.95
2023-08-21,Coimbatore,11.0168,76.9558,0.08,26.64,73.71,2.29
2023-08-22,Coimbatore,11.0168,76.9558,2.26,26.46,77.14,1.77
2023-08-23,Coimbatore,11.0168,76.9558,3.47,26.24,75.47,2.34
2023-08-24,Coimbatore,11.0168,76.9558,0.67,26.01,75.42,2.62
2023-08-25,Coimbatore,11.0168,76.9558,0.0,25.39,75.49,2.31
2023-08-26,Coimbatore,11.0168,76.9558,0.15,25.93,75.72,2.21
2023-08-27,Coimbatore,11.0168,76.9558,0.59,26.04,76.01,2.16
2023-08-28,Coimbatore,11.0168,76.9558,0.27,26.33,74.45,2.3
2023-08-29,Coimbatore,11.0168,76.9558,7.92,25.54,79.14,2.14
2023-08-30,Coimbatore,11.0168,76.9558,7.19,24.45,84.68,2.52
2023-08-31,Coimbatore,11.0168,76.9558,6.2,25.38,80.83,2.25
2023-09-01,Coimbatore,11.0168,76.9558,17.23,25.24,83.07,1.63
2023-09-02,Coimbatore,11.0168,76.9558,8.49,24.59,83.94,2.55
2023-09-03,Coimbatore,11.0168,76.9558,4.88,23.94,82.12,2.95
2023-09-04,Coimbatore,11.0168,76.9558,1.02,23.59,82.39,2.95
2023-09-05,Coimbatore,11.0168,76.9558,4.91,23.7,82.81,3.19
2023-09-06,Coimbatore,11.0168,76.9558,6.92,23.28,84.55,2.74
2023-09-07,Coimbatore,11.0168,76.9558,6.69,23.47,83.3,2.63
2023-09-08,Coimbatore,11.0168,76.9558,1.45,24.19,80.75,3.13
2023-09-09,Coimbatore,11.0168,76.9558,2.71,24.69,81.67,3.17
2023-09-10,Coimbatore,11.0168,76.9558,5.1,23.77,80.12,3.55
2023-09-11,Coimbatore,11.0168,76.9558,4.43,23.68,79.97,3.08
2023-09-12,Coimbatore,11.0168,76.9558,1.27,24.23,81.72,2.53
2023-09-13,Coimbatore,11.0168,76.9558,0.72,25.26,79.32,2.76
2023-09-14,Coimbatore,11.0168,76.9558,2.54,24.21,83.84,2.79
2023-09-15,Coimbatore,11.0168,76.9558,3.33,23.37,84.59,2.99
2023-09-16,Coimbatore,11.0168,76.9558,3.92,24.53,82.57,2.84
2023-09-17,Coimbatore,11.0168,76.9558,11.72,24.83,83.62,2.32
2023-09-18,Coimbatore,11.0168,76.9558,13.01,24.82,83.72,2.48
2023-09-19,Coimbatore,11.0168,76.9558,13.87,24.87,84.7,2.51
2023-09-20,Coimbatore,11.0168,76.9558,3.04,24.49,84.14,2.17
2023-09-21,Coimbatore,11.0168,76.9558,6.45,23.98,84.96,1.72
2023-09-22,Coimbatore,11.0168,76.9558,5.42,24.41,86.18,1.75
2023-09-23,Coimbatore,11.0168,76.9558,5.02,24.45,85.17,2.43
2023-09-24,Coimbatore,11.0168,76.9558,2.09,23.89,87.05,2.03
2023-09-25,Coimbatore,11.0168,76.9558,0.97,24.84,81.31,2.16
2023-09-26,Coimbatore,11.0168,76.9558,2.64,24.8,81.99,2.35
2023-09-27,Coimbatore,11.0168,76.9558,2.77,24.41,79.93,2.58
2023-09-28,Coimbatore,11.0168,76.9558,5.11,23.87,83.86,2.94
2023-09-29,Coimbatore,11.0168,76.9558,5.49,23.23,87.71,3.08
2023-09-30,Coimbatore,11.0168,76.9558,9.89,24.01,84.78,3.03
2023-10-01,Coimbatore,11.0168,76.9558,7.67,24.63,87.07,3.43
2023-10-02,Coimbatore,11.0168,76.9558,4.01,24.73,85.68,2.69
2023-10-03,Coimbatore,11.0168,76.9558,0.27,25.0,81.25,2.2
2023-10-04,Coimbatore,11.0168,76.9558,0.1,25.08,79.64,2.06
2023-10-05,Coimbatore,11.0168,76.9558,0.11,24.78,76.3,2.0
2023-10-06,Coimbatore,11.0168,76.9558,0.09,24.12,73.19,1.87
2023-10-07,Coimbatore,11.0168,76.9558,0.72,24.32,74.21,1.28
2023-10-08,Coimbatore,11.0168,76.9558,8.2,25.04,80.15,1.43
2023-10-09,Coimbatore,11.0168,76.9558,8.77,24.96,83.63,1.36
2023-10-10,Coimbatore,11.0168,76.9558,7.88,25.11,81.2,1.5
2023-10-11,Coimbatore,11.0168,76.9558,13.26,23.54,86.88,1.53
2023-10-12,Coimbatore,11.0168,76.9558,3.37,24.2,86.68,0.81
2023-10-13,Coimbatore,11.0168,76.9558,2.12,25.17,76.78,0.95
2023-10-14,Coimbatore,11.0168,76.9558,19.59,24.33,82.82,0.58
2023-10-15,Coimbatore,11.0168,76.9558,23.56,23.33,92.58,0.89
2023-10-16,Coimbatore,11.0168,76.9558,7.56,24.25,84.76,1.11
2023-10-17,Coimbatore,11.0168,76.9558,13.82,23.05,86.29,0.87
2023-10-18,Coimbatore,11.0168,76.9558,1.33,24.86,79.36,1.15
2023-10-19,Coimbatore,11.0168,76.9558,1.27,25.24,77.03,1.01
2023-10-20,Coimbatore,11.0168,76.9558,1.04,25.16,77.68,1.11
2023-10-21,Coimbatore,11.0168,76.9558,0.53,25.06,78.51,1.18
2023-10-22,Coimbatore,11.0168,76.9558,0.28,25.05,79.29,0.97
2023-10-23,Coimbatore,11.0168,76.9558,0.45,24.55,83.63,0.7
2023-10-24,Coimbatore,11.0168,76.9558,1.65,24.98,80.61,0.74
2023-10-25,Coimbatore,11.0168,76.9558,20.98,24.89,82.6,0.55
2023-10-26,Coimbatore,11.0168,76.9558,5.43,25.03,81.67,0.78
2023-10-27,Coimbatore,11.0168,76.9558,0.29,24.96,80.42,1.01
2023-10-28,Coimbatore,11.0168,76.9558,0.4,24.97,81.1,1.06
2023-10-29,Coimbatore,11.0168,76.9558,6.47,23.66,87.35,1.26
2023-10-30,Coimbatore,11.0168,76.9558,9.52,23.03,89.46,1.42
2023-10-31,Coimbatore,11.0168,76.9558,6.11,23.48,85.23,1.2
2023-11-01,Coimbatore,11.0168,76.9558,18.05,24.28,84.84,0.9
2023-11-02,Coimbatore,11.0168,76.9558,5.69,24.6,84.41,1.4
2023-11-03,Coimbatore,11.0168,76.9558,7.83,24.14,87.07,1.16
2023-11-04,Coimbatore,11.0168,76.9558,30.29,24.36,87.39,0.61
2023-11-05,Coimbatore,11.0168,76.9558,11.03,22.75,92.56,0.63
2023-11-06,Coimbatore,11.0168,76.9558,8.44,24.48,82.86,0.35
2023-11-07,Coimbatore,11.0168,76.9558,16.49,23.64,90.61,1.05
2023-11-08,Coimbatore,11.0168,76.9558,21.13,24.09,86.77,0.81
2023-11-09,Coimbatore,11.0168,76.9558,15.16,23.04,89.5,1.21
2023-11-10,Coimbatore,11.0168,76.9558,1.56,23.02,87.39,1.53
2023-11-11,Coimbatore,11.0168,76.9558,0.38,23.11,86.51,1.61
2023-11-12,Coimbatore,11.0168,76.9558,0.06,22.3,81.99,1.53
2023-11-13,Coimbatore,11.0168,76.9558,0.53,22.59,84.13,1.38
2023-11-14,Coimbatore,11.0168,76.9558,3.67,22.0,85.19,1.56
2023-11-15,Coimbatore,11.0168,76.9558,0.69,23.41,76.88,0.83
2023-11-16,Coimbatore,11.0168,76.9558,0.27,23.93,85.14,0.78
2023-11-17,Coimbatore,11.0168,76.9558,1.14,24.43,84.82,1.06
2023-11-18,Coimbatore,11.0168,76.9558,0.58,24.34,86.41,1.4
2023-11-19,Coimbatore,11.0168,76.9558,0.26,23.68,85.77,2.0
2023-11-20,Coimbatore,11.0168,76.9558,0.0,24.08,82.76,1.11
2023-11-21,Coimbatore,11.0168,76.9558,6.4,24.48,85.82,0.77
2023-11-22,Coimbatore,11.0168,76.9558,31.16,23.62,92.98,0.76
2023-11-23,Coimbatore,11.0168,76.9558,8.34,23.49,90.96,1.86
2023-11-24,Coimbatore,11.0168,76.9558,2.52,23.17,89.95,1.56
2023-11-25,Coimbatore,11.0168,76.9558,4.32,23.71,89.82,1.78
2023-11-26,Coimbatore,11.0168,76.9558,3.49,23.31,90.27,2.57
2023-11-27,Coimbatore,11.0168,76.9558,2.84,23.7,87.94,1.99
2023-11-28,Coimbatore,11.0168,76.9558,2.08,23.34,89.92,1.56
2023-11-29,Coimbatore,11.0168,76.9558,2.2,23.0,90.59,1.65
2023-11-30,Coimbatore,11.0168,76.9558,1.19,22.73,89.2,1.57
2023-12-01,Coimbatore,11.0168,76.9558,0.84,23.63,85.92,1.11
2023-12-02,Coimbatore,11.0168,76.9558,0.65,24.21,80.17,0.8
2023-12-03,Coimbatore,11.0168,76.9558,2.69,24.8,85.35,1.02
2023-12-04,Coimbatore,11.0168,76.9558,0.86,24.81,85.35,1.2
2023-12-05,Coimbatore,11.0168,76.9558,0.02,24.29,87.31,1.29
2023-12-06,Coimbatore,11.0168,76.9558,0.0,24.28,86.0,0.88
2023-12-07,Coimbatore,11.0168,76.9558,3.94,24.29,86.82,0.76
2023-12-08,Coimbatore,11.0168,76.9558,29.61,23.37,95.3,0.49
2023-12-09,Coimbatore,11.0168,76.9558,17.5,23.15,91.52,1.55
2023-12-10,Coimbatore,11.0168,76.9558,2.15,23.33,87.76,1.7
2023-12-11,Coimbatore,11.0168,76.9558,1.21,22.72,86.2,1.53
2023-12-12,Coimbatore,11.0168,76.9558,0.63,22.37,89.42,1.43
2023-12-13,Coimbatore,11.0168,76.9558,0.01,22.09,87.05,1.69
2023-12-14,Coimbatore,11.0168,76.9558,0.01,21.24,83.13,1.81
2023-12-15,Coimbatore,11.0168,76.9558,0.06,22.14,88.8,1.45
2023-12-16,Coimbatore,11.0168,76.9558,1.82,23.74,87.46,1.77
2023-12-17,Coimbatore,11.0168,76.9558,15.11,22.5,92.44,2.6
2023-12-18,Coimbatore,11.0168,76.9558,4.29,21.53,91.93,2.51
2023-12-19,Coimbatore,11.0168,76.9558,0.92,20.99,88.12,2.44
2023-12-20,Coimbatore,11.0168,76.9558,1.16,22.06,86.14,2.2
2023-12-21,Coimbatore,11.0168,76.9558,0.9,22.36,89.8,2.01
2023-12-22,Coimbatore,11.0168,76.9558,0.06,22.94,87.36,1.61
2023-12-23,Coimbatore,11.0168,76.9558,0.0,21.14,85.11,1.8
2023-12-24,Coimbatore,11.0168,76.9558,0.05,20.98,84.98,1.69
2023-12-25,Coimbatore,11.0168,76.9558,0.61,22.92,87.73,2.46
2023-12-26,Coimbatore,11.0168,76.9558,0.03,21.73,81.88,2.47
2023-12-27,Coimbatore,11.0168,76.9558,0.0,21.58,82.04,2.43
2023-12-28,Coimbatore,11.0168,76.9558,0.04,22.42,84.81,2.57
2023-12-29,Coimbatore,11.0168,76.9558,0.44,22.92,85.66,2.48
2023-12-30,Coimbatore,11.0168,76.9558,0.53,22.02,85.55,2.32
2023-12-31,Coimbatore,11.0168,76.9558,0.01,21.51,80.82,2.01
2019-01-01,Madurai,9.9252,78.1198,0.0,22.52,70.59,2.34
2019-01-02,Madurai,9.9252,78.1198,0.0,21.65,72.09,2.53
2019-01-03,Madurai,9.9252,78.1198,0.0,22.17,70.99,2.46
2019-01-04,Madurai,9.9252,78.1198,0.0,22.3,71.34,2.81
2019-01-05,Madurai,9.9252,78.1198,0.0,22.77,71.78,2.28
2019-01-06,Madurai,9.9252,78.1198,0.0,22.76,72.41,2.22
2019-01-07,Madurai,9.9252,78.1198,0.0,23.59,70.65,1.96
2019-01-08,Madurai,9.9252,78.1198,0.0,23.68,68.26,2.25
2019-01-09,Madurai,9.9252,78.1198,0.0,22.85,68.27,2.21
2019-01-10,Madurai,9.9252,78.1198,0.0,22.89,68.68,2.25
2019-01-11,Madurai,9.9252,78.1198,0.0,23.34,69.21,2.37
2019-01-12,Madurai,9.9252,78.1198,0.0,23.53,65.29,2.68
2019-01-13,Madurai,9.9252,78.1198,0.0,23.97,71.92,2.3
2019-01-14,Madurai,9.9252,78.1198,0.33,24.49,70.08,2.27
2019-01-15,Madurai,9.9252,78.1198,1.44,24.19,65.05,2.44
2019-01-16,Madurai,9.9252,78.1198,0.0,24.2,64.11,2.65
2019-01-17,Madurai,9.9252,78.1198,0.0,23.39,65.33,2.44
2019-01-18,Madurai,9.9252,78.1198,0.0,22.98,64.51,2.32
2019-01-19,Madurai,9.9252,78.1198,0.0,22.97,65.18,2.16
2019-01-20,Madurai,9.9252,78.1198,0.0,22.9,64.78,2.54
2019-01-21,Madurai,9.9252,78.1198,0.0,23.01,62.84,2.03
2019-01-22,Madurai,9.9252,78.1198,0.0,23.57,66.03,1.85
2019-01-23,Madurai,9.9252,78.1198,0.0,24.71,67.7,2.07
2019-01-24,Madurai,9.9252,78.1198,0.0,25.51,68.01,2.03
2019-01-25,Madurai,9.9252,78.1198,0.0,26.57,68.61,1.83
2019-01-26,Madurai,9.9252,78.1198,0.0,27.27,68.85,2.03
2019-01-27,Madurai,9.9252,78.1198,0.09,27.18,65.99,2.2
2019-01-28,Madurai,9.9252,78.1198,0.11,27.19,62.9,2.01
2019-01-29,Madurai,9.9252,78.1198,0.0,26.53,61.58,2.76
2019-01-30,Madurai,9.9252,78.1198,0.0,26.02,63.36,3.0
2019-01-31,Madurai,9.9252,78.1198,0.0,25.75,63.72,2.59
2019-02-01,Madurai,9.9252,78.1198,0.0,26.0,63.26,2.23
2019-02-02,Madurai,9.9252,78.1198,0.0,26.44,61.74,2.2
2019-02-03,Madurai,9.9252,78.1198,0.0,26.9,59.62,2.45
2019-02-04,Madurai,9.9252,78.1198,0.04,27.18,63.96,3.17
2019-02-05,Madurai,9.9252,78.1198,0.04,27.46,64.59,3.06
2019-02-06,Madurai,9.9252,78.1198,0.02,27.33,59.95,2.49
2019-02-07,Madurai,9.9252,78.1198,0.0,27.45,60.06,2.08
2019-02-08,Madurai,9.9252,78.1198,0.0,28.61,61.83,1.8
2019-02-09,Madurai,9.9252,78.1198,3.08,27.84,70.23,1.78
2019-02-10,Madurai,9.9252,78.1198,2.27,27.61,69.09,1.88
2019-02-11,Madurai,9.9252,78.1198,0.21,27.67,63.05,2.92
2019-02-12,Madurai,9.9252,78.1198,0.0,27.46,61.53,3.47
2019-02-13,Madurai,9.9252,78.1198,0.0,27.25,59.64,3.23
2019-02-14,Madurai,9.9252,78.1198,0.0,28.03,63.86,2.82
2019-02-15,Madurai,9.9252,78.1198,0.09,28.7,61.78,2.44
2019-02-16,Madurai,9.9252,78.1198,0.04,29.61,57.46,1.84
2019-02-17,Madurai,9.9252,78.1198,0.11,30.09,60.07,1.67
2019-02-18,Madurai,9.9252,78.1198,0.09,30.37,58.84,2.27
2019-02-19,Madurai,9.9252,78.1198,0.09,29.6,60.88,2.44
2019-02-20,Madurai,9.9252,78.1198,0.01,28.74,59.62,2.87
2019-02-21,Madurai,9.9252,78.1198,0.0,28.16,58.35,2.68
2019-02-22,Madurai,9.9252,78.1198,0.0,27.24,53.78,2.78
2019-02-23,Madurai,9.9252,78.1198,0.0,27.02,54.09,2.34
2019-02-24,Madurai,9.9252,78.1198,0.0,27.31,56.62,2.27
2019-02-25,Madurai,9.9252,78.1198,0.0,27.79,53.8,1.86
2019-02-26,Madurai,9.9252,78.1198,0.0,29.53,52.57,1.88
2019-02-27,Madurai,9.9252,78.1198,0.01,30.74,53.21,1.99
2019-02-28,Madurai,9.9252,78.1198,0.07,30.75,53.24,2.11
2019-03-01,Madurai,9.9252,78.1198,0.2,30.36,58.52,2.53
2019-03-02,Madurai,9.9252,78.1198,0.08,29.6,56.78,2.98
2019-03-03,Madurai,9.9252,78.1198,0.01,29.91,55.84,2.66
2019-03-04,Madurai,9.9252,78.1198,0.0,29.96,52.83,2.14
2019-03-05,Madurai,9.9252,78.1198,0.0,31.18,46.26,1.93
2019-03-06,Madurai,9.9252,78.1198,0.7,31.74,48.69,2.28
2019-03-07,Madurai,9.9252,78.1198,0.64,31.85,53.71,2.42
2019-03-08,Madurai,9.9252,78.1198,0.01,31.32,55.72,2.87
2019-03-09,Madurai,9.9252,78.1198,2.57,30.73,56.74,1.99
2019-03-10,Madurai,9.9252,78.1198,0.98,30.57,56.9,2.32
2019-03-11,Madurai,9.9252,78.1198,0.0,29.74,51.1,2.18
2019-03-12,Madurai,9.9252,78.1198,0.0,28.76,51.15,2.15
2019-03-13,Madurai,9.9252,78.1198,0.0,28.51,49.82,2.38
2019-03-14,Madurai,9.9252,78.1198,0.0,28.78,46.86,2.53
2019-03-15,Madurai,9.9252,78.1198,0.0,29.11,45.33,2.54
2019-03-16,Madurai,9.9252,78.1198,0.0,28.87,55.03,2.34
2019-03-17,Madurai,9.9252,78.1198,0.0,29.3,56.47,2.33
2019-03-18,Madurai,9.9252,78.1198,0.05,30.1,56.82,2.43
2019-03-19,Madurai,9.9252,78.1198,0.04,30.1,56.09,2.26
2019-03-20,Madurai,9.9252,78.1198,0.07,30.07,51.77,2.23
2019-03-21,Madurai,9.9252,78.1198,0.0,29.73,52.77,2.03
2019-03-22,Madurai,9.9252,78.1198,0.0,30.34,53.26,1.97
2019-03-23,Madurai,9.9252,78.1198,0.0,30.97,53.2,2.09
2019-03-24,Madurai,9.9252,78.1198,0.0,31.18,45.66,2.11
2019-03-25,Madurai,9.9252,78.1198,0.0,30.89,43.66,2.42
2019-03-26,Madurai,9.9252,78.1198,0.0,30.21,47.77,2.18
2019-03-27,Madurai,9.9252,78.1198,0.0,30.08,45.88,1.82
2019-03-28,Madurai,9.9252,78.1198,0.0,30.42,45.56,2.27
2019-03-29,Madurai,9.9252,78.1198,0.0,31.14,38.15,2.27
2019-03-30,Madurai,9.9252,78.1198,0.0,31.38,40.31,2.24
2019-03-31,Madurai,9.9252,78.1198,0.0,32.19,41.68,1.79
2019-04-01,Madurai,9.9252,78.1198,0.0,32.21,48.18,2.34
2019-04-02,Madurai,9.9252,78.1198,0.0,31.62,50.18,2.22
2019-04-03,Madurai,9.9252,78.1198,0.0,30.85,52.75,2.4
2019-04-04,Madurai,9.9252,78.1198,0.1,30.91,52.11,2.26
2019-04-05,Madurai,9.9252,78.1198,0.11,32.12,49.95,2.2
2019-04-06,Madurai,9.9252,78.1198,0.01,32.2,46.57,2.14
2019-04-07,Madurai,9.9252,78.1198,0.0,32.02,49.23,2.26
2019-04-08,Madurai,9.9252,78.1198,0.0,31.98,55.67,2.6
2019-04-09,Madurai,9.9252,78.1198,0.04,32.44,51.58,2.51
2019-04-10,Madurai,9.9252,78.1198,0.02,31.95,54.51,2.48
2019-04-11,Madurai,9.9252,78.1198,0.0,32.06,49.5,1.87
2019-04-12,Madurai,9.9252,78.1198,0.0,32.33,49.02,2.24
2019-04-13,Madurai,9.9252,78.1198,0.0,32.01,49.01,2.01
2019-04-14,Madurai,9.9252,78.1198,0.0,32.07,46.3,2.1
2019-04-15,Madurai,9.9252,78.1198,0.0,32.42,46.52,2.37
2019-04-16,Madurai,9.9252,78.1198,3.36,32.27,51.1,2.48
2019-04-17,Madurai,9.9252,78.1198,6.63,30.28,61.73,1.43
2019-04-18,Madurai,9.9252,78.1198,1.57,30.76,61.18,2.03
2019-04-19,Madurai,9.9252,78.1198,5.79,30.44,63.72,1.82
2019-04-20,Madurai,9.9252,78.1198,10.01,29.43,67.57,2.1
2019-04-21,Madurai,9.9252,78.1198,0.5,30.82,58.79,1.73
2019-04-22,Madurai,9.9252,78.1198,6.3,31.63,55.47,2.01
2019-04-23,Madurai,9.9252,78.1198,3.41,30.64,62.34,1.8
2019-04-24,Madurai,9.9252,78.1198,0.46,30.0,60.9,1.42
2019-04-25,Madurai,9.9252,78.1198,1.06,30.62,58.85,1.65
2019-04-26,Madurai,9.9252,78.1198,1.17,30.45,62.11,1.61
2019-04-27,Madurai,9.9252,78.1198,0.0,31.09,60.69,1.89
2019-04-28,Madurai,9.9252,78.1198,0.0,31.92,58.53,1.92
2019-04-29,Madurai,9.9252,78.1198,5.17,31.58,61.61,1.37
2019-04-30,Madurai,9.9252,78.1198,0.51,31.4,59.81,1.86
2019-05-01,Madurai,9.9252,78.1198,0.14,31.4,55.96,2.52
2019-05-02,Madurai,9.9252,78.1198,0.0,32.78,49.79,1.57
2019-05-03,Madurai,9.9252,78.1198,0.0,32.75,47.53,1.99
2019-05-04,Madurai,9.9252,78.1198,0.0,33.29,47.77,1.15
2019-05-05,Madurai,9.9252,78.1198,0.0,33.61,46.35,2.15
2019-05-06,Madurai,9.9252,78.1198,0.28,33.84,47.82,2.02
2019-05-07,Madurai,9.9252,78.1198,1.08,33.52,49.99,1.8
2019-05-08,Madurai,9.9252,78.1198,0.51,30.87,52.08,2.17
2019-05-09,Madurai,9.9252,78.1198,1.38,33.19,47.63,1.74
2019-05-10,Madurai,9.9252,78.1198,1.28,33.37,51.16,1.96
2019-05-11,Madurai,9.9252,78.1198,0.01,34.05,48.31,1.79
2019-05-12,Madurai,9.9252,78.1198,0.03,34.39,46.94,1.61
2019-05-13,Madurai,9.9252,78.1198,0.01,34.39,44.95,1.4
2019-05-14,Madurai,9.9252,78.1198,0.02,34.62,43.39,1.68
2019-05-15,Madurai,9.9252,78.1198,2.79,34.22,45.53,1.08
2019-05-16,Madurai,9.9252,78.1198,0.47,33.33,51.63,1.32
2019-05-17,Madurai,9.9252,78.1198,1.15,33.89,48.26,0.93
2019-05-18,Madurai,9.9252,78.1198,0.21,33.94,48.39,1.81
2019-05-19,Madurai,9.9252,78.1198,0.0,33.73,48.49,2.54
2019-05-20,Madurai,9.9252,78.1198,0.0,33.3,48.91,2.67
2019-05-21,Madurai,9.9252,78.1198,0.01,33.63,48.05,2.05
2019-05-22,Madurai,9.9252,78.1198,0.02,32.97,51.46,2.28
2019-05-23,Madurai,9.9252,78.1198,0.16,32.2,55.65,2.0
2019-05-24,Madurai,9.9252,78.1198,0.54,32.3,53.88,2.02
2019-05-25,Madurai,9.9252,78.1198,0.54,32.17,54.28,2.09
2019-05-26,Madurai,9.9252,78.1198,0.31,33.45,48.64,1.08
2019-05-27,Madurai,9.9252,78.1198,0.2,34.3,48.64,1.59
2019-05-28,Madurai,9.9252,78.1198,1.43,34.47,47.92,1.56
2019-05-29,Madurai,9.9252,78.1198,2.01,32.79,54.71,0.97
2019-05-30,Madurai,9.9252,78.1198,2.67,31.73,59.7,1.49
2019-05-31,Madurai,9.9252,78.1198,8.32,28.43,68.32,2.8
2019-06-01,Madurai,9.9252,78.1198,0.43,30.64,62.76,1.38
2019-06-02,Madurai,9.9252,78.1198,0.2,31.58,59.85,2.08
2019-06-03,Madurai,9.9252,78.1198,0.56,29.11,69.74,1.26
2019-06-04,Madurai,9.9252,78.1198,3.33,29.91,65.73,1.56
2019-06-05,Madurai,9.9252,78.1198,16.96,29.18,72.28,1.62
2019-06-06,Madurai,9.9252,78.1198,0.5,29.82,70.18,1.33
2019-06-07,Madurai,9.9252,78.1198,8.99,29.61,70.41,2.57
2019-06-08,Madurai,9.9252,78.1198,2.2,29.67,67.43,2.47
2019-06-09,Madurai,9.9252,78.1198,1.74,29.09,69.05,3.91
2019-06-10,Madurai,9.9252,78.1198,1.86,28.77,70.99,3.26
2019-06-11,Madurai,9.9252,78.1198,0.93,29.46,66.43,3.28
2019-06-12,Madurai,9.9252,78.1198,0.3,29.51,65.96,2.78
2019-06-13,Madurai,9.9252,78.1198,0.48,29.51,64.53,2.57
2019-06-14,Madurai,9.9252,78.1198,0.49,29.49,57.23,2.92
2019-06-15,Madurai,9.9252,78.1198,0.09,30.64,53.25,2.37
2019-06-16,Madurai,9.9252,78.1198,0.15,31.29,57.5,2.05
2019-06-17,Madurai,9.9252,78.1198,0.02,31.45,55.61,2.76
2019-06-18,Madurai,9.9252,78.1198,0.06,31.72,53.1,2.07
2019-06-19,Madurai,9.9252,78.1198,0.38,30.67,56.43,2.58
2019-06-20,Madurai,9.9252,78.1198,0.33,30.67,52.47,3.65
2019-06-21,Madurai,9.9252,78.1198,0.59,29.03,62.21,2.86
2019-06-22,Madurai,9.9252,78.1198,1.16,29.84,61.8,3.24
2019-06-23,Madurai,9.9252,78.1198,0.86,29.28,63.01,2.51
2019-06-24,Madurai,9.9252,78.1198,0.68,30.74,57.03,2.15
2019-06-25,Madurai,9.9252,78.1198,1.38,30.14,62.21,1.6
2019-06-26,Madurai,9.9252,78.1198,0.01,30.72,58.35,1.56
2019-06-27,Madurai,9.9252,78.1198,0.0,31.02,55.01,2.41
2019-06-28,Madurai,9.9252,78.1198,0.0,31.39,51.7,2.53
2019-06-29,Madurai,9.9252,78.1198,0.0,31.22,50.96,3.34
2019-06-30,Madurai,9.9252,78.1198,0.0,30.49,53.05,3.68
2019-07-01,Madurai,9.9252,78.1198,0.0,31.79,51.51,3.29
2019-07-02,Madurai,9.9252,78.1198,0.2,30.85,56.16,3.67
2019-07-03,Madurai,9.9252,78.1198,0.17,30.74,57.15,2.98
2019-07-04,Madurai,9.9252,78.1198,0.72,31.05,57.95,3.15
2019-07-05,Madurai,9.9252,78.1198,0.2,30.54,58.08,3.46
2019-07-06,Madurai,9.9252,78.1198,0.23,30.14,59.36,3.29
2019-07-07,Madurai,9.9252,78.1198,0.23,30.28,57.74,2.82
2019-07-08,Madurai,9.9252,78.1198,0.25,31.07,56.87,2.84
2019-07-09,Madurai,9.9252,78.1198,0.8,29.84,57.96,2.63
2019-07-10,Madurai,9.9252,78.1198,0.67,30.09,50.8,3.11
2019-07-11,Madurai,9.9252,78.1198,0.35,31.27,44.74,2.12
2019-07-12,Madurai,9.9252,78.1198,0.05,31.78,44.8,1.2
2019-07-13,Madurai,9.9252,78.1198,0.23,31.85,46.9,0.98
2019-07-14,Madurai,9.9252,78.1198,0.75,31.31,50.74,1.22
2019-07-15,Madurai,9.9252,78.1198,6.13,30.08,58.3,2.47
2019-07-16,Madurai,9.9252,78.1198,2.34,29.4,61.11,2.19
2019-07-17,Madurai,9.9252,78.1198,0.6,29.47,59.57,2.18
2019-07-18,Madurai,9.9252,78.1198,10.28,27.85,67.77,2.19
2019-07-19,Madurai,9.9252,78.1198,2.89,27.31,73.25,2.34
2019-07-20,Madurai,9.9252,78.1198,0.85,28.72,64.15,3.14
2019-07-21,Madurai,9.9252,78.1198,1.05,29.11,60.61,3.22
2019-07-22,Madurai,9.9252,78.1198,0.7,27.96,65.51,2.62
2019-07-23,Madurai,9.9252,78.1198,0.22,29.0,55.53,3.03
2019-07-24,Madurai,9.9252,78.1198,4.26,29.33,61.35,1.56
2019-07-25,Madurai,9.9252,78.1198,3.92,28.78,61.96,1.93
2019-07-26,Madurai,9.9252,78.1198,1.71,28.01,63.3,1.99
2019-07-27,Madurai,9.9252,78.1198,0.0,29.79,58.52,1.39
2019-07-28,Madurai,9.9252,78.1198,0.02,29.44,56.47,2.51
2019-07-29,Madurai,9.9252,78.1198,0.01,28.51,60.88,2.17
2019-07-30,Madurai,9.9252,78.1198,0.0,30.1,54.14,2.38
2019-07-31,Madurai,9.9252,78.1198,0.0,29.8,54.61,1.49
2019-08-01,Madurai,9.9252,78.1198,0.05,30.71,52.21,1.95
2019-08-02,Madurai,9.9252,78.1198,0.11,29.88,56.0,2.67
2019-08-03,Madurai,9.9252,78.1198,0.05,30.07,53.29,3.5
2019-08-04,Madurai,9.9252,78.1198,0.49,30.07,58.28,3.62
2019-08-05,Madurai,9.9252,78.1198,1.48,28.82,56.18,3.92
2019-08-06,Madurai,9.9252,78.1198,2.3,28.46,60.48,3.77
2019-08-07,Madurai,9.9252,78.1198,4.25,28.47,64.46,4.22
2019-08-08,Madurai,9.9252,78.1198,10.56,27.92,67.97,4.4
2019-08-09,Madurai,9.9252,78.1198,8.05,27.7,68.24,4.09
2019-08-10,Madurai,9.9252,78.1198,1.43,27.22,66.13,3.12
2019-08-11,Madurai,9.9252,78.1198,0.57,27.78,62.22,3.28
2019-08-12,Madurai,9.9252,78.1198,0.24,29.4,57.89,4.05
2019-08-13,Madurai,9.9252,78.1198,4.04,28.11,64.43,2.37
2019-08-14,Madurai,9.9252,78.1198,3.23,29.32,64.66,2.97
2019-08-15,Madurai,9.9252,78.1198,0.21,29.08,63.01,1.9
2019-08-16,Madurai,9.9252,78.1198,6.48,28.54,60.52,2.19
2019-08-17,Madurai,9.9252,78.1198,8.47,26.64,73.75,1.22
2019-08-18,Madurai,9.9252,78.1198,18.75,26.85,74.98,1.38
2019-08-19,Madurai,9.9252,78.1198,13.93,28.2,72.63,1.22
2019-08-20,Madurai,9.9252,78.1198,5.44,28.61,71.62,1.34
2019-08-21,Madurai,9.9252,78.1198,2.52,27.46,75.97,1.84
2019-08-22,Madurai,9.9252,78.1198,3.34,27.52,69.78,2.53
2019-08-23,Madurai,9.9252,78.1198,0.33,27.22,64.2,2.99
2019-08-24,Madurai,9.9252,78.1198,0.69,27.34,63.37,2.36
2019-08-25,Madurai,9.9252,78.1198,1.61,27.14,67.25,2.85
2019-08-26,Madurai,9.9252,78.1198,0.94,26.38,75.65,2.63
2019-08-27,Madurai,9.9252,78.1198,0.57,28.11,65.35,3.1
2019-08-28,Madurai,9.9252,78.1198,0.3,27.72,66.51,2.62
2019-08-29,Madurai,9.9252,78.1198,6.09,26.82,71.74,2.65
2019-08-30,Madurai,9.9252,78.1198,0.35,27.83,62.36,3.35
2019-08-31,Madurai,9.9252,78.1198,0.45,26.52,68.07,3.06
2019-09-01,Madurai,9.9252,78.1198,0.6,28.36,69.17,2.64
2019-09-02,Madurai,9.9252,78.1198,1.54,27.25,75.06,2.14
2019-09-03,Madurai,9.9252,78.1198,0.85,27.89,71.03,2.13
2019-09-04,Madurai,9.9252,78.1198,0.55,28.52,66.74,2.96
2019-09-05,Madurai,9.9252,78.1198,0.59,28.24,66.68,2.94
2019-09-06,Madurai,9.9252,78.1198,0.79,28.63,67.14,2.82
2019-09-07,Madurai,9.9252,78.1198,0.37,28.7,64.57,2.89
2019-09-08,Madurai,9.9252,78.1198,0.49,28.4,62.24,2.61
2019-09-09,Madurai,9.9252,78.1198,0.28,29.1,58.86,1.94
2019-09-10,Madurai,9.9252,78.1198,6.04,29.26,66.72,1.16
2019-09-11,Madurai,9.9252,78.1198,10.31,28.31,73.77,1.21
2019-09-12,Madurai,9.9252,78.1198,2.61,27.99,70.81,1.07
2019-09-13,Madurai,9.9252,78.1198,22.15,27.81,70.79,1.04
2019-09-14,Madurai,9.9252,78.1198,4.39,27.83,71.63,1.16
2019-09-15,Madurai,9.9252,78.1198,6.26,28.13,70.17,1.23
2019-09-16,Madurai,9.9252,78.1198,11.69,27.97,72.65,1.91
2019-09-17,Madurai,9.9252,78.1198,3.72,27.73,70.4,1.66
2019-09-18,Madurai,9.9252,78.1198,3.36,27.89,75.35,1.75
2019-09-19,Madurai,9.9252,78.1198,4.93,27.71,73.87,2.09
2019-09-20,Madurai,9.9252,78.1198,2.42,26.95,71.92,0.91
2019-09-21,Madurai,9.9252,78.1198,0.43,28.3,70.37,1.58
2019-09-22,Madurai,9.9252,78.1198,5.61,27.93,74.53,1.32
2019-09-23,Madurai,9.9252,78.1198,27.03,26.58,85.37,0.89
2019-09-24,Madurai,9.9252,78.1198,8.68,26.21,83.68,1.65
2019-09-25,Madurai,9.9252,78.1198,6.34,25.63,85.67,2.78
2019-09-26,Madurai,9.9252,78.1198,1.48,25.68,81.43,2.44
2019-09-27,Madurai,9.9252,78.1198,6.54,26.45,75.29,1.54
2019-09-28,Madurai,9.9252,78.1198,6.24,26.43,77.28,1.13
2019-09-29,Madurai,9.9252,78.1198,10.07,25.87,81.1,1.24
2019-09-30,Madurai,9.9252,78.1198,21.45,25.04,86.07,1.45
2019-10-01,Madurai,9.9252,78.1198,1.34,26.8,76.18,1.35
2019-10-02,Madurai,9.9252,78.1198,3.62,26.3,81.88,1.07
2019-10-03,Madurai,9.9252,78.1198,1.34,26.97,78.94,1.07
2019-10-04,Madurai,9.9252,78.1198,0.21,27.34,76.71,1.01
2019-10-05,Madurai,9.9252,78.1198,0.41,27.14,77.42,1.62
2019-10-06,Madurai,9.9252,78.1198,2.42,26.31,81.07,1.3
2019-10-07,Madurai,9.9252,78.1198,3.77,26.9,78.44,1.06
2019-10-08,Madurai,9.9252,78.1198,9.18,26.83,80.11,1.15
2019-10-09,Madurai,9.9252,78.1198,1.38,27.2,79.08,1.15
2019-10-10,Madurai,9.9252,78.1198,0.47,26.92,80.27,1.38
2019-10-11,Madurai,9.9252,78.1198,11.37,25.59,85.54,1.04
2019-10-12,Madurai,9.9252,78.1198,6.27,26.22,82.68,1.08
2019-10-13,Madurai,9.9252,78.1198,15.92,26.46,83.52,1.11
2019-10-14,Madurai,9.9252,78.1198,7.8,26.34,84.77,1.17
2019-10-15,Madurai,9.9252,78.1198,10.04,25.9,87.87,1.25
2019-10-16,Madurai,9.9252,78.1198,30.92,24.76,90.04,1.37
2019-10-17,Madurai,9.9252,78.1198,19.57,24.8,90.45,2.14
2019-10-18,Madurai,9.9252,78.1198,7.57,25.12,88.66,1.1
2019-10-19,Madurai,9.9252,78.1198,7.66,25.41,88.24,1.33
2019-10-20,Madurai,9.9252,78.1198,15.41,25.13,90.61,1.18
2019-10-21,Madurai,9.9252,78.1198,29.84,24.77,94.06,1.26
2019-10-22,Madurai,9.9252,78.1198,6.56,24.97,87.99,1.0
2019-10-23,Madurai,9.9252,78.1198,22.36,25.95,83.24,0.75
2019-10-24,Madurai,9.9252,78.1198,1.89,24.52,87.39,1.63
2019-10-25,Madurai,9.9252,78.1198,0.84,24.85,85.81,1.37
2019-10-26,Madurai,9.9252,78.1198,1.23,24.78,88.05,1.57
2019-10-27,Madurai,9.9252,78.1198,2.6,24.15,87.38,1.22
2019-10-28,Madurai,9.9252,78.1198,2.96,24.87,84.52,1.51
2019-10-29,Madurai,9.9252,78.1198,24.47,23.9,89.57,1.97
2019-10-30,Madurai,9.9252,78.1198,45.08,24.37,92.88,1.87
2019-10-31,Madurai,9.9252,78.1198,6.97,25.05,93.33,2.34
2019-11-01,Madurai,9.9252,78.1198,0.46,25.54,83.68,0.95
2019-11-02,Madurai,9.9252,78.1198,1.16,25.09,86.32,0.95
2019-11-03,Madurai,9.9252,78.1198,3.87,25.17,86.74,1.2
2019-11-04,Madurai,9.9252,78.1198,2.07,25.44,86.06,1.08
2019-11-05,Madurai,9.9252,78.1198,0.1,25.81,82.92,0.98
2019-11-06,Madurai,9.9252,78.1198,0.29,26.29,83.17,0.86
2019-11-07,Madurai,9.9252,78.1198,9.73,25.49,89.44,0.65
2019-11-08,Madurai,9.9252,78.1198,4.07,25.89,86.0,0.77
2019-11-09,Madurai,9.9252,78.1198,5.4,26.25,86.49,1.07
2019-11-10,Madurai,9.9252,78.1198,4.36,25.99,86.9,1.33
2019-11-11,Madurai,9.9252,78.1198,1.19,25.74,86.43,1.12
2019-11-12,Madurai,9.9252,78.1198,1.0,25.08,88.32,1.69
2019-11-13,Madurai,9.9252,78.1198,0.11,24.93,88.15,2.18
2019-11-14,Madurai,9.9252,78.1198,5.09,25.25,89.29,1.97
2019-11-15,Madurai,9.9252,78.1198,7.52,25.37,90.16,1.98
2019-11-16,Madurai,9.9252,78.1198,4.1,25.37,88.68,1.67
2019-11-17,Madurai,9.9252,78.1198,1.15,25.41,88.14,1.79
2019-11-18,Madurai,9.9252,78.1198,1.13,25.83,88.96,2.04
2019-11-19,Madurai,9.9252,78.1198,0.5,25.66,86.84,1.63
2019-11-20,Madurai,9.9252,78.1198,5.26,25.17,89.88,1.72
2019-11-21,Madurai,9.9252,78.1198,2.12,25.2,88.7,1.95
2019-11-22,Madurai,9.9252,78.1198,5.85,24.65,91.16,2.04
2019-11-23,Madurai,9.9252,78.1198,1.07,24.46,89.32,2.82
2019-11-24,Madurai,9.9252,78.1198,4.04,24.58,88.98,2.28
2019-11-25,Madurai,9.9252,78.1198,2.05,24.76,88.59,2.86
2019-11-26,Madurai,9.9252,78.1198,0.36,24.64,86.88,2.5
2019-11-27,Madurai,9.9252,78.1198,4.25,25.37,87.93,2.28
2019-11-28,Madurai,9.9252,78.1198,11.74,25.28,91.2,2.09
2019-11-29,Madurai,9.9252,78.1198,15.36,25.36,91.09,2.54
2019-11-30,Madurai,9.9252,78.1198,26.11,24.39,93.71,1.89
2019-12-01,Madurai,9.9252,78.1198,12.01,24.41,93.73,1.57
2019-12-02,Madurai,9.9252,78.1198,11.83,24.46,91.35,1.83
2019-12-03,Madurai,9.9252,78.1198,3.58,24.59,91.7,1.92
2019-12-04,Madurai,9.9252,78.1198,1.33,24.31,88.24,2.77
2019-12-05,Madurai,9.9252,78.1198,4.51,23.68,88.89,3.02
2019-12-06,Madurai,9.9252,78.1198,1.77,23.42,88.51,3.25
2019-12-07,Madurai,9.9252,78.1198,3.97,23.81,90.14,2.74
2019-12-08,Madurai,9.9252,78.1198,0.12,23.38,87.61,2.17
2019-12-09,Madurai,9.9252,78.1198,0.0,23.2,87.8,2.17
2019-12-10,Madurai,9.9252,78.1198,0.01,23.32,86.05,1.97
2019-12-11,Madurai,9.9252,78.1198,0.0,23.5,85.98,1.83
2019-12-12,Madurai,9.9252,78.1198,0.05,23.75,88.34,2.23
2019-12-13,Madurai,9.9252,78.1198,6.13,24.55,90.08,2.38
2019-12-14,Madurai,9.9252,78.1198,6.04,24.55,90.6,2.39
2019-12-15,Madurai,9.9252,78.1198,1.18,23.88,89.04,2.39
2019-12-16,Madurai,9.9252,78.1198,0.43,23.3,90.57,1.9
2019-12-17,Madurai,9.9252,78.1198,1.29,23.91,89.93,2.79
2019-12-18,Madurai,9.9252,78.1198,0.22,24.09,88.96,2.88
2019-12-19,Madurai,9.9252,78.1198,0.11,24.22,88.7,2.84
2019-12-20,Madurai,9.9252,78.1198,3.39,24.15,89.49,2.6
2019-12-21,Madurai,9.9252,78.1198,0.15,23.24,89.22,1.86
2019-12-22,Madurai,9.9252,78.1198,0.13,23.87,87.81,2.01
2019-12-23,Madurai,9.9252,78.1198,0.01,23.65,87.14,2.04
2019-12-24,Madurai,9.9252,78.1198,1.08,23.94,88.93,2.14
2019-12-25,Madurai,9.9252,78.1198,2.7,24.57,90.32,2.58
2019-12-26,Madurai,9.9252,78.1198,0.03,23.93,87.78,1.72
2019-12-27,Madurai,9.9252,78.1198,0.0,23.49,86.03,1.83
2019-12-28,Madurai,9.9252,78.1198,0.01,23.34,84.27,1.76
2019-12-29,Madurai,9.9252,78.1198,0.01,23.78,86.76,2.0
2019-12-30,Madurai,9.9252,78.1198,0.0,23.83,86.33,1.94
2019-12-31,Madurai,9.9252,78.1198,0.02,24.33,85.2,1.65
2020-01-01,Madurai,9.9252,78.1198,0.01,24.73,86.73,1.98
2020-01-02,Madurai,9.9252,78.1198,0.0,25.33,85.55,1.82
2020-01-03,Madurai,9.9252,78.1198,0.0,25.44,85.26,1.53
2020-01-04,Madurai,9.9252,78.1198,0.1,25.9,84.04,1.38
2020-01-05,Madurai,9.9252,78.1198,0.08,25.59,84.63,1.74
2020-01-06,Madurai,9.9252,78.1198,0.32,24.84,84.78,2.27
2020-01-07,Madurai,9.9252,78.1198,0.43,24.59,84.02,2.23
2020-01-08,Madurai,9.9252,78.1198,0.05,24.43,80.95,2.0
2020-01-09,Madurai,9.9252,78.1198,0.0,23.83,78.08,1.84
2020-01-10,Madurai,9.9252,78.1198,0.0,23.57,77.3,2.16
2020-01-11,Madurai,9.9252,78.1198,0.0,23.04,77.9,2.31
2020-01-12,Madurai,9.9252,78.1198,0.0,23.08,78.35,2.19
2020-01-13,Madurai,9.9252,78.1198,0.0,23.39,78.11,1.83
2020-01-14,Madurai,9.9252,78.1198,0.0,22.97,76.02,1.72
2020-01-15,Madurai,9.9252,78.1198,0.0,22.49,74.25,1.91
2020-01-16,Madurai,9.9252,78.1198,0.0,23.28,75.21,1.59
2020-01-17,Madurai,9.9252,78.1198,0.34,24.64,80.11,1.86
2020-01-18,Madurai,9.9252,78.1198,0.74,25.48,81.92,2.25
2020-01-19,Madurai,9.9252,78.1198,1.02,25.05,80.65,2.5
2020-01-20,Madurai,9.9252,78.1198,0.0,24.86,77.13,2.21
2020-01-21,Madurai,9.9252,78.1198,0.0,24.54,75.49,2.46
2020-01-22,Madurai,9.9252,78.1198,0.0,24.94,76.4,2.96
2020-01-23,Madurai,9.9252,78.1198,0.0,25.23,78.89,2.89
2020-01-24,Madurai,9.9252,78.1198,0.0,24.46,74.89,2.64
2020-01-25,Madurai,9.9252,78.1198,0.0,23.9,71.27,1.96
2020-01-26,Madurai,9.9252,78.1198,0.0,24.1,70.7,1.77
2020-01-27,Madurai,9.9252,78.1198,0.0,24.31,67.26,1.46
2020-01-28,Madurai,9.9252,78.1198,0.0,24.89,69.22,1.69
2020-01-29,Madurai,9.9252,78.1198,0.0,25.29,70.7,1.52
2020-01-30,Madurai,9.9252,78.1198,0.0,25.62,69.41,1.52
2020-01-31,Madurai,9.9252,78.1198,0.0,25.38,71.86,1.85
2020-02-01,Madurai,9.9252,78.1198,0.0,25.63,71.71,1.81
2020-02-02,Madurai,9.9252,78.1198,0.0,25.32,70.0,2.23
2020-02-03,Madurai,9.9252,78.1198,0.0,25.2,68.18,2.22
2020-02-04,Madurai,9.9252,78.1198,0.02,25.61,69.07,2.17
2020-02-05,Madurai,9.9252,78.1198,0.11,25.98,69.19,2.23
2020-02-06,Madurai,9.9252,78.1198,0.03,25.74,64.36,2.07
2020-02-07,Madurai,9.9252,78.1198,0.03,26.15,66.68,2.03
2020-02-08,Madurai,9.9252,78.1198,0.0,26.9,64.13,1.56
2020-02-09,Madurai,9.9252,78.1198,0.01,26.92,63.46,2.05
2020-02-10,Madurai,9.9252,78.1198,0.0,26.64,65.35,2.6
2020-02-11,Madurai,9.9252,78.1198,0.0,26.54,65.21,2.84
2020-02-12,Madurai,9.9252,78.1198,0.0,26.57,67.42,2.89
2020-02-13,Madurai,9.9252,78.1198,0.0,26.75,65.47,2.7
2020-02-14,Madurai,9.9252,78.1198,0.18,26.07,64.55,1.93
2020-02-15,Madurai,9.9252,78.1198,0.05,27.0,60.79,1.83
2020-02-16,Madurai,9.9252,78.1198,0.0,26.32,59.66,2.15
2020-02-17,Madurai,9.9252,78.1198,0.0,26.34,61.0,2.34
2020-02-18,Madurai,9.9252,78.1198,0.0,25.43,61.71,2.19
2020-02-19,Madurai,9.9252,78.1198,0.0,25.53,61.84,2.25
2020-02-20,Madurai,9.9252,78.1198,0.0,25.67,63.57,2.45
2020-02-21,Madurai,9.9252,78.1198,0.64,26.39,69.4,3.02
2020-02-22,Madurai,9.9252,78.1198,1.07,27.55,67.52,3.7
2020-02-23,Madurai,9.9252,78.1198,0.0,27.05,65.57,3.09
2020-02-24,Madurai,9.9252,78.1198,0.0,27.14,63.99,2.61
2020-02-25,Madurai,9.9252,78.1198,0.0,27.29,66.48,1.83
2020-02-26,Madurai,9.9252,78.1198,0.0,27.83,63.45,2.19
2020-02-27,Madurai,9.9252,78.1198,0.01,27.94,63.44,2.35
2020-02-28,Madurai,9.9252,78.1198,0.04,28.36,60.93,2.69
2020-02-29,Madurai,9.9252,78.1198,0.0,28.04,60.23,2.32
2020-03-01,Madurai,9.9252,78.1198,0.18,28.37,57.49,2.22
2020-03-02,Madurai,9.9252,78.1198,0.14,28.87,55.83,1.63
2020-03-03,Madurai,9.9252,78.1198,0.03,28.12,53.51,0.92
2020-03-04,Madurai,9.9252,78.1198,0.16,27.22,63.5,1.45
2020-03-05,Madurai,9.9252,78.1198,0.07,29.36,53.44,1.63
2020-03-06,Madurai,9.9252,78.1198,0.01,30.38,53.07,2.15
2020-03-07,Madurai,9.9252,78.1198,0.0,30.24,59.01,2.72
2020-03-08,Madurai,9.9252,78.1198,0.06,29.87,59.89,2.5
2020-03-09,Madurai,9.9252,78.1198,0.05,30.28,56.24,2.43
2020-03-10,Madurai,9.9252,78.1198,0.0,29.55,54.66,2.43
2020-03-11,Madurai,9.9252,78.1198,0.14,29.14,56.59,1.99
2020-03-12,Madurai,9.9252,78.1198,0.13,29.14,56.59,2.18
2020-03-13,Madurai,9.9252,78.1198,0.0,28.96,57.28,2.36
2020-03-14,Madurai,9.9252,78.1198,0.0,29.86,57.18,2.36
2020-03-15,Madurai,9.9252,78.1198,0.0,29.81,56.05,2.81
2020-03-16,Madurai,9.9252,78.1198,0.0,30.36,57.96,3.04
2020-03-17,Madurai,9.9252,78.1198,0.0,30.05,57.34,2.8
2020-03-18,Madurai,9.9252,78.1198,0.0,30.46,58.79,2.68
2020-03-19,Madurai,9.9252,78.1198,0.0,30.85,52.84,2.12
2020-03-20,Madurai,9.9252,78.1198,0.01,31.42,48.83,2.18
2020-03-21,Madurai,9.9252,78.1198,0.71,30.98,52.62,2.16
2020-03-22,Madurai,9.9252,78.1198,0.13,31.05,52.77,2.06
2020-03-23,Madurai,9.9252,78.1198,0.23,30.82,51.57,2.33
2020-03-24,Madurai,9.9252,78.1198,0.0,30.38,52.16,2.41
2020-03-25,Madurai,9.9252,78.1198,0.13,30.35,53.44,2.24
2020-03-26,Madurai,9.9252,78.1198,0.0,30.18,52.83,2.66
2020-03-27,Madurai,9.9252,78.1198,0.0,30.03,55.9,2.77
2020-03-28,Madurai,9.9252,78.1198,0.0,30.1,51.73,2.14
2020-03-29,Madurai,9.9252,78.1198,0.0,30.17,47.73,1.95
2020-03-30,Madurai,9.9252,78.1198,0.06,30.46,42.57,2.07
2020-03-31,Madurai,9.9252,78.1198,0.16,29.9,49.25,2.37
2020-04-01,Madurai,9.9252,78.1198,0.0,30.03,51.9,2.3
2020-04-02,Madurai,9.9252,78.1198,0.0,30.62,54.34,2.26
2020-04-03,Madurai,9.9252,78.1198,0.0,30.51,52.73,2.1
2020-04-04,Madurai,9.9252,78.1198,0.08,30.85,54.0,2.35
2020-04-05,Madurai,9.9252,78.1198,2.6,28.84,68.58,1.64
2020-04-06,Madurai,9.9252,78.1198,0.1,30.95,58.85,2.17
2020-04-07,Madurai,9.9252,78.1198,0.16,30.58,55.75,1.35
2020-04-08,Madurai,9.9252,78.1198,0.93,30.92,53.72,1.59
2020-04-09,Madurai,9.9252,78.1198,4.13,30.64,60.18,2.21
2020-04-10,Madurai,9.9252,78.1198,2.81,29.97,62.12,2.28
2020-04-11,Madurai,9.9252,78.1198,0.4,30.16,60.84,2.3
2020-04-12,Madurai,9.9252,78.1198,0.0,30.65,56.25,1.99
2020-04-13,Madurai,9.9252,78.1198,0.0,30.77,52.81,1.86
2020-04-14,Madurai,9.9252,78.1198,0.11,31.04,51.84,2.22
2020-04-15,Madurai,9.9252,78.1198,0.33,31.16,56.1,2.4
2020-04-16,Madurai,9.9252,78.1198,0.02,31.38,55.21,2.26
2020-04-17,Madurai,9.9252,78.1198,0.03,31.75,54.32,2.47
2020-04-18,Madurai,9.9252,78.1198,0.28,31.87,54.7,2.63
2020-04-19,Madurai,9.9252,78.1198,1.86,30.64,59.43,2.18
2020-04-20,Madurai,9.9252,78.1198,0.19,30.58,60.46,2.28
2020-04-21,Madurai,9.9252,78.1198,0.16,31.63,55.34,2.28
2020-04-22,Madurai,9.9252,78.1198,0.35,32.3,53.16,2.3
2020-04-23,Madurai,9.9252,78.1198,0.61,33.12,51.77,2.34
2020-04-24,Madurai,9.9252,78.1198,4.2,32.22,56.56,2.1
2020-04-25,Madurai,9.9252,78.1198,9.76,30.06,70.98,1.71
2020-04-26,Madurai,9.9252,78.1198,6.7,28.4,80.91,1.48
2020-04-27,Madurai,9.9252,78.1198,1.91,30.03,68.88,1.3
2020-04-28,Madurai,9.9252,78.1198,1.49,28.64,74.96,1.58
2020-04-29,Madurai,9.9252,78.1198,2.16,29.78,66.68,1.14
2020-04-30,Madurai,9.9252,78.1198,0.13,30.18,62.92,1.35
2020-05-01,Madurai,9.9252,78.1198,0.03,31.38,57.94,1.8
2020-05-02,Madurai,9.9252,78.1198,1.15,31.83,57.64,2.1
2020-05-03,Madurai,9.9252,78.1198,1.96,29.45,70.1,1.41
2020-05-04,Madurai,9.9252,78.1198,0.12,30.9,61.02,1.88
2020-05-05,Madurai,9.9252,78.1198,0.07,30.54,61.52,2.25
2020-05-06,Madurai,9.9252,78.1198,1.13,30.47,63.9,2.25
2020-05-07,Madurai,9.9252,78.1198,6.18,30.42,63.95,3.01
2020-05-08,Madurai,9.9252,78.1198,3.34,29.04,72.86,2.02
2020-05-09,Madurai,9.9252,78.1198,0.53,30.06,68.16,1.99
2020-05-10,Madurai,9.9252,78.1198,0.83,29.77,70.01,1.92
2020-05-11,Madurai,9.9252,78.1198,2.2,28.72,74.39,1.86
2020-05-12,Madurai,9.9252,78.1198,0.45,30.2,63.58,2.22
2020-05-13,Madurai,9.9252,78.1198,2.88,29.84,63.01,1.47
2020-05-14,Madurai,9.9252,78.1198,0.23,30.6,62.42,1.43
2020-05-15,Madurai,9.9252,78.1198,0.93,30.29,66.11,1.13
2020-05-16,Madurai,9.9252,78.1198,0.52,31.34,57.79,1.96
2020-05-17,Madurai,9.9252,78.1198,3.92,31.12,60.13,2.2
2020-05-18,Madurai,9.9252,78.1198,1.7,29.9,61.37,4.09
2020-05-19,Madurai,9.9252,78.1198,0.08,30.97,55.92,4.21
2020-05-20,Madurai,9.9252,78.1198,0.25,32.46,51.76,2.55
2020-05-21,Madurai,9.9252,78.1198,1.21,30.66,55.35,3.08
2020-05-22,Madurai,9.9252,78.1198,0.35,32.61,49.54,1.87
2020-05-23,Madurai,9.9252,78.1198,0.35,33.89,48.02,1.65
2020-05-24,Madurai,9.9252,78.1198,0.23,34.07,48.32,1.79
2020-05-25,Madurai,9.9252,78.1198,1.5,33.08,52.56,1.6
2020-05-26,Madurai,9.9252,78.1198,0.15,32.56,53.67,1.21
2020-05-27,Madurai,9.9252,78.1198,1.41,32.63,52.13,1.63
2020-05-28,Madurai,9.9252,78.1198,25.49,30.63,66.27,1.55
2020-05-29,Madurai,9.9252,78.1198,1.01,30.98,57.53,1.64
2020-05-30,Madurai,9.9252,78.1198,0.23,29.97,65.55,2.52
2020-05-31,Madurai,9.9252,78.1198,0.64,29.32,68.83,3.48
2020-06-01,Madurai,9.9252,78.1198,2.53,28.89,71.17,2.92
2020-06-02,Madurai,9.9252,78.1198,7.17,28.29,71.6,2.73
2020-06-03,Madurai,9.9252,78.1198,0.11,27.99,70.57,2.75
2020-06-04,Madurai,9.9252,78.1198,0.53,28.52,65.92,3.08
2020-06-05,Madurai,9.9252,78.1198,2.0,28.26,70.59,2.61
2020-06-06,Madurai,9.9252,78.1198,2.11,28.9,68.54,2.19
2020-06-07,Madurai,9.9252,78.1198,3.4,28.14,69.97,1.97
2020-06-08,Madurai,9.9252,78.1198,0.01,29.79,58.47,2.75
2020-06-09,Madurai,9.9252,78.1198,0.13,29.7,56.34,2.75
2020-06-10,Madurai,9.9252,78.1198,0.3,29.55,57.11,2.83
2020-06-11,Madurai,9.9252,78.1198,1.33,28.36,61.02,2.6
2020-06-12,Madurai,9.9252,78.1198,0.2,28.3,61.44,3.09
2020-06-13,Madurai,9.9252,78.1198,0.41,29.46,58.76,2.69
2020-06-14,Madurai,9.9252,78.1198,0.08,29.8,59.05,2.99
2020-06-15,Madurai,9.9252,78.1198,0.05,30.54,58.96,2.07
2020-06-16,Madurai,9.9252,78.1198,0.3,29.75,65.08,2.21
2020-06-17,Madurai,9.9252,78.1198,0.4,29.41,63.46,2.43
2020-06-18,Madurai,9.9252,78.1198,0.13,29.64,57.2,2.53
2020-06-19,Madurai,9.9252,78.1198,0.16,29.51,56.95,2.72
2020-06-20,Madurai,9.9252,78.1198,0.03,29.72,56.37,3.19
2020-06-21,Madurai,9.9252,78.1198,0.99,27.97,60.91,3.31
2020-06-22,Madurai,9.9252,78.1198,1.06,29.7,55.13,2.56
2020-06-23,Madurai,9.9252,78.1198,0.02,30.58,49.45,2.58
2020-06-24,Madurai,9.9252,78.1198,6.34,30.0,55.09,1.52
2020-06-25,Madurai,9.9252,78.1198,21.32,27.42,71.87,1.6
2020-06-26,Madurai,9.9252,78.1198,6.54,27.8,74.64,2.05
2020-06-27,Madurai,9.9252,78.1198,0.48,29.43,66.84,1.85
2020-06-28,Madurai,9.9252,78.1198,8.21,29.3,70.95,2.0
2020-06-29,Madurai,9.9252,78.1198,4.3,28.68,73.01,1.5
2020-06-30,Madurai,9.9252,78.1198,0.69,29.13,67.14,1.97
2020-07-01,Madurai,9.9252,78.1198,0.01,27.83,65.93,1.59
2020-07-02,Madurai,9.9252,78.1198,1.33,28.93,63.16,2.18
2020-07-03,Madurai,9.9252,78.1198,0.78,27.06,65.2,3.05
2020-07-04,Madurai,9.9252,78.1198,0.89,27.16,67.47,2.93
2020-07-05,Madurai,9.9252,78.1198,0.34,27.86,62.39,2.17
2020-07-06,Madurai,9.9252,78.1198,1.01,27.48,66.29,2.7
2020-07-07,Madurai,9.9252,78.1198,3.93,28.15,66.79,1.96
2020-07-08,Madurai,9.9252,78.1198,14.15,27.25,74.23,1.01
2020-07-09,Madurai,9.9252,78.1198,21.6,26.48,79.1,1.22
2020-07-10,Madurai,9.9252,78.1198,1.97,26.42,79.5,1.52
2020-07-11,Madurai,9.9252,78.1198,6.29,27.52,73.74,1.16
2020-07-12,Madurai,9.9252,78.1198,0.82,28.59,68.88,1.94
2020-07-13,Madurai,9.9252,78.1198,3.72,27.92,72.98,0.98
2020-07-14,Madurai,9.9252,78.1198,3.19,27.92,74.47,1.69
2020-07-15,Madurai,9.9252,78.1198,0.99,28.29,72.18,1.35
2020-07-16,Madurai,9.9252,78.1198,1.77,27.54,72.01,2.0
2020-07-17,Madurai,9.9252,78.1198,0.94,27.41,70.31,2.18
2020-07-18,Madurai,9.9252,78.1198,0.38,27.61,69.71,1.01
2020-07-19,Madurai,9.9252,78.1198,4.29,27.1,73.81,1.31
2020-07-20,Madurai,9.9252,78.1198,14.52,27.01,79.15,1.83
2020-07-21,Madurai,9.9252,78.1198,1.11,26.77,78.05,1.19
2020-07-22,Madurai,9.9252,78.1198,0.34,26.78,79.52,2.42
2020-07-23,Madurai,9.9252,78.1198,9.01,27.33,76.89,2.71
2020-07-24,Madurai,9.9252,78.1198,6.53,26.81,78.2,2.64
2020-07-25,Madurai,9.9252,78.1198,1.23,27.35,71.07,1.99
2020-07-26,Madurai,9.9252,78.1198,1.38,26.98,74.12,1.41
2020-07-27,Madurai,9.9252,78.1198,1.08,27.73,70.99,1.49
2020-07-28,Madurai,9.9252,78.1198,2.73,27.67,70.59,2.04
2020-07-29,Madurai,9.9252,78.1198,6.55,26.86,74.5,1.76
2020-07-30,Madurai,9.9252,78.1198,1.15,28.34,70.58,2.08
2020-07-31,Madurai,9.9252,78.1198,3.44,27.91,74.06,2.01
2020-08-01,Madurai,9.9252,78.1198,3.29,27.92,69.59,2.25
2020-08-02,Madurai,9.9252,78.1198,1.21,27.14,69.22,3.24
2020-08-03,Madurai,9.9252,78.1198,2.38,27.19,71.82,3.68
2020-08-04,Madurai,9.9252,78.1198,1.8,26.82,66.36,3.91
2020-08-05,Madurai,9.9252,78.1198,0.87,27.66,62.35,4.68
2020-08-06,Madurai,9.9252,78.1198,3.45,28.47,67.27,3.72
2020-08-07,Madurai,9.9252,78.1198,1.73,28.87,65.58,3.85
2020-08-08,Madurai,9.9252,78.1198,12.73,27.17,73.06,2.29
2020-08-09,Madurai,9.9252,78.1198,6.3,25.95,78.2,2.49
2020-08-10,Madurai,9.9252,78.1198,0.21,27.03,71.19,2.58
2020-08-11,Madurai,9.9252,78.1198,0.78,28.3,70.25,2.21
2020-08-12,Madurai,9.9252,78.1198,0.32,28.63,66.67,2.5
2020-08-13,Madurai,9.9252,78.1198,0.33,28.39,68.45,1.69
2020-08-14,Madurai,9.9252,78.1198,0.07,28.14,68.24,2.0
2020-08-15,Madurai,9.9252,78.1198,0.02,27.51,68.98,2.16
2020-08-16,Madurai,9.9252,78.1198,0.05,28.14,68.47,1.95
2020-08-17,Madurai,9.9252,78.1198,0.1,28.76,68.2,1.9
2020-08-18,Madurai,9.9252,78.1198,0.26,29.25,65.76,1.81
2020-08-19,Madurai,9.9252,78.1198,0.03,29.05,67.08,1.26
2020-08-20,Madurai,9.9252,78.1198,0.0,28.43,68.1,1.74
2020-08-21,Madurai,9.9252,78.1198,0.14,29.74,61.78,0.8
2020-08-22,Madurai,9.9252,78.1198,4.54,29.81,66.77,0.98
2020-08-23,Madurai,9.9252,78.1198,7.07,29.26,70.33,0.92
2020-08-24,Madurai,9.9252,78.1198,15.4,28.61,72.99,1.01
2020-08-25,Madurai,9.9252,78.1198,5.7,28.35,76.17,0.91
2020-08-26,Madurai,9.9252,78.1198,5.53,27.74,76.77,0.82
2020-08-27,Madurai,9.9252,78.1198,0.3,28.68,68.35,0.96
2020-08-28,Madurai,9.9252,78.1198,4.81,29.67,63.65,1.17
2020-08-29,Madurai,9.9252,78.1198,1.57,29.36,64.7,1.69
2020-08-30,Madurai,9.9252,78.1198,0.05,29.04,66.77,1.06
2020-08-31,Madurai,9.9252,78.1198,4.03,28.4,71.73,1.33
2020-09-01,Madurai,9.9252,78.1198,13.16,27.79,73.95,1.53
2020-09-02,Madurai,9.9252,78.1198,6.88,26.66,76.27,1.35
2020-09-03,Madurai,9.9252,78.1198,15.34,26.95,79.42,1.24
2020-09-04,Madurai,9.9252,78.1198,4.6,27.76,77.58,1.09
2020-09-05,Madurai,9.9252,78.1198,1.12,27.37,77.53,1.95
2020-09-06,Madurai,9.9252,78.1198,8.37,27.27,75.7,2.54
2020-09-07,Madurai,9.9252,78.1198,1.56,27.65,74.16,2.02
2020-09-08,Madurai,9.9252,78.1198,7.73,27.48,77.2,1.4
2020-09-09,Madurai,9.9252,78.1198,10.6,26.72,80.06,2.4
2020-09-10,Madurai,9.9252,78.1198,3.11,25.82,80.24,3.12
2020-09-11,Madurai,9.9252,78.1198,0.97,25.55,77.25,2.75
2020-09-12,Madurai,9.9252,78.1198,1.05,27.04,70.03,2.02
2020-09-13,Madurai,9.9252,78.1198,1.8,26.24,75.67,1.58
2020-09-14,Madurai,9.9252,78.1198,0.27,26.95,69.02,2.49
2020-09-15,Madurai,9.9252,78.1198,1.66,26.2,73.33,1.81
2020-09-16,Madurai,9.9252,78.1198,0.7,27.97,71.1,1.83
2020-09-17,Madurai,9.9252,78.1198,2.51,27.9,73.18,1.84
2020-09-18,Madurai,9.9252,78.1198,0.91,27.94,69.81,2.78
2020-09-19,Madurai,9.9252,78.1198,1.77,27.02,69.99,3.39
2020-09-20,Madurai,9.9252,78.1198,1.73,26.03,67.86,4.17
2020-09-21,Madurai,9.9252,78.1198,0.7,26.64,70.52,3.1
2020-09-22,Madurai,9.9252,78.1198,0.31,27.11,66.82,2.78
2020-09-23,Madurai,9.9252,78.1198,0.13,28.02,67.89,2.0
2020-09-24,Madurai,9.9252,78.1198,0.39,27.84,70.76,0.95
2020-09-25,Madurai,9.9252,78.1198,6.2,26.09,78.32,1.12
2020-09-26,Madurai,9.9252,78.1198,0.9,26.32,77.79,1.49
2020-09-27,Madurai,9.9252,78.1198,5.07,28.14,68.92,0.59
2020-09-28,Madurai,9.9252,78.1198,6.25,27.64,75.41,0.8
2020-09-29,Madurai,9.9252,78.1198,5.37,27.11,75.68,1.19
2020-09-30,Madurai,9.9252,78.1198,3.93,27.03,74.59,1.46
2020-10-01,Madurai,9.9252,78.1198,0.04,27.31,69.43,1.65
2020-10-02,Madurai,9.9252,78.1198,0.03,27.09,68.39,1.37
2020-10-03,Madurai,9.9252,78.1198,0.04,26.93,70.43,1.82
2020-10-04,Madurai,9.9252,78.1198,0.02,27.2,66.79,1.99
2020-10-05,Madurai,9.9252,78.1198,0.0,27.95,62.87,1.47
2020-10-06,Madurai,9.9252,78.1198,22.18,28.95,67.14,0.95
2020-10-07,Madurai,9.9252,78.1198,14.54,28.59,75.26,1.64
2020-10-08,Madurai,9.9252,78.1198,6.89,27.23,81.1,1.14
2020-10-09,Madurai,9.9252,78.1198,20.61,26.25,85.43,0.67
2020-10-10,Madurai,9.9252,78.1198,2.81,26.72,77.21,1.11
2020-10-11,Madurai,9.9252,78.1198,0.89,25.37,79.27,1.85
2020-10-12,Madurai,9.9252,78.1198,0.29,26.51,74.27,2.4
2020-10-13,Madurai,9.9252,78.1198,0.17,26.2,73.97,2.97
2020-10-14,Madurai,9.9252,78.1198,0.12,26.8,71.54,2.63
2020-10-15,Madurai,9.9252,78.1198,0.2,27.07,72.61,1.98
2020-10-16,Madurai,9.9252,78.1198,0.42,27.16,76.76,1.28
2020-10-17,Madurai,9.9252,78.1198,1.04,27.38,74.69,0.78
2020-10-18,Madurai,9.9252,78.1198,3.0,27.15,75.29,1.0
2020-10-19,Madurai,9.9252,78.1198,2.9,27.73,72.89,1.04
2020-10-20,Madurai,9.9252,78.1198,15.96,26.29,81.73,1.23
2020-10-21,Madurai,9.9252,78.1198,2.12,27.01,75.82,1.35
2020-10-22,Madurai,9.9252,78.1198,1.92,25.65,79.18,1.63
2020-10-23,Madurai,9.9252,78.1198,0.0,26.93,72.34,1.22
2020-10-24,Madurai,9.9252,78.1198,0.0,26.47,68.35,1.15
2020-10-25,Madurai,9.9252,78.1198,105.44,27.05,74.01,1.14
2020-10-26,Madurai,9.9252,78.1198,43.61,26.65,82.14,1.05
2020-10-27,Madurai,9.9252,78.1198,0.11,26.72,79.3,1.1
2020-10-28,Madurai,9.9252,78.1198,4.17,26.69,78.42,0.8
2020-10-29,Madurai,9.9252,78.1198,4.86,26.39,79.47,0.98
2020-10-30,Madurai,9.9252,78.1198,14.44,25.47,83.68,0.95
2020-10-31,Madurai,9.9252,78.1198,21.28,26.63,75.6,0.64
2020-11-01,Madurai,9.9252,78.1198,0.7,26.57,75.87,0.71
2020-11-02,Madurai,9.9252,78.1198,2.25,26.88,79.34,0.86
2020-11-03,Madurai,9.9252,78.1198,0.4,26.65,81.0,1.16
2020-11-04,Madurai,9.9252,78.1198,2.51,26.44,83.4,1.08
2020-11-05,Madurai,9.9252,78.1198,23.58,25.95,85.6,1.26
2020-11-06,Madurai,9.9252,78.1198,12.27,25.03,88.46,1.68
2020-11-07,Madurai,9.9252,78.1198,0.67,25.41,88.32,2.03
2020-11-08,Madurai,9.9252,78.1198,5.18,25.25,89.22,2.14
2020-11-09,Madurai,9.9252,78.1198,0.1,25.11,80.99,2.41
2020-11-10,Madurai,9.9252,78.1198,0.15,24.32,78.8,2.04
2020-11-11,Madurai,9.9252,78.1198,1.98,24.98,82.63,2.23
2020-11-12,Madurai,9.9252,78.1198,12.04,24.94,92.11,1.84
2020-11-13,Madurai,9.9252,78.1198,13.92,25.26,89.77,1.75
2020-11-14,Madurai,9.9252,78.1198,1.64,25.52,88.19,2.4
2020-11-15,Madurai,9.9252,78.1198,5.85,25.21,91.88,2.44
2020-11-16,Madurai,9.9252,78.1198,38.45,24.96,92.91,2.02
2020-11-17,Madurai,9.9252,78.1198,44.74,24.9,90.47,2.49
2020-11-18,Madurai,9.9252,78.1198,18.75,24.65,91.33,1.54
2020-11-19,Madurai,9.9252,78.1198,6.08,24.98,89.2,1.84
2020-11-20,Madurai,9.9252,78.1198,0.92,24.62,88.56,2.0
2020-11-21,Madurai,9.9252,78.1198,0.02,24.13,84.91,2.03
2020-11-22,Madurai,9.9252,78.1198,0.0,23.18,83.3,1.55
2020-11-23,Madurai,9.9252,78.1198,0.01,23.55,84.7,1.99
2020-11-24,Madurai,9.9252,78.1198,0.03,23.34,87.26,2.43
2020-11-25,Madurai,9.9252,78.1198,1.97,25.0,86.55,2.39
2020-11-26,Madurai,9.9252,78.1198,3.9,25.25,86.9,1.89
2020-11-27,Madurai,9.9252,78.1198,16.84,25.18,86.58,0.93
2020-11-28,Madurai,9.9252,78.1198,3.26,24.88,89.05,2.02
2020-11-29,Madurai,9.9252,78.1198,1.25,24.49,90.83,1.88
2020-11-30,Madurai,9.9252,78.1198,0.85,24.55,89.83,2.47
2020-12-01,Madurai,9.9252,78.1198,0.02,23.83,84.72,2.56
2020-12-02,Madurai,9.9252,78.1198,6.54,24.11,85.47,2.98
2020-12-03,Madurai,9.9252,78.1198,25.92,23.73,90.09,3.89
2020-12-04,Madurai,9.9252,78.1198,17.71,24.34,94.25,3.89
2020-12-05,Madurai,9.9252,78.1198,4.35,24.09,94.44,3.25
2020-12-06,Madurai,9.9252,78.1198,10.76,24.38,91.56,3.34
2020-12-07,Madurai,9.9252,78.1198,15.63,24.37,93.56,2.6
2020-12-08,Madurai,9.9252,78.1198,7.6,24.74,90.79,1.82
2020-12-09,Madurai,9.9252,78.1198,2.84,24.59,89.13,1.77
2020-12-10,Madurai,9.9252,78.1198,0.23,23.68,87.34,1.84
2020-12-11,Madurai,9.9252,78.1198,0.04,23.05,86.47,1.89
2020-12-12,Madurai,9.9252,78.1198,0.06,22.91,86.58,1.79
2020-12-13,Madurai,9.9252,78.1198,0.01,22.8,84.69,1.71
2020-12-14,Madurai,9.9252,78.1198,0.0,22.38,83.23,1.84
2020-12-15,Madurai,9.9252,78.1198,5.42,22.94,87.71,2.11
2020-12-16,Madurai,9.9252,78.1198,9.04,22.83,94.03,2.24
2020-12-17,Madurai,9.9252,78.1198,8.86,23.66,92.75,2.14
2020-12-18,Madurai,9.9252,78.1198,5.87,23.72,91.71,2.63
2020-12-19,Madurai,9.9252,78.1198,1.96,22.81,88.81,3.08
2020-12-20,Madurai,9.9252,78.1198,0.03,22.81,87.92,2.77
2020-12-21,Madurai,9.9252,78.1198,0.0,21.71,88.24,2.54
2020-12-22,Madurai,9.9252,78.1198,0.12,21.68,87.9,2.14
2020-12-23,Madurai,9.9252,78.1198,0.26,22.44,90.57,1.71
2020-12-24,Madurai,9.9252,78.1198,0.0,23.22,87.92,2.08
2020-12-25,Madurai,9.9252,78.1198,0.0,22.58,86.78,2.11
2020-12-26,Madurai,9.9252,78.1198,0.0,21.43,85.38,2.13
2020-12-27,Madurai,9.9252,78.1198,0.01,22.13,85.07,2.18
2020-12-28,Madurai,9.9252,78.1198,0.01,22.38,83.4,1.9
2020-12-29,Madurai,9.9252,78.1198,0.69,23.15,87.54,2.04
2020-12-30,Madurai,9.9252,78.1198,4.44,24.07,89.32,3.14
2020-12-31,Madurai,9.9252,78.1198,14.57,23.99,91.52,2.94
2021-01-01,Madurai,9.9252,78.1198,1.16,22.68,87.58,2.52
2021-01-02,Madurai,9.9252,78.1198,0.95,22.97,89.36,2.43
2021-01-03,Madurai,9.9252,78.1198,7.69,24.18,90.79,2.6
2021-01-04,Madurai,9.9252,78.1198,12.42,24.31,90.15,2.7
2021-01-05,Madurai,9.9252,78.1198,1.86,24.11,90.54,2.11
2021-01-06,Madurai,9.9252,78.1198,15.42,24.18,89.18,1.1
2021-01-07,Madurai,9.9252,78.1198,19.8,24.28,92.54,1.7
2021-01-08,Madurai,9.9252,78.1198,9.33,24.73,90.01,1.4
2021-01-09,Madurai,9.9252,78.1198,7.69,23.82,93.87,1.8
2021-01-10,Madurai,9.9252,78.1198,6.78,23.27,93.21,1.69
2021-01-11,Madurai,9.9252,78.1198,8.3,23.5,91.87,2.42
2021-01-12,Madurai,9.9252,78.1198,19.31,23.24,94.18,3.38
2021-01-13,Madurai,9.9252,78.1198,20.53,23.47,94.03,2.86
2021-01-14,Madurai,9.9252,78.1198,14.7,23.74,92.3,2.43
2021-01-15,Madurai,9.9252,78.1198,22.66,23.36,94.46,2.34
2021-01-16,Madurai,9.9252,78.1198,23.11,23.93,91.4,2.19
2021-01-17,Madurai,9.9252,78.1198,1.26,22.65,87.12,1.94
2021-01-18,Madurai,9.9252,78.1198,0.03,21.48,87.15,2.24
2021-01-19,Madurai,9.9252,78.1198,0.0,21.92,84.36,1.91
2021-01-20,Madurai,9.9252,78.1198,0.02,23.06,86.43,1.67
2021-01-21,Madurai,9.9252,78.1198,0.08,24.75,89.51,1.61
2021-01-22,Madurai,9.9252,78.1198,0.28,25.05,88.36,1.56
2021-01-23,Madurai,9.9252,78.1198,0.16,24.0,88.04,1.89
2021-01-24,Madurai,9.9252,78.1198,0.0,23.05,86.07,1.96
2021-01-25,Madurai,9.9252,78.1198,0.0,22.23,85.97,1.76
2021-01-26,Madurai,9.9252,78.1198,0.0,21.84,83.71,1.84
2021-01-27,Madurai,9.9252,78.1198,0.0,21.36,82.13,1.8
2021-01-28,Madurai,9.9252,78.1198,0.0,22.06,84.97,2.16
2021-01-29,Madurai,9.9252,78.1198,0.08,23.03,87.16,2.27
2021-01-30,Madurai,9.9252,78.1198,0.1,23.64,87.18,1.99
2021-01-31,Madurai,9.9252,78.1198,0.0,23.26,85.72,2.16
2021-02-01,Madurai,9.9252,78.1198,0.08,22.79,85.59,2.51
2021-02-02,Madurai,9.9252,78.1198,0.11,22.72,85.97,2.37
2021-02-03,Madurai,9.9252,78.1198,0.03,22.86,86.13,2.32
2021-02-04,Madurai,9.9252,78.1198,0.0,22.34,82.11,2.02
2021-02-05,Madurai,9.9252,78.1198,0.0,21.84,82.6,2.14
2021-02-06,Madurai,9.9252,78.1198,0.0,22.1,82.27,2.13
2021-02-07,Madurai,9.9252,78.1198,0.0,21.42,79.71,2.34
2021-02-08,Madurai,9.9252,78.1198,0.0,21.38,81.02,2.7
2021-02-09,Madurai,9.9252,78.1198,0.0,21.22,81.67,2.6
2021-02-10,Madurai,9.9252,78.1198,0.0,20.73,80.53,2.18
2021-02-11,Madurai,9.9252,78.1198,0.0,20.7,78.99,1.98
2021-02-12,Madurai,9.9252,78.1198,0.0,20.77,79.2,1.91
2021-02-13,Madurai,9.9252,78.1198,0.0,21.64,77.6,1.68
2021-02-14,Madurai,9.9252,78.1198,0.0,22.31,75.95,1.69
2021-02-15,Madurai,9.9252,78.1198,0.0,23.32,77.67,1.59
2021-02-16,Madurai,9.9252,78.1198,0.0,24.27,78.93,1.55
2021-02-17,Madurai,9.9252,78.1198,0.0,24.0,79.29,1.8
2021-02-18,Madurai,9.9252,78.1198,0.09,24.05,80.34,1.96
2021-02-19,Madurai,9.9252,78.1198,0.08,24.51,81.16,1.87
2021-02-20,Madurai,9.9252,78.1198,3.28,25.32,81.95,2.74
2021-02-21,Madurai,9.9252,78.1198,1.27,25.72,80.8,2.49
2021-02-22,Madurai,9.9252,78.1198,0.08,25.34,79.57,2.59
2021-02-23,Madurai,9.9252,78.1198,0.01,25.28,77.0,2.16
2021-02-24,Madurai,9.9252,78.1198,0.0,24.96,75.24,1.83
2021-02-25,Madurai,9.9252,78.1198,0.0,25.27,71.6,1.64
2021-02-26,Madurai,9.9252,78.1198,0.11,25.88,65.06,1.62
2021-02-27,Madurai,9.9252,78.1198,0.03,26.2,63.11,1.48
2021-02-28,Madurai,9.9252,78.1198,0.0,25.28,66.89,1.73
2021-03-01,Madurai,9.9252,78.1198,0.0,25.12,69.41,1.72
2021-03-02,Madurai,9.9252,78.1198,0.0,25.07,70.97,1.91
2021-03-03,Madurai,9.9252,78.1198,0.0,24.3,71.28,2.23
2021-03-04,Madurai,9.9252,78.1198,0.0,24.47,72.06,1.95
2021-03-05,Madurai,9.9252,78.1198,0.0,25.07,70.36,1.76
2021-03-06,Madurai,9.9252,78.1198,0.0,26.12,68.43,1.69
2021-03-07,Madurai,9.9252,78.1198,0.0,26.89,70.36,1.96
2021-03-08,Madurai,9.9252,78.1198,0.02,27.16,73.16,2.06
2021-03-09,Madurai,9.9252,78.1198,0.04,27.27,70.99,2.44
2021-03-10,Madurai,9.9252,78.1198,1.79,26.59,76.4,2.21
2021-03-11,Madurai,9.9252,78.1198,2.68,26.77,75.09,2.09
2021-03-12,Madurai,9.9252,78.1198,0.45,26.54,69.77,1.99
2021-03-13,Madurai,9.9252,78.1198,0.0,26.53,70.35,1.98
2021-03-14,Madurai,9.9252,78.1198,0.0,27.17,68.31,2.17
2021-03-15,Madurai,9.9252,78.1198,0.0,27.14,63.46,2.05
2021-03-16,Madurai,9.9252,78.1198,0.0,27.41,63.48,1.94
2021-03-17,Madurai,9.9252,78.1198,0.0,27.36,64.43,2.07
2021-03-18,Madurai,9.9252,78.1198,0.0,26.4,65.82,1.81
2021-03-19,Madurai,9.9252,78.1198,0.0,27.16,61.5,1.9
2021-03-20,Madurai,9.9252,78.1198,0.01,27.98,63.21,1.62
2021-03-21,Madurai,9.9252,78.1198,0.0,28.38,57.89,1.54
2021-03-22,Madurai,9.9252,78.1198,3.43,27.91,65.65,1.74
2021-03-23,Madurai,9.9252,78.1198,0.07,28.37,65.83,1.93
2021-03-24,Madurai,9.9252,78.1198,0.07,27.69,67.15,1.57
2021-03-25,Madurai,9.9252,78.1198,0.36,27.85,65.7,1.46
2021-03-26,Madurai,9.9252,78.1198,0.12,28.15,67.24,1.9
2021-03-27,Madurai,9.9252,78.1198,0.34,28.9,64.79,1.89
2021-03-28,Madurai,9.9252,78.1198,1.51,28.75,65.28,1.56
2021-03-29,Madurai,9.9252,78.1198,0.45,29.34,62.77,2.03
2021-03-30,Madurai,9.9252,78.1198,0.28,30.24,56.72,2.17
2021-03-31,Madurai,9.9252,78.1198,0.02,31.38,52.78,1.85
2021-04-01,Madurai,9.9252,78.1198,1.94,31.78,55.94,1.51
2021-04-02,Madurai,9.9252,78.1198,0.49,31.6,55.87,1.98
2021-04-03,Madurai,9.9252,78.1198,0.0,32.43,48.75,1.47
2021-04-04,Madurai,9.9252,78.1198,0.04,32.29,46.64,1.9
2021-04-05,Madurai,9.9252,78.1198,0.03,32.17,48.97,2.3
2021-04-06,Madurai,9.9252,78.1198,0.14,30.23,60.05,1.96
2021-04-07,Madurai,9.9252,78.1198,0.07,29.64,57.81,1.87
2021-04-08,Madurai,9.9252,78.1198,0.07,29.55,56.45,1.55
2021-04-09,Madurai,9.9252,78.1198,0.07,30.06,58.47,2.16
2021-04-10,Madurai,9.9252,78.1198,1.62,29.46,62.33,2.04
2021-04-11,Madurai,9.9252,78.1198,6.48,29.01,65.98,1.63
2021-04-12,Madurai,9.9252,78.1198,5.27,28.51,70.39,1.74
2021-04-13,Madurai,9.9252,78.1198,2.82,27.37,76.97,1.83
2021-04-14,Madurai,9.9252,78.1198,4.94,27.98,74.14,1.6
2021-04-15,Madurai,9.9252,78.1198,13.78,26.63,80.27,0.94
2021-04-16,Madurai,9.9252,78.1198,8.05,27.3,77.65,0.93
2021-04-17,Madurai,9.9252,78.1198,0.03,29.42,67.4,1.14
2021-04-18,Madurai,9.9252,78.1198,0.21,29.62,65.75,1.28
2021-04-19,Madurai,9.9252,78.1198,0.4,31.13,59.25,1.11
2021-04-20,Madurai,9.9252,78.1198,0.4,30.06,64.39,0.85
2021-04-21,Madurai,9.9252,78.1198,1.24,30.07,64.84,1.11
2021-04-22,Madurai,9.9252,78.1198,0.18,29.41,67.69,1.53
2021-04-23,Madurai,9.9252,78.1198,1.76,29.77,66.18,1.47
2021-04-24,Madurai,9.9252,78.1198,2.41,29.49,68.91,1.56
2021-04-25,Madurai,9.9252,78.1198,0.63,29.76,67.99,1.86
2021-04-26,Madurai,9.9252,78.1198,0.11,30.15,63.79,1.58
2021-04-27,Madurai,9.9252,78.1198,0.25,29.01,69.49,1.08
2021-04-28,Madurai,9.9252,78.1198,0.03,29.87,62.22,1.62
2021-04-29,Madurai,9.9252,78.1198,0.18,30.23,62.27,1.56
2021-04-30,Madurai,9.9252,78.1198,1.57,29.9,66.53,1.91
2021-05-01,Madurai,9.9252,78.1198,3.04,28.63,77.49,1.74
2021-05-02,Madurai,9.9252,78.1198,2.38,29.22,71.54,1.82
2021-05-03,Madurai,9.9252,78.1198,2.71,28.55,74.7,1.98
2021-05-04,Madurai,9.9252,78.1198,5.71,28.65,73.37,1.8
2021-05-05,Madurai,9.9252,78.1198,1.23,28.37,74.59,1.66
2021-05-06,Madurai,9.9252,78.1198,1.34,29.37,68.56,1.81
2021-05-07,Madurai,9.9252,78.1198,12.49,27.77,78.76,1.53
2021-05-08,Madurai,9.9252,78.1198,1.67,27.72,78.05,1.84
2021-05-09,Madurai,9.9252,78.1198,1.39,28.38,75.74,1.45
2021-05-10,Madurai,9.9252,78.1198,2.53,28.44,75.83,1.6
2021-05-11,Madurai,9.9252,78.1198,0.91,29.15,72.62,1.29
2021-05-12,Madurai,9.9252,78.1198,0.45,29.9,69.68,1.35
2021-05-13,Madurai,9.9252,78.1198,10.69,30.24,65.14,1.86
2021-05-14,Madurai,9.9252,78.1198,6.06,29.01,70.1,3.26
2021-05-15,Madurai,9.9252,78.1198,3.72,27.6,75.83,4.32
2021-05-16,Madurai,9.9252,78.1198,0.93,27.86,74.59,2.69
2021-05-17,Madurai,9.9252,78.1198,6.62,28.91,72.16,1.95
2021-05-18,Madurai,9.9252,78.1198,0.33,29.8,70.61,1.33
2021-05-19,Madurai,9.9252,78.1198,6.99,28.87,75.34,2.14
2021-05-20,Madurai,9.9252,78.1198,6.9,27.52,79.36,1.93
2021-05-21,Madurai,9.9252,78.1198,1.47,27.47,74.66,2.31
2021-05-22,Madurai,9.9252,78.1198,1.82,27.14,75.51,2.41
2021-05-23,Madurai,9.9252,78.1198,0.22,29.47,64.18,2.25
2021-05-24,Madurai,9.9252,78.1198,0.02,29.72,63.27,2.88
2021-05-25,Madurai,9.9252,78.1198,1.32,27.63,70.11,3.39
2021-05-26,Madurai,9.9252,78.1198,3.71,27.19,69.59,3.77
2021-05-27,Madurai,9.9252,78.1198,0.08,29.16,61.84,3.11
2021-05-28,Madurai,9.9252,78.1198,0.1,29.97,57.6,2.57
2021-05-29,Madurai,9.9252,78.1198,0.2,30.05,58.78,2.05
2021-05-30,Madurai,9.9252,78.1198,0.14,30.48,57.63,2.63
2021-05-31,Madurai,9.9252,78.1198,2.96,30.31,60.7,1.93
2021-06-01,Madurai,9.9252,78.1198,0.52,29.94,65.45,1.75
2021-06-02,Madurai,9.9252,78.1198,1.22,31.12,60.17,1.5
2021-06-03,Madurai,9.9252,78.1198,8.87,28.27,80.28,1.53
2021-06-04,Madurai,9.9252,78.1198,15.16,26.54,83.66,1.32
2021-06-05,Madurai,9.9252,78.1198,17.08,26.84,77.22,1.66
2021-06-06,Madurai,9.9252,78.1198,2.4,28.17,72.45,1.41
2021-06-07,Madurai,9.9252,78.1198,0.12,29.4,69.73,1.39
2021-06-08,Madurai,9.9252,78.1198,3.08,28.86,68.45,1.82
2021-06-09,Madurai,9.9252,78.1198,0.73,28.36,70.11,2.11
2021-06-10,Madurai,9.9252,78.1198,0.11,29.0,65.29,2.55
2021-06-11,Madurai,9.9252,78.1198,0.13,28.81,64.36,2.38
2021-06-12,Madurai,9.9252,78.1198,1.36,28.61,65.48,3.06
2021-06-13,Madurai,9.9252,78.1198,1.06,27.33,72.26,2.86
2021-06-14,Madurai,9.9252,78.1198,0.52,27.25,61.24,4.13
2021-06-15,Madurai,9.9252,78.1198,0.37,28.6,65.99,3.18
2021-06-16,Madurai,9.9252,78.1198,0.91,28.21,70.71,2.8
2021-06-17,Madurai,9.9252,78.1198,0.27,28.22,67.87,2.77
2021-06-18,Madurai,9.9252,78.1198,0.08,28.51,66.53,2.42
2021-06-19,Madurai,9.9252,78.1198,0.07,28.09,64.45,2.07
2021-06-20,Madurai,9.9252,78.1198,0.09,28.91,65.69,1.53
2021-06-21,Madurai,9.9252,78.1198,1.63,29.29,65.09,1.82
2021-06-22,Madurai,9.9252,78.1198,3.75,28.63,68.28,1.41
2021-06-23,Madurai,9.9252,78.1198,12.06,28.33,71.2,1.23
2021-06-24,Madurai,9.9252,78.1198,0.55,28.52,68.85,1.79
2021-06-25,Madurai,9.9252,78.1198,0.03,28.9,62.0,1.87
2021-06-26,Madurai,9.9252,78.1198,1.15,28.08,65.33,2.26
2021-06-27,Madurai,9.9252,78.1198,0.34,28.62,64.24,1.68
2021-06-28,Madurai,9.9252,78.1198,0.95,28.37,63.26,1.32
2021-06-29,Madurai,9.9252,78.1198,4.09,28.95,66.53,1.5
2021-06-30,Madurai,9.9252,78.1198,2.14,28.93,72.34,1.17
2021-07-01,Madurai,9.9252,78.1198,25.73,28.47,74.91,1.45
2021-07-02,Madurai,9.9252,78.1198,4.73,28.17,75.11,1.76
2021-07-03,Madurai,9.9252,78.1198,5.8,27.85,75.28,0.72
2021-07-04,Madurai,9.9252,78.1198,15.03,26.88,76.86,1.83
2021-07-05,Madurai,9.9252,78.1198,5.21,28.24,73.91,1.08
2021-07-06,Madurai,9.9252,78.1198,0.32,27.06,78.34,1.24
2021-07-07,Madurai,9.9252,78.1198,2.23,27.97,75.54,1.04
2021-07-08,Madurai,9.9252,78.1198,13.73,28.93,72.72,1.17
2021-07-09,Madurai,9.9252,78.1198,2.76,27.73,76.34,1.99
2021-07-10,Madurai,9.9252,78.1198,1.6,26.15,71.54,3.66
2021-07-11,Madurai,9.9252,78.1198,0.27,26.56,65.41,3.79
2021-07-12,Madurai,9.9252,78.1198,0.25,27.12,67.44,3.64
2021-07-13,Madurai,9.9252,78.1198,0.43,27.45,68.0,3.08
2021-07-14,Madurai,9.9252,78.1198,2.32,26.72,69.36,3.06
2021-07-15,Madurai,9.9252,78.1198,1.67,27.67,66.42,3.01
2021-07-16,Madurai,9.9252,78.1198,1.09,28.17,70.27,1.7
2021-07-17,Madurai,9.9252,78.1198,0.58,27.55,70.96,1.69
2021-07-18,Madurai,9.9252,78.1198,1.02,27.31,73.61,2.52
2021-07-19,Madurai,9.9252,78.1198,0.06,27.66,70.49,2.45
2021-07-20,Madurai,9.9252,78.1198,0.09,28.25,67.06,3.06
2021-07-21,Madurai,9.9252,78.1198,0.41,28.21,66.62,3.24
2021-07-22,Madurai,9.9252,78.1198,2.01,28.24,65.99,4.26
2021-07-23,Madurai,9.9252,78.1198,1.23,28.03,65.05,4.53
2021-07-24,Madurai,9.9252,78.1198,0.48,28.62,64.13,3.36
2021-07-25,Madurai,9.9252,78.1198,1.29,28.2,63.53,2.92
2021-07-26,Madurai,9.9252,78.1198,1.48,28.69,64.99,2.57
2021-07-27,Madurai,9.9252,78.1198,0.4,27.34,71.88,1.88
2021-07-28,Madurai,9.9252,78.1198,0.51,28.26,65.45,2.24
2021-07-29,Madurai,9.9252,78.1198,0.03,29.3,63.05,2.19
2021-07-30,Madurai,9.9252,78.1198,0.07,28.97,64.0,2.12
2021-07-31,Madurai,9.9252,78.1198,0.08,29.39,61.82,2.55
2021-08-01,Madurai,9.9252,78.1198,0.01,29.45,58.76,2.74
2021-08-02,Madurai,9.9252,78.1198,0.14,29.29,57.07,2.56
2021-08-03,Madurai,9.9252,78.1198,0.1,28.41,60.82,2.68
2021-08-04,Madurai,9.9252,78.1198,0.09,29.37,56.32,3.5
2021-08-05,Madurai,9.9252,78.1198,0.63,29.21,61.57,2.7
2021-08-06,Madurai,9.9252,78.1198,0.99,28.52,67.8,2.11
2021-08-07,Madurai,9.9252,78.1198,1.91,29.03,64.41,2.58
2021-08-08,Madurai,9.9252,78.1198,1.74,28.65,64.52,1.72
2021-08-09,Madurai,9.9252,78.1198,21.53,27.48,67.64,2.37
2021-08-10,Madurai,9.9252,78.1198,0.9,27.69,66.66,2.38
2021-08-11,Madurai,9.9252,78.1198,3.4,28.01,67.47,1.88
2021-08-12,Madurai,9.9252,78.1198,0.48,26.4,71.27,1.99
2021-08-13,Madurai,9.9252,78.1198,1.28,27.94,66.58,1.65
2021-08-14,Madurai,9.9252,78.1198,1.03,28.27,65.94,2.24
2021-08-15,Madurai,9.9252,78.1198,0.64,28.74,61.42,2.44
2021-08-16,Madurai,9.9252,78.1198,0.28,28.84,61.02,2.07
2021-08-17,Madurai,9.9252,78.1198,7.02,27.18,68.11,1.86
2021-08-18,Madurai,9.9252,78.1198,1.93,25.99,70.38,2.77
2021-08-19,Madurai,9.9252,78.1198,1.14,28.22,61.44,2.75
2021-08-20,Madurai,9.9252,78.1198,0.8,27.24,65.14,1.4
2021-08-21,Madurai,9.9252,78.1198,7.6,26.56,74.77,0.89
2021-08-22,Madurai,9.9252,78.1198,9.47,26.89,75.9,0.97
2021-08-23,Madurai,9.9252,78.1198,13.55,27.71,71.23,1.13
2021-08-24,Madurai,9.9252,78.1198,1.07,28.46,68.32,1.64
2021-08-25,Madurai,9.9252,78.1198,6.76,28.69,67.45,1.98
2021-08-26,Madurai,9.9252,78.1198,5.07,28.67,71.62,1.99
2021-08-27,Madurai,9.9252,78.1198,2.33,27.62,77.55,1.77
2021-08-28,Madurai,9.9252,78.1198,1.34,26.8,76.03,2.02
2021-08-29,Madurai,9.9252,78.1198,0.97,27.35,72.67,2.45
2021-08-30,Madurai,9.9252,78.1198,0.12,27.52,68.42,2.58
2021-08-31,Madurai,9.9252,78.1198,7.14,28.47,69.12,1.53
2021-09-01,Madurai,9.9252,78.1198,4.9,28.12,70.51,1.04
2021-09-02,Madurai,9.9252,78.1198,17.4,26.49,77.21,1.53
2021-09-03,Madurai,9.9252,78.1198,2.67,26.4,77.25,1.38
2021-09-04,Madurai,9.9252,78.1198,5.39,27.35,74.36,1.85
2021-09-05,Madurai,9.9252,78.1198,5.18,27.84,70.54,2.62
2021-09-06,Madurai,9.9252,78.1198,1.13,26.53,67.72,3.22
2021-09-07,Madurai,9.9252,78.1198,0.58,26.99,71.98,2.61
2021-09-08,Madurai,9.9252,78.1198,0.59,27.35,73.04,2.11
2021-09-09,Madurai,9.9252,78.1198,0.06,28.42,67.92,1.13
2021-09-10,Madurai,9.9252,78.1198,0.01,28.55,66.82,2.06
2021-09-11,Madurai,9.9252,78.1198,0.61,28.7,67.15,2.14
2021-09-12,Madurai,9.9252,78.1198,0.69,27.51,72.61,2.56
2021-09-13,Madurai,9.9252,78.1198,0.46,27.62,71.98,2.5
2021-09-14,Madurai,9.9252,78.1198,0.09,28.46,70.75,1.65
2021-09-15,Madurai,9.9252,78.1198,20.9,27.98,75.42,1.42
2021-09-16,Madurai,9.9252,78.1198,7.62,27.61,76.62,1.1
2021-09-17,Madurai,9.9252,78.1198,15.17,27.87,75.12,0.95
2021-09-18,Madurai,9.9252,78.1198,9.85,27.85,76.32,0.56
2021-09-19,Madurai,9.9252,78.1198,2.29,27.38,77.76,1.48
2021-09-20,Madurai,9.9252,78.1198,3.79,27.95,72.93,0.68
2021-09-21,Madurai,9.9252,78.1198,0.02,28.25,69.77,1.33
2021-09-22,Madurai,9.9252,78.1198,0.84,28.92,64.68,1.46
2021-09-23,Madurai,9.9252,78.1198,6.94,28.62,72.38,1.25
2021-09-24,Madurai,9.9252,78.1198,36.47,27.99,74.29,1.44
2021-09-25,Madurai,9.9252,78.1198,13.63,27.27,80.79,1.46
2021-09-26,Madurai,9.9252,78.1198,0.55,26.79,77.49,1.29
2021-09-27,Madurai,9.9252,78.1198,1.72,26.31,77.69,2.63
2021-09-28,Madurai,9.9252,78.1198,0.27,25.6,73.19,2.49
2021-09-29,Madurai,9.9252,78.1198,0.26,27.0,69.04,1.61
2021-09-30,Madurai,9.9252,78.1198,32.7,27.24,71.74,0.96
2021-10-01,Madurai,9.9252,78.1198,14.26,26.18,82.82,0.81
2021-10-02,Madurai,9.9252,78.1198,8.49,25.87,86.88,1.1
2021-10-03,Madurai,9.9252,78.1198,12.05,26.69,83.69,1.02
2021-10-04,Madurai,9.9252,78.1198,5.77,26.72,83.49,0.9
2021-10-05,Madurai,9.9252,78.1198,9.25,26.14,86.27,1.02
2021-10-06,Madurai,9.9252,78.1198,2.54,26.14,85.02,1.2
2021-10-07,Madurai,9.9252,78.1198,0.14,26.72,80.63,1.77
2021-10-08,Madurai,9.9252,78.1198,9.14,26.87,83.7,2.16
2021-10-09,Madurai,9.9252,78.1198,1.92,26.61,83.91,1.73
2021-10-10,Madurai,9.9252,78.1198,0.47,27.33,79.48,1.14
2021-10-11,Madurai,9.9252,78.1198,11.29,26.4,80.53,1.49
2021-10-12,Madurai,9.9252,78.1198,1.68,25.7,80.83,1.5
2021-10-13,Madurai,9.9252,78.1198,0.35,26.65,77.17,1.49
2021-10-14,Madurai,9.9252,78.1198,1.18,27.41,79.34,1.63
2021-10-15,Madurai,9.9252,78.1198,0.59,27.12,81.39,1.88
2021-10-16,Madurai,9.9252,78.1198,8.69,26.38,88.32,2.4
2021-10-17,Madurai,9.9252,78.1198,4.02,26.65,84.89,2.29
2021-10-18,Madurai,9.9252,78.1198,2.41,27.11,80.46,1.44
2021-10-19,Madurai,9.9252,78.1198,0.24,26.83,80.83,1.1
2021-10-20,Madurai,9.9252,78.1198,18.45,26.16,86.9,0.93
2021-10-21,Madurai,9.9252,78.1198,9.56,26.34,85.5,0.59
2021-10-22,Madurai,9.9252,78.1198,6.27,26.05,87.44,0.94
2021-10-23,Madurai,9.9252,78.1198,9.4,26.04,85.84,1.32
2021-10-24,Madurai,9.9252,78.1198,10.54,26.24,78.43,0.81
2021-10-25,Madurai,9.9252,78.1198,13.19,25.83,82.3,1.22
2021-10-26,Madurai,9.9252,78.1198,2.04,25.81,84.49,1.17
2021-10-27,Madurai,9.9252,78.1198,3.51,25.58,86.05,1.41
2021-10-28,Madurai,9.9252,78.1198,7.98,25.17,86.42,1.3
2021-10-29,Madurai,9.9252,78.1198,11.61,24.23,89.46,2.24
2021-10-30,Madurai,9.9252,78.1198,12.18,24.32,89.44,2.5
2021-10-31,Madurai,9.9252,78.1198,7.56,24.66,90.85,2.01
2021-11-01,Madurai,9.9252,78.1198,9.72,24.6,90.21,1.93
2021-11-02,Madurai,9.9252,78.1198,18.35,24.93,90.92,2.72
2021-11-03,Madurai,9.9252,78.1198,12.85,24.62,92.2,1.71
2021-11-04,Madurai,9.9252,78.1198,7.45,24.79,88.31,0.7
2021-11-05,Madurai,9.9252,78.1198,8.82,24.6,89.69,1.06
2021-11-06,Madurai,9.9252,78.1198,21.72,25.13,84.52,0.95
2021-11-07,Madurai,9.9252,78.1198,9.62,25.16,85.56,0.97
2021-11-08,Madurai,9.9252,78.1198,9.05,24.66,88.16,1.12
2021-11-09,Madurai,9.9252,78.1198,9.53,23.14,90.61,1.85
2021-11-10,Madurai,9.9252,78.1198,3.65,23.25,89.26,2.13
2021-11-11,Madurai,9.9252,78.1198,2.12,24.61,85.76,1.7
2021-11-12,Madurai,9.9252,78.1198,6.61,25.66,86.28,1.74
2021-11-13,Madurai,9.9252,78.1198,1.99,25.66,86.83,1.78
2021-11-14,Madurai,9.9252,78.1198,3.15,25.06,89.99,1.72
2021-11-15,Madurai,9.9252,78.1198,5.2,26.03,85.55,0.74
2021-11-16,Madurai,9.9252,78.1198,5.01,25.82,88.04,0.73
2021-11-17,Madurai,9.9252,78.1198,33.21,24.98,91.98,1.19
2021-11-18,Madurai,9.9252,78.1198,6.4,25.04,88.62,1.77
2021-11-19,Madurai,9.9252,78.1198,4.16,25.32,87.28,2.55
2021-11-20,Madurai,9.9252,78.1198,0.72,25.99,86.36,1.9
2021-11-21,Madurai,9.9252,78.1198,0.07,25.17,83.38,1.01
2021-11-22,Madurai,9.9252,78.1198,3.12,24.86,88.77,1.74
2021-11-23,Madurai,9.9252,78.1198,7.76,24.49,92.61,1.73
2021-11-24,Madurai,9.9252,78.1198,2.49,24.26,92.07,1.66
2021-11-25,Madurai,9.9252,78.1198,50.88,24.01,92.74,1.98
2021-11-26,Madurai,9.9252,78.1198,7.48,24.67,93.93,2.04
2021-11-27,Madurai,9.9252,78.1198,7.1,23.65,92.74,2.62
2021-11-28,Madurai,9.9252,78.1198,8.91,24.44,92.48,2.55
2021-11-29,Madurai,9.9252,78.1198,33.95,24.28,92.36,2.34
2021-11-30,Madurai,9.9252,78.1198,20.72,23.92,94.73,1.67
2021-12-01,Madurai,9.9252,78.1198,3.84,25.03,89.86,1.45
2021-12-02,Madurai,9.9252,78.1198,0.79,24.99,90.61,1.95
2021-12-03,Madurai,9.9252,78.1198,3.85,23.99,85.25,1.27
2021-12-04,Madurai,9.9252,78.1198,7.09,25.05,79.05,0.61
2021-12-05,Madurai,9.9252,78.1198,4.73,25.93,86.52,0.99
2021-12-06,Madurai,9.9252,78.1198,1.29,26.04,85.0,1.31
2021-12-07,Madurai,9.9252,78.1198,0.18,25.0,89.2,1.6
2021-12-08,Madurai,9.9252,78.1198,0.19,24.58,90.19,1.79
2021-12-09,Madurai,9.9252,78.1198,5.19,23.76,94.08,1.88
2021-12-10,Madurai,9.9252,78.1198,0.73,23.65,89.52,2.17
2021-12-11,Madurai,9.9252,78.1198,4.0,24.26,90.8,2.37
2021-12-12,Madurai,9.9252,78.1198,3.48,24.27,90.27,2.76
2021-12-13,Madurai,9.9252,78.1198,1.14,24.05,90.38,2.42
2021-12-14,Madurai,9.9252,78.1198,1.4,24.18,90.88,2.55
2021-12-15,Madurai,9.9252,78.1198,0.8,24.06,91.02,2.49
2021-12-16,Madurai,9.9252,78.1198,0.1,23.57,87.81,3.08
2021-12-17,Madurai,9.9252,78.1198,0.02,22.96,86.22,2.43
2021-12-18,Madurai,9.9252,78.1198,0.0,22.62,86.6,2.64
2021-12-19,Madurai,9.9252,78.1198,0.0,21.77,85.76,2.34
2021-12-20,Madurai,9.9252,78.1198,0.0,21.92,85.6,2.22
2021-12-21,Madurai,9.9252,78.1198,0.0,21.99,83.38,1.69
2021-12-22,Madurai,9.9252,78.1198,0.0,21.76,84.32,1.48
2021-12-23,Madurai,9.9252,78.1198,0.0,20.94,83.06,1.52
2021-12-24,Madurai,9.9252,78.1198,0.0,20.96,83.18,1.59
2021-12-25,Madurai,9.9252,78.1198,0.0,21.31,85.71,1.61
2021-12-26,Madurai,9.9252,78.1198,0.0,21.73,86.31,1.58
2021-12-27,Madurai,9.9252,78.1198,0.0,22.15,86.07,1.78
2021-12-28,Madurai,9.9252,78.1198,0.0,22.18,85.84,1.86
2021-12-29,Madurai,9.9252,78.1198,0.0,22.23,84.07,1.72
2021-12-30,Madurai,9.9252,78.1198,4.71,22.76,88.15,2.22
2021-12-31,Madurai,9.9252,78.1198,5.25,24.39,89.96,2.9
2022-01-01,Madurai,9.9252,78.1198,14.33,24.64,90.06,3.2
2022-01-02,Madurai,9.9252,78.1198,5.43,23.98,89.28,3.24
2022-01-03,Madurai,9.9252,78.1198,0.09,23.17,86.7,2.45
2022-01-04,Madurai,9.9252,78.1198,0.04,23.02,86.9,2.41
2022-01-05,Madurai,9.9252,78.1198,0.0,22.16,85.02,1.9
2022-01-06,Madurai,9.9252,78.1198,0.0,23.28,88.16,1.95
2022-01-07,Madurai,9.9252,78.1198,0.02,23.68,88.09,1.89
2022-01-08,Madurai,9.9252,78.1198,0.01,23.43,87.29,2.12
2022-01-09,Madurai,9.9252,78.1198,0.0,23.02,86.26,1.78
2022-01-10,Madurai,9.9252,78.1198,0.0,23.6,85.67,1.54
2022-01-11,Madurai,9.9252,78.1198,0.0,23.93,85.99,1.51
2022-01-12,Madurai,9.9252,78.1198,0.0,24.28,84.43,1.25
2022-01-13,Madurai,9.9252,78.1198,0.0,24.93,84.51,1.15
2022-01-14,Madurai,9.9252,78.1198,0.0,25.29,83.4,1.31
2022-01-15,Madurai,9.9252,78.1198,0.02,25.15,83.46,1.63
2022-01-16,Madurai,9.9252,78.1198,0.09,24.69,84.6,2.14
2022-01-17,Madurai,9.9252,78.1198,0.06,24.23,84.59,2.45
2022-01-18,Madurai,9.9252,78.1198,0.02,23.5,82.83,2.56
2022-01-19,Madurai,9.9252,78.1198,0.0,23.21,81.94,1.91
2022-01-20,Madurai,9.9252,78.1198,0.0,22.92,76.77,1.51
2022-01-21,Madurai,9.9252,78.1198,0.0,23.94,74.96,0.95
2022-01-22,Madurai,9.9252,78.1198,0.0,25.6,73.47,1.15
2022-01-23,Madurai,9.9252,78.1198,0.0,25.94,77.17,0.77
2022-01-24,Madurai,9.9252,78.1198,0.0,25.6,79.41,1.21
2022-01-25,Madurai,9.9252,78.1198,0.01,25.43,79.68,1.71
2022-01-26,Madurai,9.9252,78.1198,0.31,24.37,79.81,2.11
2022-01-27,Madurai,9.9252,78.1198,0.1,24.57,75.54,2.07
2022-01-28,Madurai,9.9252,78.1198,0.02,24.09,78.48,2.82
2022-01-29,Madurai,9.9252,78.1198,0.01,24.77,80.2,3.21
2022-01-30,Madurai,9.9252,78.1198,0.01,25.43,78.29,2.34
2022-01-31,Madurai,9.9252,78.1198,0.0,25.37,78.86,1.92
2022-02-01,Madurai,9.9252,78.1198,0.01,25.34,78.13,1.89
2022-02-02,Madurai,9.9252,78.1198,0.0,23.71,73.77,1.83
2022-02-03,Madurai,9.9252,78.1198,0.0,23.48,69.67,1.13
2022-02-04,Madurai,9.9252,78.1198,0.0,25.37,69.64,1.03
2022-02-05,Madurai,9.9252,78.1198,0.0,26.02,74.4,1.74
2022-02-06,Madurai,9.9252,78.1198,0.0,25.61,74.61,1.92
2022-02-07,Madurai,9.9252,78.1198,0.0,25.24,73.27,2.03
2022-02-08,Madurai,9.9252,78.1198,0.0,24.13,71.87,2.29
2022-02-09,Madurai,9.9252,78.1198,0.0,23.54,69.7,2.36
2022-02-10,Madurai,9.9252,78.1198,0.03,24.56,65.86,2.45
2022-02-11,Madurai,9.9252,78.1198,0.72,25.14,79.58,2.94
2022-02-12,Madurai,9.9252,78.1198,3.88,24.63,80.35,2.87
2022-02-13,Madurai,9.9252,78.1198,0.73,24.58,76.59,2.71
2022-02-14,Madurai,9.9252,78.1198,0.38,25.07,73.53,2.53
2022-02-15,Madurai,9.9252,78.1198,0.3,24.71,70.1,2.5
2022-02-16,Madurai,9.9252,78.1198,0.0,25.03,64.81,2.24
2022-02-17,Madurai,9.9252,78.1198,0.0,25.51,62.77,2.16
2022-02-18,Madurai,9.9252,78.1198,0.0,25.92,68.95,2.3
2022-02-19,Madurai,9.9252,78.1198,0.0,26.14,69.33,2.51
2022-02-20,Madurai,9.9252,78.1198,0.0,27.07,67.26,1.74
2022-02-21,Madurai,9.9252,78.1198,0.0,28.14,65.65,1.14
2022-02-22,Madurai,9.9252,78.1198,0.02,28.03,61.87,1.85
2022-02-23,Madurai,9.9252,78.1198,0.34,26.51,65.33,2.61
2022-02-24,Madurai,9.9252,78.1198,0.54,25.56,66.93,2.37
2022-02-25,Madurai,9.9252,78.1198,0.0,26.01,61.2,2.47
2022-02-26,Madurai,9.9252,78.1198,0.47,26.19,68.14,2.38
2022-02-27,Madurai,9.9252,78.1198,0.9,26.78,67.53,2.98
2022-02-28,Madurai,9.9252,78.1198,0.02,26.16,63.8,2.28
2022-03-01,Madurai,9.9252,78.1198,0.0,26.36,58.66,2.56
2022-03-02,Madurai,9.9252,78.1198,0.0,25.59,59.12,2.7
2022-03-03,Madurai,9.9252,78.1198,0.0,25.65,63.75,2.85
2022-03-04,Madurai,9.9252,78.1198,0.17,26.82,60.03,3.23
2022-03-05,Madurai,9.9252,78.1198,0.0,27.67,60.81,2.86
2022-03-06,Madurai,9.9252,78.1198,0.3,27.54,62.53,2.89
2022-03-07,Madurai,9.9252,78.1198,1.62,27.22,65.0,2.84
2022-03-08,Madurai,9.9252,78.1198,4.82,27.38,68.03,2.28
2022-03-09,Madurai,9.9252,78.1198,0.0,27.62,62.37,2.0
2022-03-10,Madurai,9.9252,78.1198,0.0,27.08,58.89,2.07
2022-03-11,Madurai,9.9252,78.1198,0.0,27.11,60.41,2.37
2022-03-12,Madurai,9.9252,78.1198,0.0,26.87,55.74,2.42
2022-03-13,Madurai,9.9252,78.1198,0.0,27.07,57.65,2.61
2022-03-14,Madurai,9.9252,78.1198,0.0,27.87,54.66,2.33
2022-03-15,Madurai,9.9252,78.1198,0.0,26.91,53.73,1.36
2022-03-16,Madurai,9.9252,78.1198,0.22,29.01,51.01,1.74
2022-03-17,Madurai,9.9252,78.1198,0.33,29.29,51.57,2.03
2022-03-18,Madurai,9.9252,78.1198,0.11,29.77,48.84,1.7
2022-03-19,Madurai,9.9252,78.1198,0.32,30.19,50.99,1.37
2022-03-20,Madurai,9.9252,78.1198,0.98,31.44,49.94,1.03
2022-03-21,Madurai,9.9252,78.1198,0.6,31.74,50.38,1.23
2022-03-22,Madurai,9.9252,78.1198,0.9,30.14,56.3,1.46
2022-03-23,Madurai,9.9252,78.1198,12.74,29.61,65.29,1.32
2022-03-24,Madurai,9.9252,78.1198,0.65,29.3,68.01,1.35
2022-03-25,Madurai,9.9252,78.1198,2.22,28.7,68.4,1.24
2022-03-26,Madurai,9.9252,78.1198,1.28,29.04,67.46,1.59
2022-03-27,Madurai,9.9252,78.1198,0.38,29.69,64.44,1.6
2022-03-28,Madurai,9.9252,78.1198,0.25,29.78,64.17,1.94
2022-03-29,Madurai,9.9252,78.1198,0.23,30.4,60.84,2.11
2022-03-30,Madurai,9.9252,78.1198,0.96,30.18,61.83,2.26
2022-03-31,Madurai,9.9252,78.1198,0.06,30.35,59.54,2.15
2022-04-01,Madurai,9.9252,78.1198,0.29,30.28,58.69,2.54
2022-04-02,Madurai,9.9252,78.1198,0.37,30.25,60.44,1.83
2022-04-03,Madurai,9.9252,78.1198,2.28,29.65,64.33,1.92
2022-04-04,Madurai,9.9252,78.1198,0.46,29.86,62.75,2.01
2022-04-05,Madurai,9.9252,78.1198,0.88,29.94,60.55,1.97
2022-04-06,Madurai,9.9252,78.1198,3.02,28.32,66.37,1.69
2022-04-07,Madurai,9.9252,78.1198,0.34,29.85,62.11,1.83
2022-04-08,Madurai,9.9252,78.1198,14.57,28.77,70.07,1.47
2022-04-09,Madurai,9.9252,78.1198,6.3,27.95,73.77,1.49
2022-04-10,Madurai,9.9252,78.1198,13.39,28.62,68.99,1.56
2022-04-11,Madurai,9.9252,78.1198,20.72,27.9,75.69,1.58
2022-04-12,Madurai,9.9252,78.1198,13.59,27.38,75.53,1.18
2022-04-13,Madurai,9.9252,78.1198,14.1,26.88,79.66,1.77
2022-04-14,Madurai,9.9252,78.1198,1.57,27.3,71.31,1.81
2022-04-15,Madurai,9.9252,78.1198,0.78,29.27,67.47,1.73
2022-04-16,Madurai,9.9252,78.1198,0.77,29.74,69.09,1.68
2022-04-17,Madurai,9.9252,78.1198,2.69,29.34,71.54,1.16
2022-04-18,Madurai,9.9252,78.1198,6.98,29.22,72.23,1.31
2022-04-19,Madurai,9.9252,78.1198,1.12,29.24,66.1,1.45
2022-04-20,Madurai,9.9252,78.1198,0.0,29.84,65.63,1.81
2022-04-21,Madurai,9.9252,78.1198,0.03,28.53,76.55,1.72
2022-04-22,Madurai,9.9252,78.1198,4.29,28.05,77.26,1.84
2022-04-23,Madurai,9.9252,78.1198,14.03,27.47,75.64,1.1
2022-04-24,Madurai,9.9252,78.1198,0.44,29.01,68.51,1.59
2022-04-25,Madurai,9.9252,78.1198,0.0,28.88,70.86,1.69
2022-04-26,Madurai,9.9252,78.1198,0.0,29.28,67.71,1.68
2022-04-27,Madurai,9.9252,78.1198,0.0,29.27,67.96,1.77
2022-04-28,Madurai,9.9252,78.1198,0.05,29.28,68.53,2.0
2022-04-29,Madurai,9.9252,78.1198,0.05,29.97,68.2,1.68
2022-04-30,Madurai,9.9252,78.1198,0.01,30.42,66.14,1.5
2022-05-01,Madurai,9.9252,78.1198,1.16,30.71,63.77,1.3
2022-05-02,Madurai,9.9252,78.1198,0.49,31.2,62.7,1.52
2022-05-03,Madurai,9.9252,78.1198,1.28,30.23,69.82,1.13
2022-05-04,Madurai,9.9252,78.1198,3.41,29.62,70.55,1.23
2022-05-05,Madurai,9.9252,78.1198,1.07,29.9,68.03,1.54
2022-05-06,Madurai,9.9252,78.1198,0.24,29.06,57.97,1.63
2022-05-07,Madurai,9.9252,78.1198,0.45,30.82,55.94,1.31
2022-05-08,Madurai,9.9252,78.1198,0.36,31.44,59.23,1.38
2022-05-09,Madurai,9.9252,78.1198,0.96,29.86,67.19,2.09
2022-05-10,Madurai,9.9252,78.1198,0.46,28.92,66.65,2.92
2022-05-11,Madurai,9.9252,78.1198,0.29,29.98,60.66,3.62
2022-05-12,Madurai,9.9252,78.1198,0.37,29.83,61.81,2.67
2022-05-13,Madurai,9.9252,78.1198,0.33,29.93,62.27,2.62
2022-05-14,Madurai,9.9252,78.1198,8.05,28.55,70.43,2.25
2022-05-15,Madurai,9.9252,78.1198,5.02,28.06,75.8,1.89
2022-05-16,Madurai,9.9252,78.1198,20.06,27.21,81.58,1.68
2022-05-17,Madurai,9.9252,78.1198,6.26,28.57,73.68,1.77
2022-05-18,Madurai,9.9252,78.1198,1.54,29.25,70.56,2.6
2022-05-19,Madurai,9.9252,78.1198,1.99,28.57,71.42,2.79
2022-05-20,Madurai,9.9252,78.1198,0.64,28.84,66.52,2.9
2022-05-21,Madurai,9.9252,78.1198,0.24,29.3,67.58,2.5
2022-05-22,Madurai,9.9252,78.1198,0.14,29.33,62.96,3.01
2022-05-23,Madurai,9.9252,78.1198,0.7,29.93,66.21,1.97
2022-05-24,Madurai,9.9252,78.1198,3.78,30.38,65.5,1.56
2022-05-25,Madurai,9.9252,78.1198,1.7,29.85,69.64,0.99
2022-05-26,Madurai,9.9252,78.1198,5.12,29.02,67.77,1.74
2022-05-27,Madurai,9.9252,78.1198,3.07,29.14,63.36,1.35
2022-05-28,Madurai,9.9252,78.1198,11.52,29.32,68.3,1.51
2022-05-29,Madurai,9.9252,78.1198,12.19,27.62,75.0,1.58
2022-05-30,Madurai,9.9252,78.1198,2.96,28.74,68.36,1.72
2022-05-31,Madurai,9.9252,78.1198,1.42,29.23,64.22,2.29
2022-06-01,Madurai,9.9252,78.1198,3.73,27.73,71.99,2.31
2022-06-02,Madurai,9.9252,78.1198,1.33,28.85,69.02,1.83
2022-06-03,Madurai,9.9252,78.1198,0.01,28.78,66.03,1.35
2022-06-04,Madurai,9.9252,78.1198,0.04,28.8,67.16,1.62
2022-06-05,Madurai,9.9252,78.1198,6.79,29.95,65.22,1.21
2022-06-06,Madurai,9.9252,78.1198,10.15,28.43,75.2,1.26
2022-06-07,Madurai,9.9252,78.1198,4.49,27.76,77.4,1.24
2022-06-08,Madurai,9.9252,78.1198,0.06,28.54,69.92,1.65
2022-06-09,Madurai,9.9252,78.1198,0.01,28.76,66.78,1.44
2022-06-10,Madurai,9.9252,78.1198,0.52,28.49,68.54,1.85
2022-06-11,Madurai,9.9252,78.1198,1.66,28.69,65.67,2.02
2022-06-12,Madurai,9.9252,78.1198,6.27,26.73,69.96,2.18
2022-06-13,Madurai,9.9252,78.1198,2.44,28.64,64.95,1.01
2022-06-14,Madurai,9.9252,78.1198,2.74,29.17,66.93,1.71
2022-06-15,Madurai,9.9252,78.1198,14.14,27.5,75.89,1.6
2022-06-16,Madurai,9.9252,78.1198,12.03,26.14,80.01,1.45
2022-06-17,Madurai,9.9252,78.1198,14.59,25.99,80.69,0.89
2022-06-18,Madurai,9.9252,78.1198,2.9,27.03,77.47,0.84
2022-06-19,Madurai,9.9252,78.1198,1.76,27.07,78.43,1.05
2022-06-20,Madurai,9.9252,78.1198,0.3,28.21,70.3,1.24
2022-06-21,Madurai,9.9252,78.1198,0.19,28.05,69.0,1.82
2022-06-22,Madurai,9.9252,78.1198,0.33,28.07,68.13,1.06
2022-06-23,Madurai,9.9252,78.1198,0.95,28.04,70.48,1.11
2022-06-24,Madurai,9.9252,78.1198,0.59,27.17,70.67,2.21
2022-06-25,Madurai,9.9252,78.1198,0.32,27.31,68.88,2.75
2022-06-26,Madurai,9.9252,78.1198,0.05,27.68,63.01,2.54
2022-06-27,Madurai,9.9252,78.1198,0.14,28.56,66.02,2.26
2022-06-28,Madurai,9.9252,78.1198,0.46,28.01,67.36,2.39
2022-06-29,Madurai,9.9252,78.1198,0.34,28.44,65.82,2.78
2022-06-30,Madurai,9.9252,78.1198,3.5,27.24,71.61,2.73
2022-07-01,Madurai,9.9252,78.1198,0.74,28.1,68.47,2.42
2022-07-02,Madurai,9.9252,78.1198,1.08,27.44,69.46,2.49
2022-07-03,Madurai,9.9252,78.1198,1.97,27.31,71.81,2.78
2022-07-04,Madurai,9.9252,78.1198,0.49,27.43,65.78,3.56
2022-07-05,Madurai,9.9252,78.1198,0.89,27.44,62.95,4.15
2022-07-06,Madurai,9.9252,78.1198,0.73,27.61,64.27,3.17
2022-07-07,Madurai,9.9252,78.1198,1.48,26.96,66.64,2.88
2022-07-08,Madurai,9.9252,78.1198,1.23,27.47,64.33,3.33
2022-07-09,Madurai,9.9252,78.1198,0.52,26.8,66.33,3.54
2022-07-10,Madurai,9.9252,78.1198,0.71,27.09,62.27,3.82
2022-07-11,Madurai,9.9252,78.1198,1.08,27.42,60.85,4.16
2022-07-12,Madurai,9.9252,78.1198,0.42,27.07,64.37,3.71
2022-07-13,Madurai,9.9252,78.1198,1.88,27.92,64.74,4.14
2022-07-14,Madurai,9.9252,78.1198,1.04,28.08,62.27,4.5
2022-07-15,Madurai,9.9252,78.1198,0.58,27.4,67.29,3.23
2022-07-16,Madurai,9.9252,78.1198,0.58,27.57,70.36,2.16
2022-07-17,Madurai,9.9252,78.1198,15.27,27.56,73.34,1.87
2022-07-18,Madurai,9.9252,78.1198,6.77,27.25,71.08,1.84
2022-07-19,Madurai,9.9252,78.1198,7.99,28.45,68.63,1.11
2022-07-20,Madurai,9.9252,78.1198,1.79,27.37,77.22,1.38
2022-07-21,Madurai,9.9252,78.1198,9.06,27.86,72.52,1.89
2022-07-22,Madurai,9.9252,78.1198,14.32,26.88,78.71,1.68
2022-07-23,Madurai,9.9252,78.1198,4.9,27.32,72.62,1.98
2022-07-24,Madurai,9.9252,78.1198,13.66,26.98,69.84,2.16
2022-07-25,Madurai,9.9252,78.1198,8.36,28.04,70.45,2.13
2022-07-26,Madurai,9.9252,78.1198,5.03,26.12,79.77,1.4
2022-07-27,Madurai,9.9252,78.1198,32.99,26.0,83.93,1.03
2022-07-28,Madurai,9.9252,78.1198,4.69,26.94,78.06,0.98
2022-07-29,Madurai,9.9252,78.1198,14.17,27.41,75.24,1.29
2022-07-30,Madurai,9.9252,78.1198,15.29,27.31,76.0,1.18
2022-07-31,Madurai,9.9252,78.1198,24.38,26.83,81.91,1.48
2022-08-01,Madurai,9.9252,78.1198,22.45,26.11,85.78,2.03
2022-08-02,Madurai,9.9252,78.1198,5.32,26.23,81.93,1.49
2022-08-03,Madurai,9.9252,78.1198,2.24,25.61,87.71,0.74
2022-08-04,Madurai,9.9252,78.1198,8.89,25.54,84.64,2.74
2022-08-05,Madurai,9.9252,78.1198,1.09,26.09,76.83,3.19
2022-08-06,Madurai,9.9252,78.1198,2.22,26.09,78.38,2.31
2022-08-07,Madurai,9.9252,78.1198,1.14,25.96,77.51,3.06
2022-08-08,Madurai,9.9252,78.1198,1.47,26.12,78.48,3.19
2022-08-09,Madurai,9.9252,78.1198,0.61,26.26,76.97,3.15
2022-08-10,Madurai,9.9252,78.1198,0.1,26.18,75.85,2.7
2022-08-11,Madurai,9.9252,78.1198,0.11,26.81,72.89,2.78
2022-08-12,Madurai,9.9252,78.1198,0.06,27.19,73.15,2.21
2022-08-13,Madurai,9.9252,78.1198,0.0,26.67,73.95,2.08
2022-08-14,Madurai,9.9252,78.1198,0.0,27.51,68.79,2.06
2022-08-15,Madurai,9.9252,78.1198,0.0,28.17,68.37,1.67
2022-08-16,Madurai,9.9252,78.1198,0.03,28.08,74.99,1.32
2022-08-17,Madurai,9.9252,78.1198,0.21,27.92,78.3,0.97
2022-08-18,Madurai,9.9252,78.1198,13.01,27.79,76.02,1.64
2022-08-19,Madurai,9.9252,78.1198,3.89,27.64,77.2,1.73
2022-08-20,Madurai,9.9252,78.1198,0.57,27.78,74.44,1.72
2022-08-21,Madurai,9.9252,78.1198,2.07,27.67,72.35,2.07
2022-08-22,Madurai,9.9252,78.1198,3.47,27.31,74.38,2.54
2022-08-23,Madurai,9.9252,78.1198,1.13,27.04,74.26,2.31
2022-08-24,Madurai,9.9252,78.1198,0.85,26.23,78.44,1.59
2022-08-25,Madurai,9.9252,78.1198,1.8,25.39,81.28,2.08
2022-08-26,Madurai,9.9252,78.1198,18.86,25.46,82.91,1.7
2022-08-27,Madurai,9.9252,78.1198,12.0,24.39,84.69,2.14
2022-08-28,Madurai,9.9252,78.1198,5.11,25.77,79.56,1.62
2022-08-29,Madurai,9.9252,78.1198,3.66,26.8,79.58,1.13
2022-08-30,Madurai,9.9252,78.1198,30.01,26.52,82.61,1.34
2022-08-31,Madurai,9.9252,78.1198,12.13,25.23,87.0,0.96
2022-09-01,Madurai,9.9252,78.1198,4.5,25.84,82.86,0.94
2022-09-02,Madurai,9.9252,78.1198,4.19,26.17,82.16,2.12
2022-09-03,Madurai,9.9252,78.1198,0.9,26.89,80.19,1.56
2022-09-04,Madurai,9.9252,78.1198,13.88,27.13,83.12,1.0
2022-09-05,Madurai,9.9252,78.1198,12.71,27.25,81.9,1.46
2022-09-06,Madurai,9.9252,78.1198,6.14,26.71,77.56,1.56
2022-09-07,Madurai,9.9252,78.1198,8.89,26.05,82.97,1.6
2022-09-08,Madurai,9.9252,78.1198,0.38,25.74,81.1,1.72
2022-09-09,Madurai,9.9252,78.1198,0.75,25.52,83.79,2.08
2022-09-10,Madurai,9.9252,78.1198,0.49,26.5,79.65,2.19
2022-09-11,Madurai,9.9252,78.1198,0.34,26.37,80.65,2.25
2022-09-12,Madurai,9.9252,78.1198,0.18,26.76,78.13,2.17
2022-09-13,Madurai,9.9252,78.1198,0.77,27.13,76.67,1.19
2022-09-14,Madurai,9.9252,78.1198,3.67,27.5,74.21,0.94
2022-09-15,Madurai,9.9252,78.1198,0.77,28.04,72.87,0.65
2022-09-16,Madurai,9.9252,78.1198,0.26,27.69,71.88,0.92
2022-09-17,Madurai,9.9252,78.1198,0.21,28.05,74.25,0.86
2022-09-18,Madurai,9.9252,78.1198,5.1,27.22,76.51,1.43
2022-09-19,Madurai,9.9252,78.1198,0.45,26.79,78.18,1.51
2022-09-20,Madurai,9.9252,78.1198,0.0,27.06,74.63,1.63
2022-09-21,Madurai,9.9252,78.1198,0.0,27.45,71.74,1.58
2022-09-22,Madurai,9.9252,78.1198,0.0,27.54,71.14,1.56
2022-09-23,Madurai,9.9252,78.1198,0.0,27.24,70.13,1.7
2022-09-24,Madurai,9.9252,78.1198,0.09,27.24,70.14,1.82
2022-09-25,Madurai,9.9252,78.1198,8.24,27.89,69.71,1.43
2022-09-26,Madurai,9.9252,78.1198,4.58,27.75,73.14,1.02
2022-09-27,Madurai,9.9252,78.1198,0.95,28.1,71.44,1.42
2022-09-28,Madurai,9.9252,78.1198,2.53,27.92,71.48,1.31
2022-09-29,Madurai,9.9252,78.1198,1.31,26.81,73.26,1.32
2022-09-30,Madurai,9.9252,78.1198,0.42,26.6,74.35,1.95
2022-10-01,Madurai,9.9252,78.1198,0.08,25.94,70.81,2.5
2022-10-02,Madurai,9.9252,78.1198,2.45,27.14,67.77,2.12
2022-10-03,Madurai,9.9252,78.1198,0.84,27.1,70.9,2.48
2022-10-04,Madurai,9.9252,78.1198,0.55,27.15,74.02,2.17
2022-10-05,Madurai,9.9252,78.1198,0.28,27.05,72.61,1.76
2022-10-06,Madurai,9.9252,78.1198,0.0,26.48,68.49,1.85
2022-10-07,Madurai,9.9252,78.1198,0.07,27.27,68.02,1.09
2022-10-08,Madurai,9.9252,78.1198,5.38,27.34,65.64,1.57
2022-10-09,Madurai,9.9252,78.1198,30.37,25.78,80.82,1.37
2022-10-10,Madurai,9.9252,78.1198,20.58,26.37,82.61,1.29
2022-10-11,Madurai,9.9252,78.1198,14.18,26.69,80.91,1.49
2022-10-12,Madurai,9.9252,78.1198,8.76,26.35,82.86,1.02
2022-10-13,Madurai,9.9252,78.1198,7.52,26.5,83.55,1.11
2022-10-14,Madurai,9.9252,78.1198,13.79,26.77,82.31,0.99
2022-10-15,Madurai,9.9252,78.1198,19.89,25.04,85.8,1.28
2022-10-16,Madurai,9.9252,78.1198,8.57,26.23,83.33,1.45
2022-10-17,Madurai,9.9252,78.1198,4.36,26.07,85.94,1.74
2022-10-18,Madurai,9.9252,78.1198,8.34,26.3,84.06,1.12
2022-10-19,Madurai,9.9252,78.1198,8.84,25.83,83.02,0.94
2022-10-20,Madurai,9.9252,78.1198,15.83,26.22,83.78,0.69
2022-10-21,Madurai,9.9252,78.1198,26.14,25.26,86.88,0.9
2022-10-22,Madurai,9.9252,78.1198,0.69,25.73,83.66,1.26
2022-10-23,Madurai,9.9252,78.1198,1.68,25.91,79.2,0.8
2022-10-24,Madurai,9.9252,78.1198,1.81,25.45,86.01,0.96
2022-10-25,Madurai,9.9252,78.1198,0.3,26.39,82.33,1.02
2022-10-26,Madurai,9.9252,78.1198,4.17,25.58,81.87,1.28
2022-10-27,Madurai,9.9252,78.1198,0.32,24.54,79.09,1.63
2022-10-28,Madurai,9.9252,78.1198,0.16,24.94,82.33,1.6
2022-10-29,Madurai,9.9252,78.1198,2.24,25.0,86.58,1.87
2022-10-30,Madurai,9.9252,78.1198,3.33,24.94,88.59,1.77
2022-10-31,Madurai,9.9252,78.1198,1.02,24.8,87.21,1.66
2022-11-01,Madurai,9.9252,78.1198,3.61,23.68,92.35,1.55
2022-11-02,Madurai,9.9252,78.1198,12.93,24.46,87.74,1.27
2022-11-03,Madurai,9.9252,78.1198,28.44,23.82,93.65,2.16
2022-11-04,Madurai,9.9252,78.1198,9.09,24.03,90.55,1.76
2022-11-05,Madurai,9.9252,78.1198,3.79,24.1,88.31,1.81
2022-11-06,Madurai,9.9252,78.1198,5.65,24.51,89.35,1.99
2022-11-07,Madurai,9.9252,78.1198,0.84,24.88,87.29,1.88
2022-11-08,Madurai,9.9252,78.1198,1.15,24.63,88.45,1.98
2022-11-09,Madurai,9.9252,78.1198,0.51,24.63,88.48,1.82
2022-11-10,Madurai,9.9252,78.1198,2.16,24.9,86.05,1.86
2022-11-11,Madurai,9.9252,78.1198,33.6,23.07,91.42,2.78
2022-11-12,Madurai,9.9252,78.1198,24.25,23.68,92.42,3.03
2022-11-13,Madurai,9.9252,78.1198,8.92,24.31,92.48,2.03
2022-11-14,Madurai,9.9252,78.1198,10.11,24.16,89.02,1.49
2022-11-15,Madurai,9.9252,78.1198,1.36,24.0,90.8,1.42
2022-11-16,Madurai,9.9252,78.1198,0.98,24.69,87.37,1.59
2022-11-17,Madurai,9.9252,78.1198,0.11,23.52,82.38,1.87
2022-11-18,Madurai,9.9252,78.1198,0.01,22.02,79.59,1.96
2022-11-19,Madurai,9.9252,78.1198,0.0,21.96,80.92,2.04
2022-11-20,Madurai,9.9252,78.1198,0.0,21.66,77.57,1.63
2022-11-21,Madurai,9.9252,78.1198,0.0,23.38,75.92,1.23
2022-11-22,Madurai,9.9252,78.1198,0.0,24.79,73.12,0.74
2022-11-23,Madurai,9.9252,78.1198,0.0,25.55,77.38,0.76
2022-11-24,Madurai,9.9252,78.1198,0.0,25.11,84.28,1.32
2022-11-25,Madurai,9.9252,78.1198,0.0,24.7,86.73,1.33
2022-11-26,Madurai,9.9252,78.1198,0.24,24.83,86.28,1.13
2022-11-27,Madurai,9.9252,78.1198,2.73,25.18,87.2,1.26
2022-11-28,Madurai,9.9252,78.1198,4.22,25.31,85.42,0.92
2022-11-29,Madurai,9.9252,78.1198,9.25,24.48,88.75,1.85
2022-11-30,Madurai,9.9252,78.1198,0.11,23.24,83.16,1.75
2022-12-01,Madurai,9.9252,78.1198,3.1,23.84,89.8,1.78
2022-12-02,Madurai,9.9252,78.1198,1.58,24.67,88.86,1.61
2022-12-03,Madurai,9.9252,78.1198,1.92,24.35,90.85,1.94
2022-12-04,Madurai,9.9252,78.1198,12.76,24.45,90.07,1.75
2022-12-05,Madurai,9.9252,78.1198,0.93,24.22,90.45,2.09
2022-12-06,Madurai,9.9252,78.1198,0.0,23.91,85.34,1.73
2022-12-07,Madurai,9.9252,78.1198,0.0,22.62,83.32,1.56
2022-12-08,Madurai,9.9252,78.1198,3.24,22.13,75.44,1.86
2022-12-09,Madurai,9.9252,78.1198,33.72,21.28,86.64,2.38
2022-12-10,Madurai,9.9252,78.1198,4.56,23.95,82.6,2.21
2022-12-11,Madurai,9.9252,78.1198,1.75,25.07,85.42,1.27
2022-12-12,Madurai,9.9252,78.1198,5.86,24.84,86.73,1.32
2022-12-13,Madurai,9.9252,78.1198,2.77,24.48,84.95,1.11
2022-12-14,Madurai,9.9252,78.1198,6.53,24.06,89.17,1.6
2022-12-15,Madurai,9.9252,78.1198,0.12,23.58,86.21,1.78
2022-12-16,Madurai,9.9252,78.1198,0.0,23.01,85.02,1.66
2022-12-17,Madurai,9.9252,78.1198,0.0,23.45,86.81,2.21
2022-12-18,Madurai,9.9252,78.1198,0.0,23.45,87.1,2.56
2022-12-19,Madurai,9.9252,78.1198,0.15,22.86,85.59,2.12
2022-12-20,Madurai,9.9252,78.1198,0.06,23.21,88.38,2.02
2022-12-21,Madurai,9.9252,78.1198,15.24,23.71,86.67,2.22
2022-12-22,Madurai,9.9252,78.1198,2.01,23.17,84.25,2.22
2022-12-23,Madurai,9.9252,78.1198,0.0,23.94,82.36,2.06
2022-12-24,Madurai,9.9252,78.1198,0.0,24.66,84.38,2.06
2022-12-25,Madurai,9.9252,78.1198,6.58,24.66,87.87,2.51
2022-12-26,Madurai,9.9252,78.1198,9.14,24.88,89.37,3.08
2022-12-27,Madurai,9.9252,78.1198,6.2,24.57,89.38,2.1
2022-12-28,Madurai,9.9252,78.1198,0.71,24.27,87.56,1.94
2022-12-29,Madurai,9.9252,78.1198,0.03,23.91,86.85,1.89
2022-12-30,Madurai,9.9252,78.1198,0.0,23.24,84.58,1.69
2022-12-31,Madurai,9.9252,78.1198,0.0,23.14,82.22,1.45
2023-01-01,Madurai,9.9252,78.1198,0.0,22.79,81.28,1.61
2023-01-02,Madurai,9.9252,78.1198,0.0,22.33,82.18,1.84
2023-01-03,Madurai,9.9252,78.1198,0.0,22.59,83.28,2.1
2023-01-04,Madurai,9.9252,78.1198,0.0,22.76,81.98,2.1
2023-01-05,Madurai,9.9252,78.1198,0.0,22.97,81.64,2.19
2023-01-06,Madurai,9.9252,78.1198,0.03,23.3,79.73,2.98
2023-01-07,Madurai,9.9252,78.1198,0.01,23.14,81.34,2.66
2023-01-08,Madurai,9.9252,78.1198,0.0,23.4,82.24,2.44
2023-01-09,Madurai,9.9252,78.1198,0.0,22.87,79.36,2.25
2023-01-10,Madurai,9.9252,78.1198,0.0,21.58,77.18,2.41
2023-01-11,Madurai,9.9252,78.1198,0.0,22.06,76.27,1.95
2023-01-12,Madurai,9.9252,78.1198,0.0,21.85,76.71,1.88
2023-01-13,Madurai,9.9252,78.1198,0.0,21.96,75.94,1.7
2023-01-14,Madurai,9.9252,78.1198,0.0,21.73,76.33,1.72
2023-01-15,Madurai,9.9252,78.1198,0.0,21.54,77.42,1.54
2023-01-16,Madurai,9.9252,78.1198,0.0,22.39,75.7,1.84
2023-01-17,Madurai,9.9252,78.1198,0.0,22.51,78.02,1.83
2023-01-18,Madurai,9.9252,78.1198,0.0,22.04,76.52,2.25
2023-01-19,Madurai,9.9252,78.1198,0.0,22.02,73.68,2.25
2023-01-20,Madurai,9.9252,78.1198,0.0,22.48,75.06,2.43
2023-01-21,Madurai,9.9252,78.1198,0.0,23.42,74.71,2.34
2023-01-22,Madurai,9.9252,78.1198,0.0,23.67,74.15,2.27
2023-01-23,Madurai,9.9252,78.1198,2.15,24.43,78.53,2.06
2023-01-24,Madurai,9.9252,78.1198,4.07,23.94,84.07,1.59
2023-01-25,Madurai,9.9252,78.1198,0.03,23.85,74.38,2.0
2023-01-26,Madurai,9.9252,78.1198,0.0,23.35,73.09,1.9
2023-01-27,Madurai,9.9252,78.1198,0.0,23.17,71.61,1.94
2023-01-28,Madurai,9.9252,78.1198,0.0,23.24,71.3,2.16
2023-01-29,Madurai,9.9252,78.1198,0.0,23.85,74.92,2.3
2023-01-30,Madurai,9.9252,78.1198,0.95,25.23,77.01,2.02
2023-01-31,Madurai,9.9252,78.1198,0.29,25.39,71.39,2.64
2023-02-01,Madurai,9.9252,78.1198,1.09,24.44,70.96,2.53
2023-02-02,Madurai,9.9252,78.1198,10.47,24.25,79.02,2.99
2023-02-03,Madurai,9.9252,78.1198,4.0,24.8,81.03,2.45
2023-02-04,Madurai,9.9252,78.1198,1.7,25.21,77.7,2.69
2023-02-05,Madurai,9.9252,78.1198,0.01,24.57,68.07,2.17
2023-02-06,Madurai,9.9252,78.1198,0.23,24.25,68.78,2.1
2023-02-07,Madurai,9.9252,78.1198,0.0,24.92,69.46,1.84
2023-02-08,Madurai,9.9252,78.1198,0.0,25.07,70.06,2.1
2023-02-09,Madurai,9.9252,78.1198,0.0,24.75,69.61,1.84
2023-02-10,Madurai,9.9252,78.1198,0.0,24.48,68.43,2.06
2023-02-11,Madurai,9.9252,78.1198,0.0,24.18,66.61,1.99
2023-02-12,Madurai,9.9252,78.1198,0.0,24.33,62.3,1.81
2023-02-13,Madurai,9.9252,78.1198,0.0,24.39,62.78,2.25
2023-02-14,Madurai,9.9252,78.1198,0.0,24.24,66.55,1.79
2023-02-15,Madurai,9.9252,78.1198,0.0,24.76,62.81,2.02
2023-02-16,Madurai,9.9252,78.1198,0.0,24.32,66.81,2.42
2023-02-17,Madurai,9.9252,78.1198,0.0,24.37,68.03,2.13
2023-02-18,Madurai,9.9252,78.1198,0.0,25.02,66.83,1.8
2023-02-19,Madurai,9.9252,78.1198,0.0,26.06,65.5,2.02
2023-02-20,Madurai,9.9252,78.1198,0.0,26.53,64.28,1.87
2023-02-21,Madurai,9.9252,78.1198,0.0,25.95,59.95,2.15
2023-02-22,Madurai,9.9252,78.1198,0.0,25.47,56.94,2.29
2023-02-23,Madurai,9.9252,78.1198,0.0,24.94,63.97,2.11
2023-02-24,Madurai,9.9252,78.1198,0.0,26.37,62.72,1.8
2023-02-25,Madurai,9.9252,78.1198,0.0,26.04,58.39,2.29
2023-02-26,Madurai,9.9252,78.1198,0.0,25.08,59.86,2.6
2023-02-27,Madurai,9.9252,78.1198,0.0,24.97,60.37,2.27
2023-02-28,Madurai,9.9252,78.1198,1.24,25.68,68.72,2.7
2023-03-01,Madurai,9.9252,78.1198,0.99,26.88,68.93,3.0
2023-03-02,Madurai,9.9252,78.1198,0.08,26.63,61.77,2.55
2023-03-03,Madurai,9.9252,78.1198,0.0,25.42,52.83,2.71
2023-03-04,Madurai,9.9252,78.1198,0.0,26.74,63.49,2.75
2023-03-05,Madurai,9.9252,78.1198,2.19,27.31,65.66,2.36
2023-03-06,Madurai,9.9252,78.1198,0.03,27.08,60.25,2.21
2023-03-07,Madurai,9.9252,78.1198,0.0,26.26,66.07,2.12
2023-03-08,Madurai,9.9252,78.1198,0.0,27.19,63.68,2.88
2023-03-09,Madurai,9.9252,78.1198,0.0,26.87,62.35,2.63
2023-03-10,Madurai,9.9252,78.1198,0.0,27.23,62.06,2.48
2023-03-11,Madurai,9.9252,78.1198,0.0,26.35,66.57,2.32
2023-03-12,Madurai,9.9252,78.1198,0.0,27.72,64.3,2.75
2023-03-13,Madurai,9.9252,78.1198,0.0,28.28,60.51,2.51
2023-03-14,Madurai,9.9252,78.1198,0.0,28.15,59.1,2.12
2023-03-15,Madurai,9.9252,78.1198,0.01,28.76,60.05,1.92
2023-03-16,Madurai,9.9252,78.1198,0.71,28.64,64.47,1.93
2023-03-17,Madurai,9.9252,78.1198,6.64,28.81,65.58,2.04
2023-03-18,Madurai,9.9252,78.1198,3.09,28.3,69.04,2.01
2023-03-19,Madurai,9.9252,78.1198,2.36,28.04,69.84,1.23
2023-03-20,Madurai,9.9252,78.1198,3.75,28.18,70.92,1.14
2023-03-21,Madurai,9.9252,78.1198,5.74,29.34,64.24,1.38
2023-03-22,Madurai,9.9252,78.1198,1.85,29.17,66.12,1.75
2023-03-23,Madurai,9.9252,78.1198,1.67,29.44,61.24,1.85
2023-03-24,Madurai,9.9252,78.1198,1.23,29.49,65.3,1.88
2023-03-25,Madurai,9.9252,78.1198,0.7,29.14,64.68,1.58
2023-03-26,Madurai,9.9252,78.1198,2.99,29.79,60.28,1.58
2023-03-27,Madurai,9.9252,78.1198,0.15,30.39,61.46,1.04
2023-03-28,Madurai,9.9252,78.1198,4.57,29.77,64.38,1.67
2023-03-29,Madurai,9.9252,78.1198,1.02,29.45,66.48,1.76
2023-03-30,Madurai,9.9252,78.1198,0.96,29.79,61.95,1.74
2023-03-31,Madurai,9.9252,78.1198,1.78,30.18,60.73,1.59
2023-04-01,Madurai,9.9252,78.1198,0.34,30.37,58.55,1.99
2023-04-02,Madurai,9.9252,78.1198,2.43,30.29,59.85,1.48
2023-04-03,Madurai,9.9252,78.1198,2.11,30.0,61.97,1.61
2023-04-04,Madurai,9.9252,78.1198,2.74,28.78,68.52,1.93
2023-04-05,Madurai,9.9252,78.1198,0.19,29.25,63.95,2.08
2023-04-06,Madurai,9.9252,78.1198,0.09,29.69,60.71,2.01
2023-04-07,Madurai,9.9252,78.1198,0.17,29.79,60.04,2.19
2023-04-08,Madurai,9.9252,78.1198,0.01,29.74,58.72,2.96
2023-04-09,Madurai,9.9252,78.1198,0.17,29.75,59.74,2.48
2023-04-10,Madurai,9.9252,78.1198,0.76,30.11,56.39,2.47
2023-04-11,Madurai,9.9252,78.1198,0.71,30.28,59.03,2.24
2023-04-12,Madurai,9.9252,78.1198,0.0,30.72,55.26,1.97
2023-04-13,Madurai,9.9252,78.1198,0.0,31.15,47.45,1.71
2023-04-14,Madurai,9.9252,78.1198,0.0,30.44,46.61,1.61
2023-04-15,Madurai,9.9252,78.1198,0.0,31.41,47.7,2.02
2023-04-16,Madurai,9.9252,78.1198,0.0,30.41,50.5,1.73
2023-04-17,Madurai,9.9252,78.1198,0.0,31.01,51.99,2.23
2023-04-18,Madurai,9.9252,78.1198,0.0,31.59,49.12,2.27
2023-04-19,Madurai,9.9252,78.1198,0.0,31.98,50.09,2.27
2023-04-20,Madurai,9.9252,78.1198,0.0,33.12,50.23,2.42
2023-04-21,Madurai,9.9252,78.1198,5.07,33.11,51.11,2.04
2023-04-22,Madurai,9.9252,78.1198,2.95,31.73,58.62,2.19
2023-04-23,Madurai,9.9252,78.1198,1.49,32.11,57.38,2.09
2023-04-24,Madurai,9.9252,78.1198,8.19,29.42,72.88,2.05
2023-04-25,Madurai,9.9252,78.1198,7.62,28.34,77.14,1.67
2023-04-26,Madurai,9.9252,78.1198,11.59,27.16,79.57,1.43
2023-04-27,Madurai,9.9252,78.1198,9.02,28.67,71.36,1.85
2023-04-28,Madurai,9.9252,78.1198,11.37,28.19,75.19,1.53
2023-04-29,Madurai,9.9252,78.1198,18.62,28.39,75.9,1.7
2023-04-30,Madurai,9.9252,78.1198,9.41,27.41,79.93,1.65
2023-05-01,Madurai,9.9252,78.1198,10.13,27.72,78.77,1.62
2023-05-02,Madurai,9.9252,78.1198,21.09,26.62,86.58,1.99
2023-05-03,Madurai,9.9252,78.1198,14.07,27.56,78.69,1.78
2023-05-04,Madurai,9.9252,78.1198,11.7,26.85,81.16,0.95
2023-05-05,Madurai,9.9252,78.1198,0.76,27.57,74.6,0.9
2023-05-06,Madurai,9.9252,78.1198,3.19,27.16,77.63,1.1
2023-05-07,Madurai,9.9252,78.1198,1.47,26.5,79.43,1.33
2023-05-08,Madurai,9.9252,78.1198,5.88,26.38,81.5,1.62
2023-05-09,Madurai,9.9252,78.1198,2.18,27.54,76.77,2.05
2023-05-10,Madurai,9.9252,78.1198,0.73,28.88,71.13,1.3
2023-05-11,Madurai,9.9252,78.1198,1.57,28.81,75.04,1.44
2023-05-12,Madurai,9.9252,78.1198,0.56,28.7,72.79,2.21
2023-05-13,Madurai,9.9252,78.1198,0.0,29.97,65.35,2.62
2023-05-14,Madurai,9.9252,78.1198,0.0,29.87,68.37,2.17
2023-05-15,Madurai,9.9252,78.1198,0.0,31.36,64.49,1.33
2023-05-16,Madurai,9.9252,78.1198,0.0,31.24,65.3,1.51
2023-05-17,Madurai,9.9252,78.1198,0.44,30.81,64.64,1.04
2023-05-18,Madurai,9.9252,78.1198,0.2,29.27,70.15,1.78
2023-05-19,Madurai,9.9252,78.1198,0.12,29.65,71.36,1.27
2023-05-20,Madurai,9.9252,78.1198,0.75,30.02,68.47,1.28
2023-05-21,Madurai,9.9252,78.1198,1.0,29.81,68.76,1.34
2023-05-22,Madurai,9.9252,78.1198,1.46,28.78,75.34,1.33
2023-05-23,Madurai,9.9252,78.1198,0.07,29.07,70.93,1.25
2023-05-24,Madurai,9.9252,78.1198,3.74,30.19,67.48,1.09
2023-05-25,Madurai,9.9252,78.1198,1.79,30.64,66.81,1.15
2023-05-26,Madurai,9.9252,78.1198,2.16,31.1,63.34,1.42
2023-05-27,Madurai,9.9252,78.1198,5.87,30.95,64.21,1.23
2023-05-28,Madurai,9.9252,78.1198,0.53,30.47,65.86,1.11
2023-05-29,Madurai,9.9252,78.1198,2.33,29.94,69.45,1.24
2023-05-30,Madurai,9.9252,78.1198,1.05,30.74,65.6,1.37
2023-05-31,Madurai,9.9252,78.1198,2.73,29.67,67.4,2.04
2023-06-01,Madurai,9.9252,78.1198,0.13,30.82,63.29,1.81
2023-06-02,Madurai,9.9252,78.1198,1.27,28.45,69.95,2.08
2023-06-03,Madurai,9.9252,78.1198,0.36,29.55,66.59,2.06
2023-06-04,Madurai,9.9252,78.1198,0.4,29.8,66.45,2.26
2023-06-05,Madurai,9.9252,78.1198,5.76,28.64,73.6,1.86
2023-06-06,Madurai,9.9252,78.1198,12.12,29.77,67.54,1.54
2023-06-07,Madurai,9.9252,78.1198,4.86,28.81,75.0,1.75
2023-06-08,Madurai,9.9252,78.1198,0.1,29.12,70.39,1.62
2023-06-09,Madurai,9.9252,78.1198,0.16,29.94,64.82,1.98
2023-06-10,Madurai,9.9252,78.1198,0.08,30.29,60.47,2.86
2023-06-11,Madurai,9.9252,78.1198,0.01,30.46,60.99,1.8
2023-06-12,Madurai,9.9252,78.1198,5.34,30.05,67.75,1.95
2023-06-13,Madurai,9.9252,78.1198,0.49,29.91,65.68,2.12
2023-06-14,Madurai,9.9252,78.1198,0.65,29.19,66.46,1.68
2023-06-15,Madurai,9.9252,78.1198,0.09,30.87,56.83,1.71
2023-06-16,Madurai,9.9252,78.1198,0.11,31.25,57.47,2.36
2023-06-17,Madurai,9.9252,78.1198,0.74,29.4,66.02,1.66
2023-06-18,Madurai,9.9252,78.1198,1.58,28.42,70.08,1.68
2023-06-19,Madurai,9.9252,78.1198,0.01,30.45,57.91,1.38
2023-06-20,Madurai,9.9252,78.1198,2.27,29.5,64.5,0.97
2023-06-21,Madurai,9.9252,78.1198,6.09,29.1,69.52,1.18
2023-06-22,Madurai,9.9252,78.1198,1.82,30.1,62.89,1.07
2023-06-23,Madurai,9.9252,78.1198,0.4,28.71,63.01,2.05
2023-06-24,Madurai,9.9252,78.1198,0.09,28.36,66.3,1.9
2023-06-25,Madurai,9.9252,78.1198,0.42,28.16,69.52,1.61
2023-06-26,Madurai,9.9252,78.1198,0.2,28.66,61.12,2.38
2023-06-27,Madurai,9.9252,78.1198,1.51,27.9,64.18,2.37
2023-06-28,Madurai,9.9252,78.1198,0.15,29.07,62.1,2.06
2023-06-29,Madurai,9.9252,78.1198,2.59,29.83,60.46,2.26
2023-06-30,Madurai,9.9252,78.1198,0.87,29.61,62.23,1.69
2023-07-01,Madurai,9.9252,78.1198,0.14,29.86,60.38,1.21
2023-07-02,Madurai,9.9252,78.1198,21.31,28.81,63.44,1.4
2023-07-03,Madurai,9.9252,78.1198,7.42,27.66,71.19,2.76
2023-07-04,Madurai,9.9252,78.1198,0.99,28.19,65.94,4.01
2023-07-05,Madurai,9.9252,78.1198,2.74,27.98,64.29,4.05
2023-07-06,Madurai,9.9252,78.1198,1.06,27.83,69.08,3.12
2023-07-07,Madurai,9.9252,78.1198,0.49,28.18,65.81,2.79
2023-07-08,Madurai,9.9252,78.1198,0.98,28.26,65.55,1.96
2023-07-09,Madurai,9.9252,78.1198,0.83,29.65,60.54,1.47
2023-07-10,Madurai,9.9252,78.1198,10.73,29.45,67.14,1.1
2023-07-11,Madurai,9.9252,78.1198,15.45,28.83,68.32,1.36
2023-07-12,Madurai,9.9252,78.1198,1.14,28.9,60.64,2.34
2023-07-13,Madurai,9.9252,78.1198,0.67,28.21,60.73,2.51
2023-07-14,Madurai,9.9252,78.1198,0.65,28.65,59.75,2.93
2023-07-15,Madurai,9.9252,78.1198,0.14,29.18,62.32,1.84
2023-07-16,Madurai,9.9252,78.1198,0.97,29.48,63.36,1.97
2023-07-17,Madurai,9.9252,78.1198,0.05,29.08,65.07,2.17
2023-07-18,Madurai,9.9252,78.1198,0.2,28.87,65.35,3.12
2023-07-19,Madurai,9.9252,78.1198,0.33,28.82,63.26,3.9
2023-07-20,Madurai,9.9252,78.1198,0.14,28.67,60.69,4.19
2023-07-21,Madurai,9.9252,78.1198,0.09,29.0,59.38,3.81
2023-07-22,Madurai,9.9252,78.1198,0.32,28.17,59.39,4.04
2023-07-23,Madurai,9.9252,78.1198,2.6,27.93,62.65,3.09
2023-07-24,Madurai,9.9252,78.1198,1.0,27.21,66.67,2.8
2023-07-25,Madurai,9.9252,78.1198,0.47,27.22,67.01,2.45
2023-07-26,Madurai,9.9252,78.1198,0.38,28.74,63.42,3.15
2023-07-27,Madurai,9.9252,78.1198,0.03,29.19,60.07,3.31
2023-07-28,Madurai,9.9252,78.1198,0.01,29.16,58.03,3.28
2023-07-29,Madurai,9.9252,78.1198,0.0,29.83,57.13,3.58
2023-07-30,Madurai,9.9252,78.1198,0.0,30.36,55.59,3.8
2023-07-31,Madurai,9.9252,78.1198,0.0,30.59,55.45,3.66
2023-08-01,Madurai,9.9252,78.1198,0.0,30.49,55.85,3.5
2023-08-02,Madurai,9.9252,78.1198,0.03,29.65,57.57,2.66
2023-08-03,Madurai,9.9252,78.1198,0.07,30.62,56.54,2.9
2023-08-04,Madurai,9.9252,78.1198,0.03,31.09,54.23,2.76
2023-08-05,Madurai,9.9252,78.1198,0.0,30.53,53.82,2.41
2023-08-06,Madurai,9.9252,78.1198,5.33,30.84,57.12,1.74
2023-08-07,Madurai,9.9252,78.1198,0.91,30.67,59.67,1.57
2023-08-08,Madurai,9.9252,78.1198,16.07,29.86,64.06,1.48
2023-08-09,Madurai,9.9252,78.1198,9.98,28.73,69.25,1.66
2023-08-10,Madurai,9.9252,78.1198,6.62,28.5,73.35,1.32
2023-08-11,Madurai,9.9252,78.1198,7.33,28.19,75.21,0.85
2023-08-12,Madurai,9.9252,78.1198,13.18,29.03,71.71,1.66
2023-08-13,Madurai,9.9252,78.1198,1.64,29.32,67.25,1.1
2023-08-14,Madurai,9.9252,78.1198,0.53,28.89,66.17,1.56
2023-08-15,Madurai,9.9252,78.1198,4.31,29.39,63.68,1.27
2023-08-16,Madurai,9.9252,78.1198,0.2,29.95,59.83,1.5
2023-08-17,Madurai,9.9252,78.1198,0.0,30.32,58.02,2.21
2023-08-18,Madurai,9.9252,78.1198,0.02,29.28,61.62,2.67
2023-08-19,Madurai,9.9252,78.1198,0.02,29.34,61.27,2.62
2023-08-20,Madurai,9.9252,78.1198,0.08,30.68,58.69,1.75
2023-08-21,Madurai,9.9252,78.1198,0.02,30.86,58.07,1.55
2023-08-22,Madurai,9.9252,78.1198,2.86,30.14,66.06,1.2
2023-08-23,Madurai,9.9252,78.1198,4.71,30.31,64.76,1.02
2023-08-24,Madurai,9.9252,78.1198,0.15,31.03,57.64,1.45
2023-08-25,Madurai,9.9252,78.1198,0.0,30.58,58.57,1.07
2023-08-26,Madurai,9.9252,78.1198,0.0,30.92,58.71,0.98
2023-08-27,Madurai,9.9252,78.1198,0.0,31.32,59.38,0.75
2023-08-28,Madurai,9.9252,78.1198,3.1,31.24,60.15,1.21
2023-08-29,Madurai,9.9252,78.1198,13.18,27.98,73.58,1.08
2023-08-30,Madurai,9.9252,78.1198,13.61,26.63,79.66,1.83
2023-08-31,Madurai,9.9252,78.1198,5.42,28.17,71.64,0.83
2023-09-01,Madurai,9.9252,78.1198,9.81,28.83,70.65,1.32
2023-09-02,Madurai,9.9252,78.1198,18.18,28.49,74.98,1.59
2023-09-03,Madurai,9.9252,78.1198,10.24,27.01,76.35,2.1
2023-09-04,Madurai,9.9252,78.1198,0.72,27.61,72.2,2.11
2023-09-05,Madurai,9.9252,78.1198,0.29,26.78,74.52,2.4
2023-09-06,Madurai,9.9252,78.1198,1.21,27.6,66.88,2.51
2023-09-07,Madurai,9.9252,78.1198,1.56,27.26,69.51,2.46
2023-09-08,Madurai,9.9252,78.1198,1.47,27.73,65.85,2.86
2023-09-09,Madurai,9.9252,78.1198,0.71,28.54,64.42,2.95
2023-09-10,Madurai,9.9252,78.1198,0.55,27.49,62.62,2.79
2023-09-11,Madurai,9.9252,78.1198,1.33,27.48,65.76,2.53
2023-09-12,Madurai,9.9252,78.1198,0.11,27.54,68.27,1.69
2023-09-13,Madurai,9.9252,78.1198,0.16,28.67,65.44,1.89
2023-09-14,Madurai,9.9252,78.1198,0.63,28.64,61.94,2.55
2023-09-15,Madurai,9.9252,78.1198,0.36,27.67,68.35,2.45
2023-09-16,Madurai,9.9252,78.1198,1.15,28.9,68.84,1.92
2023-09-17,Madurai,9.9252,78.1198,4.1,27.75,76.3,1.53
2023-09-18,Madurai,9.9252,78.1198,22.21,27.75,77.8,1.92
2023-09-19,Madurai,9.9252,78.1198,13.15,27.53,78.55,1.23
2023-09-20,Madurai,9.9252,78.1198,3.87,28.26,73.96,0.99
2023-09-21,Madurai,9.9252,78.1198,4.03,27.45,77.03,1.14
2023-09-22,Madurai,9.9252,78.1198,3.26,28.36,72.66,1.23
2023-09-23,Madurai,9.9252,78.1198,3.49,28.63,73.95,1.49
2023-09-24,Madurai,9.9252,78.1198,2.62,27.4,77.39,1.3
2023-09-25,Madurai,9.9252,78.1198,1.05,28.4,72.1,1.12
2023-09-26,Madurai,9.9252,78.1198,2.04,28.09,71.87,1.19
2023-09-27,Madurai,9.9252,78.1198,6.71,27.65,71.19,1.57
2023-09-28,Madurai,9.9252,78.1198,4.17,27.46,68.54,2.16
2023-09-29,Madurai,9.9252,78.1198,1.75,26.72,75.35,2.8
2023-09-30,Madurai,9.9252,78.1198,2.38,27.37,74.03,2.41
2023-10-01,Madurai,9.9252,78.1198,0.8,27.68,72.7,2.87
2023-10-02,Madurai,9.9252,78.1198,0.94,28.06,74.11,2.66
2023-10-03,Madurai,9.9252,78.1198,0.71,29.17,68.8,2.19
2023-10-04,Madurai,9.9252,78.1198,1.02,28.86,69.08,1.76
2023-10-05,Madurai,9.9252,78.1198,6.48,29.0,70.13,1.45
2023-10-06,Madurai,9.9252,78.1198,1.62,29.42,65.73,1.31
2023-10-07,Madurai,9.9252,78.1198,0.0,29.56,65.83,1.31
2023-10-08,Madurai,9.9252,78.1198,7.71,28.83,72.93,1.49
2023-10-09,Madurai,9.9252,78.1198,0.87,28.32,74.12,1.62
2023-10-10,Madurai,9.9252,78.1198,2.33,28.42,74.03,1.66
2023-10-11,Madurai,9.9252,78.1198,17.99,28.39,75.05,1.13
2023-10-12,Madurai,9.9252,78.1198,26.78,26.6,84.65,1.53
2023-10-13,Madurai,9.9252,78.1198,0.41,26.94,79.53,0.94
2023-10-14,Madurai,9.9252,78.1198,9.22,27.14,79.4,1.38
2023-10-15,Madurai,9.9252,78.1198,17.15,27.45,79.37,1.54
2023-10-16,Madurai,9.9252,78.1198,10.48,26.73,83.75,0.74
2023-10-17,Madurai,9.9252,78.1198,11.09,26.29,84.55,1.8
2023-10-18,Madurai,9.9252,78.1198,0.64,26.67,81.05,1.56
2023-10-19,Madurai,9.9252,78.1198,0.25,26.91,77.32,1.3
2023-10-20,Madurai,9.9252,78.1198,0.3,26.89,77.69,1.13
2023-10-21,Madurai,9.9252,78.1198,2.74,27.24,75.77,1.24
2023-10-22,Madurai,9.9252,78.1198,3.72,27.04,77.01,1.55
2023-10-23,Madurai,9.9252,78.1198,0.78,26.65,79.29,1.34
2023-10-24,Madurai,9.9252,78.1198,1.68,26.62,78.72,1.22
2023-10-25,Madurai,9.9252,78.1198,1.81,26.7,78.48,1.14
2023-10-26,Madurai,9.9252,78.1198,0.94,27.36,76.58,1.13
2023-10-27,Madurai,9.9252,78.1198,0.17,27.21,77.16,1.63
2023-10-28,Madurai,9.9252,78.1198,0.56,26.95,78.14,1.45
2023-10-29,Madurai,9.9252,78.1198,10.88,25.92,85.57,1.51
2023-10-30,Madurai,9.9252,78.1198,15.42,25.2,86.4,1.41
2023-10-31,Madurai,9.9252,78.1198,3.76,25.64,83.63,1.81
2023-11-01,Madurai,9.9252,78.1198,7.67,25.69,87.02,1.08
2023-11-02,Madurai,9.9252,78.1198,7.44,25.51,83.76,0.81
2023-11-03,Madurai,9.9252,78.1198,23.43,25.7,87.23,1.39
2023-11-04,Madurai,9.9252,78.1198,33.84,24.8,90.79,0.93
2023-11-05,Madurai,9.9252,78.1198,12.4,24.65,87.93,1.35
2023-11-06,Madurai,9.9252,78.1198,19.94,26.0,84.1,0.91
2023-11-07,Madurai,9.9252,78.1198,32.53,25.33,89.7,0.86
2023-11-08,Madurai,9.9252,78.1198,18.92,25.36,86.2,0.59
2023-11-09,Madurai,9.9252,78.1198,19.6,25.28,84.79,0.95
2023-11-10,Madurai,9.9252,78.1198,2.81,25.18,87.32,1.54
2023-11-11,Madurai,9.9252,78.1198,2.44,24.83,90.96,1.89
2023-11-12,Madurai,9.9252,78.1198,0.23,24.94,83.78,2.26
2023-11-13,Madurai,9.9252,78.1198,0.87,24.47,87.92,1.83
2023-11-14,Madurai,9.9252,78.1198,4.81,24.5,87.02,2.36
2023-11-15,Madurai,9.9252,78.1198,1.07,24.87,85.56,2.05
2023-11-16,Madurai,9.9252,78.1198,0.2,25.7,87.37,1.19
2023-11-17,Madurai,9.9252,78.1198,0.33,25.97,87.17,1.42
2023-11-18,Madurai,9.9252,78.1198,1.52,25.63,89.92,1.59
2023-11-19,Madurai,9.9252,78.1198,3.74,24.95,91.1,1.88
2023-11-20,Madurai,9.9252,78.1198,0.13,25.62,89.57,1.66
2023-11-21,Madurai,9.9252,78.1198,2.05,25.87,87.93,1.48
2023-11-22,Madurai,9.9252,78.1198,20.87,25.77,89.03,1.3
2023-11-23,Madurai,9.9252,78.1198,4.76,25.23,89.26,1.94
2023-11-24,Madurai,9.9252,78.1198,1.82,25.46,87.63,1.28
2023-11-25,Madurai,9.9252,78.1198,4.57,25.4,90.59,1.98
2023-11-26,Madurai,9.9252,78.1198,3.95,25.09,92.19,2.72
2023-11-27,Madurai,9.9252,78.1198,5.25,25.37,89.61,2.06
2023-11-28,Madurai,9.9252,78.1198,5.59,25.33,89.32,1.92
2023-11-29,Madurai,9.9252,78.1198,3.63,25.08,89.76,1.85
2023-11-30,Madurai,9.9252,78.1198,2.33,24.57,90.06,1.47
2023-12-01,Madurai,9.9252,78.1198,1.54,24.68,89.71,1.64
2023-12-02,Madurai,9.9252,78.1198,0.84,25.35,86.59,1.64
2023-12-03,Madurai,9.9252,78.1198,1.12,26.63,82.96,1.51
2023-12-04,Madurai,9.9252,78.1198,0.77,26.64,85.51,1.2
2023-12-05,Madurai,9.9252,78.1198,0.93,26.65,85.08,1.06
2023-12-06,Madurai,9.9252,78.1198,0.2,25.84,87.63,1.13
2023-12-07,Madurai,9.9252,78.1198,2.96,26.16,87.12,1.19
2023-12-08,Madurai,9.9252,78.1198,10.31,26.14,88.15,1.11
2023-12-09,Madurai,9.9252,78.1198,4.41,25.62,89.39,1.93
2023-12-10,Madurai,9.9252,78.1198,1.8,25.14,89.0,2.05
2023-12-11,Madurai,9.9252,78.1198,0.71,24.8,87.52,2.08
2023-12-12,Madurai,9.9252,78.1198,0.68,24.47,88.32,2.05
2023-12-13,Madurai,9.9252,78.1198,0.02,23.56,86.31,2.31
2023-12-14,Madurai,9.9252,78.1198,0.03,23.22,84.02,2.38
2023-12-15,Madurai,9.9252,78.1198,0.07,24.15,88.38,2.6
2023-12-16,Madurai,9.9252,78.1198,4.81,24.99,89.34,2.86
2023-12-17,Madurai,9.9252,78.1198,48.31,24.18,94.1,3.52
2023-12-18,Madurai,9.9252,78.1198,24.9,23.61,91.8,3.41
2023-12-19,Madurai,9.9252,78.1198,2.11,23.01,89.85,2.63
2023-12-20,Madurai,9.9252,78.1198,2.85,23.74,88.67,3.01
2023-12-21,Madurai,9.9252,78.1198,4.36,23.39,92.9,2.41
2023-12-22,Madurai,9.9252,78.1198,0.22,24.01,88.67,2.2
2023-12-23,Madurai,9.9252,78.1198,0.0,22.79,86.23,2.02
2023-12-24,Madurai,9.9252,78.1198,0.11,23.08,87.24,2.25
2023-12-25,Madurai,9.9252,78.1198,1.52,24.64,89.3,2.96
2023-12-26,Madurai,9.9252,78.1198,0.07,23.73,87.1,2.81
2023-12-27,Madurai,9.9252,78.1198,0.16,23.6,87.06,3.14
2023-12-28,Madurai,9.9252,78.1198,0.09,24.39,87.56,3.47
2023-12-29,Madurai,9.9252,78.1198,0.43,24.79,87.87,3.26
2023-12-30,Madurai,9.9252,78.1198,0.11,24.29,87.59,2.79
2023-12-31,Madurai,9.9252,78.1198,0.01,23.2,85.9,2.19
2019-01-01,Salem,11.6643,78.146,0.0,22.09,58.86,2.1
2019-01-02,Salem,11.6643,78.146,0.0,21.6,64.45,2.35
2019-01-03,Salem,11.6643,78.146,0.0,22.31,63.45,2.28
2019-01-04,Salem,11.6643,78.146,0.0,21.92,64.46,2.52
2019-01-05,Salem,11.6643,78.146,0.0,22.33,64.09,2.11
2019-01-06,Salem,11.6643,78.146,0.0,22.73,64.46,1.95
2019-01-07,Salem,11.6643,78.146,0.0,23.44,63.61,1.93
2019-01-08,Salem,11.6643,78.146,0.0,24.04,57.16,2.2
2019-01-09,Salem,11.6643,78.146,0.0,23.19,58.38,1.98
2019-01-10,Salem,11.6643,78.146,0.0,23.23,61.23,2.16
2019-01-11,Salem,11.6643,78.146,0.0,23.71,62.07,2.03
2019-01-12,Salem,11.6643,78.146,0.0,23.69,59.38,2.49
2019-01-13,Salem,11.6643,78.146,0.0,23.59,60.86,2.08
2019-01-14,Salem,11.6643,78.146,0.0,23.72,60.37,2.21
2019-01-15,Salem,11.6643,78.146,0.03,23.86,53.2,2.47
2019-01-16,Salem,11.6643,78.146,0.0,23.66,56.14,2.47
2019-01-17,Salem,11.6643,78.146,0.0,23.69,60.94,2.38
2019-01-18,Salem,11.6643,78.146,0.0,23.34,60.29,2.28
2019-01-19,Salem,11.6643,78.146,0.0,23.32,57.8,2.12
2019-01-20,Salem,11.6643,78.146,0.0,23.05,56.87,2.27
2019-01-21,Salem,11.6643,78.146,0.0,23.18,56.51,2.12
2019-01-22,Salem,11.6643,78.146,0.0,23.53,58.24,1.74
2019-01-23,Salem,11.6643,78.146,0.0,24.94,60.84,1.78
2019-01-24,Salem,11.6643,78.146,0.0,25.9,60.29,1.82
2019-01-25,Salem,11.6643,78.146,0.0,26.58,62.7,1.81
2019-01-26,Salem,11.6643,78.146,0.0,27.4,61.67,2.04
2019-01-27,Salem,11.6643,78.146,0.01,27.52,58.12,2.38
2019-01-28,Salem,11.6643,78.146,0.02,27.33,55.78,2.27
2019-01-29,Salem,11.6643,78.146,0.02,26.25,54.24,2.92
2019-01-30,Salem,11.6643,78.146,0.02,25.78,58.86,2.92
2019-01-31,Salem,11.6643,78.146,0.0,25.63,57.34,2.8
2019-02-01,Salem,11.6643,78.146,0.0,25.54,58.98,2.44
2019-02-02,Salem,11.6643,78.146,0.0,26.23,57.02,2.18
2019-02-03,Salem,11.6643,78.146,0.0,26.92,56.28,2.6
2019-02-04,Salem,11.6643,78.146,0.0,27.24,56.84,3.19
2019-02-05,Salem,11.6643,78.146,0.01,27.03,58.28,2.94
2019-02-06,Salem,11.6643,78.146,0.0,27.09,53.5,2.35
2019-02-07,Salem,11.6643,78.146,0.0,27.66,53.76,2.04
2019-02-08,Salem,11.6643,78.146,0.0,28.46,53.91,1.54
2019-02-09,Salem,11.6643,78.146,0.49,29.03,57.92,1.91
2019-02-10,Salem,11.6643,78.146,2.75,28.19,61.25,2.48
2019-02-11,Salem,11.6643,78.146,0.09,27.78,57.92,3.53
2019-02-12,Salem,11.6643,78.146,0.0,27.04,56.68,3.57
2019-02-13,Salem,11.6643,78.146,0.0,26.62,56.7,2.97
2019-02-14,Salem,11.6643,78.146,0.0,27.51,60.46,2.92
2019-02-15,Salem,11.6643,78.146,0.01,28.53,56.7,2.19
2019-02-16,Salem,11.6643,78.146,0.0,30.0,49.81,1.28
2019-02-17,Salem,11.6643,78.146,0.01,30.78,51.2,1.64
2019-02-18,Salem,11.6643,78.146,0.02,30.84,52.21,2.32
2019-02-19,Salem,11.6643,78.146,0.58,29.85,55.97,2.76
2019-02-20,Salem,11.6643,78.146,0.51,28.82,55.33,3.1
2019-02-21,Salem,11.6643,78.146,0.0,27.75,54.39,2.61
2019-02-22,Salem,11.6643,78.146,0.0,26.67,49.3,2.59
2019-02-23,Salem,11.6643,78.146,0.0,27.03,43.39,2.52
2019-02-24,Salem,11.6643,78.146,0.0,27.4,46.04,2.51
2019-02-25,Salem,11.6643,78.146,0.0,27.69,44.44,1.79
2019-02-26,Salem,11.6643,78.146,0.0,28.94,49.93,1.4
2019-02-27,Salem,11.6643,78.146,0.0,30.8,52.02,2.09
2019-02-28,Salem,11.6643,78.146,0.06,30.79,49.21,1.7
2019-03-01,Salem,11.6643,78.146,0.69,30.6,53.64,2.58
2019-03-02,Salem,11.6643,78.146,2.76,29.65,53.46,3.0
2019-03-03,Salem,11.6643,78.146,0.0,29.75,51.74,2.14
2019-03-04,Salem,11.6643,78.146,0.0,30.21,47.68,1.61
2019-03-05,Salem,11.6643,78.146,0.0,31.44,42.34,1.59
2019-03-06,Salem,11.6643,78.146,0.06,32.94,37.15,1.82
2019-03-07,Salem,11.6643,78.146,0.11,33.29,41.78,2.57
2019-03-08,Salem,11.6643,78.146,0.0,32.47,44.49,2.58
2019-03-09,Salem,11.6643,78.146,0.57,31.45,48.64,2.39
2019-03-10,Salem,11.6643,78.146,0.2,31.25,49.17,2.44
2019-03-11,Salem,11.6643,78.146,0.0,30.43,45.72,2.53
2019-03-12,Salem,11.6643,78.146,0.0,29.18,42.51,2.27
2019-03-13,Salem,11.6643,78.146,0.0,28.78,38.46,2.63
2019-03-14,Salem,11.6643,78.146,0.0,29.18,35.74,2.75
2019-03-15,Salem,11.6643,78.146,0.0,29.26,35.31,2.72
2019-03-16,Salem,11.6643,78.146,0.0,28.88,44.49,2.46
2019-03-17,Salem,11.6643,78.146,0.0,28.92,46.04,1.89
2019-03-18,Salem,11.6643,78.146,0.0,29.93,51.12,2.11
2019-03-19,Salem,11.6643,78.146,0.0,30.73,48.72,2.15
2019-03-20,Salem,11.6643,78.146,0.0,30.2,49.22,2.52
2019-03-21,Salem,11.6643,78.146,0.0,29.95,45.91,1.89
2019-03-22,Salem,11.6643,78.146,0.0,30.52,47.81,1.9
2019-03-23,Salem,11.6643,78.146,0.0,31.23,48.35,1.78
2019-03-24,Salem,11.6643,78.146,0.0,31.76,41.45,1.81
2019-03-25,Salem,11.6643,78.146,0.0,31.22,39.22,2.45
2019-03-26,Salem,11.6643,78.146,0.0,30.83,40.95,2.41
2019-03-27,Salem,11.6643,78.146,0.0,30.13,37.05,1.77
2019-03-28,Salem,11.6643,78.146,0.0,30.78,41.29,2.1
2019-03-29,Salem,11.6643,78.146,0.0,32.04,30.46,1.54
2019-03-30,Salem,11.6643,78.146,0.0,31.79,34.47,1.98
2019-03-31,Salem,11.6643,78.146,0.0,32.19,34.8,1.35
2019-04-01,Salem,11.6643,78.146,0.0,32.24,38.34,2.16
2019-04-02,Salem,11.6643,78.146,0.0,32.08,41.44,2.3
2019-04-03,Salem,11.6643,78.146,0.0,31.46,43.61,2.55
2019-04-04,Salem,11.6643,78.146,0.0,30.99,44.66,2.25
2019-04-05,Salem,11.6643,78.146,0.0,31.97,44.21,2.2
2019-04-06,Salem,11.6643,78.146,0.0,31.74,40.96,2.01
2019-04-07,Salem,11.6643,78.146,0.0,32.03,43.75,2.1
2019-04-08,Salem,11.6643,78.146,0.39,32.49,47.83,2.19
2019-04-09,Salem,11.6643,78.146,0.66,32.96,46.54,2.51
2019-04-10,Salem,11.6643,78.146,0.0,32.69,46.39,2.65
2019-04-11,Salem,11.6643,78.146,0.0,32.11,45.26,2.07
2019-04-12,Salem,11.6643,78.146,0.0,32.68,39.89,2.08
2019-04-13,Salem,11.6643,78.146,0.0,32.07,39.99,2.21
2019-04-14,Salem,11.6643,78.146,0.0,31.97,35.8,2.36
2019-04-15,Salem,11.6643,78.146,0.0,31.75,34.47,1.62
2019-04-16,Salem,11.6643,78.146,0.13,32.91,42.9,2.4
2019-04-17,Salem,11.6643,78.146,1.98,32.75,38.87,2.18
2019-04-18,Salem,11.6643,78.146,3.07,32.48,47.97,2.45
2019-04-19,Salem,11.6643,78.146,3.78,31.08,55.34,1.4
2019-04-20,Salem,11.6643,78.146,11.38,29.84,65.56,1.93
2019-04-21,Salem,11.6643,78.146,2.36,29.97,63.07,1.4
2019-04-22,Salem,11.6643,78.146,7.95,31.2,57.6,1.25
2019-04-23,Salem,11.6643,78.146,7.3,30.48,60.11,1.59
2019-04-24,Salem,11.6643,78.146,0.06,30.67,51.35,1.52
2019-04-25,Salem,11.6643,78.146,0.04,31.01,50.77,1.27
2019-04-26,Salem,11.6643,78.146,0.1,31.12,52.82,1.6
2019-04-27,Salem,11.6643,78.146,0.0,31.85,52.63,1.85
2019-04-28,Salem,11.6643,78.146,0.0,31.16,54.7,1.39
2019-04-29,Salem,11.6643,78.146,0.06,30.79,59.02,1.1
2019-04-30,Salem,11.6643,78.146,3.76,30.73,58.97,2.3
2019-05-01,Salem,11.6643,78.146,7.18,29.23,64.78,2.13
2019-05-02,Salem,11.6643,78.146,0.0,31.48,52.26,2.48
2019-05-03,Salem,11.6643,78.146,0.0,31.42,49.17,2.77
2019-05-04,Salem,11.6643,78.146,0.0,32.03,49.54,1.51
2019-05-05,Salem,11.6643,78.146,0.05,33.58,45.11,1.64
2019-05-06,Salem,11.6643,78.146,0.02,34.19,44.05,1.43
2019-05-07,Salem,11.6643,78.146,4.14,32.59,53.85,2.1
2019-05-08,Salem,11.6643,78.146,5.16,28.89,68.08,2.5
2019-05-09,Salem,11.6643,78.146,2.19,30.76,59.49,1.67
2019-05-10,Salem,11.6643,78.146,1.13,31.93,56.41,1.58
2019-05-11,Salem,11.6643,78.146,0.25,32.79,52.16,1.29
2019-05-12,Salem,11.6643,78.146,0.68,33.07,51.49,1.15
2019-05-13,Salem,11.6643,78.146,0.28,33.31,49.56,1.22
2019-05-14,Salem,11.6643,78.146,1.64,33.32,50.37,1.63
2019-05-15,Salem,11.6643,78.146,4.45,32.09,55.29,1.28
2019-05-16,Salem,11.6643,78.146,1.17,32.19,55.34,1.22
2019-05-17,Salem,11.6643,78.146,3.42,31.19,61.17,1.08
2019-05-18,Salem,11.6643,78.146,0.54,31.5,57.43,0.93
2019-05-19,Salem,11.6643,78.146,0.18,33.01,50.19,1.71
2019-05-20,Salem,11.6643,78.146,0.0,32.79,47.88,1.92
2019-05-21,Salem,11.6643,78.146,0.59,31.55,53.48,1.38
2019-05-22,Salem,11.6643,78.146,0.76,31.74,54.32,1.21
2019-05-23,Salem,11.6643,78.146,0.32,32.52,54.55,1.1
2019-05-24,Salem,11.6643,78.146,0.28,32.38,52.65,1.83
2019-05-25,Salem,11.6643,78.146,1.75,31.96,56.0,2.57
2019-05-26,Salem,11.6643,78.146,1.74,31.74,57.65,2.24
2019-05-27,Salem,11.6643,78.146,0.8,33.15,53.77,1.32
2019-05-28,Salem,11.6643,78.146,6.67,32.93,54.92,1.41
2019-05-29,Salem,11.6643,78.146,5.33,29.72,69.36,1.81
2019-05-30,Salem,11.6643,78.146,5.28,30.0,65.38,1.53
2019-05-31,Salem,11.6643,78.146,2.88,28.78,69.7,2.02
2019-06-01,Salem,11.6643,78.146,1.82,30.48,61.77,1.59
2019-06-02,Salem,11.6643,78.146,10.85,29.9,68.95,2.37
2019-06-03,Salem,11.6643,78.146,0.89,28.8,70.99,1.6
2019-06-04,Salem,11.6643,78.146,13.25,29.48,70.34,1.93
2019-06-05,Salem,11.6643,78.146,14.69,28.95,74.1,1.69
2019-06-06,Salem,11.6643,78.146,0.26,28.64,74.84,1.05
2019-06-07,Salem,11.6643,78.146,1.91,29.45,72.01,1.67
2019-06-08,Salem,11.6643,78.146,0.44,29.32,69.43,1.66
2019-06-09,Salem,11.6643,78.146,2.59,29.56,62.65,3.07
2019-06-10,Salem,11.6643,78.146,0.2,29.13,62.54,3.3
2019-06-11,Salem,11.6643,78.146,0.3,29.23,64.51,3.56
2019-06-12,Salem,11.6643,78.146,0.02,29.3,65.49,3.36
2019-06-13,Salem,11.6643,78.146,0.43,29.1,65.56,3.15
2019-06-14,Salem,11.6643,78.146,0.8,29.34,58.91,3.75
2019-06-15,Salem,11.6643,78.146,3.92,30.02,57.4,3.13
2019-06-16,Salem,11.6643,78.146,0.45,30.09,63.77,2.68
2019-06-17,Salem,11.6643,78.146,0.0,30.73,58.64,3.1
2019-06-18,Salem,11.6643,78.146,0.1,29.39,61.41,2.46
2019-06-19,Salem,11.6643,78.146,0.7,30.15,62.35,3.29
2019-06-20,Salem,11.6643,78.146,0.13,30.18,56.54,3.36
2019-06-21,Salem,11.6643,78.146,0.78,28.55,62.07,2.94
2019-06-22,Salem,11.6643,78.146,0.28,28.59,67.49,3.21
2019-06-23,Salem,11.6643,78.146,0.48,29.04,62.47,3.3
2019-06-24,Salem,11.6643,78.146,0.72,30.31,59.24,2.99
2019-06-25,Salem,11.6643,78.146,2.91,29.42,65.3,2.28
2019-06-26,Salem,11.6643,78.146,3.01,27.57,74.12,1.64
2019-06-27,Salem,11.6643,78.146,0.26,29.39,64.19,2.78
2019-06-28,Salem,11.6643,78.146,0.03,30.29,58.55,3.61
2019-06-29,Salem,11.6643,78.146,0.0,30.54,57.02,3.81
2019-06-30,Salem,11.6643,78.146,0.0,29.38,59.17,3.65
2019-07-01,Salem,11.6643,78.146,0.0,30.56,57.56,3.55
2019-07-02,Salem,11.6643,78.146,0.02,28.8,65.09,3.62
2019-07-03,Salem,11.6643,78.146,0.01,29.06,64.22,3.46
2019-07-04,Salem,11.6643,78.146,1.04,28.56,67.53,3.25
2019-07-05,Salem,11.6643,78.146,0.15,29.0,63.29,3.85
2019-07-06,Salem,11.6643,78.146,0.22,28.78,64.01,3.64
2019-07-07,Salem,11.6643,78.146,0.03,29.06,61.67,3.4
2019-07-08,Salem,11.6643,78.146,0.02,29.85,59.71,3.36
2019-07-09,Salem,11.6643,78.146,0.41,29.2,60.87,3.29
2019-07-10,Salem,11.6643,78.146,6.26,28.36,62.5,3.05
2019-07-11,Salem,11.6643,78.146,0.54,28.94,57.99,2.42
2019-07-12,Salem,11.6643,78.146,0.67,29.35,57.48,1.68
2019-07-13,Salem,11.6643,78.146,4.54,29.53,61.12,1.9
2019-07-14,Salem,11.6643,78.146,10.27,28.0,72.17,1.91
2019-07-15,Salem,11.6643,78.146,1.35,28.85,63.57,2.72
2019-07-16,Salem,11.6643,78.146,0.52,28.47,63.71,2.7
2019-07-17,Salem,11.6643,78.146,0.37,28.83,60.83,2.52
2019-07-18,Salem,11.6643,78.146,4.53,26.8,69.2,2.39
2019-07-19,Salem,11.6643,78.146,0.92,26.63,74.62,2.05
2019-07-20,Salem,11.6643,78.146,0.19,27.44,66.69,3.28
2019-07-21,Salem,11.6643,78.146,0.08,28.61,63.18,3.84
2019-07-22,Salem,11.6643,78.146,2.72,26.6,71.74,2.56
2019-07-23,Salem,11.6643,78.146,9.21,27.47,67.73,3.08
2019-07-24,Salem,11.6643,78.146,1.28,28.11,67.34,2.47
2019-07-25,Salem,11.6643,78.146,5.35,27.89,65.72,2.79
2019-07-26,Salem,11.6643,78.146,0.57,27.77,65.89,3.03
2019-07-27,Salem,11.6643,78.146,0.0,28.27,63.56,2.63
2019-07-28,Salem,11.6643,78.146,0.15,28.82,60.92,3.25
2019-07-29,Salem,11.6643,78.146,0.45,29.04,61.32,3.31
2019-07-30,Salem,11.6643,78.146,0.04,28.96,57.69,3.0
2019-07-31,Salem,11.6643,78.146,0.0,28.83,56.89,2.55
2019-08-01,Salem,11.6643,78.146,0.0,29.97,58.01,3.07
2019-08-02,Salem,11.6643,78.146,0.04,28.9,59.89,3.69
2019-08-03,Salem,11.6643,78.146,0.13,28.47,61.49,3.63
2019-08-04,Salem,11.6643,78.146,1.35,28.6,60.25,3.84
2019-08-05,Salem,11.6643,78.146,0.83,27.56,63.64,4.09
2019-08-06,Salem,11.6643,78.146,3.65,27.95,62.54,4.35
2019-08-07,Salem,11.6643,78.146,3.24,26.8,71.51,4.54
2019-08-08,Salem,11.6643,78.146,14.35,27.16,72.3,4.7
2019-08-09,Salem,11.6643,78.146,9.48,26.86,74.42,4.34
2019-08-10,Salem,11.6643,78.146,0.13,27.74,64.78,4.28
2019-08-11,Salem,11.6643,78.146,0.12,28.1,62.91,3.52
2019-08-12,Salem,11.6643,78.146,0.46,28.8,58.79,3.65
2019-08-13,Salem,11.6643,78.146,2.7,28.31,63.94,3.01
2019-08-14,Salem,11.6643,78.146,3.22,27.4,74.19,3.23
2019-08-15,Salem,11.6643,78.146,0.61,28.27,65.05,2.7
2019-08-16,Salem,11.6643,78.146,15.14,27.66,70.33,2.57
2019-08-17,Salem,11.6643,78.146,9.7,25.86,80.49,2.16
2019-08-18,Salem,11.6643,78.146,11.33,24.96,84.02,1.71
2019-08-19,Salem,11.6643,78.146,17.61,26.76,78.98,1.55
2019-08-20,Salem,11.6643,78.146,8.05,26.37,81.28,1.87
2019-08-21,Salem,11.6643,78.146,9.48,25.85,81.74,2.19
2019-08-22,Salem,11.6643,78.146,1.31,25.35,82.03,2.21
2019-08-23,Salem,11.6643,78.146,3.06,25.47,75.79,3.18
2019-08-24,Salem,11.6643,78.146,0.07,25.76,75.35,2.7
2019-08-25,Salem,11.6643,78.146,0.75,26.25,71.12,2.93
2019-08-26,Salem,11.6643,78.146,0.83,26.7,71.51,3.03
2019-08-27,Salem,11.6643,78.146,0.06,26.96,68.8,2.96
2019-08-28,Salem,11.6643,78.146,1.74,27.34,68.69,2.87
2019-08-29,Salem,11.6643,78.146,8.81,26.14,77.87,2.81
2019-08-30,Salem,11.6643,78.146,0.21,26.3,71.51,3.0
2019-08-31,Salem,11.6643,78.146,0.9,26.33,74.73,3.15
2019-09-01,Salem,11.6643,78.146,1.01,26.16,77.34,2.31
2019-09-02,Salem,11.6643,78.146,2.41,26.39,76.64,2.24
2019-09-03,Salem,11.6643,78.146,4.25,26.95,74.3,2.78
2019-09-04,Salem,11.6643,78.146,1.42,26.61,73.11,3.07
2019-09-05,Salem,11.6643,78.146,0.4,27.21,70.64,3.44
2019-09-06,Salem,11.6643,78.146,0.16,27.27,72.71,3.18
2019-09-07,Salem,11.6643,78.146,0.15,27.83,68.95,3.46
2019-09-08,Salem,11.6643,78.146,0.23,27.75,67.83,3.39
2019-09-09,Salem,11.6643,78.146,0.01,27.1,69.28,2.62
2019-09-10,Salem,11.6643,78.146,1.32,28.5,69.56,2.28
2019-09-11,Salem,11.6643,78.146,10.26,26.77,80.12,1.99
2019-09-12,Salem,11.6643,78.146,5.39,25.75,83.49,1.67
2019-09-13,Salem,11.6643,78.146,12.57,25.65,82.42,1.83
2019-09-14,Salem,11.6643,78.146,2.84,26.86,76.52,1.64
2019-09-15,Salem,11.6643,78.146,6.01,27.08,76.14,1.81
2019-09-16,Salem,11.6643,78.146,18.13,27.16,77.74,2.15
2019-09-17,Salem,11.6643,78.146,6.25,25.92,80.68,1.45
2019-09-18,Salem,11.6643,78.146,5.67,26.84,78.86,1.88
2019-09-19,Salem,11.6643,78.146,5.52,25.45,83.1,2.05
2019-09-20,Salem,11.6643,78.146,0.16,25.5,76.91,1.43
2019-09-21,Salem,11.6643,78.146,0.8,27.22,75.76,1.18
2019-09-22,Salem,11.6643,78.146,16.97,25.41,87.9,1.14
2019-09-23,Salem,11.6643,78.146,24.07,25.35,88.38,1.09
2019-09-24,Salem,11.6643,78.146,22.16,25.49,86.43,1.35
2019-09-25,Salem,11.6643,78.146,13.5,25.11,89.12,2.56
2019-09-26,Salem,11.6643,78.146,2.53,25.25,82.84,1.55
2019-09-27,Salem,11.6643,78.146,1.12,26.11,76.33,1.22
2019-09-28,Salem,11.6643,78.146,1.86,26.02,80.94,1.18
2019-09-29,Salem,11.6643,78.146,1.7,25.22,82.75,1.51
2019-09-30,Salem,11.6643,78.146,5.02,24.61,83.74,1.38
2019-10-01,Salem,11.6643,78.146,1.99,26.1,78.47,0.83
2019-10-02,Salem,11.6643,78.146,1.16,26.63,79.47,0.99
2019-10-03,Salem,11.6643,78.146,1.04,26.52,80.13,1.09
2019-10-04,Salem,11.6643,78.146,2.32,26.53,80.69,0.82
2019-10-05,Salem,11.6643,78.146,2.31,26.25,81.98,1.3
2019-10-06,Salem,11.6643,78.146,0.99,26.26,80.89,1.16
2019-10-07,Salem,11.6643,78.146,14.79,26.03,83.57,1.08
2019-10-08,Salem,11.6643,78.146,3.8,26.56,80.06,0.86
2019-10-09,Salem,11.6643,78.146,0.99,26.81,80.64,1.31
2019-10-10,Salem,11.6643,78.146,0.58,26.43,82.14,1.58
2019-10-11,Salem,11.6643,78.146,1.92,26.01,82.54,1.28
2019-10-12,Salem,11.6643,78.146,3.23,26.11,81.01,1.2
2019-10-13,Salem,11.6643,78.146,7.3,25.76,85.33,1.14
2019-10-14,Salem,11.6643,78.146,1.37,26.09,83.74,1.35
2019-10-15,Salem,11.6643,78.146,2.8,25.63,86.41,1.4
2019-10-16,Salem,11.6643,78.146,19.67,24.83,89.29,1.61
2019-10-17,Salem,11.6643,78.146,10.34,24.99,86.41,1.81
2019-10-18,Salem,11.6643,78.146,12.9,24.93,88.32,1.19
2019-10-19,Salem,11.6643,78.146,4.65,24.88,88.55,1.41
2019-10-20,Salem,11.6643,78.146,7.94,24.73,89.1,1.63
2019-10-21,Salem,11.6643,78.146,17.19,24.6,88.62,1.24
2019-10-22,Salem,11.6643,78.146,16.81,25.09,88.08,1.18
2019-10-23,Salem,11.6643,78.146,5.81,24.79,87.96,1.36
2019-10-24,Salem,11.6643,78.146,0.87,24.37,88.22,2.04
2019-10-25,Salem,11.6643,78.146,2.05,24.16,85.65,1.32
2019-10-26,Salem,11.6643,78.146,0.17,24.59,85.7,1.36
2019-10-27,Salem,11.6643,78.146,1.16,24.74,85.84,0.88
2019-10-28,Salem,11.6643,78.146,2.17,24.62,88.67,1.24
2019-10-29,Salem,11.6643,78.146,5.42,23.65,87.69,2.07
2019-10-30,Salem,11.6643,78.146,21.46,23.85,92.35,2.16
2019-10-31,Salem,11.6643,78.146,3.47,24.14,91.9,2.07
2019-11-01,Salem,11.6643,78.146,0.15,25.17,82.7,0.76
2019-11-02,Salem,11.6643,78.146,0.18,24.76,86.07,1.27
2019-11-03,Salem,11.6643,78.146,3.24,24.73,85.97,1.22
2019-11-04,Salem,11.6643,78.146,0.53,24.98,82.09,1.11
2019-11-05,Salem,11.6643,78.146,0.0,25.54,77.88,0.93
2019-11-06,Salem,11.6643,78.146,0.22,26.64,76.58,0.43
2019-11-07,Salem,11.6643,78.146,5.63,25.48,85.56,0.82
2019-11-08,Salem,11.6643,78.146,11.24,25.7,86.92,0.56
2019-11-09,Salem,11.6643,78.146,18.27,25.11,88.73,0.93
2019-11-10,Salem,11.6643,78.146,3.79,26.01,83.09,0.85
2019-11-11,Salem,11.6643,78.146,0.99,24.48,85.48,1.14
2019-11-12,Salem,11.6643,78.146,0.12,23.51,87.91,1.47
2019-11-13,Salem,11.6643,78.146,0.09,23.99,86.4,1.88
2019-11-14,Salem,11.6643,78.146,3.71,24.35,87.78,1.77
2019-11-15,Salem,11.6643,78.146,2.51,24.64,88.28,1.82
2019-11-16,Salem,11.6643,78.146,3.14,24.75,87.51,1.65
2019-11-17,Salem,11.6643,78.146,0.35,24.65,83.65,1.54
2019-11-18,Salem,11.6643,78.146,2.5,25.0,88.12,1.97
2019-11-19,Salem,11.6643,78.146,0.65,25.18,85.19,1.46
2019-11-20,Salem,11.6643,78.146,3.29,24.71,88.59,1.59
2019-11-21,Salem,11.6643,78.146,2.29,24.81,87.3,1.87
2019-11-22,Salem,11.6643,78.146,1.12,24.09,86.52,2.15
2019-11-23,Salem,11.6643,78.146,0.3,23.59,84.76,2.49
2019-11-24,Salem,11.6643,78.146,0.24,23.89,85.86,2.09
2019-11-25,Salem,11.6643,78.146,0.12,23.91,85.15,2.45
2019-11-26,Salem,11.6643,78.146,1.79,23.7,84.53,2.28
2019-11-27,Salem,11.6643,78.146,4.26,24.57,85.58,2.46
2019-11-28,Salem,11.6643,78.146,5.1,24.51,89.2,2.35
2019-11-29,Salem,11.6643,78.146,5.47,24.88,87.89,2.48
2019-11-30,Salem,11.6643,78.146,4.99,24.26,90.56,2.41
2019-12-01,Salem,11.6643,78.146,18.41,24.27,92.6,2.09
2019-12-02,Salem,11.6643,78.146,6.59,24.03,89.53,1.87
2019-12-03,Salem,11.6643,78.146,1.29,23.85,86.99,2.4
2019-12-04,Salem,11.6643,78.146,0.21,23.37,85.9,2.59
2019-12-05,Salem,11.6643,78.146,0.08,22.78,84.78,2.67
2019-12-06,Salem,11.6643,78.146,0.05,22.34,84.58,2.56
2019-12-07,Salem,11.6643,78.146,1.43,22.99,86.18,2.55
2019-12-08,Salem,11.6643,78.146,0.18,22.82,84.73,2.01
2019-12-09,Salem,11.6643,78.146,0.07,22.7,83.36,2.09
2019-12-10,Salem,11.6643,78.146,0.02,22.39,81.85,1.89
2019-12-11,Salem,11.6643,78.146,0.0,23.15,79.67,1.71
2019-12-12,Salem,11.6643,78.146,0.02,23.34,81.5,1.89
2019-12-13,Salem,11.6643,78.146,2.2,24.15,83.25,2.15
2019-12-14,Salem,11.6643,78.146,7.16,23.93,87.31,2.54
2019-12-15,Salem,11.6643,78.146,0.52,23.48,83.22,2.14
2019-12-16,Salem,11.6643,78.146,0.12,23.61,83.82,1.98
2019-12-17,Salem,11.6643,78.146,0.11,23.74,80.69,2.62
2019-12-18,Salem,11.6643,78.146,0.05,23.81,81.75,2.64
2019-12-19,Salem,11.6643,78.146,0.01,23.8,81.31,2.58
2019-12-20,Salem,11.6643,78.146,0.0,23.74,81.23,2.26
2019-12-21,Salem,11.6643,78.146,0.0,22.73,83.28,1.73
2019-12-22,Salem,11.6643,78.146,0.0,23.71,78.28,1.89
2019-12-23,Salem,11.6643,78.146,0.0,23.22,77.48,1.96
2019-12-24,Salem,11.6643,78.146,3.18,23.91,81.97,1.94
2019-12-25,Salem,11.6643,78.146,1.78,24.37,83.0,2.35
2019-12-26,Salem,11.6643,78.146,0.14,24.53,77.08,1.59
2019-12-27,Salem,11.6643,78.146,0.0,24.19,76.77,1.72
2019-12-28,Salem,11.6643,78.146,0.0,23.75,76.86,1.91
2019-12-29,Salem,11.6643,78.146,0.0,24.1,77.15,2.07
2019-12-30,Salem,11.6643,78.146,0.05,23.98,78.06,2.0
2019-12-31,Salem,11.6643,78.146,0.33,24.54,78.66,2.0
2020-01-01,Salem,11.6643,78.146,0.18,24.91,79.04,1.96
2020-01-02,Salem,11.6643,78.146,0.0,25.65,77.12,1.78
2020-01-03,Salem,11.6643,78.146,0.0,25.86,76.53,1.62
2020-01-04,Salem,11.6643,78.146,0.0,26.56,75.71,1.34
2020-01-05,Salem,11.6643,78.146,0.01,26.23,76.13,1.99
2020-01-06,Salem,11.6643,78.146,0.19,25.27,77.19,2.46
2020-01-07,Salem,11.6643,78.146,0.12,24.71,75.4,2.26
2020-01-08,Salem,11.6643,78.146,0.04,24.65,71.87,1.91
2020-01-09,Salem,11.6643,78.146,0.0,24.4,70.1,1.77
2020-01-10,Salem,11.6643,78.146,0.0,23.86,72.68,2.28
2020-01-11,Salem,11.6643,78.146,0.0,22.84,69.47,2.18
2020-01-12,Salem,11.6643,78.146,0.0,23.5,72.53,2.14
2020-01-13,Salem,11.6643,78.146,0.0,23.9,71.31,1.73
2020-01-14,Salem,11.6643,78.146,0.0,23.51,65.94,1.69
2020-01-15,Salem,11.6643,78.146,0.0,22.71,65.15,1.92
2020-01-16,Salem,11.6643,78.146,0.0,23.2,67.91,1.73
2020-01-17,Salem,11.6643,78.146,0.01,24.63,70.91,1.9
2020-01-18,Salem,11.6643,78.146,1.75,25.35,77.58,2.33
2020-01-19,Salem,11.6643,78.146,0.89,25.28,73.97,2.35
2020-01-20,Salem,11.6643,78.146,0.0,25.09,68.39,2.21
2020-01-21,Salem,11.6643,78.146,0.0,24.28,67.0,2.44
2020-01-22,Salem,11.6643,78.146,0.0,24.52,69.92,2.78
2020-01-23,Salem,11.6643,78.146,0.0,25.17,71.63,2.74
2020-01-24,Salem,11.6643,78.146,0.0,23.91,61.95,2.35
2020-01-25,Salem,11.6643,78.146,0.0,23.23,56.82,1.7
2020-01-26,Salem,11.6643,78.146,0.0,24.03,62.51,1.54
2020-01-27,Salem,11.6643,78.146,0.0,24.88,61.22,1.45
2020-01-28,Salem,11.6643,78.146,0.0,25.48,64.12,1.62
2020-01-29,Salem,11.6643,78.146,0.0,25.88,63.25,1.51
2020-01-30,Salem,11.6643,78.146,0.0,26.17,61.57,1.44
2020-01-31,Salem,11.6643,78.146,0.0,26.2,63.0,1.91
2020-02-01,Salem,11.6643,78.146,0.0,25.64,67.44,2.08
2020-02-02,Salem,11.6643,78.146,0.0,25.52,62.97,2.52
2020-02-03,Salem,11.6643,78.146,0.0,25.5,62.19,2.4
2020-02-04,Salem,11.6643,78.146,0.0,25.96,61.43,2.39
2020-02-05,Salem,11.6643,78.146,0.25,26.13,61.17,2.4
2020-02-06,Salem,11.6643,78.146,0.0,26.0,57.7,2.0
2020-02-07,Salem,11.6643,78.146,0.0,26.28,60.77,1.99
2020-02-08,Salem,11.6643,78.146,0.0,27.12,57.46,1.75
2020-02-09,Salem,11.6643,78.146,0.12,26.78,60.07,2.55
2020-02-10,Salem,11.6643,78.146,0.08,26.73,62.29,3.15
2020-02-11,Salem,11.6643,78.146,0.01,26.55,59.07,3.26
2020-02-12,Salem,11.6643,78.146,0.0,26.29,60.68,2.97
2020-02-13,Salem,11.6643,78.146,0.0,26.55,54.06,2.66
2020-02-14,Salem,11.6643,78.146,0.0,26.78,55.87,1.62
2020-02-15,Salem,11.6643,78.146,0.0,27.51,51.17,1.63
2020-02-16,Salem,11.6643,78.146,0.0,26.33,51.36,2.31
2020-02-17,Salem,11.6643,78.146,0.0,25.56,52.69,2.18
2020-02-18,Salem,11.6643,78.146,0.0,25.95,54.67,2.53
2020-02-19,Salem,11.6643,78.146,0.0,25.23,58.85,2.19
2020-02-20,Salem,11.6643,78.146,0.0,25.4,57.54,2.54
2020-02-21,Salem,11.6643,78.146,0.0,26.13,60.12,2.92
2020-02-22,Salem,11.6643,78.146,0.0,27.27,61.44,3.67
2020-02-23,Salem,11.6643,78.146,0.0,26.87,60.28,3.1
2020-02-24,Salem,11.6643,78.146,0.0,27.24,58.48,2.75
2020-02-25,Salem,11.6643,78.146,0.0,28.39,56.1,2.15
2020-02-26,Salem,11.6643,78.146,0.0,28.57,55.35,2.57
2020-02-27,Salem,11.6643,78.146,0.0,28.59,55.24,2.51
2020-02-28,Salem,11.6643,78.146,0.0,28.53,56.62,3.07
2020-02-29,Salem,11.6643,78.146,0.0,28.54,55.72,2.66
2020-03-01,Salem,11.6643,78.146,0.19,28.84,53.92,2.57
2020-03-02,Salem,11.6643,78.146,0.62,27.79,55.81,1.04
2020-03-03,Salem,11.6643,78.146,0.06,29.28,47.75,1.46
2020-03-04,Salem,11.6643,78.146,0.01,29.53,48.28,1.9
2020-03-05,Salem,11.6643,78.146,0.0,30.24,46.37,2.27
2020-03-06,Salem,11.6643,78.146,0.02,29.95,49.77,2.56
2020-03-07,Salem,11.6643,78.146,0.04,30.01,56.81,2.93
2020-03-08,Salem,11.6643,78.146,0.31,30.07,55.84,2.73
2020-03-09,Salem,11.6643,78.146,0.05,30.12,51.49,2.25
2020-03-10,Salem,11.6643,78.146,0.0,29.91,48.43,2.19
2020-03-11,Salem,11.6643,78.146,0.0,29.46,48.21,1.65
2020-03-12,Salem,11.6643,78.146,0.0,29.53,46.58,2.11
2020-03-13,Salem,11.6643,78.146,0.0,29.12,47.27,2.42
2020-03-14,Salem,11.6643,78.146,0.0,29.66,51.02,2.46
2020-03-15,Salem,11.6643,78.146,0.0,29.89,51.05,2.81
2020-03-16,Salem,11.6643,78.146,0.0,30.21,51.4,2.76
2020-03-17,Salem,11.6643,78.146,0.0,29.63,51.72,2.74
2020-03-18,Salem,11.6643,78.146,0.0,29.54,49.32,2.07
2020-03-19,Salem,11.6643,78.146,0.0,30.38,43.43,1.66
2020-03-20,Salem,11.6643,78.146,1.22,31.05,45.76,1.47
2020-03-21,Salem,11.6643,78.146,0.45,31.02,47.68,2.07
2020-03-22,Salem,11.6643,78.146,0.0,31.63,42.0,2.11
2020-03-23,Salem,11.6643,78.146,0.31,31.1,45.67,2.65
2020-03-24,Salem,11.6643,78.146,0.01,31.1,44.65,2.57
2020-03-25,Salem,11.6643,78.146,0.0,30.53,48.66,2.48
2020-03-26,Salem,11.6643,78.146,0.0,30.26,48.13,2.71
2020-03-27,Salem,11.6643,78.146,0.0,30.15,49.47,2.66
2020-03-28,Salem,11.6643,78.146,0.0,30.33,42.54,1.71
2020-03-29,Salem,11.6643,78.146,0.0,30.16,41.87,1.66
2020-03-30,Salem,11.6643,78.146,0.0,30.21,38.2,2.37
2020-03-31,Salem,11.6643,78.146,0.0,30.03,41.1,2.47
2020-04-01,Salem,11.6643,78.146,0.0,30.53,43.35,2.34
2020-04-02,Salem,11.6643,78.146,0.0,31.38,43.25,2.4
2020-04-03,Salem,11.6643,78.146,0.0,31.16,45.86,2.2
2020-04-04,Salem,11.6643,78.146,0.0,30.83,49.12,2.04
2020-04-05,Salem,11.6643,78.146,0.22,31.56,53.71,2.54
2020-04-06,Salem,11.6643,78.146,1.3,31.87,52.66,2.17
2020-04-07,Salem,11.6643,78.146,3.22,29.06,60.05,0.88
2020-04-08,Salem,11.6643,78.146,1.52,31.52,48.66,1.24
2020-04-09,Salem,11.6643,78.146,9.13,30.11,58.99,2.08
2020-04-10,Salem,11.6643,78.146,0.28,29.59,57.42,2.09
2020-04-11,Salem,11.6643,78.146,0.01,29.83,53.94,2.05
2020-04-12,Salem,11.6643,78.146,0.0,30.22,47.42,1.98
2020-04-13,Salem,11.6643,78.146,0.0,30.93,43.25,1.89
2020-04-14,Salem,11.6643,78.146,0.0,30.99,42.77,2.31
2020-04-15,Salem,11.6643,78.146,0.0,31.34,46.22,1.87
2020-04-16,Salem,11.6643,78.146,0.0,31.54,48.27,1.82
2020-04-17,Salem,11.6643,78.146,0.0,32.24,48.62,2.38
2020-04-18,Salem,11.6643,78.146,0.0,32.58,48.44,2.55
2020-04-19,Salem,11.6643,78.146,0.0,32.22,49.96,2.81
2020-04-20,Salem,11.6643,78.146,0.0,31.99,48.79,2.42
2020-04-21,Salem,11.6643,78.146,0.0,32.27,45.97,1.9
2020-04-22,Salem,11.6643,78.146,0.0,33.23,44.91,2.5
2020-04-23,Salem,11.6643,78.146,0.16,33.55,45.96,2.03
2020-04-24,Salem,11.6643,78.146,0.76,32.56,52.49,2.53
2020-04-25,Salem,11.6643,78.146,0.26,33.04,49.17,2.31
2020-04-26,Salem,11.6643,78.146,1.42,29.97,63.85,2.18
2020-04-27,Salem,11.6643,78.146,1.07,31.56,56.65,1.23
2020-04-28,Salem,11.6643,78.146,1.84,29.91,60.8,1.89
2020-04-29,Salem,11.6643,78.146,6.77,29.05,66.8,1.55
2020-04-30,Salem,11.6643,78.146,0.06,30.58,55.68,1.28
2020-05-01,Salem,11.6643,78.146,1.52,32.12,51.57,1.44
2020-05-02,Salem,11.6643,78.146,0.78,32.59,51.02,1.47
2020-05-03,Salem,11.6643,78.146,0.19,32.86,48.37,2.0
2020-05-04,Salem,11.6643,78.146,0.03,33.09,46.28,2.01
2020-05-05,Salem,11.6643,78.146,0.0,33.6,42.99,2.56
2020-05-06,Salem,11.6643,78.146,0.42,32.55,50.61,2.22
2020-05-07,Salem,11.6643,78.146,0.6,32.36,52.17,2.0
2020-05-08,Salem,11.6643,78.146,0.33,32.23,52.27,2.43
2020-05-09,Salem,11.6643,78.146,0.0,33.2,49.27,2.91
2020-05-10,Salem,11.6643,78.146,0.0,33.16,48.07,2.32
2020-05-11,Salem,11.6643,78.146,0.02,31.71,52.65,2.48
2020-05-12,Salem,11.6643,78.146,0.04,30.27,52.72,2.21
2020-05-13,Salem,11.6643,78.146,0.06,32.56,38.25,2.0
2020-05-14,Salem,11.6643,78.146,0.01,32.85,46.04,1.6
2020-05-15,Salem,11.6643,78.146,0.06,32.98,44.57,1.17
2020-05-16,Salem,11.6643,78.146,0.1,33.34,44.65,2.02
2020-05-17,Salem,11.6643,78.146,4.75,32.57,51.06,2.21
2020-05-18,Salem,11.6643,78.146,1.66,30.91,55.24,4.42
2020-05-19,Salem,11.6643,78.146,0.0,32.23,50.24,4.64
2020-05-20,Salem,11.6643,78.146,0.0,32.85,48.17,3.71
2020-05-21,Salem,11.6643,78.146,0.3,32.04,46.42,3.98
2020-05-22,Salem,11.6643,78.146,0.0,33.17,45.26,2.6
2020-05-23,Salem,11.6643,78.146,0.0,34.44,43.95,2.05
2020-05-24,Salem,11.6643,78.146,1.61,34.29,45.92,2.09
2020-05-25,Salem,11.6643,78.146,1.44,32.8,53.44,1.95
2020-05-26,Salem,11.6643,78.146,1.29,32.18,55.12,1.75
2020-05-27,Salem,11.6643,78.146,1.72,31.74,58.29,2.45
2020-05-28,Salem,11.6643,78.146,6.88,30.99,62.14,2.32
2020-05-29,Salem,11.6643,78.146,2.94,30.13,64.92,1.67
2020-05-30,Salem,11.6643,78.146,0.66,30.48,60.22,1.43
2020-05-31,Salem,11.6643,78.146,1.13,30.6,62.3,1.86
2020-06-01,Salem,11.6643,78.146,8.88,28.86,71.81,1.87
2020-06-02,Salem,11.6643,78.146,8.66,27.34,75.36,2.09
2020-06-03,Salem,11.6643,78.146,0.05,27.38,72.48,2.2
2020-06-04,Salem,11.6643,78.146,0.03,28.23,66.94,2.9
2020-06-05,Salem,11.6643,78.146,4.56,28.7,68.28,2.66
2020-06-06,Salem,11.6643,78.146,3.11,27.95,71.14,2.03
2020-06-07,Salem,11.6643,78.146,1.09,28.98,66.09,2.55
2020-06-08,Salem,11.6643,78.146,0.1,29.44,60.25,2.18
2020-06-09,Salem,11.6643,78.146,0.02,29.58,54.81,2.34
2020-06-10,Salem,11.6643,78.146,0.45,29.21,58.16,2.58
2020-06-11,Salem,11.6643,78.146,0.46,28.36,62.08,3.3
2020-06-12,Salem,11.6643,78.146,0.25,28.8,56.64,4.24
2020-06-13,Salem,11.6643,78.146,0.22,29.61,55.04,3.9
2020-06-14,Salem,11.6643,78.146,0.07,29.57,54.95,3.93
2020-06-15,Salem,11.6643,78.146,0.14,30.14,57.05,3.22
2020-06-16,Salem,11.6643,78.146,0.03,30.16,58.95,3.28
2020-06-17,Salem,11.6643,78.146,0.25,29.4,61.22,3.25
2020-06-18,Salem,11.6643,78.146,0.91,29.38,58.84,3.46
2020-06-19,Salem,11.6643,78.146,0.08,29.7,57.93,2.91
2020-06-20,Salem,11.6643,78.146,0.45,29.2,57.86,3.48
2020-06-21,Salem,11.6643,78.146,0.75,28.02,64.56,3.36
2020-06-22,Salem,11.6643,78.146,0.18,29.78,53.35,3.28
2020-06-23,Salem,11.6643,78.146,0.45,29.84,48.25,3.15
2020-06-24,Salem,11.6643,78.146,1.27,29.92,53.4,2.43
2020-06-25,Salem,11.6643,78.146,12.66,27.37,68.71,1.71
2020-06-26,Salem,11.6643,78.146,4.02,27.58,72.28,2.03
2020-06-27,Salem,11.6643,78.146,1.95,28.62,68.5,2.39
2020-06-28,Salem,11.6643,78.146,6.71,28.17,74.12,1.73
2020-06-29,Salem,11.6643,78.146,1.25,28.44,73.05,1.77
2020-06-30,Salem,11.6643,78.146,1.1,28.23,70.24,2.11
2020-07-01,Salem,11.6643,78.146,0.13,28.05,65.81,2.43
2020-07-02,Salem,11.6643,78.146,4.6,28.04,65.48,2.69
2020-07-03,Salem,11.6643,78.146,7.59,27.04,70.18,3.33
2020-07-04,Salem,11.6643,78.146,1.1,26.67,70.41,3.69
2020-07-05,Salem,11.6643,78.146,0.84,27.58,65.61,2.58
2020-07-06,Salem,11.6643,78.146,0.6,27.47,68.03,3.14
2020-07-07,Salem,11.6643,78.146,1.26,27.32,67.31,3.21
2020-07-08,Salem,11.6643,78.146,4.75,26.95,75.93,1.51
2020-07-09,Salem,11.6643,78.146,12.54,26.29,78.0,1.88
2020-07-10,Salem,11.6643,78.146,3.19,26.56,75.92,1.74
2020-07-11,Salem,11.6643,78.146,5.84,26.71,76.38,1.54
2020-07-12,Salem,11.6643,78.146,1.87,28.09,70.42,2.18
2020-07-13,Salem,11.6643,78.146,0.21,27.58,71.64,1.54
2020-07-14,Salem,11.6643,78.146,3.16,27.04,76.54,1.79
2020-07-15,Salem,11.6643,78.146,3.15,26.64,79.52,2.44
2020-07-16,Salem,11.6643,78.146,2.11,27.02,74.45,2.53
2020-07-17,Salem,11.6643,78.146,0.61,25.86,76.77,2.37
2020-07-18,Salem,11.6643,78.146,2.12,27.44,70.69,1.55
2020-07-19,Salem,11.6643,78.146,11.05,26.65,77.97,1.28
2020-07-20,Salem,11.6643,78.146,20.91,26.86,80.09,1.8
2020-07-21,Salem,11.6643,78.146,0.68,26.55,77.35,1.12
2020-07-22,Salem,11.6643,78.146,0.79,26.68,77.78,1.28
2020-07-23,Salem,11.6643,78.146,6.61,26.68,79.48,1.49
2020-07-24,Salem,11.6643,78.146,19.17,26.61,79.23,1.61
2020-07-25,Salem,11.6643,78.146,8.66,25.92,78.11,1.74
2020-07-26,Salem,11.6643,78.146,0.63,26.48,77.05,1.72
2020-07-27,Salem,11.6643,78.146,3.0,26.79,75.27,1.95
2020-07-28,Salem,11.6643,78.146,5.34,26.82,76.82,2.2
2020-07-29,Salem,11.6643,78.146,10.3,25.39,83.48,2.19
2020-07-30,Salem,11.6643,78.146,0.62,26.64,77.42,2.3
2020-07-31,Salem,11.6643,78.146,2.2,26.92,77.4,2.27
2020-08-01,Salem,11.6643,78.146,3.07,26.43,77.64,2.55
2020-08-02,Salem,11.6643,78.146,3.1,25.54,78.74,3.28
2020-08-03,Salem,11.6643,78.146,2.22,25.95,78.2,3.53
2020-08-04,Salem,11.6643,78.146,2.55,26.17,72.24,4.32
2020-08-05,Salem,11.6643,78.146,1.16,26.91,69.02,5.41
2020-08-06,Salem,11.6643,78.146,2.4,27.49,74.08,3.6
2020-08-07,Salem,11.6643,78.146,0.28,28.0,70.95,3.65
2020-08-08,Salem,11.6643,78.146,4.85,26.66,75.46,2.82
2020-08-09,Salem,11.6643,78.146,8.98,25.24,81.93,2.66
2020-08-10,Salem,11.6643,78.146,0.18,25.39,79.19,2.47
2020-08-11,Salem,11.6643,78.146,8.86,26.54,77.9,2.52
2020-08-12,Salem,11.6643,78.146,0.41,26.84,76.41,2.71
2020-08-13,Salem,11.6643,78.146,0.03,27.12,74.24,2.59
2020-08-14,Salem,11.6643,78.146,0.0,26.75,74.13,2.82
2020-08-15,Salem,11.6643,78.146,0.01,26.2,75.52,2.65
2020-08-16,Salem,11.6643,78.146,0.09,27.07,73.28,2.61
2020-08-17,Salem,11.6643,78.146,0.14,28.07,70.56,2.52
2020-08-18,Salem,11.6643,78.146,1.55,28.28,71.14,2.48
2020-08-19,Salem,11.6643,78.146,0.99,27.3,74.43,2.38
2020-08-20,Salem,11.6643,78.146,0.01,26.34,77.18,2.31
2020-08-21,Salem,11.6643,78.146,0.01,28.22,70.29,1.83
2020-08-22,Salem,11.6643,78.146,8.41,27.96,73.17,1.31
2020-08-23,Salem,11.6643,78.146,11.12,27.37,76.43,1.49
2020-08-24,Salem,11.6643,78.146,21.52,26.73,79.47,1.14
2020-08-25,Salem,11.6643,78.146,1.59,27.34,78.4,1.09
2020-08-26,Salem,11.6643,78.146,0.96,27.0,78.01,0.92
2020-08-27,Salem,11.6643,78.146,0.14,27.18,74.21,1.26
2020-08-28,Salem,11.6643,78.146,0.02,28.05,67.87,1.75
2020-08-29,Salem,11.6643,78.146,0.05,27.58,71.75,2.1
2020-08-30,Salem,11.6643,78.146,3.32,28.0,73.13,1.29
2020-08-31,Salem,11.6643,78.146,4.5,27.25,78.92,1.25
2020-09-01,Salem,11.6643,78.146,7.7,25.13,84.98,2.02
2020-09-02,Salem,11.6643,78.146,20.0,25.45,82.1,2.03
2020-09-03,Salem,11.6643,78.146,4.69,25.88,82.66,0.87
2020-09-04,Salem,11.6643,78.146,5.13,26.45,82.55,0.72
2020-09-05,Salem,11.6643,78.146,2.61,26.7,81.22,0.86
2020-09-06,Salem,11.6643,78.146,13.56,26.63,82.45,1.18
2020-09-07,Salem,11.6643,78.146,2.14,25.83,83.15,2.15
2020-09-08,Salem,11.6643,78.146,3.07,26.27,80.32,1.4
2020-09-09,Salem,11.6643,78.146,12.68,26.17,82.84,1.97
2020-09-10,Salem,11.6643,78.146,8.33,25.19,87.01,1.52
2020-09-11,Salem,11.6643,78.146,3.13,25.36,82.48,2.35
2020-09-12,Salem,11.6643,78.146,0.67,24.92,83.31,2.22
2020-09-13,Salem,11.6643,78.146,3.75,24.41,82.4,2.15
2020-09-14,Salem,11.6643,78.146,2.97,25.6,76.18,2.94
2020-09-15,Salem,11.6643,78.146,1.22,26.15,77.23,2.53
2020-09-16,Salem,11.6643,78.146,0.02,26.63,77.17,2.1
2020-09-17,Salem,11.6643,78.146,0.35,26.47,79.13,2.18
2020-09-18,Salem,11.6643,78.146,0.39,27.02,74.09,2.96
2020-09-19,Salem,11.6643,78.146,1.9,26.0,75.73,3.16
2020-09-20,Salem,11.6643,78.146,1.39,25.01,77.07,3.66
2020-09-21,Salem,11.6643,78.146,1.07,25.64,76.16,3.49
2020-09-22,Salem,11.6643,78.146,0.23,25.52,71.73,3.07
2020-09-23,Salem,11.6643,78.146,0.01,26.22,72.28,2.59
2020-09-24,Salem,11.6643,78.146,0.07,26.95,73.63,1.88
2020-09-25,Salem,11.6643,78.146,2.25,26.11,75.83,1.21
2020-09-26,Salem,11.6643,78.146,0.14,24.88,79.26,1.95
2020-09-27,Salem,11.6643,78.146,5.5,26.58,74.14,1.2
2020-09-28,Salem,11.6643,78.146,1.79,26.63,78.45,1.38
2020-09-29,Salem,11.6643,78.146,33.33,25.61,86.07,2.03
2020-09-30,Salem,11.6643,78.146,3.5,24.75,85.48,2.04
2020-10-01,Salem,11.6643,78.146,0.02,24.99,80.51,1.85
2020-10-02,Salem,11.6643,78.146,2.57,26.13,76.84,1.84
2020-10-03,Salem,11.6643,78.146,8.7,25.04,82.66,1.86
2020-10-04,Salem,11.6643,78.146,0.07,25.83,79.6,1.74
2020-10-05,Salem,11.6643,78.146,0.1,26.77,72.72,1.75
2020-10-06,Salem,11.6643,78.146,3.07,27.62,74.05,1.27
2020-10-07,Salem,11.6643,78.146,11.85,27.38,81.36,1.21
2020-10-08,Salem,11.6643,78.146,7.56,26.85,81.47,0.96
2020-10-09,Salem,11.6643,78.146,15.54,25.39,89.55,1.31
2020-10-10,Salem,11.6643,78.146,5.26,25.24,84.87,1.87
2020-10-11,Salem,11.6643,78.146,0.4,24.46,84.07,1.99
2020-10-12,Salem,11.6643,78.146,0.71,25.09,80.12,2.55
2020-10-13,Salem,11.6643,78.146,0.63,25.25,81.11,2.85
2020-10-14,Salem,11.6643,78.146,0.09,25.18,77.33,2.63
2020-10-15,Salem,11.6643,78.146,0.05,25.65,77.7,2.29
2020-10-16,Salem,11.6643,78.146,1.19,25.57,80.32,1.28
2020-10-17,Salem,11.6643,78.146,4.49,26.09,77.34,1.12
2020-10-18,Salem,11.6643,78.146,7.04,26.2,79.74,0.82
2020-10-19,Salem,11.6643,78.146,16.67,25.62,84.25,1.14
2020-10-20,Salem,11.6643,78.146,7.34,24.8,89.35,1.4
2020-10-21,Salem,11.6643,78.146,3.46,25.25,86.35,1.57
2020-10-22,Salem,11.6643,78.146,3.54,25.48,85.47,1.65
2020-10-23,Salem,11.6643,78.146,0.51,25.95,83.32,1.41
2020-10-24,Salem,11.6643,78.146,0.48,24.85,81.16,1.38
2020-10-25,Salem,11.6643,78.146,10.85,26.05,71.73,0.8
2020-10-26,Salem,11.6643,78.146,0.05,26.17,78.13,0.89
2020-10-27,Salem,11.6643,78.146,0.0,25.68,78.96,1.23
2020-10-28,Salem,11.6643,78.146,0.01,25.52,76.88,1.51
2020-10-29,Salem,11.6643,78.146,0.36,25.28,78.74,1.64
2020-10-30,Salem,11.6643,78.146,0.78,25.28,78.59,1.25
2020-10-31,Salem,11.6643,78.146,0.19,26.42,71.45,0.84
2020-11-01,Salem,11.6643,78.146,0.98,26.22,72.81,0.81
2020-11-02,Salem,11.6643,78.146,3.88,26.12,78.61,0.87
2020-11-03,Salem,11.6643,78.146,0.77,25.88,78.88,1.5
2020-11-04,Salem,11.6643,78.146,0.5,25.97,79.68,1.32
2020-11-05,Salem,11.6643,78.146,7.39,26.07,78.71,1.65
2020-11-06,Salem,11.6643,78.146,3.62,25.38,81.43,1.76
2020-11-07,Salem,11.6643,78.146,0.31,25.75,81.03,1.79
2020-11-08,Salem,11.6643,78.146,2.47,24.76,87.18,2.01
2020-11-09,Salem,11.6643,78.146,0.05,24.96,77.59,2.1
2020-11-10,Salem,11.6643,78.146,0.0,23.78,71.56,2.12
2020-11-11,Salem,11.6643,78.146,2.14,24.38,78.03,2.2
2020-11-12,Salem,11.6643,78.146,14.65,24.56,89.99,1.91
2020-11-13,Salem,11.6643,78.146,10.06,24.88,87.67,1.79
2020-11-14,Salem,11.6643,78.146,1.97,25.02,84.91,2.34
2020-11-15,Salem,11.6643,78.146,7.29,24.77,90.35,2.24
2020-11-16,Salem,11.6643,78.146,24.17,24.33,91.26,1.67
2020-11-17,Salem,11.6643,78.146,20.83,24.36,88.19,2.02
2020-11-18,Salem,11.6643,78.146,5.9,24.69,86.8,1.6
2020-11-19,Salem,11.6643,78.146,1.07,24.38,85.47,1.78
2020-11-20,Salem,11.6643,78.146,0.05,23.86,84.84,1.84
2020-11-21,Salem,11.6643,78.146,0.0,22.76,78.59,1.54
2020-11-22,Salem,11.6643,78.146,0.0,22.21,77.78,1.37
2020-11-23,Salem,11.6643,78.146,0.0,22.8,79.8,1.87
2020-11-24,Salem,11.6643,78.146,0.26,23.39,84.19,2.45
2020-11-25,Salem,11.6643,78.146,4.86,24.24,84.15,2.73
2020-11-26,Salem,11.6643,78.146,12.62,23.05,86.77,4.41
2020-11-27,Salem,11.6643,78.146,2.46,22.66,88.73,1.22
2020-11-28,Salem,11.6643,78.146,2.22,23.63,86.72,1.66
2020-11-29,Salem,11.6643,78.146,1.19,24.21,86.11,1.92
2020-11-30,Salem,11.6643,78.146,0.24,23.95,84.98,2.32
2020-12-01,Salem,11.6643,78.146,0.01,23.18,79.56,2.28
2020-12-02,Salem,11.6643,78.146,2.71,23.92,78.52,2.81
2020-12-03,Salem,11.6643,78.146,16.49,23.2,89.48,2.79
2020-12-04,Salem,11.6643,78.146,7.32,23.74,88.9,3.86
2020-12-05,Salem,11.6643,78.146,1.52,23.57,89.83,2.41
2020-12-06,Salem,11.6643,78.146,10.0,24.02,88.18,2.58
2020-12-07,Salem,11.6643,78.146,5.68,24.31,88.4,2.54
2020-12-08,Salem,11.6643,78.146,7.07,24.12,89.11,2.1
2020-12-09,Salem,11.6643,78.146,0.84,23.97,86.61,1.89
2020-12-10,Salem,11.6643,78.146,0.02,22.74,82.32,1.56
2020-12-11,Salem,11.6643,78.146,0.0,22.01,80.3,1.63
2020-12-12,Salem,11.6643,78.146,0.0,22.1,79.56,1.58
2020-12-13,Salem,11.6643,78.146,0.0,22.11,76.91,1.51
2020-12-14,Salem,11.6643,78.146,0.0,21.55,77.67,1.56
2020-12-15,Salem,11.6643,78.146,0.3,22.32,80.32,2.05
2020-12-16,Salem,11.6643,78.146,6.23,23.34,85.58,2.3
2020-12-17,Salem,11.6643,78.146,3.73,23.09,89.05,2.32
2020-12-18,Salem,11.6643,78.146,1.73,22.74,87.23,1.95
2020-12-19,Salem,11.6643,78.146,0.1,22.56,83.23,2.56
2020-12-20,Salem,11.6643,78.146,0.0,22.43,81.1,2.5
2020-12-21,Salem,11.6643,78.146,0.0,20.97,80.76,2.31
2020-12-22,Salem,11.6643,78.146,0.0,21.65,78.7,1.94
2020-12-23,Salem,11.6643,78.146,0.0,22.35,78.96,1.65
2020-12-24,Salem,11.6643,78.146,0.0,23.18,77.67,1.97
2020-12-25,Salem,11.6643,78.146,0.0,22.5,77.49,1.85
2020-12-26,Salem,11.6643,78.146,0.0,21.85,76.06,2.01
2020-12-27,Salem,11.6643,78.146,0.0,22.02,76.35,2.02
2020-12-28,Salem,11.6643,78.146,0.0,21.95,73.79,1.67
2020-12-29,Salem,11.6643,78.146,0.33,23.09,79.61,2.07
2020-12-30,Salem,11.6643,78.146,3.92,24.16,81.03,2.88
2020-12-31,Salem,11.6643,78.146,6.5,23.88,84.56,3.04
2021-01-01,Salem,11.6643,78.146,0.41,22.24,80.34,2.33
2021-01-02,Salem,11.6643,78.146,0.86,22.89,81.94,2.49
2021-01-03,Salem,11.6643,78.146,3.73,23.94,83.55,2.49
2021-01-04,Salem,11.6643,78.146,1.48,24.16,81.25,2.77
2021-01-05,Salem,11.6643,78.146,2.23,23.77,86.02,2.0
2021-01-06,Salem,11.6643,78.146,13.53,23.49,89.64,1.33
2021-01-07,Salem,11.6643,78.146,17.14,24.26,87.52,1.97
2021-01-08,Salem,11.6643,78.146,4.63,24.61,86.71,1.62
2021-01-09,Salem,11.6643,78.146,3.87,23.93,87.99,1.89
2021-01-10,Salem,11.6643,78.146,1.33,23.39,88.46,1.6
2021-01-11,Salem,11.6643,78.146,4.32,23.31,89.0,1.95
2021-01-12,Salem,11.6643,78.146,7.45,22.85,89.9,2.55
2021-01-13,Salem,11.6643,78.146,10.66,23.13,86.21,2.79
2021-01-14,Salem,11.6643,78.146,6.79,23.14,86.97,2.5
2021-01-15,Salem,11.6643,78.146,1.74,23.42,84.27,2.24
2021-01-16,Salem,11.6643,78.146,0.03,23.23,82.04,1.91
2021-01-17,Salem,11.6643,78.146,0.0,22.45,79.14,1.85
2021-01-18,Salem,11.6643,78.146,0.0,21.83,78.27,2.08
2021-01-19,Salem,11.6643,78.146,0.0,22.01,76.78,1.74
2021-01-20,Salem,11.6643,78.146,0.01,23.53,77.67,1.52
2021-01-21,Salem,11.6643,78.146,0.12,24.63,81.45,1.34
2021-01-22,Salem,11.6643,78.146,0.65,25.2,79.31,1.72
2021-01-23,Salem,11.6643,78.146,0.39,24.16,76.77,1.89
2021-01-24,Salem,11.6643,78.146,0.0,23.51,75.56,1.72
2021-01-25,Salem,11.6643,78.146,0.0,22.84,77.4,1.73
2021-01-26,Salem,11.6643,78.146,0.0,22.31,71.59,1.85
2021-01-27,Salem,11.6643,78.146,0.0,21.87,71.34,1.77
2021-01-28,Salem,11.6643,78.146,0.0,22.83,74.13,2.23
2021-01-29,Salem,11.6643,78.146,0.09,23.35,76.54,2.18
2021-01-30,Salem,11.6643,78.146,0.0,24.28,67.11,2.09
2021-01-31,Salem,11.6643,78.146,0.14,24.0,70.07,2.46
2021-02-01,Salem,11.6643,78.146,0.01,23.28,68.74,2.52
2021-02-02,Salem,11.6643,78.146,0.0,23.57,70.05,2.42
2021-02-03,Salem,11.6643,78.146,0.02,23.5,73.93,2.38
2021-02-04,Salem,11.6643,78.146,0.0,23.71,65.81,2.23
2021-02-05,Salem,11.6643,78.146,0.0,23.36,65.04,2.21
2021-02-06,Salem,11.6643,78.146,0.0,23.11,65.13,2.3
2021-02-07,Salem,11.6643,78.146,0.0,22.62,60.75,2.61
2021-02-08,Salem,11.6643,78.146,0.0,22.76,64.87,2.8
2021-02-09,Salem,11.6643,78.146,0.0,22.43,67.87,2.49
2021-02-10,Salem,11.6643,78.146,0.0,21.93,63.67,2.06
2021-02-11,Salem,11.6643,78.146,0.0,22.08,63.78,2.08
2021-02-12,Salem,11.6643,78.146,0.0,22.26,64.45,2.06
2021-02-13,Salem,11.6643,78.146,0.0,22.86,63.8,1.87
2021-02-14,Salem,11.6643,78.146,0.0,23.44,60.93,1.59
2021-02-15,Salem,11.6643,78.146,0.0,24.56,62.23,1.45
2021-02-16,Salem,11.6643,78.146,0.0,25.29,63.58,1.74
2021-02-17,Salem,11.6643,78.146,0.0,25.1,64.29,2.13
2021-02-18,Salem,11.6643,78.146,0.0,24.97,66.6,2.48
2021-02-19,Salem,11.6643,78.146,0.82,25.33,68.38,2.05
2021-02-20,Salem,11.6643,78.146,3.25,25.58,72.49,3.07
2021-02-21,Salem,11.6643,78.146,4.73,24.99,76.92,3.43
2021-02-22,Salem,11.6643,78.146,2.04,25.5,70.63,2.51
2021-02-23,Salem,11.6643,78.146,0.14,25.94,65.42,2.15
2021-02-24,Salem,11.6643,78.146,0.0,25.65,62.14,1.83
2021-02-25,Salem,11.6643,78.146,0.0,26.34,59.86,1.69
2021-02-26,Salem,11.6643,78.146,0.0,27.07,53.94,1.78
2021-02-27,Salem,11.6643,78.146,0.0,27.29,52.23,1.55
2021-02-28,Salem,11.6643,78.146,0.0,26.58,54.97,2.16
2021-03-01,Salem,11.6643,78.146,0.0,26.46,57.02,1.99
2021-03-02,Salem,11.6643,78.146,0.0,26.53,55.53,2.13
2021-03-03,Salem,11.6643,78.146,0.0,25.82,58.18,2.45
2021-03-04,Salem,11.6643,78.146,0.0,25.46,60.54,2.43
2021-03-05,Salem,11.6643,78.146,0.0,25.89,58.21,1.93
2021-03-06,Salem,11.6643,78.146,0.0,27.41,54.85,1.9
2021-03-07,Salem,11.6643,78.146,0.0,27.72,57.62,1.95
2021-03-08,Salem,11.6643,78.146,0.0,27.77,59.17,2.32
2021-03-09,Salem,11.6643,78.146,0.0,27.91,59.13,2.51
2021-03-10,Salem,11.6643,78.146,1.96,28.0,62.21,2.48
2021-03-11,Salem,11.6643,78.146,3.9,26.74,69.28,1.98
2021-03-12,Salem,11.6643,78.146,0.81,26.69,60.1,2.07
2021-03-13,Salem,11.6643,78.146,0.0,26.6,59.79,2.31
2021-03-14,Salem,11.6643,78.146,0.0,27.34,58.03,2.35
2021-03-15,Salem,11.6643,78.146,0.0,27.87,52.84,2.1
2021-03-16,Salem,11.6643,78.146,0.0,28.4,50.4,1.92
2021-03-17,Salem,11.6643,78.146,0.0,28.04,52.63,2.4
2021-03-18,Salem,11.6643,78.146,0.0,27.19,54.34,2.26
2021-03-19,Salem,11.6643,78.146,0.0,26.92,52.86,1.93
2021-03-20,Salem,11.6643,78.146,0.0,28.01,46.82,1.7
2021-03-21,Salem,11.6643,78.146,0.0,28.52,48.09,1.82
2021-03-22,Salem,11.6643,78.146,0.3,28.94,51.16,2.12
2021-03-23,Salem,11.6643,78.146,0.0,29.12,50.63,2.07
2021-03-24,Salem,11.6643,78.146,0.0,29.46,50.63,2.1
2021-03-25,Salem,11.6643,78.146,0.59,29.24,49.04,2.17
2021-03-26,Salem,11.6643,78.146,0.03,29.23,54.56,2.37
2021-03-27,Salem,11.6643,78.146,0.0,30.01,53.9,2.28
2021-03-28,Salem,11.6643,78.146,0.06,30.52,50.82,1.97
2021-03-29,Salem,11.6643,78.146,0.01,30.75,48.35,2.16
2021-03-30,Salem,11.6643,78.146,0.0,31.89,43.94,2.07
2021-03-31,Salem,11.6643,78.146,0.0,33.61,40.66,1.81
2021-04-01,Salem,11.6643,78.146,0.06,33.73,44.43,2.13
2021-04-02,Salem,11.6643,78.146,0.02,33.72,40.29,2.49
2021-04-03,Salem,11.6643,78.146,0.03,32.9,42.06,2.71
2021-04-04,Salem,11.6643,78.146,1.04,33.81,38.49,2.13
2021-04-05,Salem,11.6643,78.146,0.43,33.27,41.25,2.18
2021-04-06,Salem,11.6643,78.146,0.46,31.31,48.26,2.66
2021-04-07,Salem,11.6643,78.146,0.0,30.79,44.45,2.33
2021-04-08,Salem,11.6643,78.146,0.0,30.27,43.44,1.94
2021-04-09,Salem,11.6643,78.146,0.0,30.28,49.82,2.51
2021-04-10,Salem,11.6643,78.146,0.0,30.76,51.22,2.55
2021-04-11,Salem,11.6643,78.146,0.15,30.79,51.45,2.54
2021-04-12,Salem,11.6643,78.146,2.64,30.51,54.73,2.53
2021-04-13,Salem,11.6643,78.146,0.28,30.43,55.04,2.39
2021-04-14,Salem,11.6643,78.146,8.71,28.57,65.19,1.51
2021-04-15,Salem,11.6643,78.146,11.7,26.74,77.16,1.33
2021-04-16,Salem,11.6643,78.146,1.92,27.86,69.16,1.09
2021-04-17,Salem,11.6643,78.146,0.5,29.22,64.2,0.66
2021-04-18,Salem,11.6643,78.146,0.08,30.29,60.08,1.05
2021-04-19,Salem,11.6643,78.146,0.89,29.84,62.36,1.02
2021-04-20,Salem,11.6643,78.146,2.04,28.86,67.06,1.09
2021-04-21,Salem,11.6643,78.146,2.58,29.5,65.16,0.8
2021-04-22,Salem,11.6643,78.146,0.25,30.22,61.29,1.35
2021-04-23,Salem,11.6643,78.146,12.39,30.09,64.01,0.7
2021-04-24,Salem,11.6643,78.146,5.54,28.59,71.08,1.01
2021-04-25,Salem,11.6643,78.146,1.91,29.34,66.9,1.59
2021-04-26,Salem,11.6643,78.146,0.54,28.94,67.35,1.04
2021-04-27,Salem,11.6643,78.146,0.0,28.69,67.55,1.1
2021-04-28,Salem,11.6643,78.146,0.0,29.7,58.78,1.35
2021-04-29,Salem,11.6643,78.146,0.03,30.28,58.95,1.26
2021-04-30,Salem,11.6643,78.146,0.27,30.18,62.29,1.81
2021-05-01,Salem,11.6643,78.146,0.44,29.71,64.92,1.9
2021-05-02,Salem,11.6643,78.146,0.79,29.63,63.27,1.58
2021-05-03,Salem,11.6643,78.146,3.95,29.54,65.68,1.67
2021-05-04,Salem,11.6643,78.146,4.07,29.42,67.68,1.6
2021-05-05,Salem,11.6643,78.146,1.32,29.56,66.01,1.63
2021-05-06,Salem,11.6643,78.146,0.26,30.59,59.83,2.13
2021-05-07,Salem,11.6643,78.146,3.8,29.78,64.38,2.14
2021-05-08,Salem,11.6643,78.146,0.28,29.22,65.21,1.92
2021-05-09,Salem,11.6643,78.146,0.22,30.01,63.43,1.62
2021-05-10,Salem,11.6643,78.146,0.03,30.1,64.03,1.44
2021-05-11,Salem,11.6643,78.146,0.51,30.27,63.56,1.12
2021-05-12,Salem,11.6643,78.146,4.65,30.56,64.93,1.19
2021-05-13,Salem,11.6643,78.146,11.09,29.99,69.2,1.33
2021-05-14,Salem,11.6643,78.146,5.95,29.71,65.89,2.7
2021-05-15,Salem,11.6643,78.146,2.91,27.75,74.22,2.76
2021-05-16,Salem,11.6643,78.146,1.09,27.55,74.18,2.55
2021-05-17,Salem,11.6643,78.146,2.46,29.43,66.63,1.79
2021-05-18,Salem,11.6643,78.146,1.13,28.92,70.64,1.85
2021-05-19,Salem,11.6643,78.146,86.18,27.9,80.11,1.62
2021-05-20,Salem,11.6643,78.146,44.31,27.09,82.7,1.82
2021-05-21,Salem,11.6643,78.146,1.88,25.96,81.22,1.94
2021-05-22,Salem,11.6643,78.146,2.91,26.61,78.85,2.27
2021-05-23,Salem,11.6643,78.146,0.76,28.35,69.23,2.22
2021-05-24,Salem,11.6643,78.146,0.13,28.3,71.09,2.4
2021-05-25,Salem,11.6643,78.146,11.6,27.08,74.38,2.8
2021-05-26,Salem,11.6643,78.146,5.83,26.75,71.29,3.93
2021-05-27,Salem,11.6643,78.146,0.01,27.98,67.98,2.98
2021-05-28,Salem,11.6643,78.146,0.0,28.67,65.84,2.81
2021-05-29,Salem,11.6643,78.146,0.08,28.47,65.96,2.74
2021-05-30,Salem,11.6643,78.146,0.18,28.52,65.64,2.82
2021-05-31,Salem,11.6643,78.146,0.17,28.62,64.67,2.59
2021-06-01,Salem,11.6643,78.146,0.84,29.01,68.62,2.3
2021-06-02,Salem,11.6643,78.146,5.52,29.54,68.42,1.29
2021-06-03,Salem,11.6643,78.146,7.9,27.52,81.45,0.96
2021-06-04,Salem,11.6643,78.146,5.05,26.58,85.08,1.34
2021-06-05,Salem,11.6643,78.146,7.31,26.26,78.54,1.53
2021-06-06,Salem,11.6643,78.146,0.17,27.71,70.78,1.81
2021-06-07,Salem,11.6643,78.146,0.14,28.61,67.61,1.8
2021-06-08,Salem,11.6643,78.146,0.6,28.73,66.99,2.3
2021-06-09,Salem,11.6643,78.146,1.89,27.94,70.28,2.79
2021-06-10,Salem,11.6643,78.146,0.09,28.49,66.9,3.03
2021-06-11,Salem,11.6643,78.146,0.0,27.61,67.96,2.83
2021-06-12,Salem,11.6643,78.146,1.31,27.77,66.44,3.78
2021-06-13,Salem,11.6643,78.146,0.17,27.54,62.35,3.82
2021-06-14,Salem,11.6643,78.146,0.22,26.26,65.06,4.44
2021-06-15,Salem,11.6643,78.146,0.52,27.23,65.77,3.54
2021-06-16,Salem,11.6643,78.146,0.97,27.62,71.59,2.94
2021-06-17,Salem,11.6643,78.146,0.16,27.48,70.35,3.2
2021-06-18,Salem,11.6643,78.146,0.01,27.38,67.47,3.26
2021-06-19,Salem,11.6643,78.146,0.0,27.09,70.2,2.88
2021-06-20,Salem,11.6643,78.146,0.0,27.82,69.49,2.27
2021-06-21,Salem,11.6643,78.146,0.12,28.19,68.46,2.23
2021-06-22,Salem,11.6643,78.146,1.49,28.18,67.8,2.08
2021-06-23,Salem,11.6643,78.146,6.49,27.33,74.83,1.54
2021-06-24,Salem,11.6643,78.146,0.73,27.68,69.97,2.29
2021-06-25,Salem,11.6643,78.146,0.0,28.21,63.01,2.51
2021-06-26,Salem,11.6643,78.146,1.56,27.7,66.81,2.94
2021-06-27,Salem,11.6643,78.146,0.56,27.21,62.03,2.45
2021-06-28,Salem,11.6643,78.146,0.67,26.53,66.73,1.68
2021-06-29,Salem,11.6643,78.146,8.06,28.06,70.04,1.46
2021-06-30,Salem,11.6643,78.146,4.49,28.37,74.6,1.4
2021-07-01,Salem,11.6643,78.146,21.63,27.59,80.24,1.47
2021-07-02,Salem,11.6643,78.146,3.94,27.38,78.57,1.89
2021-07-03,Salem,11.6643,78.146,0.69,26.84,76.75,1.46
2021-07-04,Salem,11.6643,78.146,33.19,25.67,83.8,1.52
2021-07-05,Salem,11.6643,78.146,3.95,27.27,76.08,1.35
2021-07-06,Salem,11.6643,78.146,0.24,27.29,77.73,1.31
2021-07-07,Salem,11.6643,78.146,4.07,27.4,76.75,1.62
2021-07-08,Salem,11.6643,78.146,7.07,27.41,77.07,1.38
2021-07-09,Salem,11.6643,78.146,2.09,26.47,82.11,2.4
2021-07-10,Salem,11.6643,78.146,0.78,26.04,75.11,3.74
2021-07-11,Salem,11.6643,78.146,0.11,25.92,72.07,3.32
2021-07-12,Salem,11.6643,78.146,0.12,26.55,71.61,3.54
2021-07-13,Salem,11.6643,78.146,0.69,26.84,72.76,3.37
2021-07-14,Salem,11.6643,78.146,7.85,26.34,75.13,2.91
2021-07-15,Salem,11.6643,78.146,2.61,26.0,77.73,2.6
2021-07-16,Salem,11.6643,78.146,2.83,26.94,76.1,2.14
2021-07-17,Salem,11.6643,78.146,4.47,26.94,76.95,1.72
2021-07-18,Salem,11.6643,78.146,3.16,25.74,83.04,2.47
2021-07-19,Salem,11.6643,78.146,0.53,26.76,76.2,2.89
2021-07-20,Salem,11.6643,78.146,0.29,27.62,70.88,3.7
2021-07-21,Salem,11.6643,78.146,0.61,27.1,70.97,3.47
2021-07-22,Salem,11.6643,78.146,1.82,26.53,73.43,4.33
2021-07-23,Salem,11.6643,78.146,0.94,27.2,70.35,4.07
2021-07-24,Salem,11.6643,78.146,0.67,27.32,71.51,3.2
2021-07-25,Salem,11.6643,78.146,4.74,26.65,72.18,3.24
2021-07-26,Salem,11.6643,78.146,7.32,27.1,73.83,2.7
2021-07-27,Salem,11.6643,78.146,1.33,25.75,80.09,2.36
2021-07-28,Salem,11.6643,78.146,0.04,27.28,70.3,3.03
2021-07-29,Salem,11.6643,78.146,0.02,27.44,70.55,2.69
2021-07-30,Salem,11.6643,78.146,0.0,27.47,70.02,2.79
2021-07-31,Salem,11.6643,78.146,0.08,27.61,69.9,2.71
2021-08-01,Salem,11.6643,78.146,0.02,27.92,67.9,2.94
2021-08-02,Salem,11.6643,78.146,0.09,27.62,65.72,3.29
2021-08-03,Salem,11.6643,78.146,0.05,27.85,66.84,3.12
2021-08-04,Salem,11.6643,78.146,0.01,28.4,65.72,3.77
2021-08-05,Salem,11.6643,78.146,0.95,28.22,65.4,3.66
2021-08-06,Salem,11.6643,78.146,1.82,28.43,68.86,3.14
2021-08-07,Salem,11.6643,78.146,3.41,27.91,72.54,2.68
2021-08-08,Salem,11.6643,78.146,0.68,27.81,70.17,2.24
2021-08-09,Salem,11.6643,78.146,7.15,27.79,69.76,2.32
2021-08-10,Salem,11.6643,78.146,2.81,26.74,71.81,2.85
2021-08-11,Salem,11.6643,78.146,1.01,27.15,70.15,2.52
2021-08-12,Salem,11.6643,78.146,0.33,26.38,75.48,2.52
2021-08-13,Salem,11.6643,78.146,7.54,26.53,75.79,1.85
2021-08-14,Salem,11.6643,78.146,0.53,27.33,72.07,2.34
2021-08-15,Salem,11.6643,78.146,0.01,27.46,68.32,2.54
2021-08-16,Salem,11.6643,78.146,0.16,27.84,64.84,2.51
2021-08-17,Salem,11.6643,78.146,2.45,27.89,67.4,2.65
2021-08-18,Salem,11.6643,78.146,6.26,26.41,71.16,2.86
2021-08-19,Salem,11.6643,78.146,0.27,27.16,64.09,3.12
2021-08-20,Salem,11.6643,78.146,6.54,27.21,67.14,1.86
2021-08-21,Salem,11.6643,78.146,5.13,25.92,78.07,0.97
2021-08-22,Salem,11.6643,78.146,8.15,26.11,78.38,1.01
2021-08-23,Salem,11.6643,78.146,10.69,26.0,77.9,1.4
2021-08-24,Salem,11.6643,78.146,3.3,27.31,72.3,1.8
2021-08-25,Salem,11.6643,78.146,0.86,27.86,70.43,2.08
2021-08-26,Salem,11.6643,78.146,1.71,27.34,74.54,2.15
2021-08-27,Salem,11.6643,78.146,3.02,26.79,78.61,1.99
2021-08-28,Salem,11.6643,78.146,1.87,26.33,77.94,2.14
2021-08-29,Salem,11.6643,78.146,1.35,25.36,81.7,2.01
2021-08-30,Salem,11.6643,78.146,0.07,26.55,71.48,2.81
2021-08-31,Salem,11.6643,78.146,0.31,27.75,67.95,1.88
2021-09-01,Salem,11.6643,78.146,0.89,27.53,68.65,1.53
2021-09-02,Salem,11.6643,78.146,26.04,25.51,81.37,1.57
2021-09-03,Salem,11.6643,78.146,17.47,26.22,78.09,1.91
2021-09-04,Salem,11.6643,78.146,3.67,25.97,79.15,2.12
2021-09-05,Salem,11.6643,78.146,9.2,26.74,72.89,3.05
2021-09-06,Salem,11.6643,78.146,7.52,25.14,77.37,2.99
2021-09-07,Salem,11.6643,78.146,0.91,26.04,75.23,2.8
2021-09-08,Salem,11.6643,78.146,4.39,25.53,81.93,2.06
2021-09-09,Salem,11.6643,78.146,0.54,26.71,75.52,1.96
2021-09-10,Salem,11.6643,78.146,0.01,26.7,74.71,2.42
2021-09-11,Salem,11.6643,78.146,2.54,25.78,80.06,2.49
2021-09-12,Salem,11.6643,78.146,0.56,26.31,77.55,2.84
2021-09-13,Salem,11.6643,78.146,0.05,26.17,77.18,3.0
2021-09-14,Salem,11.6643,78.146,0.01,26.94,76.03,2.19
2021-09-15,Salem,11.6643,78.146,1.28,27.01,76.32,2.23
2021-09-16,Salem,11.6643,78.146,2.57,26.78,78.36,1.85
2021-09-17,Salem,11.6643,78.146,1.41,27.28,74.36,1.47
2021-09-18,Salem,11.6643,78.146,1.04,27.03,77.01,0.81
2021-09-19,Salem,11.6643,78.146,12.56,26.88,79.19,1.07
2021-09-20,Salem,11.6643,78.146,3.09,26.91,79.31,1.03
2021-09-21,Salem,11.6643,78.146,0.64,26.96,75.52,1.76
2021-09-22,Salem,11.6643,78.146,1.64,28.07,69.29,1.41
2021-09-23,Salem,11.6643,78.146,10.51,26.71,79.44,1.22
2021-09-24,Salem,11.6643,78.146,3.07,26.93,75.49,1.26
2021-09-25,Salem,11.6643,78.146,7.12,26.82,80.35,1.23
2021-09-26,Salem,11.6643,78.146,1.49,26.09,80.08,1.67
2021-09-27,Salem,11.6643,78.146,5.63,26.63,75.92,2.96
2021-09-28,Salem,11.6643,78.146,1.42,25.41,77.67,2.56
2021-09-29,Salem,11.6643,78.146,0.2,26.27,69.9,1.86
2021-09-30,Salem,11.6643,78.146,16.88,26.5,71.17,1.08
2021-10-01,Salem,11.6643,78.146,5.29,26.59,80.07,1.22
2021-10-02,Salem,11.6643,78.146,9.07,25.73,86.87,1.16
2021-10-03,Salem,11.6643,78.146,5.31,26.34,81.93,1.52
2021-10-04,Salem,11.6643,78.146,2.61,26.45,82.32,1.14
2021-10-05,Salem,11.6643,78.146,6.92,26.12,84.08,0.94
2021-10-06,Salem,11.6643,78.146,2.95,26.06,81.89,1.08
2021-10-07,Salem,11.6643,78.146,0.41,26.88,78.38,1.29
2021-10-08,Salem,11.6643,78.146,4.81,26.27,83.18,1.8
2021-10-09,Salem,11.6643,78.146,2.57,25.76,86.14,1.84
2021-10-10,Salem,11.6643,78.146,10.03,26.34,82.4,1.48
2021-10-11,Salem,11.6643,78.146,14.22,25.54,85.86,1.77
2021-10-12,Salem,11.6643,78.146,8.93,25.1,84.85,2.23
2021-10-13,Salem,11.6643,78.146,2.65,24.96,82.64,1.89
2021-10-14,Salem,11.6643,78.146,3.1,26.54,80.78,1.48
2021-10-15,Salem,11.6643,78.146,6.15,26.25,83.7,1.1
2021-10-16,Salem,11.6643,78.146,17.53,26.92,84.39,0.84
2021-10-17,Salem,11.6643,78.146,3.38,25.45,90.55,2.38
2021-10-18,Salem,11.6643,78.146,0.51,25.34,86.39,1.75
2021-10-19,Salem,11.6643,78.146,5.07,25.09,85.57,1.33
2021-10-20,Salem,11.6643,78.146,12.98,25.63,85.76,0.75
2021-10-21,Salem,11.6643,78.146,27.58,25.21,87.8,0.69
2021-10-22,Salem,11.6643,78.146,4.26,25.22,87.79,1.01
2021-10-23,Salem,11.6643,78.146,5.17,25.19,87.93,0.98
2021-10-24,Salem,11.6643,78.146,6.65,25.77,80.33,0.54
2021-10-25,Salem,11.6643,78.146,3.1,25.21,84.62,1.09
2021-10-26,Salem,11.6643,78.146,2.73,25.23,84.9,1.18
2021-10-27,Salem,11.6643,78.146,1.02,25.25,83.66,1.5
2021-10-28,Salem,11.6643,78.146,1.61,25.34,83.13,1.21
2021-10-29,Salem,11.6643,78.146,3.66,23.95,87.46,1.68
2021-10-30,Salem,11.6643,78.146,3.48,23.8,89.67,1.88
2021-10-31,Salem,11.6643,78.146,6.05,24.31,90.04,1.72
2021-11-01,Salem,11.6643,78.146,7.66,24.1,92.43,1.51
2021-11-02,Salem,11.6643,78.146,14.11,23.88,92.42,2.16
2021-11-03,Salem,11.6643,78.146,6.46,23.86,92.9,1.62
2021-11-04,Salem,11.6643,78.146,22.29,24.07,91.39,1.01
2021-11-05,Salem,11.6643,78.146,7.18,24.41,87.29,0.63
2021-11-06,Salem,11.6643,78.146,4.57,25.19,85.11,0.74
2021-11-07,Salem,11.6643,78.146,14.68,24.69,85.13,1.02
2021-11-08,Salem,11.6643,78.146,3.08,24.2,90.43,0.66
2021-11-09,Salem,11.6643,78.146,6.86,23.24,89.74,1.2
2021-11-10,Salem,11.6643,78.146,7.37,22.77,88.4,1.72
2021-11-11,Salem,11.6643,78.146,4.3,22.65,89.0,2.6
2021-11-12,Salem,11.6643,78.146,18.77,24.26,88.78,2.02
2021-11-13,Salem,11.6643,78.146,4.2,24.8,85.02,0.98
2021-11-14,Salem,11.6643,78.146,5.11,24.51,89.58,0.97
2021-11-15,Salem,11.6643,78.146,10.44,24.93,89.48,0.95
2021-11-16,Salem,11.6643,78.146,2.56,24.81,89.68,0.61
2021-11-17,Salem,11.6643,78.146,14.56,24.83,90.0,0.85
2021-11-18,Salem,11.6643,78.146,26.31,23.12,91.27,2.55
2021-11-19,Salem,11.6643,78.146,9.33,23.76,93.1,2.87
2021-11-20,Salem,11.6643,78.146,2.0,24.52,91.97,2.04
2021-11-21,Salem,11.6643,78.146,0.79,24.19,82.42,0.93
2021-11-22,Salem,11.6643,78.146,4.2,23.83,88.36,1.38
2021-11-23,Salem,11.6643,78.146,4.34,24.17,91.14,1.41
2021-11-24,Salem,11.6643,78.146,0.39,23.89,90.4,1.48
2021-11-25,Salem,11.6643,78.146,9.25,23.83,90.45,2.16
2021-11-26,Salem,11.6643,78.146,8.65,23.53,91.58,2.43
2021-11-27,Salem,11.6643,78.146,5.78,23.16,93.07,2.12
2021-11-28,Salem,11.6643,78.146,3.28,23.11,92.84,2.22
2021-11-29,Salem,11.6643,78.146,11.45,22.61,93.0,2.0
2021-11-30,Salem,11.6643,78.146,5.16,23.16,93.18,1.84
2021-12-01,Salem,11.6643,78.146,1.97,24.39,90.13,1.94
2021-12-02,Salem,11.6643,78.146,0.55,24.01,88.79,1.78
2021-12-03,Salem,11.6643,78.146,0.55,22.86,83.15,0.96
2021-12-04,Salem,11.6643,78.146,2.46,24.54,74.35,0.72
2021-12-05,Salem,11.6643,78.146,5.25,25.62,81.14,0.66
2021-12-06,Salem,11.6643,78.146,0.71,25.17,87.32,1.35
2021-12-07,Salem,11.6643,78.146,0.32,24.3,87.74,1.68
2021-12-08,Salem,11.6643,78.146,0.13,23.6,87.22,1.66
2021-12-09,Salem,11.6643,78.146,1.94,23.56,90.96,1.77
2021-12-10,Salem,11.6643,78.146,0.16,23.08,87.0,1.96
2021-12-11,Salem,11.6643,78.146,1.64,23.6,89.17,2.23
2021-12-12,Salem,11.6643,78.146,0.62,23.45,88.83,2.47
2021-12-13,Salem,11.6643,78.146,0.6,23.3,88.57,2.16
2021-12-14,Salem,11.6643,78.146,1.48,22.67,91.08,2.24
2021-12-15,Salem,11.6643,78.146,0.47,22.98,87.85,2.25
2021-12-16,Salem,11.6643,78.146,0.0,22.36,85.71,2.23
2021-12-17,Salem,11.6643,78.146,0.0,21.84,85.08,1.75
2021-12-18,Salem,11.6643,78.146,0.0,21.34,84.63,1.9
2021-12-19,Salem,11.6643,78.146,0.0,20.36,82.98,1.92
2021-12-20,Salem,11.6643,78.146,0.0,20.46,84.16,1.78
2021-12-21,Salem,11.6643,78.146,0.0,20.85,77.64,1.29
2021-12-22,Salem,11.6643,78.146,0.0,20.51,80.31,1.21
2021-12-23,Salem,11.6643,78.146,0.0,20.08,80.29,1.22
2021-12-24,Salem,11.6643,78.146,0.0,20.18,76.79,1.25
2021-12-25,Salem,11.6643,78.146,0.0,20.66,83.08,1.32
2021-12-26,Salem,11.6643,78.146,0.0,20.91,84.61,1.35
2021-12-27,Salem,11.6643,78.146,0.0,21.31,84.91,1.56
2021-12-28,Salem,11.6643,78.146,0.0,21.28,84.05,1.7
2021-12-29,Salem,11.6643,78.146,0.0,21.4,83.87,1.6
2021-12-30,Salem,11.6643,78.146,1.34,22.04,87.41,2.33
2021-12-31,Salem,11.6643,78.146,3.73,23.48,87.85,2.93
2022-01-01,Salem,11.6643,78.146,8.4,23.65,87.8,2.92
2022-01-02,Salem,11.6643,78.146,0.84,22.94,86.41,2.54
2022-01-03,Salem,11.6643,78.146,0.01,22.21,83.9,2.04
2022-01-04,Salem,11.6643,78.146,0.0,22.17,84.5,2.05
2022-01-05,Salem,11.6643,78.146,0.0,21.69,82.32,1.45
2022-01-06,Salem,11.6643,78.146,0.0,22.36,83.46,1.7
2022-01-07,Salem,11.6643,78.146,0.0,23.17,83.23,1.66
2022-01-08,Salem,11.6643,78.146,0.0,23.11,83.89,1.86
2022-01-09,Salem,11.6643,78.146,0.0,22.93,81.95,1.57
2022-01-10,Salem,11.6643,78.146,0.0,22.83,79.97,1.45
2022-01-11,Salem,11.6643,78.146,0.0,23.47,80.81,1.51
2022-01-12,Salem,11.6643,78.146,0.0,23.74,80.37,1.11
2022-01-13,Salem,11.6643,78.146,0.0,24.43,81.33,1.24
2022-01-14,Salem,11.6643,78.146,0.0,24.73,81.97,1.44
2022-01-15,Salem,11.6643,78.146,0.04,24.86,80.14,1.44
2022-01-16,Salem,11.6643,78.146,1.58,24.2,81.19,2.14
2022-01-17,Salem,11.6643,78.146,0.69,23.66,80.96,2.27
2022-01-18,Salem,11.6643,78.146,0.0,23.07,78.46,2.25
2022-01-19,Salem,11.6643,78.146,0.0,23.06,75.39,1.72
2022-01-20,Salem,11.6643,78.146,0.0,22.56,72.91,1.07
2022-01-21,Salem,11.6643,78.146,0.0,23.59,72.3,0.72
2022-01-22,Salem,11.6643,78.146,0.0,25.08,68.55,1.05
2022-01-23,Salem,11.6643,78.146,0.0,25.18,69.59,1.16
2022-01-24,Salem,11.6643,78.146,0.0,24.68,72.6,1.12
2022-01-25,Salem,11.6643,78.146,0.03,24.41,78.59,1.6
2022-01-26,Salem,11.6643,78.146,0.13,24.22,76.97,1.92
2022-01-27,Salem,11.6643,78.146,1.01,23.99,73.95,2.02
2022-01-28,Salem,11.6643,78.146,1.0,23.47,77.12,2.61
2022-01-29,Salem,11.6643,78.146,0.1,24.18,76.63,2.83
2022-01-30,Salem,11.6643,78.146,0.01,24.96,74.48,1.87
2022-01-31,Salem,11.6643,78.146,0.0,25.45,74.02,1.59
2022-02-01,Salem,11.6643,78.146,0.0,25.18,73.27,1.78
2022-02-02,Salem,11.6643,78.146,0.0,23.98,68.89,1.65
2022-02-03,Salem,11.6643,78.146,0.0,23.63,67.43,0.84
2022-02-04,Salem,11.6643,78.146,0.0,24.72,68.56,1.14
2022-02-05,Salem,11.6643,78.146,0.0,25.55,71.44,1.79
2022-02-06,Salem,11.6643,78.146,0.0,25.34,71.63,2.12
2022-02-07,Salem,11.6643,78.146,0.0,24.99,68.73,2.0
2022-02-08,Salem,11.6643,78.146,0.0,24.43,67.15,2.12
2022-02-09,Salem,11.6643,78.146,0.0,23.75,65.8,2.35
2022-02-10,Salem,11.6643,78.146,0.01,23.3,59.64,2.1
2022-02-11,Salem,11.6643,78.146,1.01,24.4,69.99,2.76
2022-02-12,Salem,11.6643,78.146,0.35,24.76,68.76,2.72
2022-02-13,Salem,11.6643,78.146,0.02,24.52,66.97,2.56
2022-02-14,Salem,11.6643,78.146,0.0,24.85,67.08,2.21
2022-02-15,Salem,11.6643,78.146,0.01,24.7,65.05,2.23
2022-02-16,Salem,11.6643,78.146,0.0,24.95,61.31,1.96
2022-02-17,Salem,11.6643,78.146,0.0,25.49,60.04,2.17
2022-02-18,Salem,11.6643,78.146,0.0,25.18,65.56,2.34
2022-02-19,Salem,11.6643,78.146,0.0,25.27,64.83,2.55
2022-02-20,Salem,11.6643,78.146,0.0,26.18,63.28,1.69
2022-02-21,Salem,11.6643,78.146,0.0,27.69,61.18,0.98
2022-02-22,Salem,11.6643,78.146,0.0,27.64,59.81,2.04
2022-02-23,Salem,11.6643,78.146,0.0,26.26,61.96,2.63
2022-02-24,Salem,11.6643,78.146,0.0,25.35,61.42,2.15
2022-02-25,Salem,11.6643,78.146,0.0,25.41,55.44,2.51
2022-02-26,Salem,11.6643,78.146,0.0,25.38,62.8,2.45
2022-02-27,Salem,11.6643,78.146,0.0,26.82,60.19,2.97
2022-02-28,Salem,11.6643,78.146,0.0,26.0,56.41,2.15
2022-03-01,Salem,11.6643,78.146,0.0,26.32,52.7,2.57
2022-03-02,Salem,11.6643,78.146,0.0,25.88,50.85,2.67
2022-03-03,Salem,11.6643,78.146,0.0,25.59,52.55,2.97
2022-03-04,Salem,11.6643,78.146,0.02,26.59,51.58,3.21
2022-03-05,Salem,11.6643,78.146,0.0,27.73,53.45,3.08
2022-03-06,Salem,11.6643,78.146,0.08,27.45,54.48,3.53
2022-03-07,Salem,11.6643,78.146,3.2,26.41,62.06,2.83
2022-03-08,Salem,11.6643,78.146,0.04,27.48,59.19,2.36
2022-03-09,Salem,11.6643,78.146,0.0,28.03,52.32,2.21
2022-03-10,Salem,11.6643,78.146,0.0,27.88,47.98,2.5
2022-03-11,Salem,11.6643,78.146,0.0,27.48,48.01,2.69
2022-03-12,Salem,11.6643,78.146,0.0,27.33,45.67,2.72
2022-03-13,Salem,11.6643,78.146,0.0,27.43,45.89,2.81
2022-03-14,Salem,11.6643,78.146,0.0,28.56,45.77,2.53
2022-03-15,Salem,11.6643,78.146,0.0,28.67,45.27,1.79
2022-03-16,Salem,11.6643,78.146,0.0,29.72,39.4,1.68
2022-03-17,Salem,11.6643,78.146,0.0,29.91,37.11,2.19
2022-03-18,Salem,11.6643,78.146,0.0,29.83,39.73,1.71
2022-03-19,Salem,11.6643,78.146,0.01,30.72,42.52,1.09
2022-03-20,Salem,11.6643,78.146,0.63,31.41,46.93,1.85
2022-03-21,Salem,11.6643,78.146,8.0,31.34,51.36,0.85
2022-03-22,Salem,11.6643,78.146,6.3,29.63,61.3,1.19
2022-03-23,Salem,11.6643,78.146,5.46,29.07,65.81,1.12
2022-03-24,Salem,11.6643,78.146,0.81,29.02,64.8,0.93
2022-03-25,Salem,11.6643,78.146,1.86,28.96,63.91,1.11
2022-03-26,Salem,11.6643,78.146,1.14,29.26,63.39,1.3
2022-03-27,Salem,11.6643,78.146,0.26,29.61,62.58,1.36
2022-03-28,Salem,11.6643,78.146,0.0,30.37,58.72,2.02
2022-03-29,Salem,11.6643,78.146,0.04,30.41,55.24,1.35
2022-03-30,Salem,11.6643,78.146,0.52,31.19,51.76,1.93
2022-03-31,Salem,11.6643,78.146,0.03,31.17,51.81,1.83
2022-04-01,Salem,11.6643,78.146,0.19,30.84,50.14,1.96
2022-04-02,Salem,11.6643,78.146,0.24,30.88,52.44,1.73
2022-04-03,Salem,11.6643,78.146,0.04,30.79,54.34,2.17
2022-04-04,Salem,11.6643,78.146,0.0,30.86,52.3,2.37
2022-04-05,Salem,11.6643,78.146,0.01,30.57,50.62,2.16
2022-04-06,Salem,11.6643,78.146,0.48,30.82,51.46,2.02
2022-04-07,Salem,11.6643,78.146,0.05,31.26,50.31,2.15
2022-04-08,Salem,11.6643,78.146,2.65,30.51,55.62,1.96
2022-04-09,Salem,11.6643,78.146,1.45,29.86,57.41,2.03
2022-04-10,Salem,11.6643,78.146,0.66,29.79,54.05,1.61
2022-04-11,Salem,11.6643,78.146,0.84,29.74,56.97,1.72
2022-04-12,Salem,11.6643,78.146,1.96,30.16,58.22,1.76
2022-04-13,Salem,11.6643,78.146,7.22,28.41,69.29,1.88
2022-04-14,Salem,11.6643,78.146,13.95,27.0,74.88,1.01
2022-04-15,Salem,11.6643,78.146,0.93,30.06,61.36,1.17
2022-04-16,Salem,11.6643,78.146,4.55,30.06,64.46,1.77
2022-04-17,Salem,11.6643,78.146,10.85,30.24,65.83,1.15
2022-04-18,Salem,11.6643,78.146,4.72,29.34,67.72,1.24
2022-04-19,Salem,11.6643,78.146,0.71,29.51,63.51,1.03
2022-04-20,Salem,11.6643,78.146,0.01,30.26,60.75,1.76
2022-04-21,Salem,11.6643,78.146,0.0,29.24,67.96,1.95
2022-04-22,Salem,11.6643,78.146,0.63,28.86,68.02,1.76
2022-04-23,Salem,11.6643,78.146,16.72,27.3,75.65,1.57
2022-04-24,Salem,11.6643,78.146,1.02,29.66,60.7,1.59
2022-04-25,Salem,11.6643,78.146,0.0,29.44,61.97,1.2
2022-04-26,Salem,11.6643,78.146,0.0,30.04,61.76,1.5
2022-04-27,Salem,11.6643,78.146,0.0,30.44,59.87,1.78
2022-04-28,Salem,11.6643,78.146,0.0,30.81,58.97,1.46
2022-04-29,Salem,11.6643,78.146,0.3,31.34,57.96,1.56
2022-04-30,Salem,11.6643,78.146,0.32,30.92,61.81,1.28
2022-05-01,Salem,11.6643,78.146,3.08,31.68,58.32,1.31
2022-05-02,Salem,11.6643,78.146,2.2,31.2,62.14,1.46
2022-05-03,Salem,11.6643,78.146,9.81,29.32,72.03,1.14
2022-05-04,Salem,11.6643,78.146,3.38,30.54,62.91,1.33
2022-05-05,Salem,11.6643,78.146,1.86,29.86,66.64,1.08
2022-05-06,Salem,11.6643,78.146,0.92,29.49,57.95,1.25
2022-05-07,Salem,11.6643,78.146,4.35,30.66,57.49,0.89
2022-05-08,Salem,11.6643,78.146,1.6,31.19,61.72,1.13
2022-05-09,Salem,11.6643,78.146,2.17,29.44,69.25,2.27
2022-05-10,Salem,11.6643,78.146,0.54,29.52,65.4,3.01
2022-05-11,Salem,11.6643,78.146,0.58,30.09,59.62,4.15
2022-05-12,Salem,11.6643,78.146,4.96,28.64,64.27,3.45
2022-05-13,Salem,11.6643,78.146,2.91,29.24,66.57,2.48
2022-05-14,Salem,11.6643,78.146,4.7,28.78,67.24,2.77
2022-05-15,Salem,11.6643,78.146,23.5,26.41,84.38,2.04
2022-05-16,Salem,11.6643,78.146,8.09,26.37,86.26,1.39
2022-05-17,Salem,11.6643,78.146,17.72,26.9,77.12,1.61
2022-05-18,Salem,11.6643,78.146,7.4,27.57,78.82,1.48
2022-05-19,Salem,11.6643,78.146,1.5,26.6,77.53,3.4
2022-05-20,Salem,11.6643,78.146,0.3,27.11,69.76,3.14
2022-05-21,Salem,11.6643,78.146,0.68,28.02,67.06,3.11
2022-05-22,Salem,11.6643,78.146,0.06,28.63,65.55,3.16
2022-05-23,Salem,11.6643,78.146,0.03,29.7,65.28,2.52
2022-05-24,Salem,11.6643,78.146,0.88,30.69,63.15,1.8
2022-05-25,Salem,11.6643,78.146,3.17,29.34,69.79,1.12
2022-05-26,Salem,11.6643,78.146,1.11,28.58,70.19,2.28
2022-05-27,Salem,11.6643,78.146,0.64,28.95,64.41,2.22
2022-05-28,Salem,11.6643,78.146,0.61,28.8,66.58,2.69
2022-05-29,Salem,11.6643,78.146,2.86,27.95,66.28,2.39
2022-05-30,Salem,11.6643,78.146,3.35,28.68,67.3,2.04
2022-05-31,Salem,11.6643,78.146,3.65,28.4,70.54,2.23
2022-06-01,Salem,11.6643,78.146,0.59,28.1,69.37,2.77
2022-06-02,Salem,11.6643,78.146,0.08,28.9,65.5,2.56
2022-06-03,Salem,11.6643,78.146,0.47,28.46,65.15,1.96
2022-06-04,Salem,11.6643,78.146,1.06,28.62,67.51,1.6
2022-06-05,Salem,11.6643,78.146,7.41,28.8,68.37,1.58
2022-06-06,Salem,11.6643,78.146,11.33,27.08,77.62,1.27
2022-06-07,Salem,11.6643,78.146,1.66,27.66,75.37,1.76
2022-06-08,Salem,11.6643,78.146,0.07,28.46,68.15,2.16
2022-06-09,Salem,11.6643,78.146,0.12,28.36,66.74,1.79
2022-06-10,Salem,11.6643,78.146,0.29,28.03,67.37,3.01
2022-06-11,Salem,11.6643,78.146,0.32,28.53,62.71,2.78
2022-06-12,Salem,11.6643,78.146,2.7,27.62,63.63,2.75
2022-06-13,Salem,11.6643,78.146,0.64,28.14,66.27,1.86
2022-06-14,Salem,11.6643,78.146,7.77,27.89,71.19,2.22
2022-06-15,Salem,11.6643,78.146,8.8,26.72,75.95,2.08
2022-06-16,Salem,11.6643,78.146,6.08,26.88,78.64,1.35
2022-06-17,Salem,11.6643,78.146,19.81,25.7,83.58,1.42
2022-06-18,Salem,11.6643,78.146,2.66,25.83,80.08,1.38
2022-06-19,Salem,11.6643,78.146,4.9,26.67,78.31,1.52
2022-06-20,Salem,11.6643,78.146,2.18,27.19,72.85,2.07
2022-06-21,Salem,11.6643,78.146,2.95,27.29,74.19,2.14
2022-06-22,Salem,11.6643,78.146,0.47,26.45,75.61,1.66
2022-06-23,Salem,11.6643,78.146,0.07,27.29,70.57,1.95
2022-06-24,Salem,11.6643,78.146,0.17,26.7,69.73,3.19
2022-06-25,Salem,11.6643,78.146,0.21,26.95,69.15,3.12
2022-06-26,Salem,11.6643,78.146,0.03,27.65,66.42,3.06
2022-06-27,Salem,11.6643,78.146,0.01,28.22,65.8,2.68
2022-06-28,Salem,11.6643,78.146,0.15,27.68,67.4,2.5
2022-06-29,Salem,11.6643,78.146,0.08,28.38,67.24,2.56
2022-06-30,Salem,11.6643,78.146,4.93,26.97,75.07,2.67
2022-07-01,Salem,11.6643,78.146,2.41,27.65,72.62,2.63
2022-07-02,Salem,11.6643,78.146,0.52,27.04,73.14,2.6
2022-07-03,Salem,11.6643,78.146,0.3,27.15,72.57,3.23
2022-07-04,Salem,11.6643,78.146,0.33,27.75,65.61,4.0
2022-07-05,Salem,11.6643,78.146,0.66,26.79,68.2,3.86
2022-07-06,Salem,11.6643,78.146,0.63,27.18,66.94,3.28
2022-07-07,Salem,11.6643,78.146,6.59,26.12,72.89,3.31
2022-07-08,Salem,11.6643,78.146,0.81,27.09,67.77,3.46
2022-07-09,Salem,11.6643,78.146,1.24,25.94,74.43,3.29
2022-07-10,Salem,11.6643,78.146,0.75,27.17,68.83,3.82
2022-07-11,Salem,11.6643,78.146,0.55,27.16,68.74,3.97
2022-07-12,Salem,11.6643,78.146,0.96,26.87,66.82,4.3
2022-07-13,Salem,11.6643,78.146,1.49,27.26,65.51,4.89
2022-07-14,Salem,11.6643,78.146,0.91,27.4,62.97,5.2
2022-07-15,Salem,11.6643,78.146,0.21,27.85,64.86,3.96
2022-07-16,Salem,11.6643,78.146,3.12,28.14,67.8,3.07
2022-07-17,Salem,11.6643,78.146,0.81,28.87,64.4,3.01
2022-07-18,Salem,11.6643,78.146,1.61,26.78,68.28,2.64
2022-07-19,Salem,11.6643,78.146,0.45,28.16,67.84,1.63
2022-07-20,Salem,11.6643,78.146,4.59,28.07,72.38,1.32
2022-07-21,Salem,11.6643,78.146,12.65,28.07,73.04,2.07
2022-07-22,Salem,11.6643,78.146,21.0,26.48,79.98,1.96
2022-07-23,Salem,11.6643,78.146,0.36,27.12,72.42,2.45
2022-07-24,Salem,11.6643,78.146,0.84,26.76,71.76,2.17
2022-07-25,Salem,11.6643,78.146,2.0,27.71,69.9,1.68
2022-07-26,Salem,11.6643,78.146,6.18,26.61,76.11,1.49
2022-07-27,Salem,11.6643,78.146,7.19,26.13,80.85,0.63
2022-07-28,Salem,11.6643,78.146,1.59,27.49,72.58,0.79
2022-07-29,Salem,11.6643,78.146,7.65,27.53,70.72,1.27
2022-07-30,Salem,11.6643,78.146,7.9,28.12,71.25,0.78
2022-07-31,Salem,11.6643,78.146,4.9,26.51,80.97,1.31
2022-08-01,Salem,11.6643,78.146,21.4,26.96,78.04,1.8
2022-08-02,Salem,11.6643,78.146,17.13,25.94,82.92,2.04
2022-08-03,Salem,11.6643,78.146,6.62,24.74,86.09,1.77
2022-08-04,Salem,11.6643,78.146,8.96,24.71,88.76,2.23
2022-08-05,Salem,11.6643,78.146,0.87,26.16,77.19,3.53
2022-08-06,Salem,11.6643,78.146,1.37,25.86,76.44,3.52
2022-08-07,Salem,11.6643,78.146,1.7,25.86,77.4,3.54
2022-08-08,Salem,11.6643,78.146,0.98,25.92,77.3,3.95
2022-08-09,Salem,11.6643,78.146,0.44,26.41,73.29,4.05
2022-08-10,Salem,11.6643,78.146,0.26,26.21,71.78,3.71
2022-08-11,Salem,11.6643,78.146,0.32,26.73,72.57,3.06
2022-08-12,Salem,11.6643,78.146,0.09,26.52,72.67,2.64
2022-08-13,Salem,11.6643,78.146,0.0,26.38,72.91,2.26
2022-08-14,Salem,11.6643,78.146,0.0,27.54,66.57,2.5
2022-08-15,Salem,11.6643,78.146,0.0,28.59,65.14,1.56
2022-08-16,Salem,11.6643,78.146,0.06,28.39,70.61,0.95
2022-08-17,Salem,11.6643,78.146,0.52,27.66,74.84,0.92
2022-08-18,Salem,11.6643,78.146,28.92,26.77,77.57,1.55
2022-08-19,Salem,11.6643,78.146,10.81,27.01,77.95,1.89
2022-08-20,Salem,11.6643,78.146,0.09,26.74,75.83,2.17
2022-08-21,Salem,11.6643,78.146,3.38,26.86,75.73,2.47
2022-08-22,Salem,11.6643,78.146,2.18,27.19,75.58,2.82
2022-08-23,Salem,11.6643,78.146,1.65,26.65,76.61,2.56
2022-08-24,Salem,11.6643,78.146,5.18,25.88,79.14,1.63
2022-08-25,Salem,11.6643,78.146,9.7,25.49,83.3,1.44
2022-08-26,Salem,11.6643,78.146,23.65,25.28,86.85,1.06
2022-08-27,Salem,11.6643,78.146,9.03,24.65,89.14,1.31
2022-08-28,Salem,11.6643,78.146,14.61,25.37,84.44,1.31
2022-08-29,Salem,11.6643,78.146,6.42,25.22,86.27,1.16
2022-08-30,Salem,11.6643,78.146,6.29,25.96,84.6,1.23
2022-08-31,Salem,11.6643,78.146,5.65,25.4,83.97,1.01
2022-09-01,Salem,11.6643,78.146,3.97,25.13,83.67,0.72
2022-09-02,Salem,11.6643,78.146,1.5,26.29,80.75,0.88
2022-09-03,Salem,11.6643,78.146,0.81,27.23,78.9,0.95
2022-09-04,Salem,11.6643,78.146,19.04,26.99,81.8,0.72
2022-09-05,Salem,11.6643,78.146,18.23,26.58,84.65,1.13
2022-09-06,Salem,11.6643,78.146,7.33,26.0,80.63,1.5
2022-09-07,Salem,11.6643,78.146,7.46,24.87,86.85,1.75
2022-09-08,Salem,11.6643,78.146,1.07,25.21,84.88,1.9
2022-09-09,Salem,11.6643,78.146,0.27,25.43,83.8,2.41
2022-09-10,Salem,11.6643,78.146,2.85,25.78,81.37,2.77
2022-09-11,Salem,11.6643,78.146,0.33,25.59,81.6,2.92
2022-09-12,Salem,11.6643,78.146,0.02,25.74,80.08,2.79
2022-09-13,Salem,11.6643,78.146,0.25,26.09,79.98,2.15
2022-09-14,Salem,11.6643,78.146,1.43,26.65,79.27,1.77
2022-09-15,Salem,11.6643,78.146,0.03,26.67,75.71,1.59
2022-09-16,Salem,11.6643,78.146,0.01,26.59,77.04,1.68
2022-09-17,Salem,11.6643,78.146,0.2,27.0,76.17,1.56
2022-09-18,Salem,11.6643,78.146,0.71,27.35,74.21,1.64
2022-09-19,Salem,11.6643,78.146,0.07,26.44,78.11,1.96
2022-09-20,Salem,11.6643,78.146,0.0,26.03,74.01,2.0
2022-09-21,Salem,11.6643,78.146,0.01,26.69,73.2,2.05
2022-09-22,Salem,11.6643,78.146,0.0,26.96,71.03,2.13
2022-09-23,Salem,11.6643,78.146,0.0,26.25,72.11,1.86
2022-09-24,Salem,11.6643,78.146,0.23,26.88,73.32,1.69
2022-09-25,Salem,11.6643,78.146,6.97,27.82,71.58,1.47
2022-09-26,Salem,11.6643,78.146,8.56,27.54,76.31,1.13
2022-09-27,Salem,11.6643,78.146,0.17,26.16,78.6,1.67
2022-09-28,Salem,11.6643,78.146,2.04,26.74,74.84,1.42
2022-09-29,Salem,11.6643,78.146,0.23,25.91,78.19,1.53
2022-09-30,Salem,11.6643,78.146,2.0,25.52,79.57,1.88
2022-10-01,Salem,11.6643,78.146,1.46,24.62,79.95,2.11
2022-10-02,Salem,11.6643,78.146,2.74,26.03,76.24,2.2
2022-10-03,Salem,11.6643,78.146,0.13,26.04,78.29,2.28
2022-10-04,Salem,11.6643,78.146,0.32,26.18,78.66,2.07
2022-10-05,Salem,11.6643,78.146,6.4,25.55,82.2,1.8
2022-10-06,Salem,11.6643,78.146,0.25,25.29,76.08,1.92
2022-10-07,Salem,11.6643,78.146,0.09,26.24,73.87,1.13
2022-10-08,Salem,11.6643,78.146,0.48,25.05,78.17,1.72
2022-10-09,Salem,11.6643,78.146,11.13,25.29,85.91,1.51
2022-10-10,Salem,11.6643,78.146,32.8,25.51,87.76,1.72
2022-10-11,Salem,11.6643,78.146,5.97,25.63,85.49,1.41
2022-10-12,Salem,11.6643,78.146,1.6,26.0,82.62,1.12
2022-10-13,Salem,11.6643,78.146,7.35,25.84,84.55,0.88
2022-10-14,Salem,11.6643,78.146,5.84,26.26,84.01,1.06
2022-10-15,Salem,11.6643,78.146,10.83,25.52,86.01,0.67
2022-10-16,Salem,11.6643,78.146,12.26,25.82,84.12,1.0
2022-10-17,Salem,11.6643,78.146,5.31,26.11,84.64,1.26
2022-10-18,Salem,11.6643,78.146,6.8,25.45,85.9,1.18
2022-10-19,Salem,11.6643,78.146,16.91,25.62,81.53,0.79
2022-10-20,Salem,11.6643,78.146,12.84,26.11,81.78,0.72
2022-10-21,Salem,11.6643,78.146,6.33,24.97,86.5,0.94
2022-10-22,Salem,11.6643,78.146,2.4,25.16,85.71,1.42
2022-10-23,Salem,11.6643,78.146,0.49,25.99,80.98,0.8
2022-10-24,Salem,11.6643,78.146,0.02,25.55,72.88,1.14
2022-10-25,Salem,11.6643,78.146,0.0,23.96,67.4,1.09
2022-10-26,Salem,11.6643,78.146,0.0,23.66,69.87,1.13
2022-10-27,Salem,11.6643,78.146,0.0,23.62,73.59,1.6
2022-10-28,Salem,11.6643,78.146,1.06,24.93,80.44,1.48
2022-10-29,Salem,11.6643,78.146,1.31,25.02,84.35,1.97
2022-10-30,Salem,11.6643,78.146,3.93,24.96,83.85,1.73
2022-10-31,Salem,11.6643,78.146,0.37,24.46,84.74,1.58
2022-11-01,Salem,11.6643,78.146,4.16,23.29,89.21,1.76
2022-11-02,Salem,11.6643,78.146,7.05,23.95,84.91,1.63
2022-11-03,Salem,11.6643,78.146,7.46,23.9,83.99,1.91
2022-11-04,Salem,11.6643,78.146,8.67,23.82,85.1,1.88
2022-11-05,Salem,11.6643,78.146,2.71,24.12,83.42,1.82
2022-11-06,Salem,11.6643,78.146,1.98,23.78,88.33,1.75
2022-11-07,Salem,11.6643,78.146,0.09,24.52,84.1,1.86
2022-11-08,Salem,11.6643,78.146,0.45,24.77,83.78,1.92
2022-11-09,Salem,11.6643,78.146,0.3,24.82,82.2,1.88
2022-11-10,Salem,11.6643,78.146,3.09,24.6,82.72,1.87
2022-11-11,Salem,11.6643,78.146,38.58,22.74,92.0,2.13
2022-11-12,Salem,11.6643,78.146,15.77,23.74,91.66,2.78
2022-11-13,Salem,11.6643,78.146,2.63,24.04,88.26,2.46
2022-11-14,Salem,11.6643,78.146,3.06,23.69,87.56,1.42
2022-11-15,Salem,11.6643,78.146,0.37,23.92,86.14,1.35
2022-11-16,Salem,11.6643,78.146,0.04,23.99,85.26,1.4
2022-11-17,Salem,11.6643,78.146,0.0,22.47,77.53,1.69
2022-11-18,Salem,11.6643,78.146,0.0,21.1,75.7,1.79
2022-11-19,Salem,11.6643,78.146,0.0,21.43,77.84,1.74
2022-11-20,Salem,11.6643,78.146,0.0,21.18,72.92,1.47
2022-11-21,Salem,11.6643,78.146,0.0,21.65,76.06,1.47
2022-11-22,Salem,11.6643,78.146,0.22,23.9,82.25,0.85
2022-11-23,Salem,11.6643,78.146,3.02,24.91,81.51,0.68
2022-11-24,Salem,11.6643,78.146,1.95,24.89,84.44,1.24
2022-11-25,Salem,11.6643,78.146,0.38,24.62,83.37,1.47
2022-11-26,Salem,11.6643,78.146,0.17,23.94,85.66,0.99
2022-11-27,Salem,11.6643,78.146,2.03,25.02,83.16,1.17
2022-11-28,Salem,11.6643,78.146,1.76,25.19,83.13,0.99
2022-11-29,Salem,11.6643,78.146,1.59,24.32,83.41,1.76
2022-11-30,Salem,11.6643,78.146,0.04,22.51,78.09,1.57
2022-12-01,Salem,11.6643,78.146,0.84,24.38,83.57,1.78
2022-12-02,Salem,11.6643,78.146,0.36,24.84,82.44,1.48
2022-12-03,Salem,11.6643,78.146,0.56,24.42,83.48,1.88
2022-12-04,Salem,11.6643,78.146,4.33,23.79,88.35,1.79
2022-12-05,Salem,11.6643,78.146,1.23,24.02,83.03,1.93
2022-12-06,Salem,11.6643,78.146,0.0,23.98,80.72,1.59
2022-12-07,Salem,11.6643,78.146,0.0,22.49,77.48,1.5
2022-12-08,Salem,11.6643,78.146,0.74,21.53,71.45,1.96
2022-12-09,Salem,11.6643,78.146,2.79,20.98,78.6,3.34
2022-12-10,Salem,11.6643,78.146,12.5,22.2,88.13,3.29
2022-12-11,Salem,11.6643,78.146,4.65,23.72,89.57,1.83
2022-12-12,Salem,11.6643,78.146,11.55,24.02,88.47,1.3
2022-12-13,Salem,11.6643,78.146,14.94,24.03,88.58,1.94
2022-12-14,Salem,11.6643,78.146,1.53,23.81,86.1,1.69
2022-12-15,Salem,11.6643,78.146,0.01,23.13,80.76,1.67
2022-12-16,Salem,11.6643,78.146,0.0,22.31,78.09,1.49
2022-12-17,Salem,11.6643,78.146,0.0,23.03,81.39,1.91
2022-12-18,Salem,11.6643,78.146,0.0,23.42,83.22,2.3
2022-12-19,Salem,11.6643,78.146,0.0,22.77,78.39,2.12
2022-12-20,Salem,11.6643,78.146,0.0,23.34,79.02,2.06
2022-12-21,Salem,11.6643,78.146,0.01,23.45,75.68,2.07
2022-12-22,Salem,11.6643,78.146,0.0,22.79,72.46,2.25
2022-12-23,Salem,11.6643,78.146,0.0,23.24,79.99,1.99
2022-12-24,Salem,11.6643,78.146,0.04,24.52,78.16,2.15
2022-12-25,Salem,11.6643,78.146,9.13,24.63,82.2,2.59
2022-12-26,Salem,11.6643,78.146,3.34,24.49,83.71,2.53
2022-12-27,Salem,11.6643,78.146,1.46,24.37,84.3,2.16
2022-12-28,Salem,11.6643,78.146,0.08,24.65,79.58,1.87
2022-12-29,Salem,11.6643,78.146,0.0,24.24,77.8,1.68
2022-12-30,Salem,11.6643,78.146,0.0,23.39,74.69,1.58
2022-12-31,Salem,11.6643,78.146,0.0,23.29,72.87,1.19
2023-01-01,Salem,11.6643,78.146,0.0,22.8,71.49,1.53
2023-01-02,Salem,11.6643,78.146,0.0,22.67,74.61,1.91
2023-01-03,Salem,11.6643,78.146,0.0,22.83,75.81,1.9
2023-01-04,Salem,11.6643,78.146,0.0,23.07,74.28,2.04
2023-01-05,Salem,11.6643,78.146,0.0,22.96,72.55,2.31
2023-01-06,Salem,11.6643,78.146,0.0,23.23,72.4,2.96
2023-01-07,Salem,11.6643,78.146,0.0,23.2,73.8,2.52
2023-01-08,Salem,11.6643,78.146,0.0,23.66,74.26,2.15
2023-01-09,Salem,11.6643,78.146,0.0,22.63,68.75,2.09
2023-01-10,Salem,11.6643,78.146,0.0,21.36,70.12,2.38
2023-01-11,Salem,11.6643,78.146,0.0,21.82,68.62,1.75
2023-01-12,Salem,11.6643,78.146,0.0,22.05,65.17,1.73
2023-01-13,Salem,11.6643,78.146,0.0,22.17,67.35,1.41
2023-01-14,Salem,11.6643,78.146,0.0,21.97,66.13,1.41
2023-01-15,Salem,11.6643,78.146,0.0,21.8,66.52,1.42
2023-01-16,Salem,11.6643,78.146,0.0,22.1,65.28,1.78
2023-01-17,Salem,11.6643,78.146,0.0,22.08,68.43,1.62
2023-01-18,Salem,11.6643,78.146,0.0,22.23,68.77,2.04
2023-01-19,Salem,11.6643,78.146,0.0,22.18,66.18,2.06
2023-01-20,Salem,11.6643,78.146,0.0,22.61,71.61,2.19
2023-01-21,Salem,11.6643,78.146,0.0,23.67,68.15,2.21
2023-01-22,Salem,11.6643,78.146,0.0,23.5,65.91,2.2
2023-01-23,Salem,11.6643,78.146,1.05,24.23,72.48,2.22
2023-01-24,Salem,11.6643,78.146,1.02,24.58,72.05,1.75
2023-01-25,Salem,11.6643,78.146,0.04,23.81,66.45,1.91
2023-01-26,Salem,11.6643,78.146,0.0,23.35,66.69,1.91
2023-01-27,Salem,11.6643,78.146,0.0,22.93,63.82,1.94
2023-01-28,Salem,11.6643,78.146,0.0,22.86,64.14,2.17
2023-01-29,Salem,11.6643,78.146,0.01,23.72,68.63,2.32
2023-01-30,Salem,11.6643,78.146,0.33,25.27,70.14,2.12
2023-01-31,Salem,11.6643,78.146,0.02,25.4,64.08,2.66
2023-02-01,Salem,11.6643,78.146,0.12,25.9,60.3,2.7
2023-02-02,Salem,11.6643,78.146,1.29,24.85,63.64,2.87
2023-02-03,Salem,11.6643,78.146,2.34,25.3,70.0,2.59
2023-02-04,Salem,11.6643,78.146,2.76,25.51,67.03,2.76
2023-02-05,Salem,11.6643,78.146,0.01,25.26,59.53,2.37
2023-02-06,Salem,11.6643,78.146,0.0,24.87,60.9,1.93
2023-02-07,Salem,11.6643,78.146,0.0,25.3,59.5,1.44
2023-02-08,Salem,11.6643,78.146,0.0,25.55,60.0,2.17
2023-02-09,Salem,11.6643,78.146,0.0,25.31,59.25,2.02
2023-02-10,Salem,11.6643,78.146,0.0,25.48,55.44,2.21
2023-02-11,Salem,11.6643,78.146,0.0,25.1,53.93,1.84
2023-02-12,Salem,11.6643,78.146,0.0,25.41,49.94,1.93
2023-02-13,Salem,11.6643,78.146,0.0,25.37,49.77,2.34
2023-02-14,Salem,11.6643,78.146,0.0,25.16,53.49,1.83
2023-02-15,Salem,11.6643,78.146,0.0,25.53,52.07,2.01
2023-02-16,Salem,11.6643,78.146,0.0,25.14,54.94,2.42
2023-02-17,Salem,11.6643,78.146,0.0,25.17,56.66,2.15
2023-02-18,Salem,11.6643,78.146,0.0,25.53,55.62,1.8
2023-02-19,Salem,11.6643,78.146,0.0,26.21,54.46,2.06
2023-02-20,Salem,11.6643,78.146,0.0,26.5,51.17,1.53
2023-02-21,Salem,11.6643,78.146,0.0,26.41,49.77,2.16
2023-02-22,Salem,11.6643,78.146,0.0,26.05,50.15,2.46
2023-02-23,Salem,11.6643,78.146,0.0,25.27,55.07,2.2
2023-02-24,Salem,11.6643,78.146,0.0,26.28,53.1,1.89
2023-02-25,Salem,11.6643,78.146,0.0,26.33,49.23,2.55
2023-02-26,Salem,11.6643,78.146,0.0,25.65,52.11,2.67
2023-02-27,Salem,11.6643,78.146,0.0,25.26,52.8,2.38
2023-02-28,Salem,11.6643,78.146,0.0,25.63,56.84,2.8
2023-03-01,Salem,11.6643,78.146,0.0,27.84,59.23,3.37
2023-03-02,Salem,11.6643,78.146,0.01,26.72,49.19,2.86
2023-03-03,Salem,11.6643,78.146,0.0,25.74,46.69,3.03
2023-03-04,Salem,11.6643,78.146,0.0,26.73,50.91,2.87
2023-03-05,Salem,11.6643,78.146,0.12,27.58,45.17,2.83
2023-03-06,Salem,11.6643,78.146,0.05,26.58,44.32,2.57
2023-03-07,Salem,11.6643,78.146,0.0,25.86,50.05,2.18
2023-03-08,Salem,11.6643,78.146,0.0,26.79,54.5,3.0
2023-03-09,Salem,11.6643,78.146,0.0,27.01,54.54,2.76
2023-03-10,Salem,11.6643,78.146,0.0,27.28,52.52,2.73
2023-03-11,Salem,11.6643,78.146,0.0,27.51,52.87,2.71
2023-03-12,Salem,11.6643,78.146,0.0,27.68,56.46,2.86
2023-03-13,Salem,11.6643,78.146,0.0,28.25,53.84,2.7
2023-03-14,Salem,11.6643,78.146,0.0,28.66,47.22,2.32
2023-03-15,Salem,11.6643,78.146,0.0,29.59,48.86,2.02
2023-03-16,Salem,11.6643,78.146,0.23,29.82,53.18,2.12
2023-03-17,Salem,11.6643,78.146,1.91,29.92,54.63,2.5
2023-03-18,Salem,11.6643,78.146,2.48,29.59,57.37,2.63
2023-03-19,Salem,11.6643,78.146,3.03,27.45,64.04,2.18
2023-03-20,Salem,11.6643,78.146,1.95,28.0,62.75,1.63
2023-03-21,Salem,11.6643,78.146,0.09,29.76,52.78,1.75
2023-03-22,Salem,11.6643,78.146,0.04,30.39,49.85,1.82
2023-03-23,Salem,11.6643,78.146,1.12,30.63,49.61,1.63
2023-03-24,Salem,11.6643,78.146,3.7,30.12,56.62,1.85
2023-03-25,Salem,11.6643,78.146,5.19,28.95,64.24,1.59
2023-03-26,Salem,11.6643,78.146,1.17,29.79,60.61,1.19
2023-03-27,Salem,11.6643,78.146,0.22,29.91,59.37,0.94
2023-03-28,Salem,11.6643,78.146,0.47,30.96,53.37,1.88
2023-03-29,Salem,11.6643,78.146,2.55,30.45,54.79,1.86
2023-03-30,Salem,11.6643,78.146,0.58,30.27,50.51,1.68
2023-03-31,Salem,11.6643,78.146,0.17,31.28,48.2,1.61
2023-04-01,Salem,11.6643,78.146,0.7,31.31,50.76,1.83
2023-04-02,Salem,11.6643,78.146,1.45,30.01,56.94,1.38
2023-04-03,Salem,11.6643,78.146,1.19,29.99,55.15,1.87
2023-04-04,Salem,11.6643,78.146,2.52,28.88,63.12,1.42
2023-04-05,Salem,11.6643,78.146,0.38,29.87,55.65,1.9
2023-04-06,Salem,11.6643,78.146,0.01,30.82,51.87,2.03
2023-04-07,Salem,11.6643,78.146,0.0,30.47,52.53,2.41
2023-04-08,Salem,11.6643,78.146,0.0,29.95,50.32,2.85
2023-04-09,Salem,11.6643,78.146,0.0,29.98,49.35,2.49
2023-04-10,Salem,11.6643,78.146,0.01,30.36,51.1,2.45
2023-04-11,Salem,11.6643,78.146,0.07,30.49,43.31,1.97
2023-04-12,Salem,11.6643,78.146,0.0,30.53,37.28,1.93
2023-04-13,Salem,11.6643,78.146,0.0,31.26,30.53,1.75
2023-04-14,Salem,11.6643,78.146,0.0,31.0,34.32,1.42
2023-04-15,Salem,11.6643,78.146,0.0,32.08,34.71,1.85
2023-04-16,Salem,11.6643,78.146,0.0,30.85,40.1,1.49
2023-04-17,Salem,11.6643,78.146,0.0,31.82,39.29,2.03
2023-04-18,Salem,11.6643,78.146,0.0,32.03,40.61,1.87
2023-04-19,Salem,11.6643,78.146,0.0,32.35,41.02,1.76
2023-04-20,Salem,11.6643,78.146,0.0,33.4,43.83,1.85
2023-04-21,Salem,11.6643,78.146,0.26,34.04,42.85,1.91
2023-04-22,Salem,11.6643,78.146,1.8,33.64,45.65,2.09
2023-04-23,Salem,11.6643,78.146,1.25,32.79,48.59,2.11
2023-04-24,Salem,11.6643,78.146,0.82,31.21,54.42,2.26
2023-04-25,Salem,11.6643,78.146,4.2,30.44,57.44,2.15
2023-04-26,Salem,11.6643,78.146,1.56,29.22,61.22,2.05
2023-04-27,Salem,11.6643,78.146,0.46,30.13,57.48,2.02
2023-04-28,Salem,11.6643,78.146,1.34,30.77,55.09,2.14
2023-04-29,Salem,11.6643,78.146,7.38,29.91,62.22,1.94
2023-04-30,Salem,11.6643,78.146,2.61,29.38,65.61,1.98
2023-05-01,Salem,11.6643,78.146,18.51,27.01,81.18,1.37
2023-05-02,Salem,11.6643,78.146,14.47,26.59,83.12,2.41
2023-05-03,Salem,11.6643,78.146,4.29,26.47,82.91,1.49
2023-05-04,Salem,11.6643,78.146,3.62,26.44,80.34,1.09
2023-05-05,Salem,11.6643,78.146,6.73,26.24,77.69,1.18
2023-05-06,Salem,11.6643,78.146,8.35,26.88,76.25,1.08
2023-05-07,Salem,11.6643,78.146,6.24,26.2,82.91,1.49
2023-05-08,Salem,11.6643,78.146,6.31,26.74,80.17,1.63
2023-05-09,Salem,11.6643,78.146,1.38,28.38,72.41,1.42
2023-05-10,Salem,11.6643,78.146,0.57,28.8,70.72,1.07
2023-05-11,Salem,11.6643,78.146,1.24,29.54,67.04,1.27
2023-05-12,Salem,11.6643,78.146,0.68,30.46,62.99,1.93
2023-05-13,Salem,11.6643,78.146,0.0,31.08,57.85,2.84
2023-05-14,Salem,11.6643,78.146,0.0,30.85,58.98,2.83
2023-05-15,Salem,11.6643,78.146,0.01,30.98,62.64,2.32
2023-05-16,Salem,11.6643,78.146,0.03,31.99,58.38,1.79
2023-05-17,Salem,11.6643,78.146,0.73,31.44,57.76,1.71
2023-05-18,Salem,11.6643,78.146,0.16,31.64,57.26,1.34
2023-05-19,Salem,11.6643,78.146,0.78,29.29,69.36,1.43
2023-05-20,Salem,11.6643,78.146,0.84,30.98,61.95,1.28
2023-05-21,Salem,11.6643,78.146,7.48,30.22,66.87,1.27
2023-05-22,Salem,11.6643,78.146,3.14,29.37,70.68,1.27
2023-05-23,Salem,11.6643,78.146,0.39,30.27,63.18,1.12
2023-05-24,Salem,11.6643,78.146,9.32,28.7,72.48,1.51
2023-05-25,Salem,11.6643,78.146,3.63,29.89,66.75,1.88
2023-05-26,Salem,11.6643,78.146,6.81,30.18,65.35,2.14
2023-05-27,Salem,11.6643,78.146,6.37,29.99,65.85,1.84
2023-05-28,Salem,11.6643,78.146,0.13,29.25,68.07,0.96
2023-05-29,Salem,11.6643,78.146,0.32,30.13,64.82,1.24
2023-05-30,Salem,11.6643,78.146,1.06,30.48,64.62,0.8
2023-05-31,Salem,11.6643,78.146,1.58,29.07,68.07,1.36
2023-06-01,Salem,11.6643,78.146,0.23,30.65,61.47,2.3
2023-06-02,Salem,11.6643,78.146,1.42,29.1,66.54,2.16
2023-06-03,Salem,11.6643,78.146,0.15,29.85,64.81,1.77
2023-06-04,Salem,11.6643,78.146,0.19,30.52,62.35,2.29
2023-06-05,Salem,11.6643,78.146,0.34,29.21,67.59,2.29
2023-06-06,Salem,11.6643,78.146,1.12,29.97,61.81,2.15
2023-06-07,Salem,11.6643,78.146,0.09,29.52,65.72,2.75
2023-06-08,Salem,11.6643,78.146,0.6,29.67,64.78,1.98
2023-06-09,Salem,11.6643,78.146,0.25,30.04,61.43,2.79
2023-06-10,Salem,11.6643,78.146,0.08,30.19,58.64,3.78
2023-06-11,Salem,11.6643,78.146,0.04,30.41,58.73,2.97
2023-06-12,Salem,11.6643,78.146,3.1,30.08,64.26,2.89
2023-06-13,Salem,11.6643,78.146,1.17,30.07,63.1,2.87
2023-06-14,Salem,11.6643,78.146,2.64,28.39,70.9,2.47
2023-06-15,Salem,11.6643,78.146,0.17,30.75,59.88,1.95
2023-06-16,Salem,11.6643,78.146,0.0,31.73,55.13,2.87
2023-06-17,Salem,11.6643,78.146,0.02,28.7,67.17,2.41
2023-06-18,Salem,11.6643,78.146,0.31,28.92,65.11,2.36
2023-06-19,Salem,11.6643,78.146,0.25,29.84,59.69,2.4
2023-06-20,Salem,11.6643,78.146,1.81,28.38,65.78,1.13
2023-06-21,Salem,11.6643,78.146,8.08,28.49,70.9,1.15
2023-06-22,Salem,11.6643,78.146,8.92,28.41,70.41,1.79
2023-06-23,Salem,11.6643,78.146,6.1,28.2,64.54,2.55
2023-06-24,Salem,11.6643,78.146,0.07,28.05,65.07,3.06
2023-06-25,Salem,11.6643,78.146,0.2,27.34,71.77,2.4
2023-06-26,Salem,11.6643,78.146,0.01,28.14,60.18,2.81
2023-06-27,Salem,11.6643,78.146,0.2,28.8,60.18,3.05
2023-06-28,Salem,11.6643,78.146,0.0,29.45,55.97,2.7
2023-06-29,Salem,11.6643,78.146,0.29,29.85,57.61,3.18
2023-06-30,Salem,11.6643,78.146,0.71,29.07,57.7,3.07
2023-07-01,Salem,11.6643,78.146,0.72,29.27,59.97,2.18
2023-07-02,Salem,11.6643,78.146,0.54,28.21,61.49,2.21
2023-07-03,Salem,11.6643,78.146,3.49,28.38,66.56,3.15
2023-07-04,Salem,11.6643,78.146,3.86,27.79,69.25,3.98
2023-07-05,Salem,11.6643,78.146,1.7,27.03,68.24,4.13
2023-07-06,Salem,11.6643,78.146,1.42,27.43,68.24,3.7
2023-07-07,Salem,11.6643,78.146,0.72,27.41,66.87,3.12
2023-07-08,Salem,11.6643,78.146,3.27,27.99,66.06,2.43
2023-07-09,Salem,11.6643,78.146,2.34,28.61,65.78,2.03
2023-07-10,Salem,11.6643,78.146,4.77,29.22,66.31,1.64
2023-07-11,Salem,11.6643,78.146,4.56,28.39,65.34,2.35
2023-07-12,Salem,11.6643,78.146,2.37,28.04,61.61,2.58
2023-07-13,Salem,11.6643,78.146,3.39,27.85,62.87,2.64
2023-07-14,Salem,11.6643,78.146,0.02,28.84,60.95,3.07
2023-07-15,Salem,11.6643,78.146,0.05,29.11,60.73,2.76
2023-07-16,Salem,11.6643,78.146,0.15,30.09,60.23,2.81
2023-07-17,Salem,11.6643,78.146,0.02,29.58,61.52,3.18
2023-07-18,Salem,11.6643,78.146,0.02,28.94,62.12,4.07
2023-07-19,Salem,11.6643,78.146,0.1,29.16,59.72,4.86
2023-07-20,Salem,11.6643,78.146,0.01,29.69,55.92,5.01
2023-07-21,Salem,11.6643,78.146,0.08,29.5,56.12,5.06
2023-07-22,Salem,11.6643,78.146,0.43,28.9,56.46,4.98
2023-07-23,Salem,11.6643,78.146,7.99,28.09,65.56,4.06
2023-07-24,Salem,11.6643,78.146,3.71,26.25,73.66,3.74
2023-07-25,Salem,11.6643,78.146,3.87,25.45,75.95,2.98
2023-07-26,Salem,11.6643,78.146,1.24,27.7,67.41,3.47
2023-07-27,Salem,11.6643,78.146,0.05,28.04,62.1,4.02
2023-07-28,Salem,11.6643,78.146,0.03,29.12,58.05,3.76
2023-07-29,Salem,11.6643,78.146,0.01,30.04,56.91,3.96
2023-07-30,Salem,11.6643,78.146,0.0,30.76,53.94,3.92
2023-07-31,Salem,11.6643,78.146,0.0,30.95,54.52,3.96
2023-08-01,Salem,11.6643,78.146,0.0,30.73,53.66,4.14
2023-08-02,Salem,11.6643,78.146,0.0,29.2,58.01,3.66
2023-08-03,Salem,11.6643,78.146,0.0,30.44,55.9,3.76
2023-08-04,Salem,11.6643,78.146,0.08,30.74,54.07,3.69
2023-08-05,Salem,11.6643,78.146,0.0,31.39,51.63,3.37
2023-08-06,Salem,11.6643,78.146,0.18,31.41,52.41,2.97
2023-08-07,Salem,11.6643,78.146,0.04,31.5,52.01,2.61
2023-08-08,Salem,11.6643,78.146,0.55,30.92,52.28,2.56
2023-08-09,Salem,11.6643,78.146,5.99,30.8,54.75,1.94
2023-08-10,Salem,11.6643,78.146,10.95,26.82,78.3,1.45
2023-08-11,Salem,11.6643,78.146,5.96,28.1,72.38,0.83
2023-08-12,Salem,11.6643,78.146,2.07,27.62,73.41,1.89
2023-08-13,Salem,11.6643,78.146,0.22,28.34,67.31,1.81
2023-08-14,Salem,11.6643,78.146,0.56,29.03,63.62,1.9
2023-08-15,Salem,11.6643,78.146,0.18,29.02,61.8,2.06
2023-08-16,Salem,11.6643,78.146,0.02,30.21,58.19,2.19
2023-08-17,Salem,11.6643,78.146,0.0,30.85,56.0,3.21
2023-08-18,Salem,11.6643,78.146,0.0,29.79,56.45,3.57
2023-08-19,Salem,11.6643,78.146,0.22,29.61,58.12,3.37
2023-08-20,Salem,11.6643,78.146,0.66,30.7,57.25,2.61
2023-08-21,Salem,11.6643,78.146,0.46,31.37,53.35,1.87
2023-08-22,Salem,11.6643,78.146,1.13,30.92,58.77,0.92
2023-08-23,Salem,11.6643,78.146,1.33,29.66,61.43,1.44
2023-08-24,Salem,11.6643,78.146,0.26,30.24,58.53,2.22
2023-08-25,Salem,11.6643,78.146,0.0,30.03,54.99,1.96
2023-08-26,Salem,11.6643,78.146,0.71,30.65,56.17,1.58
2023-08-27,Salem,11.6643,78.146,3.59,29.52,63.11,1.38
2023-08-28,Salem,11.6643,78.146,0.23,29.97,59.11,1.88
2023-08-29,Salem,11.6643,78.146,6.32,27.93,68.18,1.4
2023-08-30,Salem,11.6643,78.146,9.63,26.93,77.94,2.03
2023-08-31,Salem,11.6643,78.146,23.71,26.92,80.02,1.27
2023-09-01,Salem,11.6643,78.146,31.36,26.55,82.33,1.48
2023-09-02,Salem,11.6643,78.146,6.32,26.92,79.23,2.05
2023-09-03,Salem,11.6643,78.146,3.34,26.66,76.69,2.32
2023-09-04,Salem,11.6643,78.146,0.09,26.6,72.36,2.77
2023-09-05,Salem,11.6643,78.146,5.96,26.24,75.9,2.57
2023-09-06,Salem,11.6643,78.146,3.74,26.1,76.7,2.52
2023-09-07,Salem,11.6643,78.146,7.7,26.06,73.82,2.82
2023-09-08,Salem,11.6643,78.146,0.79,27.0,69.75,2.93
2023-09-09,Salem,11.6643,78.146,3.98,27.4,70.84,2.87
2023-09-10,Salem,11.6643,78.146,0.25,27.05,71.83,3.19
2023-09-11,Salem,11.6643,78.146,2.8,27.04,70.29,2.9
2023-09-12,Salem,11.6643,78.146,1.7,26.43,74.52,2.3
2023-09-13,Salem,11.6643,78.146,0.42,28.21,66.9,2.32
2023-09-14,Salem,11.6643,78.146,1.25,28.14,66.08,2.93
2023-09-15,Salem,11.6643,78.146,0.6,27.46,68.03,2.99
2023-09-16,Salem,11.6643,78.146,0.72,27.83,70.92,2.35
2023-09-17,Salem,11.6643,78.146,10.05,27.91,73.98,1.92
2023-09-18,Salem,11.6643,78.146,4.91,28.24,73.37,2.05
2023-09-19,Salem,11.6643,78.146,12.99,27.28,78.55,1.8
2023-09-20,Salem,11.6643,78.146,2.35,27.07,75.6,1.59
2023-09-21,Salem,11.6643,78.146,4.87,26.46,77.61,1.3
2023-09-22,Salem,11.6643,78.146,2.16,27.19,76.51,1.47
2023-09-23,Salem,11.6643,78.146,1.3,28.02,74.92,1.91
2023-09-24,Salem,11.6643,78.146,1.08,26.6,78.22,2.11
2023-09-25,Salem,11.6643,78.146,2.31,27.3,73.81,1.64
2023-09-26,Salem,11.6643,78.146,1.93,27.43,74.35,1.61
2023-09-27,Salem,11.6643,78.146,0.88,27.71,69.92,2.04
2023-09-28,Salem,11.6643,78.146,1.93,25.93,75.31,2.39
2023-09-29,Salem,11.6643,78.146,0.45,26.54,74.01,2.93
2023-09-30,Salem,11.6643,78.146,1.36,27.24,69.52,2.79
2023-10-01,Salem,11.6643,78.146,0.55,27.46,72.66,3.04
2023-10-02,Salem,11.6643,78.146,0.36,27.13,74.47,2.54
2023-10-03,Salem,11.6643,78.146,0.05,28.47,65.32,2.19
2023-10-04,Salem,11.6643,78.146,0.07,28.92,62.58,1.72
2023-10-05,Salem,11.6643,78.146,0.19,28.82,62.96,1.43
2023-10-06,Salem,11.6643,78.146,0.34,28.58,62.23,1.09
2023-10-07,Salem,11.6643,78.146,3.36,27.93,64.97,0.89
2023-10-08,Salem,11.6643,78.146,2.85,28.61,68.25,1.05
2023-10-09,Salem,11.6643,78.146,12.73,27.39,79.05,0.99
2023-10-10,Salem,11.6643,78.146,11.19,28.09,76.06,0.99
2023-10-11,Salem,11.6643,78.146,11.53,25.97,87.02,1.45
2023-10-12,Salem,11.6643,78.146,2.28,26.88,81.08,1.35
2023-10-13,Salem,11.6643,78.146,0.33,26.91,68.47,1.67
2023-10-14,Salem,11.6643,78.146,4.93,26.65,76.61,1.16
2023-10-15,Salem,11.6643,78.146,9.75,26.67,79.8,0.94
2023-10-16,Salem,11.6643,78.146,18.95,26.55,82.16,0.79
2023-10-17,Salem,11.6643,78.146,4.53,26.05,83.92,1.05
2023-10-18,Salem,11.6643,78.146,1.4,26.16,78.02,1.47
2023-10-19,Salem,11.6643,78.146,0.24,26.42,73.11,1.59
2023-10-20,Salem,11.6643,78.146,0.16,26.75,73.23,1.55
2023-10-21,Salem,11.6643,78.146,0.1,26.87,73.24,1.63
2023-10-22,Salem,11.6643,78.146,0.15,27.63,70.55,1.47
2023-10-23,Salem,11.6643,78.146,0.0,27.11,71.34,0.98
2023-10-24,Salem,11.6643,78.146,0.0,26.98,70.51,0.64
2023-10-25,Salem,11.6643,78.146,0.1,27.52,69.37,0.95
2023-10-26,Salem,11.6643,78.146,0.24,27.28,68.55,1.29
2023-10-27,Salem,11.6643,78.146,0.04,27.26,70.64,1.8
2023-10-28,Salem,11.6643,78.146,0.33,27.73,69.87,1.82
2023-10-29,Salem,11.6643,78.146,9.8,26.02,80.79,1.53
2023-10-30,Salem,11.6643,78.146,4.77,24.66,86.03,1.1
2023-10-31,Salem,11.6643,78.146,2.6,24.72,82.97,1.45
2023-11-01,Salem,11.6643,78.146,6.57,26.18,81.76,1.85
2023-11-02,Salem,11.6643,78.146,1.78,26.46,80.21,1.27
2023-11-03,Salem,11.6643,78.146,4.7,25.73,83.35,1.48
2023-11-04,Salem,11.6643,78.146,14.06,24.53,89.28,1.61
2023-11-05,Salem,11.6643,78.146,6.89,24.38,86.7,1.73
2023-11-06,Salem,11.6643,78.146,12.9,25.95,81.47,0.75
2023-11-07,Salem,11.6643,78.146,23.36,25.17,88.89,1.16
2023-11-08,Salem,11.6643,78.146,6.59,25.55,85.59,0.96
2023-11-09,Salem,11.6643,78.146,10.95,24.71,83.4,1.16
2023-11-10,Salem,11.6643,78.146,1.21,24.46,85.3,1.55
2023-11-11,Salem,11.6643,78.146,0.08,24.51,81.36,1.71
2023-11-12,Salem,11.6643,78.146,0.01,24.07,80.04,2.02
2023-11-13,Salem,11.6643,78.146,0.36,24.78,81.15,1.96
2023-11-14,Salem,11.6643,78.146,6.17,23.84,80.17,2.48
2023-11-15,Salem,11.6643,78.146,0.11,24.49,84.12,1.67
2023-11-16,Salem,11.6643,78.146,0.0,25.55,79.74,1.26
2023-11-17,Salem,11.6643,78.146,0.05,26.19,77.91,1.41
2023-11-18,Salem,11.6643,78.146,0.06,26.16,79.74,2.07
2023-11-19,Salem,11.6643,78.146,0.01,25.45,80.79,2.36
2023-11-20,Salem,11.6643,78.146,0.03,25.29,81.46,1.98
2023-11-21,Salem,11.6643,78.146,1.37,25.85,81.9,1.55
2023-11-22,Salem,11.6643,78.146,16.69,25.45,88.6,1.52
2023-11-23,Salem,11.6643,78.146,4.39,24.83,85.68,1.5
2023-11-24,Salem,11.6643,78.146,1.42,25.34,85.17,1.44
2023-11-25,Salem,11.6643,78.146,3.95,25.43,84.61,2.01
2023-11-26,Salem,11.6643,78.146,3.66,24.91,85.96,2.56
2023-11-27,Salem,11.6643,78.146,1.22,25.49,82.82,1.97
2023-11-28,Salem,11.6643,78.146,1.91,25.33,84.61,1.83
2023-11-29,Salem,11.6643,78.146,3.02,24.92,84.58,1.76
2023-11-30,Salem,11.6643,78.146,2.74,24.63,84.89,1.55
2023-12-01,Salem,11.6643,78.146,0.31,25.09,83.04,1.59
2023-12-02,Salem,11.6643,78.146,0.93,25.78,79.64,2.15
2023-12-03,Salem,11.6643,78.146,1.91,26.06,82.89,1.79
2023-12-04,Salem,11.6643,78.146,0.3,26.47,77.73,1.56
2023-12-05,Salem,11.6643,78.146,0.17,26.56,74.59,1.47
2023-12-06,Salem,11.6643,78.146,0.16,26.7,78.6,1.27
2023-12-07,Salem,11.6643,78.146,0.73,27.06,78.91,1.12
2023-12-08,Salem,11.6643,78.146,10.16,25.93,85.16,1.47
2023-12-09,Salem,11.6643,78.146,3.9,25.72,82.11,2.11
2023-12-10,Salem,11.6643,78.146,1.15,25.18,78.62,1.94
2023-12-11,Salem,11.6643,78.146,0.44,24.69,76.91,1.8
2023-12-12,Salem,11.6643,78.146,0.12,24.74,77.02,1.68
2023-12-13,Salem,11.6643,78.146,0.0,23.94,74.38,2.17
2023-12-14,Salem,11.6643,78.146,0.01,23.45,74.01,2.24
2023-12-15,Salem,11.6643,78.146,0.26,24.12,81.23,2.37
2023-12-16,Salem,11.6643,78.146,2.39,25.2,82.44,2.56
2023-12-17,Salem,11.6643,78.146,4.79,24.17,85.21,2.91
2023-12-18,Salem,11.6643,78.146,1.45,23.7,82.82,2.82
2023-12-19,Salem,11.6643,78.146,0.22,23.38,78.45,2.39
2023-12-20,Salem,11.6643,78.146,0.51,24.05,77.64,2.59
2023-12-21,Salem,11.6643,78.146,0.55,24.61,79.51,2.36
2023-12-22,Salem,11.6643,78.146,0.02,25.02,75.05,2.02
2023-12-23,Salem,11.6643,78.146,0.0,22.82,71.39,1.9
2023-12-24,Salem,11.6643,78.146,0.0,23.39,76.98,2.35
2023-12-25,Salem,11.6643,78.146,0.33,25.01,77.33,3.03
2023-12-26,Salem,11.6643,78.146,0.01,23.84,74.54,2.52
2023-12-27,Salem,11.6643,78.146,0.01,23.78,73.36,2.67
2023-12-28,Salem,11.6643,78.146,0.06,24.71,76.36,3.09
2023-12-29,Salem,11.6643,78.146,0.21,25.07,76.37,2.81
2023-12-30,Salem,11.6643,78.146,0.24,23.86,76.87,2.41
2023-12-31,Salem,11.6643,78.146,0.0,23.57,72.59,2.12
2019-01-01,Tiruchirappalli,10.7905,78.7047,0.0,21.73,72.19,2.55
2019-01-02,Tiruchirappalli,10.7905,78.7047,0.0,21.34,74.74,2.54
2019-01-03,Tiruchirappalli,10.7905,78.7047,0.0,22.07,73.04,2.54
2019-01-04,Tiruchirappalli,10.7905,78.7047,0.0,21.93,73.89,2.79
2019-01-05,Tiruchirappalli,10.7905,78.7047,0.0,22.38,73.21,2.46
2019-01-06,Tiruchirappalli,10.7905,78.7047,0.0,22.45,73.82,2.35
2019-01-07,Tiruchirappalli,10.7905,78.7047,0.0,23.34,73.32,2.24
2019-01-08,Tiruchirappalli,10.7905,78.7047,0.0,23.26,69.29,2.47
2019-01-09,Tiruchirappalli,10.7905,78.7047,0.0,22.53,70.56,2.2
2019-01-10,Tiruchirappalli,10.7905,78.7047,0.0,22.66,71.76,2.45
2019-01-11,Tiruchirappalli,10.7905,78.7047,0.0,23.15,71.84,2.5
2019-01-12,Tiruchirappalli,10.7905,78.7047,0.0,23.01,69.42,2.88
2019-01-13,Tiruchirappalli,10.7905,78.7047,0.0,23.39,73.67,2.66
2019-01-14,Tiruchirappalli,10.7905,78.7047,0.0,23.61,71.75,2.55
2019-01-15,Tiruchirappalli,10.7905,78.7047,0.11,23.48,66.65,2.77
2019-01-16,Tiruchirappalli,10.7905,78.7047,0.0,23.6,68.31,2.88
2019-01-17,Tiruchirappalli,10.7905,78.7047,0.0,23.19,68.96,2.57
2019-01-18,Tiruchirappalli,10.7905,78.7047,0.0,22.78,68.93,2.52
2019-01-19,Tiruchirappalli,10.7905,78.7047,0.0,22.75,68.69,2.3
2019-01-20,Tiruchirappalli,10.7905,78.7047,0.0,22.72,67.58,2.57
2019-01-21,Tiruchirappalli,10.7905,78.7047,0.0,22.88,67.08,2.33
2019-01-22,Tiruchirappalli,10.7905,78.7047,0.0,23.52,68.97,2.15
2019-01-23,Tiruchirappalli,10.7905,78.7047,0.0,24.58,69.12,2.32
2019-01-24,Tiruchirappalli,10.7905,78.7047,0.0,25.17,69.86,2.26
2019-01-25,Tiruchirappalli,10.7905,78.7047,0.0,26.23,70.87,1.96
2019-01-26,Tiruchirappalli,10.7905,78.7047,0.0,26.84,69.81,2.09
2019-01-27,Tiruchirappalli,10.7905,78.7047,0.0,26.78,66.57,2.35
2019-01-28,Tiruchirappalli,10.7905,78.7047,0.0,26.53,64.23,2.37
2019-01-29,Tiruchirappalli,10.7905,78.7047,0.0,26.08,63.57,3.19
2019-01-30,Tiruchirappalli,10.7905,78.7047,0.0,25.37,67.97,3.37
2019-01-31,Tiruchirappalli,10.7905,78.7047,0.0,25.28,67.08,3.01
2019-02-01,Tiruchirappalli,10.7905,78.7047,0.0,25.38,67.61,2.76
2019-02-02,Tiruchirappalli,10.7905,78.7047,0.0,25.95,65.61,2.77
2019-02-03,Tiruchirappalli,10.7905,78.7047,0.0,26.28,63.61,2.89
2019-02-04,Tiruchirappalli,10.7905,78.7047,0.32,26.68,67.31,3.43
2019-02-05,Tiruchirappalli,10.7905,78.7047,0.14,26.92,67.75,3.42
2019-02-06,Tiruchirappalli,10.7905,78.7047,0.0,26.68,62.75,2.74
2019-02-07,Tiruchirappalli,10.7905,78.7047,0.0,27.09,63.78,2.35
2019-02-08,Tiruchirappalli,10.7905,78.7047,0.0,28.27,62.24,1.84
2019-02-09,Tiruchirappalli,10.7905,78.7047,0.14,28.79,64.12,2.01
2019-02-10,Tiruchirappalli,10.7905,78.7047,0.32,28.31,64.8,2.59
2019-02-11,Tiruchirappalli,10.7905,78.7047,0.01,27.82,63.85,3.59
2019-02-12,Tiruchirappalli,10.7905,78.7047,0.0,27.19,63.62,3.83
2019-02-13,Tiruchirappalli,10.7905,78.7047,0.0,26.68,64.04,3.39
2019-02-14,Tiruchirappalli,10.7905,78.7047,0.0,27.5,66.86,3.19
2019-02-15,Tiruchirappalli,10.7905,78.7047,0.01,28.27,63.76,2.63
2019-02-16,Tiruchirappalli,10.7905,78.7047,0.0,29.26,58.66,1.88
2019-02-17,Tiruchirappalli,10.7905,78.7047,0.52,30.29,58.81,1.49
2019-02-18,Tiruchirappalli,10.7905,78.7047,1.23,30.18,60.07,2.32
2019-02-19,Tiruchirappalli,10.7905,78.7047,0.38,29.33,63.68,2.6
2019-02-20,Tiruchirappalli,10.7905,78.7047,0.01,28.42,62.76,3.08
2019-02-21,Tiruchirappalli,10.7905,78.7047,0.0,27.88,60.84,2.82
2019-02-22,Tiruchirappalli,10.7905,78.7047,0.0,26.75,57.46,2.78
2019-02-23,Tiruchirappalli,10.7905,78.7047,0.0,26.91,59.4,2.49
2019-02-24,Tiruchirappalli,10.7905,78.7047,0.0,27.24,59.95,2.51
2019-02-25,Tiruchirappalli,10.7905,78.7047,0.0,27.85,55.66,1.9
2019-02-26,Tiruchirappalli,10.7905,78.7047,0.0,29.19,57.87,1.84
2019-02-27,Tiruchirappalli,10.7905,78.7047,0.05,30.44,58.78,2.4
2019-02-28,Tiruchirappalli,10.7905,78.7047,0.05,30.41,58.0,1.94
2019-03-01,Tiruchirappalli,10.7905,78.7047,0.1,30.31,59.61,2.72
2019-03-02,Tiruchirappalli,10.7905,78.7047,0.09,29.45,57.22,3.25
2019-03-03,Tiruchirappalli,10.7905,78.7047,0.0,29.64,57.1,2.66
2019-03-04,Tiruchirappalli,10.7905,78.7047,0.0,29.97,54.25,2.06
2019-03-05,Tiruchirappalli,10.7905,78.7047,0.0,31.14,49.39,1.83
2019-03-06,Tiruchirappalli,10.7905,78.7047,0.0,31.84,48.64,2.53
2019-03-07,Tiruchirappalli,10.7905,78.7047,0.12,32.25,52.99,2.82
2019-03-08,Tiruchirappalli,10.7905,78.7047,0.0,31.62,55.79,2.84
2019-03-09,Tiruchirappalli,10.7905,78.7047,0.29,30.86,56.72,2.52
2019-03-10,Tiruchirappalli,10.7905,78.7047,0.06,31.02,55.33,2.81
2019-03-11,Tiruchirappalli,10.7905,78.7047,0.0,29.94,54.2,2.42
2019-03-12,Tiruchirappalli,10.7905,78.7047,0.0,28.96,53.56,2.45
2019-03-13,Tiruchirappalli,10.7905,78.7047,0.0,28.42,54.86,2.63
2019-03-14,Tiruchirappalli,10.7905,78.7047,0.0,28.89,50.26,2.69
2019-03-15,Tiruchirappalli,10.7905,78.7047,0.0,28.78,51.11,2.75
2019-03-16,Tiruchirappalli,10.7905,78.7047,0.0,28.81,58.45,2.71
2019-03-17,Tiruchirappalli,10.7905,78.7047,0.0,29.1,58.25,2.52
2019-03-18,Tiruchirappalli,10.7905,78.7047,0.0,29.86,57.58,2.65
2019-03-19,Tiruchirappalli,10.7905,78.7047,0.0,30.57,55.07,2.52
2019-03-20,Tiruchirappalli,10.7905,78.7047,0.0,30.03,55.81,2.51
2019-03-21,Tiruchirappalli,10.7905,78.7047,0.0,29.47,56.01,2.32
2019-03-22,Tiruchirappalli,10.7905,78.7047,0.0,30.45,55.26,2.18
2019-03-23,Tiruchirappalli,10.7905,78.7047,0.0,31.16,54.37,2.14
2019-03-24,Tiruchirappalli,10.7905,78.7047,0.0,31.39,50.0,2.12
2019-03-25,Tiruchirappalli,10.7905,78.7047,0.0,30.89,49.24,2.51
2019-03-26,Tiruchirappalli,10.7905,78.7047,0.0,30.28,52.3,2.51
2019-03-27,Tiruchirappalli,10.7905,78.7047,0.0,29.81,49.35,1.84
2019-03-28,Tiruchirappalli,10.7905,78.7047,0.0,30.47,48.49,2.22
2019-03-29,Tiruchirappalli,10.7905,78.7047,0.0,31.66,38.42,2.08
2019-03-30,Tiruchirappalli,10.7905,78.7047,0.0,31.55,45.54,2.35
2019-03-31,Tiruchirappalli,10.7905,78.7047,0.0,32.15,43.99,1.67
2019-04-01,Tiruchirappalli,10.7905,78.7047,0.0,32.29,48.65,2.68
2019-04-02,Tiruchirappalli,10.7905,78.7047,0.0,31.56,51.63,2.57
2019-04-03,Tiruchirappalli,10.7905,78.7047,0.0,31.14,52.94,2.78
2019-04-04,Tiruchirappalli,10.7905,78.7047,0.0,31.28,53.71,2.46
2019-04-05,Tiruchirappalli,10.7905,78.7047,0.0,32.23,51.12,2.22
2019-04-06,Tiruchirappalli,10.7905,78.7047,0.0,31.88,47.65,2.23
2019-04-07,Tiruchirappalli,10.7905,78.7047,0.0,32.03,51.89,2.46
2019-04-08,Tiruchirappalli,10.7905,78.7047,0.03,32.54,53.23,2.63
2019-04-09,Tiruchirappalli,10.7905,78.7047,0.11,32.7,52.59,2.78
2019-04-10,Tiruchirappalli,10.7905,78.7047,0.0,32.33,54.05,2.57
2019-04-11,Tiruchirappalli,10.7905,78.7047,0.0,32.13,52.22,2.12
2019-04-12,Tiruchirappalli,10.7905,78.7047,0.0,32.52,49.43,2.33
2019-04-13,Tiruchirappalli,10.7905,78.7047,0.0,31.89,49.61,2.31
2019-04-14,Tiruchirappalli,10.7905,78.7047,0.0,31.88,46.79,2.26
2019-04-15,Tiruchirappalli,10.7905,78.7047,0.0,32.38,45.85,2.16
2019-04-16,Tiruchirappalli,10.7905,78.7047,0.22,32.92,47.05,2.74
2019-04-17,Tiruchirappalli,10.7905,78.7047,0.5,32.26,42.02,1.96
2019-04-18,Tiruchirappalli,10.7905,78.7047,0.47,31.93,54.76,2.43
2019-04-19,Tiruchirappalli,10.7905,78.7047,1.22,32.51,53.8,2.09
2019-04-20,Tiruchirappalli,10.7905,78.7047,6.38,31.71,55.95,2.71
2019-04-21,Tiruchirappalli,10.7905,78.7047,1.2,31.76,56.39,1.68
2019-04-22,Tiruchirappalli,10.7905,78.7047,4.91,32.87,52.23,1.97
2019-04-23,Tiruchirappalli,10.7905,78.7047,0.81,31.87,55.78,2.01
2019-04-24,Tiruchirappalli,10.7905,78.7047,0.04,31.07,52.76,1.67
2019-04-25,Tiruchirappalli,10.7905,78.7047,0.05,32.15,51.34,1.67
2019-04-26,Tiruchirappalli,10.7905,78.7047,0.09,32.25,51.4,1.84
2019-04-27,Tiruchirappalli,10.7905,78.7047,0.0,32.53,53.9,2.36
2019-04-28,Tiruchirappalli,10.7905,78.7047,0.0,32.99,52.24,2.17
2019-04-29,Tiruchirappalli,10.7905,78.7047,0.22,33.07,52.65,1.94
2019-04-30,Tiruchirappalli,10.7905,78.7047,0.34,32.26,55.03,3.25
2019-05-01,Tiruchirappalli,10.7905,78.7047,1.1,31.72,53.81,3.71
2019-05-02,Tiruchirappalli,10.7905,78.7047,0.0,34.09,44.22,3.2
2019-05-03,Tiruchirappalli,10.7905,78.7047,0.0,34.09,40.63,2.83
2019-05-04,Tiruchirappalli,10.7905,78.7047,0.0,34.23,42.27,2.11
2019-05-05,Tiruchirappalli,10.7905,78.7047,0.04,34.28,44.93,2.48
2019-05-06,Tiruchirappalli,10.7905,78.7047,0.02,33.69,51.33,2.73
2019-05-07,Tiruchirappalli,10.7905,78.7047,1.02,33.45,51.91,2.58
2019-05-08,Tiruchirappalli,10.7905,78.7047,1.54,30.06,59.91,3.06
2019-05-09,Tiruchirappalli,10.7905,78.7047,0.89,31.81,53.96,2.75
2019-05-10,Tiruchirappalli,10.7905,78.7047,0.22,33.12,52.44,2.38
2019-05-11,Tiruchirappalli,10.7905,78.7047,0.0,33.7,52.77,2.41
2019-05-12,Tiruchirappalli,10.7905,78.7047,0.02,33.99,52.54,2.34
2019-05-13,Tiruchirappalli,10.7905,78.7047,0.09,34.19,48.37,1.73
2019-05-14,Tiruchirappalli,10.7905,78.7047,0.29,35.07,44.17,2.1
2019-05-15,Tiruchirappalli,10.7905,78.7047,1.25,34.22,48.83,1.31
2019-05-16,Tiruchirappalli,10.7905,78.7047,0.53,33.54,51.41,1.78
2019-05-17,Tiruchirappalli,10.7905,78.7047,4.04,33.67,54.78,1.37
2019-05-18,Tiruchirappalli,10.7905,78.7047,1.67,32.59,57.84,1.66
2019-05-19,Tiruchirappalli,10.7905,78.7047,0.13,33.25,55.32,2.61
2019-05-20,Tiruchirappalli,10.7905,78.7047,0.0,33.06,52.94,2.69
2019-05-21,Tiruchirappalli,10.7905,78.7047,0.0,32.68,55.24,2.55
2019-05-22,Tiruchirappalli,10.7905,78.7047,0.07,32.88,54.89,2.17
2019-05-23,Tiruchirappalli,10.7905,78.7047,0.17,33.36,56.12,2.54
2019-05-24,Tiruchirappalli,10.7905,78.7047,0.14,33.23,52.3,2.39
2019-05-25,Tiruchirappalli,10.7905,78.7047,0.17,33.3,51.74,3.1
2019-05-26,Tiruchirappalli,10.7905,78.7047,0.12,33.4,50.93,2.77
2019-05-27,Tiruchirappalli,10.7905,78.7047,0.09,34.11,51.9,2.41
2019-05-28,Tiruchirappalli,10.7905,78.7047,0.79,33.81,53.97,2.04
2019-05-29,Tiruchirappalli,10.7905,78.7047,1.36,32.56,57.95,1.7
2019-05-30,Tiruchirappalli,10.7905,78.7047,4.12,32.41,56.9,1.99
2019-05-31,Tiruchirappalli,10.7905,78.7047,1.84,30.39,61.91,3.38
2019-06-01,Tiruchirappalli,10.7905,78.7047,0.36,31.79,56.21,2.26
2019-06-02,Tiruchirappalli,10.7905,78.7047,3.56,31.55,59.97,2.67
2019-06-03,Tiruchirappalli,10.7905,78.7047,0.61,29.9,65.89,2.34
2019-06-04,Tiruchirappalli,10.7905,78.7047,7.82,30.5,66.47,2.45
2019-06-05,Tiruchirappalli,10.7905,78.7047,10.76,29.94,69.72,2.66
2019-06-06,Tiruchirappalli,10.7905,78.7047,0.31,29.52,72.55,1.92
2019-06-07,Tiruchirappalli,10.7905,78.7047,1.09,30.52,70.06,2.05
2019-06-08,Tiruchirappalli,10.7905,78.7047,0.24,30.74,64.13,2.29
2019-06-09,Tiruchirappalli,10.7905,78.7047,1.52,30.79,59.25,4.11
2019-06-10,Tiruchirappalli,10.7905,78.7047,0.05,30.41,60.39,3.68
2019-06-11,Tiruchirappalli,10.7905,78.7047,0.05,30.85,58.46,3.99
2019-06-12,Tiruchirappalli,10.7905,78.7047,0.0,30.84,59.12,3.75
2019-06-13,Tiruchirappalli,10.7905,78.7047,0.45,30.78,60.75,4.05
2019-06-14,Tiruchirappalli,10.7905,78.7047,0.26,30.99,52.44,4.59
2019-06-15,Tiruchirappalli,10.7905,78.7047,2.17,31.92,47.27,3.8
2019-06-16,Tiruchirappalli,10.7905,78.7047,0.38,31.75,57.17,2.99
2019-06-17,Tiruchirappalli,10.7905,78.7047,0.0,32.27,54.0,3.9
2019-06-18,Tiruchirappalli,10.7905,78.7047,0.11,30.98,56.25,3.28
2019-06-19,Tiruchirappalli,10.7905,78.7047,0.06,31.49,56.32,4.06
2019-06-20,Tiruchirappalli,10.7905,78.7047,0.01,32.14,50.32,4.73
2019-06-21,Tiruchirappalli,10.7905,78.7047,0.05,30.95,52.56,4.01
2019-06-22,Tiruchirappalli,10.7905,78.7047,0.04,30.31,60.9,4.62
2019-06-23,Tiruchirappalli,10.7905,78.7047,0.13,31.08,54.9,4.74
2019-06-24,Tiruchirappalli,10.7905,78.7047,0.47,32.5,51.52,3.88
2019-06-25,Tiruchirappalli,10.7905,78.7047,1.93,31.23,57.52,2.71
2019-06-26,Tiruchirappalli,10.7905,78.7047,2.44,29.96,63.92,2.4
2019-06-27,Tiruchirappalli,10.7905,78.7047,0.19,30.65,59.75,3.6
2019-06-28,Tiruchirappalli,10.7905,78.7047,0.0,32.06,53.45,4.55
2019-06-29,Tiruchirappalli,10.7905,78.7047,0.0,32.17,52.09,5.12
2019-06-30,Tiruchirappalli,10.7905,78.7047,0.0,31.45,53.08,5.24
2019-07-01,Tiruchirappalli,10.7905,78.7047,0.0,32.18,52.91,4.72
2019-07-02,Tiruchirappalli,10.7905,78.7047,0.0,30.83,57.86,4.92
2019-07-03,Tiruchirappalli,10.7905,78.7047,0.18,31.08,57.5,4.41
2019-07-04,Tiruchirappalli,10.7905,78.7047,1.09,30.72,59.51,4.16
2019-07-05,Tiruchirappalli,10.7905,78.7047,0.12,31.09,55.98,4.62
2019-07-06,Tiruchirappalli,10.7905,78.7047,0.0,30.88,56.54,4.56
2019-07-07,Tiruchirappalli,10.7905,78.7047,0.0,30.83,56.01,4.27
2019-07-08,Tiruchirappalli,10.7905,78.7047,0.0,31.48,55.32,4.13
2019-07-09,Tiruchirappalli,10.7905,78.7047,0.39,30.82,56.56,3.81
2019-07-10,Tiruchirappalli,10.7905,78.7047,7.14,29.73,57.33,3.01
2019-07-11,Tiruchirappalli,10.7905,78.7047,0.33,30.42,55.63,2.43
2019-07-12,Tiruchirappalli,10.7905,78.7047,0.23,30.72,53.76,1.74
2019-07-13,Tiruchirappalli,10.7905,78.7047,1.96,30.54,57.31,1.73
2019-07-14,Tiruchirappalli,10.7905,78.7047,6.14,29.79,63.78,2.15
2019-07-15,Tiruchirappalli,10.7905,78.7047,3.87,29.63,62.43,3.16
2019-07-16,Tiruchirappalli,10.7905,78.7047,0.34,29.7,61.21,3.28
2019-07-17,Tiruchirappalli,10.7905,78.7047,1.43,30.1,58.27,3.15
2019-07-18,Tiruchirappalli,10.7905,78.7047,7.63,28.18,67.55,3.1
2019-07-19,Tiruchirappalli,10.7905,78.7047,1.05,27.29,73.54,3.05
2019-07-20,Tiruchirappalli,10.7905,78.7047,0.03,28.76,63.73,4.49
2019-07-21,Tiruchirappalli,10.7905,78.7047,0.17,29.5,60.27,4.74
2019-07-22,Tiruchirappalli,10.7905,78.7047,1.47,27.63,69.25,3.41
2019-07-23,Tiruchirappalli,10.7905,78.7047,5.58,28.89,63.29,3.95
2019-07-24,Tiruchirappalli,10.7905,78.7047,0.41,29.43,62.49,3.25
2019-07-25,Tiruchirappalli,10.7905,78.7047,6.14,28.93,63.02,3.53
2019-07-26,Tiruchirappalli,10.7905,78.7047,1.77,28.5,64.57,3.57
2019-07-27,Tiruchirappalli,10.7905,78.7047,0.01,29.6,60.06,3.1
2019-07-28,Tiruchirappalli,10.7905,78.7047,0.16,30.14,57.41,4.12
2019-07-29,Tiruchirappalli,10.7905,78.7047,0.63,29.44,60.27,3.84
2019-07-30,Tiruchirappalli,10.7905,78.7047,0.15,30.24,55.38,3.56
2019-07-31,Tiruchirappalli,10.7905,78.7047,0.0,29.64,55.97,2.89
2019-08-01,Tiruchirappalli,10.7905,78.7047,0.0,31.0,55.41,3.43
2019-08-02,Tiruchirappalli,10.7905,78.7047,0.0,30.3,56.0,4.35
2019-08-03,Tiruchirappalli,10.7905,78.7047,0.0,30.4,52.64,4.16
2019-08-04,Tiruchirappalli,10.7905,78.7047,0.28,30.66,54.55,4.68
2019-08-05,Tiruchirappalli,10.7905,78.7047,0.74,29.91,54.95,5.16
2019-08-06,Tiruchirappalli,10.7905,78.7047,0.7,29.35,55.87,5.07
2019-08-07,Tiruchirappalli,10.7905,78.7047,1.52,28.82,61.49,5.57
2019-08-08,Tiruchirappalli,10.7905,78.7047,3.75,28.47,66.35,5.56
2019-08-09,Tiruchirappalli,10.7905,78.7047,2.77,28.31,67.55,5.18
2019-08-10,Tiruchirappalli,10.7905,78.7047,0.06,28.86,62.11,4.75
2019-08-11,Tiruchirappalli,10.7905,78.7047,0.01,29.59,58.4,4.69
2019-08-12,Tiruchirappalli,10.7905,78.7047,0.65,30.45,55.21,4.47
2019-08-13,Tiruchirappalli,10.7905,78.7047,3.06,29.59,60.28,3.69
2019-08-14,Tiruchirappalli,10.7905,78.7047,2.82,29.49,65.73,4.31
2019-08-15,Tiruchirappalli,10.7905,78.7047,0.33,30.28,58.46,3.37
2019-08-16,Tiruchirappalli,10.7905,78.7047,12.05,28.86,65.5,3.23
2019-08-17,Tiruchirappalli,10.7905,78.7047,21.65,26.06,80.7,2.5
2019-08-18,Tiruchirappalli,10.7905,78.7047,7.1,25.7,81.87,2.08
2019-08-19,Tiruchirappalli,10.7905,78.7047,33.1,27.59,78.92,1.62
2019-08-20,Tiruchirappalli,10.7905,78.7047,7.35,27.71,77.79,2.36
2019-08-21,Tiruchirappalli,10.7905,78.7047,10.39,26.97,79.93,2.71
2019-08-22,Tiruchirappalli,10.7905,78.7047,4.24,26.6,78.03,3.06
2019-08-23,Tiruchirappalli,10.7905,78.7047,2.85,26.88,70.31,3.93
2019-08-24,Tiruchirappalli,10.7905,78.7047,0.13,27.0,69.41,3.2
2019-08-25,Tiruchirappalli,10.7905,78.7047,2.75,27.3,68.48,3.29
2019-08-26,Tiruchirappalli,10.7905,78.7047,0.72,27.39,70.79,3.15
2019-08-27,Tiruchirappalli,10.7905,78.7047,0.0,28.63,65.15,3.56
2019-08-28,Tiruchirappalli,10.7905,78.7047,0.81,28.82,63.56,3.29
2019-08-29,Tiruchirappalli,10.7905,78.7047,4.07,27.02,73.21,3.03
2019-08-30,Tiruchirappalli,10.7905,78.7047,0.22,28.0,65.58,3.68
2019-08-31,Tiruchirappalli,10.7905,78.7047,1.46,27.7,67.61,3.86
2019-09-01,Tiruchirappalli,10.7905,78.7047,0.37,28.07,70.15,2.88
2019-09-02,Tiruchirappalli,10.7905,78.7047,3.56,27.48,74.4,2.68
2019-09-03,Tiruchirappalli,10.7905,78.7047,2.78,28.04,70.98,3.22
2019-09-04,Tiruchirappalli,10.7905,78.7047,2.23,28.22,68.7,3.8
2019-09-05,Tiruchirappalli,10.7905,78.7047,0.38,28.54,66.48,4.03
2019-09-06,Tiruchirappalli,10.7905,78.7047,0.12,28.67,68.03,3.98
2019-09-07,Tiruchirappalli,10.7905,78.7047,0.0,29.5,64.21,4.22
2019-09-08,Tiruchirappalli,10.7905,78.7047,0.01,29.33,62.68,4.06
2019-09-09,Tiruchirappalli,10.7905,78.7047,0.0,28.58,63.23,3.05
2019-09-10,Tiruchirappalli,10.7905,78.7047,1.31,29.63,65.98,2.36
2019-09-11,Tiruchirappalli,10.7905,78.7047,11.9,27.69,78.47,1.92
2019-09-12,Tiruchirappalli,10.7905,78.7047,7.65,26.82,80.4,1.88
2019-09-13,Tiruchirappalli,10.7905,78.7047,15.4,26.49,80.95,1.78
2019-09-14,Tiruchirappalli,10.7905,78.7047,3.72,27.69,74.21,1.96
2019-09-15,Tiruchirappalli,10.7905,78.7047,7.07,28.05,73.04,2.32
2019-09-16,Tiruchirappalli,10.7905,78.7047,20.18,27.76,77.13,2.62
2019-09-17,Tiruchirappalli,10.7905,78.7047,16.6,27.3,76.96,2.15
2019-09-18,Tiruchirappalli,10.7905,78.7047,10.67,27.39,80.21,1.89
2019-09-19,Tiruchirappalli,10.7905,78.7047,17.12,26.61,81.71,2.22
2019-09-20,Tiruchirappalli,10.7905,78.7047,0.87,25.26,80.68,2.02
2019-09-21,Tiruchirappalli,10.7905,78.7047,1.59,27.18,80.01,1.32
2019-09-22,Tiruchirappalli,10.7905,78.7047,4.07,26.33,86.24,1.17
2019-09-23,Tiruchirappalli,10.7905,78.7047,23.72,25.58,91.28,1.1
2019-09-24,Tiruchirappalli,10.7905,78.7047,13.53,25.86,87.52,1.43
2019-09-25,Tiruchirappalli,10.7905,78.7047,9.6,25.64,88.99,2.97
2019-09-26,Tiruchirappalli,10.7905,78.7047,2.47,26.06,83.92,2.21
2019-09-27,Tiruchirappalli,10.7905,78.7047,0.33,26.28,80.65,1.58
2019-09-28,Tiruchirappalli,10.7905,78.7047,1.04,26.89,80.71,1.3
2019-09-29,Tiruchirappalli,10.7905,78.7047,2.62,25.91,84.66,1.48
2019-09-30,Tiruchirappalli,10.7905,78.7047,13.24,25.44,86.33,1.48
2019-10-01,Tiruchirappalli,10.7905,78.7047,0.91,26.9,78.08,1.12
2019-10-02,Tiruchirappalli,10.7905,78.7047,0.59,26.65,83.5,1.18
2019-10-03,Tiruchirappalli,10.7905,78.7047,0.15,26.57,83.63,1.23
2019-10-04,Tiruchirappalli,10.7905,78.7047,0.43,27.06,80.87,0.88
2019-10-05,Tiruchirappalli,10.7905,78.7047,1.56,26.87,82.16,1.34
2019-10-06,Tiruchirappalli,10.7905,78.7047,1.08,26.28,83.97,1.43
2019-10-07,Tiruchirappalli,10.7905,78.7047,5.66,26.66,82.4,1.22
2019-10-08,Tiruchirappalli,10.7905,78.7047,0.98,26.77,82.86,1.11
2019-10-09,Tiruchirappalli,10.7905,78.7047,0.38,27.34,81.36,1.48
2019-10-10,Tiruchirappalli,10.7905,78.7047,0.23,26.95,83.3,1.83
2019-10-11,Tiruchirappalli,10.7905,78.7047,1.0,26.24,84.9,1.32
2019-10-12,Tiruchirappalli,10.7905,78.7047,1.86,26.34,82.78,1.15
2019-10-13,Tiruchirappalli,10.7905,78.7047,4.48,26.6,84.5,1.37
2019-10-14,Tiruchirappalli,10.7905,78.7047,2.97,26.6,85.04,1.39
2019-10-15,Tiruchirappalli,10.7905,78.7047,6.27,26.25,88.14,1.51
2019-10-16,Tiruchirappalli,10.7905,78.7047,19.03,25.39,90.34,1.65
2019-10-17,Tiruchirappalli,10.7905,78.7047,14.28,25.69,87.07,1.83
2019-10-18,Tiruchirappalli,10.7905,78.7047,4.51,25.84,87.68,1.03
2019-10-19,Tiruchirappalli,10.7905,78.7047,3.46,25.2,90.4,1.49
2019-10-20,Tiruchirappalli,10.7905,78.7047,9.18,25.32,91.55,1.88
2019-10-21,Tiruchirappalli,10.7905,78.7047,20.85,25.29,90.5,1.57
2019-10-22,Tiruchirappalli,10.7905,78.7047,11.27,25.63,87.86,1.46
2019-10-23,Tiruchirappalli,10.7905,78.7047,19.11,25.41,88.13,1.67
2019-10-24,Tiruchirappalli,10.7905,78.7047,2.38,25.09,87.77,2.31
2019-10-25,Tiruchirappalli,10.7905,78.7047,0.52,24.86,85.6,1.43
2019-10-26,Tiruchirappalli,10.7905,78.7047,0.08,24.96,88.03,1.43
2019-10-27,Tiruchirappalli,10.7905,78.7047,2.9,24.98,88.16,0.9
2019-10-28,Tiruchirappalli,10.7905,78.7047,9.24,25.2,89.02,1.37
2019-10-29,Tiruchirappalli,10.7905,78.7047,13.27,24.54,90.13,2.0
2019-10-30,Tiruchirappalli,10.7905,78.7047,25.94,24.8,92.75,2.01
2019-10-31,Tiruchirappalli,10.7905,78.7047,6.37,24.91,92.54,2.01
2019-11-01,Tiruchirappalli,10.7905,78.7047,0.52,25.58,88.62,1.14
2019-11-02,Tiruchirappalli,10.7905,78.7047,0.11,25.24,88.25,1.15
2019-11-03,Tiruchirappalli,10.7905,78.7047,3.62,25.11,89.7,1.3
2019-11-04,Tiruchirappalli,10.7905,78.7047,0.56,25.26,86.11,1.34
2019-11-05,Tiruchirappalli,10.7905,78.7047,0.0,26.0,80.96,1.0
2019-11-06,Tiruchirappalli,10.7905,78.7047,0.06,26.58,81.84,0.61
2019-11-07,Tiruchirappalli,10.7905,78.7047,2.17,26.12,86.98,0.87
2019-11-08,Tiruchirappalli,10.7905,78.7047,7.57,26.03,88.29,0.67
2019-11-09,Tiruchirappalli,10.7905,78.7047,10.72,25.57,89.91,1.02
2019-11-10,Tiruchirappalli,10.7905,78.7047,0.23,26.52,84.62,0.93
2019-11-11,Tiruchirappalli,10.7905,78.7047,0.2,25.74,85.61,1.16
2019-11-12,Tiruchirappalli,10.7905,78.7047,0.03,24.97,87.46,1.9
2019-11-13,Tiruchirappalli,10.7905,78.7047,0.61,24.99,87.3,2.3
2019-11-14,Tiruchirappalli,10.7905,78.7047,3.4,25.36,88.36,2.09
2019-11-15,Tiruchirappalli,10.7905,78.7047,3.06,25.5,88.77,2.19
2019-11-16,Tiruchirappalli,10.7905,78.7047,3.44,25.54,88.09,2.0
2019-11-17,Tiruchirappalli,10.7905,78.7047,1.0,25.61,86.98,2.05
2019-11-18,Tiruchirappalli,10.7905,78.7047,6.91,25.75,88.92,2.3
2019-11-19,Tiruchirappalli,10.7905,78.7047,2.61,25.69,86.9,1.59
2019-11-20,Tiruchirappalli,10.7905,78.7047,3.73,25.33,89.47,1.83
2019-11-21,Tiruchirappalli,10.7905,78.7047,3.18,25.48,88.31,2.18
2019-11-22,Tiruchirappalli,10.7905,78.7047,6.63,24.82,89.59,2.74
2019-11-23,Tiruchirappalli,10.7905,78.7047,4.12,24.38,87.31,3.23
2019-11-24,Tiruchirappalli,10.7905,78.7047,2.17,24.77,87.85,2.58
2019-11-25,Tiruchirappalli,10.7905,78.7047,1.56,24.66,87.13,3.08
2019-11-26,Tiruchirappalli,10.7905,78.7047,3.3,24.79,86.11,2.8
2019-11-27,Tiruchirappalli,10.7905,78.7047,7.81,25.68,86.92,2.88
2019-11-28,Tiruchirappalli,10.7905,78.7047,19.56,25.67,90.36,2.65
2019-11-29,Tiruchirappalli,10.7905,78.7047,19.68,25.66,90.09,3.01
2019-11-30,Tiruchirappalli,10.7905,78.7047,26.79,24.84,93.86,2.89
2019-12-01,Tiruchirappalli,10.7905,78.7047,20.49,24.75,95.07,1.79
2019-12-02,Tiruchirappalli,10.7905,78.7047,8.44,24.97,90.32,2.13
2019-12-03,Tiruchirappalli,10.7905,78.7047,2.42,24.68,89.74,2.72
2019-12-04,Tiruchirappalli,10.7905,78.7047,0.32,24.24,88.07,3.02
2019-12-05,Tiruchirappalli,10.7905,78.7047,0.85,23.82,86.9,3.2
2019-12-06,Tiruchirappalli,10.7905,78.7047,0.79,23.49,87.07,3.41
2019-12-07,Tiruchirappalli,10.7905,78.7047,6.57,24.06,87.85,3.15
2019-12-08,Tiruchirappalli,10.7905,78.7047,0.43,23.62,85.93,2.39
2019-12-09,Tiruchirappalli,10.7905,78.7047,0.01,23.36,86.34,2.43
2019-12-10,Tiruchirappalli,10.7905,78.7047,0.0,23.13,85.35,2.39
2019-12-11,Tiruchirappalli,10.7905,78.7047,0.0,23.44,85.25,2.07
2019-12-12,Tiruchirappalli,10.7905,78.7047,0.43,23.87,87.53,2.55
2019-12-13,Tiruchirappalli,10.7905,78.7047,11.47,24.59,89.23,2.69
2019-12-14,Tiruchirappalli,10.7905,78.7047,10.4,24.84,89.22,3.06
2019-12-15,Tiruchirappalli,10.7905,78.7047,1.3,23.85,88.26,2.42
2019-12-16,Tiruchirappalli,10.7905,78.7047,1.17,23.83,89.71,2.19
2019-12-17,Tiruchirappalli,10.7905,78.7047,1.2,24.12,87.74,3.02
2019-12-18,Tiruchirappalli,10.7905,78.7047,0.25,24.09,88.14,2.96
2019-12-19,Tiruchirappalli,10.7905,78.7047,0.14,24.2,86.96,2.94
2019-12-20,Tiruchirappalli,10.7905,78.7047,0.05,24.18,86.78,2.85
2019-12-21,Tiruchirappalli,10.7905,78.7047,0.0,23.08,87.71,2.05
2019-12-22,Tiruchirappalli,10.7905,78.7047,0.05,23.58,85.48,2.22
2019-12-23,Tiruchirappalli,10.7905,78.7047,0.01,23.34,84.95,2.39
2019-12-24,Tiruchirappalli,10.7905,78.7047,12.37,23.67,89.33,2.51
2019-12-25,Tiruchirappalli,10.7905,78.7047,2.74,24.38,88.91,2.83
2019-12-26,Tiruchirappalli,10.7905,78.7047,0.03,23.79,85.75,1.86
2019-12-27,Tiruchirappalli,10.7905,78.7047,0.0,23.21,84.94,1.86
2019-12-28,Tiruchirappalli,10.7905,78.7047,0.0,23.11,84.96,1.9
2019-12-29,Tiruchirappalli,10.7905,78.7047,0.01,23.65,86.13,2.23
2019-12-30,Tiruchirappalli,10.7905,78.7047,0.56,23.7,86.63,2.15
2019-12-31,Tiruchirappalli,10.7905,78.7047,0.15,24.22,85.79,2.06
2020-01-01,Tiruchirappalli,10.7905,78.7047,0.32,24.75,86.35,2.15
2020-01-02,Tiruchirappalli,10.7905,78.7047,0.05,25.29,86.02,1.98
2020-01-03,Tiruchirappalli,10.7905,78.7047,0.0,25.41,85.89,1.68
2020-01-04,Tiruchirappalli,10.7905,78.7047,0.0,25.84,84.54,1.53
2020-01-05,Tiruchirappalli,10.7905,78.7047,0.04,25.56,84.64,1.99
2020-01-06,Tiruchirappalli,10.7905,78.7047,1.23,24.82,85.6,2.47
2020-01-07,Tiruchirappalli,10.7905,78.7047,0.87,24.46,84.55,2.34
2020-01-08,Tiruchirappalli,10.7905,78.7047,0.14,24.25,81.17,2.17
2020-01-09,Tiruchirappalli,10.7905,78.7047,0.0,23.39,78.27,1.92
2020-01-10,Tiruchirappalli,10.7905,78.7047,0.0,23.08,80.52,2.31
2020-01-11,Tiruchirappalli,10.7905,78.7047,0.0,22.63,78.89,2.44
2020-01-12,Tiruchirappalli,10.7905,78.7047,0.0,23.31,79.71,2.37
2020-01-13,Tiruchirappalli,10.7905,78.7047,0.0,23.18,78.52,2.08
2020-01-14,Tiruchirappalli,10.7905,78.7047,0.0,22.58,74.23,1.88
2020-01-15,Tiruchirappalli,10.7905,78.7047,0.0,22.27,75.13,2.03
2020-01-16,Tiruchirappalli,10.7905,78.7047,0.0,23.43,75.02,1.71
2020-01-17,Tiruchirappalli,10.7905,78.7047,0.22,24.38,80.87,2.13
2020-01-18,Tiruchirappalli,10.7905,78.7047,5.11,25.2,84.23,2.43
2020-01-19,Tiruchirappalli,10.7905,78.7047,0.7,24.88,80.99,2.53
2020-01-20,Tiruchirappalli,10.7905,78.7047,0.0,24.53,78.35,2.37
2020-01-21,Tiruchirappalli,10.7905,78.7047,0.02,23.96,77.02,2.7
2020-01-22,Tiruchirappalli,10.7905,78.7047,0.02,24.44,78.22,3.11
2020-01-23,Tiruchirappalli,10.7905,78.7047,0.02,25.07,78.81,3.14
2020-01-24,Tiruchirappalli,10.7905,78.7047,0.0,23.73,74.68,2.64
2020-01-25,Tiruchirappalli,10.7905,78.7047,0.0,23.0,70.79,2.0
2020-01-26,Tiruchirappalli,10.7905,78.7047,0.0,23.58,72.84,1.81
2020-01-27,Tiruchirappalli,10.7905,78.7047,0.0,23.96,72.25,1.58
2020-01-28,Tiruchirappalli,10.7905,78.7047,0.0,24.83,72.91,1.69
2020-01-29,Tiruchirappalli,10.7905,78.7047,0.0,25.19,72.11,1.61
2020-01-30,Tiruchirappalli,10.7905,78.7047,0.0,25.4,71.94,1.61
2020-01-31,Tiruchirappalli,10.7905,78.7047,0.0,25.3,73.46,1.85
2020-02-01,Tiruchirappalli,10.7905,78.7047,0.0,25.17,74.99,2.05
2020-02-02,Tiruchirappalli,10.7905,78.7047,0.0,25.02,70.94,2.53
2020-02-03,Tiruchirappalli,10.7905,78.7047,0.0,24.87,69.73,2.52
2020-02-04,Tiruchirappalli,10.7905,78.7047,0.01,25.33,71.29,2.5
2020-02-05,Tiruchirappalli,10.7905,78.7047,0.01,25.57,67.72,2.52
2020-02-06,Tiruchirappalli,10.7905,78.7047,0.0,25.18,67.0,2.29
2020-02-07,Tiruchirappalli,10.7905,78.7047,0.0,25.68,68.16,2.31
2020-02-08,Tiruchirappalli,10.7905,78.7047,0.0,26.23,66.3,1.76
2020-02-09,Tiruchirappalli,10.7905,78.7047,0.01,26.12,68.32,2.31
2020-02-10,Tiruchirappalli,10.7905,78.7047,0.05,25.97,70.13,2.96
2020-02-11,Tiruchirappalli,10.7905,78.7047,0.02,26.12,67.44,3.18
2020-02-12,Tiruchirappalli,10.7905,78.7047,0.05,26.07,70.04,3.39
2020-02-13,Tiruchirappalli,10.7905,78.7047,0.0,26.05,65.21,2.98
2020-02-14,Tiruchirappalli,10.7905,78.7047,0.0,25.99,65.64,2.18
2020-02-15,Tiruchirappalli,10.7905,78.7047,0.0,26.52,61.62,2.03
2020-02-16,Tiruchirappalli,10.7905,78.7047,0.0,25.59,62.24,2.49
2020-02-17,Tiruchirappalli,10.7905,78.7047,0.0,25.77,64.17,2.59
2020-02-18,Tiruchirappalli,10.7905,78.7047,0.0,25.16,63.02,2.57
2020-02-19,Tiruchirappalli,10.7905,78.7047,0.0,24.61,66.85,2.2
2020-02-20,Tiruchirappalli,10.7905,78.7047,0.0,25.06,66.35,2.68
2020-02-21,Tiruchirappalli,10.7905,78.7047,0.09,25.99,70.81,3.38
2020-02-22,Tiruchirappalli,10.7905,78.7047,0.11,27.41,67.76,3.96
2020-02-23,Tiruchirappalli,10.7905,78.7047,0.0,26.66,68.12,3.28
2020-02-24,Tiruchirappalli,10.7905,78.7047,0.0,26.86,67.25,2.78
2020-02-25,Tiruchirappalli,10.7905,78.7047,0.0,27.74,66.87,2.39
2020-02-26,Tiruchirappalli,10.7905,78.7047,0.0,27.74,65.35,2.66
2020-02-27,Tiruchirappalli,10.7905,78.7047,0.0,27.82,65.8,2.61
2020-02-28,Tiruchirappalli,10.7905,78.7047,0.0,28.11,62.87,3.02
2020-02-29,Tiruchirappalli,10.7905,78.7047,0.0,27.8,62.84,2.58
2020-03-01,Tiruchirappalli,10.7905,78.7047,0.01,28.28,59.48,2.59
2020-03-02,Tiruchirappalli,10.7905,78.7047,0.01,28.99,54.6,1.73
2020-03-03,Tiruchirappalli,10.7905,78.7047,0.01,29.74,49.49,1.16
2020-03-04,Tiruchirappalli,10.7905,78.7047,0.01,30.23,51.75,1.41
2020-03-05,Tiruchirappalli,10.7905,78.7047,0.0,29.75,52.6,2.38
2020-03-06,Tiruchirappalli,10.7905,78.7047,0.0,29.45,60.64,2.53
2020-03-07,Tiruchirappalli,10.7905,78.7047,0.0,29.68,62.95,3.11
2020-03-08,Tiruchirappalli,10.7905,78.7047,0.12,29.92,60.7,2.58
2020-03-09,Tiruchirappalli,10.7905,78.7047,0.0,29.76,57.09,2.46
2020-03-10,Tiruchirappalli,10.7905,78.7047,0.0,29.57,56.17,2.51
2020-03-11,Tiruchirappalli,10.7905,78.7047,0.0,29.25,55.58,1.96
2020-03-12,Tiruchirappalli,10.7905,78.7047,0.0,29.15,54.56,2.31
2020-03-13,Tiruchirappalli,10.7905,78.7047,0.0,28.75,59.69,2.64
2020-03-14,Tiruchirappalli,10.7905,78.7047,0.0,29.33,60.36,2.77
2020-03-15,Tiruchirappalli,10.7905,78.7047,0.0,29.28,58.61,3.05
2020-03-16,Tiruchirappalli,10.7905,78.7047,0.0,29.84,59.74,3.03
2020-03-17,Tiruchirappalli,10.7905,78.7047,0.0,29.57,59.6,2.95
2020-03-18,Tiruchirappalli,10.7905,78.7047,0.0,30.06,58.5,2.54
2020-03-19,Tiruchirappalli,10.7905,78.7047,0.0,30.4,54.95,2.25
2020-03-20,Tiruchirappalli,10.7905,78.7047,0.03,30.68,53.56,2.09
2020-03-21,Tiruchirappalli,10.7905,78.7047,0.06,31.01,51.82,2.45
2020-03-22,Tiruchirappalli,10.7905,78.7047,0.0,31.42,50.96,2.37
2020-03-23,Tiruchirappalli,10.7905,78.7047,0.0,30.88,51.67,2.59
2020-03-24,Tiruchirappalli,10.7905,78.7047,0.0,30.43,54.62,2.74
2020-03-25,Tiruchirappalli,10.7905,78.7047,0.0,30.33,55.55,2.51
2020-03-26,Tiruchirappalli,10.7905,78.7047,0.0,30.04,55.89,2.92
2020-03-27,Tiruchirappalli,10.7905,78.7047,0.0,29.83,56.03,2.93
2020-03-28,Tiruchirappalli,10.7905,78.7047,0.0,30.03,52.71,2.1
2020-03-29,Tiruchirappalli,10.7905,78.7047,0.0,30.0,49.98,2.01
2020-03-30,Tiruchirappalli,10.7905,78.7047,0.0,29.66,47.81,2.39
2020-03-31,Tiruchirappalli,10.7905,78.7047,0.0,29.62,53.74,2.56
2020-04-01,Tiruchirappalli,10.7905,78.7047,0.0,30.22,54.94,2.44
2020-04-02,Tiruchirappalli,10.7905,78.7047,0.0,31.0,55.86,2.6
2020-04-03,Tiruchirappalli,10.7905,78.7047,0.0,30.77,55.95,2.43
2020-04-04,Tiruchirappalli,10.7905,78.7047,0.16,30.9,56.71,2.39
2020-04-05,Tiruchirappalli,10.7905,78.7047,1.81,31.07,61.3,2.43
2020-04-06,Tiruchirappalli,10.7905,78.7047,0.12,31.38,59.59,2.28
2020-04-07,Tiruchirappalli,10.7905,78.7047,0.72,30.94,56.92,1.64
2020-04-08,Tiruchirappalli,10.7905,78.7047,1.26,31.57,57.05,2.03
2020-04-09,Tiruchirappalli,10.7905,78.7047,4.48,31.14,58.3,2.48
2020-04-10,Tiruchirappalli,10.7905,78.7047,0.74,30.65,57.2,2.58
2020-04-11,Tiruchirappalli,10.7905,78.7047,0.01,30.73,56.35,2.46
2020-04-12,Tiruchirappalli,10.7905,78.7047,0.0,30.84,52.78,2.26
2020-04-13,Tiruchirappalli,10.7905,78.7047,0.0,31.2,51.44,2.09
2020-04-14,Tiruchirappalli,10.7905,78.7047,0.0,31.32,51.71,2.43
2020-04-15,Tiruchirappalli,10.7905,78.7047,0.0,31.5,53.98,2.43
2020-04-16,Tiruchirappalli,10.7905,78.7047,0.02,31.9,54.34,2.14
2020-04-17,Tiruchirappalli,10.7905,78.7047,0.14,32.31,53.46,2.46
2020-04-18,Tiruchirappalli,10.7905,78.7047,0.08,32.63,53.32,2.65
2020-04-19,Tiruchirappalli,10.7905,78.7047,0.46,32.05,55.97,2.79
2020-04-20,Tiruchirappalli,10.7905,78.7047,0.09,31.85,56.26,2.77
2020-04-21,Tiruchirappalli,10.7905,78.7047,0.0,32.36,53.05,2.44
2020-04-22,Tiruchirappalli,10.7905,78.7047,0.01,33.02,50.83,2.46
2020-04-23,Tiruchirappalli,10.7905,78.7047,0.73,33.47,51.65,2.51
2020-04-24,Tiruchirappalli,10.7905,78.7047,0.06,32.6,57.22,3.16
2020-04-25,Tiruchirappalli,10.7905,78.7047,0.66,32.17,59.51,2.27
2020-04-26,Tiruchirappalli,10.7905,78.7047,2.78,30.33,65.91,2.09
2020-04-27,Tiruchirappalli,10.7905,78.7047,2.8,31.13,63.17,1.82
2020-04-28,Tiruchirappalli,10.7905,78.7047,1.64,30.42,64.2,1.98
2020-04-29,Tiruchirappalli,10.7905,78.7047,1.82,30.7,63.1,1.02
2020-04-30,Tiruchirappalli,10.7905,78.7047,0.15,31.03,57.39,1.56
2020-05-01,Tiruchirappalli,10.7905,78.7047,0.08,32.75,51.83,2.09
2020-05-02,Tiruchirappalli,10.7905,78.7047,0.57,33.05,53.29,2.27
2020-05-03,Tiruchirappalli,10.7905,78.7047,0.68,32.8,54.37,2.31
2020-05-04,Tiruchirappalli,10.7905,78.7047,0.0,33.21,51.43,2.31
2020-05-05,Tiruchirappalli,10.7905,78.7047,0.0,33.35,48.71,2.74
2020-05-06,Tiruchirappalli,10.7905,78.7047,0.05,32.53,56.23,3.0
2020-05-07,Tiruchirappalli,10.7905,78.7047,0.27,32.87,52.94,3.45
2020-05-08,Tiruchirappalli,10.7905,78.7047,0.2,32.44,55.81,2.93
2020-05-09,Tiruchirappalli,10.7905,78.7047,0.2,32.78,55.73,2.87
2020-05-10,Tiruchirappalli,10.7905,78.7047,0.42,32.77,54.93,2.47
2020-05-11,Tiruchirappalli,10.7905,78.7047,1.02,31.21,60.01,2.24
2020-05-12,Tiruchirappalli,10.7905,78.7047,0.75,30.44,57.14,2.59
2020-05-13,Tiruchirappalli,10.7905,78.7047,1.45,31.8,48.63,2.15
2020-05-14,Tiruchirappalli,10.7905,78.7047,0.07,32.98,52.37,1.93
2020-05-15,Tiruchirappalli,10.7905,78.7047,0.4,33.1,52.15,1.78
2020-05-16,Tiruchirappalli,10.7905,78.7047,0.11,32.99,49.82,2.08
2020-05-17,Tiruchirappalli,10.7905,78.7047,4.15,32.88,53.09,2.33
2020-05-18,Tiruchirappalli,10.7905,78.7047,0.54,31.76,55.25,4.88
2020-05-19,Tiruchirappalli,10.7905,78.7047,0.01,32.95,50.46,5.01
2020-05-20,Tiruchirappalli,10.7905,78.7047,0.0,33.78,47.84,4.45
2020-05-21,Tiruchirappalli,10.7905,78.7047,0.07,32.99,46.03,3.86
2020-05-22,Tiruchirappalli,10.7905,78.7047,0.0,34.39,43.78,2.78
2020-05-23,Tiruchirappalli,10.7905,78.7047,0.01,35.26,44.41,2.55
2020-05-24,Tiruchirappalli,10.7905,78.7047,0.63,34.65,47.89,2.27
2020-05-25,Tiruchirappalli,10.7905,78.7047,0.31,33.62,51.75,2.22
2020-05-26,Tiruchirappalli,10.7905,78.7047,0.07,33.55,50.95,2.2
2020-05-27,Tiruchirappalli,10.7905,78.7047,0.26,33.1,52.37,2.8
2020-05-28,Tiruchirappalli,10.7905,78.7047,6.95,32.5,57.26,2.9
2020-05-29,Tiruchirappalli,10.7905,78.7047,1.0,32.05,57.16,2.3
2020-05-30,Tiruchirappalli,10.7905,78.7047,0.01,31.75,55.71,2.65
2020-05-31,Tiruchirappalli,10.7905,78.7047,0.77,31.58,58.18,3.62
2020-06-01,Tiruchirappalli,10.7905,78.7047,9.91,30.35,65.54,2.6
2020-06-02,Tiruchirappalli,10.7905,78.7047,6.8,28.64,73.1,2.07
2020-06-03,Tiruchirappalli,10.7905,78.7047,0.01,29.0,67.15,2.37
2020-06-04,Tiruchirappalli,10.7905,78.7047,0.0,29.63,61.6,2.59
2020-06-05,Tiruchirappalli,10.7905,78.7047,2.98,29.87,63.25,2.99
2020-06-06,Tiruchirappalli,10.7905,78.7047,4.64,29.06,68.99,2.2
2020-06-07,Tiruchirappalli,10.7905,78.7047,3.91,29.08,67.75,2.83
2020-06-08,Tiruchirappalli,10.7905,78.7047,0.03,30.05,59.68,3.15
2020-06-09,Tiruchirappalli,10.7905,78.7047,0.13,30.65,53.39,2.99
2020-06-10,Tiruchirappalli,10.7905,78.7047,1.36,29.9,58.86,2.9
2020-06-11,Tiruchirappalli,10.7905,78.7047,0.19,29.34,60.25,4.17
2020-06-12,Tiruchirappalli,10.7905,78.7047,0.0,30.06,54.0,4.96
2020-06-13,Tiruchirappalli,10.7905,78.7047,0.0,30.77,52.92,4.47
2020-06-14,Tiruchirappalli,10.7905,78.7047,0.0,31.13,54.23,4.68
2020-06-15,Tiruchirappalli,10.7905,78.7047,0.0,30.85,57.64,3.76
2020-06-16,Tiruchirappalli,10.7905,78.7047,0.01,30.91,58.38,3.37
2020-06-17,Tiruchirappalli,10.7905,78.7047,0.14,30.42,58.94,3.66
2020-06-18,Tiruchirappalli,10.7905,78.7047,0.52,30.31,56.7,4.26
2020-06-19,Tiruchirappalli,10.7905,78.7047,0.02,30.31,56.85,3.88
2020-06-20,Tiruchirappalli,10.7905,78.7047,0.49,30.17,56.78,4.5
2020-06-21,Tiruchirappalli,10.7905,78.7047,0.61,27.99,65.22,4.7
2020-06-22,Tiruchirappalli,10.7905,78.7047,0.07,29.96,56.61,3.59
2020-06-23,Tiruchirappalli,10.7905,78.7047,0.58,31.53,46.87,3.39
2020-06-24,Tiruchirappalli,10.7905,78.7047,3.5,30.71,53.2,2.4
2020-06-25,Tiruchirappalli,10.7905,78.7047,12.2,28.05,70.54,1.56
2020-06-26,Tiruchirappalli,10.7905,78.7047,7.5,28.21,72.9,2.07
2020-06-27,Tiruchirappalli,10.7905,78.7047,1.27,29.27,67.87,2.62
2020-06-28,Tiruchirappalli,10.7905,78.7047,2.54,29.11,70.78,2.44
2020-06-29,Tiruchirappalli,10.7905,78.7047,1.26,29.17,71.32,2.48
2020-06-30,Tiruchirappalli,10.7905,78.7047,0.76,29.17,69.03,2.7
2020-07-01,Tiruchirappalli,10.7905,78.7047,0.14,28.43,65.15,2.75
2020-07-02,Tiruchirappalli,10.7905,78.7047,2.65,29.25,63.47,3.11
2020-07-03,Tiruchirappalli,10.7905,78.7047,5.99,28.12,66.13,3.95
2020-07-04,Tiruchirappalli,10.7905,78.7047,0.63,27.73,66.15,4.25
2020-07-05,Tiruchirappalli,10.7905,78.7047,0.16,28.48,64.04,3.1
2020-07-06,Tiruchirappalli,10.7905,78.7047,0.24,28.58,62.93,3.82
2020-07-07,Tiruchirappalli,10.7905,78.7047,2.24,28.74,63.24,3.54
2020-07-08,Tiruchirappalli,10.7905,78.7047,2.87,27.56,75.27,1.98
2020-07-09,Tiruchirappalli,10.7905,78.7047,16.63,26.85,77.99,2.11
2020-07-10,Tiruchirappalli,10.7905,78.7047,1.88,27.28,76.16,1.62
2020-07-11,Tiruchirappalli,10.7905,78.7047,16.33,27.51,76.18,1.52
2020-07-12,Tiruchirappalli,10.7905,78.7047,3.68,28.79,69.98,2.76
2020-07-13,Tiruchirappalli,10.7905,78.7047,0.11,27.97,72.57,1.67
2020-07-14,Tiruchirappalli,10.7905,78.7047,11.6,27.67,78.11,2.0
2020-07-15,Tiruchirappalli,10.7905,78.7047,2.89,27.5,77.91,2.77
2020-07-16,Tiruchirappalli,10.7905,78.7047,0.87,27.92,71.46,2.95
2020-07-17,Tiruchirappalli,10.7905,78.7047,0.09,27.13,72.4,3.15
2020-07-18,Tiruchirappalli,10.7905,78.7047,1.41,27.88,70.84,1.35
2020-07-19,Tiruchirappalli,10.7905,78.7047,8.1,27.33,76.02,1.52
2020-07-20,Tiruchirappalli,10.7905,78.7047,13.59,27.15,81.19,1.93
2020-07-21,Tiruchirappalli,10.7905,78.7047,0.9,27.17,77.87,1.36
2020-07-22,Tiruchirappalli,10.7905,78.7047,0.25,27.13,79.1,2.06
2020-07-23,Tiruchirappalli,10.7905,78.7047,4.77,27.67,75.47,2.45
2020-07-24,Tiruchirappalli,10.7905,78.7047,14.35,27.57,77.86,2.13
2020-07-25,Tiruchirappalli,10.7905,78.7047,11.08,27.95,73.77,1.79
2020-07-26,Tiruchirappalli,10.7905,78.7047,1.11,27.41,74.35,2.16
2020-07-27,Tiruchirappalli,10.7905,78.7047,1.8,27.57,73.59,2.54
2020-07-28,Tiruchirappalli,10.7905,78.7047,5.43,27.3,76.06,2.73
2020-07-29,Tiruchirappalli,10.7905,78.7047,13.37,26.06,82.36,2.55
2020-07-30,Tiruchirappalli,10.7905,78.7047,0.28,27.96,74.42,2.54
2020-07-31,Tiruchirappalli,10.7905,78.7047,10.39,27.99,75.6,2.52
2020-08-01,Tiruchirappalli,10.7905,78.7047,3.52,27.13,76.4,3.16
2020-08-02,Tiruchirappalli,10.7905,78.7047,1.12,26.78,74.75,4.08
2020-08-03,Tiruchirappalli,10.7905,78.7047,0.74,27.2,74.2,4.06
2020-08-04,Tiruchirappalli,10.7905,78.7047,0.38,27.0,69.77,4.86
2020-08-05,Tiruchirappalli,10.7905,78.7047,0.03,28.09,64.76,5.63
2020-08-06,Tiruchirappalli,10.7905,78.7047,0.18,28.45,70.42,3.94
2020-08-07,Tiruchirappalli,10.7905,78.7047,0.02,29.13,67.65,4.41
2020-08-08,Tiruchirappalli,10.7905,78.7047,8.21,27.36,74.61,3.55
2020-08-09,Tiruchirappalli,10.7905,78.7047,6.65,26.12,79.21,3.57
2020-08-10,Tiruchirappalli,10.7905,78.7047,0.09,26.8,75.29,3.26
2020-08-11,Tiruchirappalli,10.7905,78.7047,4.23,27.87,73.62,3.49
2020-08-12,Tiruchirappalli,10.7905,78.7047,0.14,28.01,72.54,3.81
2020-08-13,Tiruchirappalli,10.7905,78.7047,0.0,28.02,72.07,3.36
2020-08-14,Tiruchirappalli,10.7905,78.7047,0.0,28.08,70.46,3.73
2020-08-15,Tiruchirappalli,10.7905,78.7047,0.0,27.53,71.19,3.25
2020-08-16,Tiruchirappalli,10.7905,78.7047,0.0,28.3,69.79,3.36
2020-08-17,Tiruchirappalli,10.7905,78.7047,0.0,29.28,66.79,3.02
2020-08-18,Tiruchirappalli,10.7905,78.7047,1.52,29.36,68.17,3.23
2020-08-19,Tiruchirappalli,10.7905,78.7047,0.3,28.19,72.52,2.67
2020-08-20,Tiruchirappalli,10.7905,78.7047,0.0,27.51,74.1,3.08
2020-08-21,Tiruchirappalli,10.7905,78.7047,0.02,29.1,68.07,2.01
2020-08-22,Tiruchirappalli,10.7905,78.7047,4.27,29.14,71.12,1.52
2020-08-23,Tiruchirappalli,10.7905,78.7047,16.37,28.42,76.25,1.78
2020-08-24,Tiruchirappalli,10.7905,78.7047,25.38,27.57,80.06,1.21
2020-08-25,Tiruchirappalli,10.7905,78.7047,4.04,28.19,78.66,1.27
2020-08-26,Tiruchirappalli,10.7905,78.7047,0.94,27.66,79.24,1.16
2020-08-27,Tiruchirappalli,10.7905,78.7047,1.15,27.83,76.1,1.58
2020-08-28,Tiruchirappalli,10.7905,78.7047,0.2,28.84,69.44,1.89
2020-08-29,Tiruchirappalli,10.7905,78.7047,0.17,28.39,72.28,2.23
2020-08-30,Tiruchirappalli,10.7905,78.7047,2.53,28.59,73.22,1.69
2020-08-31,Tiruchirappalli,10.7905,78.7047,6.53,28.17,77.89,1.55
2020-09-01,Tiruchirappalli,10.7905,78.7047,9.87,26.22,84.23,2.25
2020-09-02,Tiruchirappalli,10.7905,78.7047,9.52,26.32,81.26,1.87
2020-09-03,Tiruchirappalli,10.7905,78.7047,4.75,26.75,80.7,0.95
2020-09-04,Tiruchirappalli,10.7905,78.7047,2.99,27.55,81.72,0.79
2020-09-05,Tiruchirappalli,10.7905,78.7047,1.25,27.51,80.23,1.01
2020-09-06,Tiruchirappalli,10.7905,78.7047,9.53,27.65,77.66,1.71
2020-09-07,Tiruchirappalli,10.7905,78.7047,1.35,27.17,78.79,2.37
2020-09-08,Tiruchirappalli,10.7905,78.7047,2.22,27.41,78.41,1.49
2020-09-09,Tiruchirappalli,10.7905,78.7047,17.16,27.03,82.64,1.91
2020-09-10,Tiruchirappalli,10.7905,78.7047,7.57,26.29,82.96,2.32
2020-09-11,Tiruchirappalli,10.7905,78.7047,2.0,26.03,79.4,3.03
2020-09-12,Tiruchirappalli,10.7905,78.7047,0.2,26.32,77.61,2.69
2020-09-13,Tiruchirappalli,10.7905,78.7047,3.92,25.51,79.86,2.71
2020-09-14,Tiruchirappalli,10.7905,78.7047,0.66,26.88,72.39,3.73
2020-09-15,Tiruchirappalli,10.7905,78.7047,0.59,27.36,72.64,3.08
2020-09-16,Tiruchirappalli,10.7905,78.7047,0.0,27.82,74.09,2.67
2020-09-17,Tiruchirappalli,10.7905,78.7047,0.51,27.65,76.04,2.97
2020-09-18,Tiruchirappalli,10.7905,78.7047,0.19,28.29,70.22,3.94
2020-09-19,Tiruchirappalli,10.7905,78.7047,0.25,27.34,71.34,4.2
2020-09-20,Tiruchirappalli,10.7905,78.7047,0.21,26.3,72.55,4.87
2020-09-21,Tiruchirappalli,10.7905,78.7047,0.13,26.87,70.74,4.01
2020-09-22,Tiruchirappalli,10.7905,78.7047,0.0,27.24,67.27,3.65
2020-09-23,Tiruchirappalli,10.7905,78.7047,0.0,27.58,67.6,3.04
2020-09-24,Tiruchirappalli,10.7905,78.7047,0.01,27.88,72.13,2.2
2020-09-25,Tiruchirappalli,10.7905,78.7047,1.59,26.92,75.54,1.67
2020-09-26,Tiruchirappalli,10.7905,78.7047,0.46,26.08,76.1,2.41
2020-09-27,Tiruchirappalli,10.7905,78.7047,11.38,27.41,72.45,1.81
2020-09-28,Tiruchirappalli,10.7905,78.7047,9.87,26.71,82.54,1.66
2020-09-29,Tiruchirappalli,10.7905,78.7047,29.4,25.59,88.89,2.12
2020-09-30,Tiruchirappalli,10.7905,78.7047,10.12,25.69,83.8,2.63
2020-10-01,Tiruchirappalli,10.7905,78.7047,0.1,25.91,80.21,2.45
2020-10-02,Tiruchirappalli,10.7905,78.7047,0.61,26.86,76.71,2.57
2020-10-03,Tiruchirappalli,10.7905,78.7047,5.33,25.73,81.03,2.59
2020-10-04,Tiruchirappalli,10.7905,78.7047,0.03,26.62,76.8,2.51
2020-10-05,Tiruchirappalli,10.7905,78.7047,0.4,27.79,70.88,2.36
2020-10-06,Tiruchirappalli,10.7905,78.7047,3.67,28.5,73.34,1.67
2020-10-07,Tiruchirappalli,10.7905,78.7047,7.45,28.18,79.42,2.03
2020-10-08,Tiruchirappalli,10.7905,78.7047,9.46,27.53,82.79,1.0
2020-10-09,Tiruchirappalli,10.7905,78.7047,6.42,26.58,84.75,1.34
2020-10-10,Tiruchirappalli,10.7905,78.7047,1.42,26.35,82.02,1.95
2020-10-11,Tiruchirappalli,10.7905,78.7047,0.12,25.56,80.62,3.01
2020-10-12,Tiruchirappalli,10.7905,78.7047,0.13,26.6,74.75,3.27
2020-10-13,Tiruchirappalli,10.7905,78.7047,0.2,26.43,76.44,3.58
2020-10-14,Tiruchirappalli,10.7905,78.7047,0.05,26.52,73.01,3.22
2020-10-15,Tiruchirappalli,10.7905,78.7047,0.02,27.21,72.21,2.54
2020-10-16,Tiruchirappalli,10.7905,78.7047,4.08,26.78,78.45,1.83
2020-10-17,Tiruchirappalli,10.7905,78.7047,7.07,27.07,78.14,1.5
2020-10-18,Tiruchirappalli,10.7905,78.7047,9.09,26.73,81.86,1.22
2020-10-19,Tiruchirappalli,10.7905,78.7047,11.05,26.35,84.78,1.49
2020-10-20,Tiruchirappalli,10.7905,78.7047,5.58,25.61,87.73,2.19
2020-10-21,Tiruchirappalli,10.7905,78.7047,3.01,26.4,82.45,2.08
2020-10-22,Tiruchirappalli,10.7905,78.7047,1.07,26.06,83.8,2.29
2020-10-23,Tiruchirappalli,10.7905,78.7047,0.5,26.66,81.42,1.89
2020-10-24,Tiruchirappalli,10.7905,78.7047,0.09,24.56,81.74,2.16
2020-10-25,Tiruchirappalli,10.7905,78.7047,13.03,26.53,75.36,1.28
2020-10-26,Tiruchirappalli,10.7905,78.7047,0.02,26.69,80.82,1.1
2020-10-27,Tiruchirappalli,10.7905,78.7047,0.01,26.56,80.11,1.59
2020-10-28,Tiruchirappalli,10.7905,78.7047,0.16,26.51,77.42,1.76
2020-10-29,Tiruchirappalli,10.7905,78.7047,0.47,26.32,78.38,2.01
2020-10-30,Tiruchirappalli,10.7905,78.7047,1.4,26.38,78.32,1.6
2020-10-31,Tiruchirappalli,10.7905,78.7047,0.8,26.91,73.55,1.02
2020-11-01,Tiruchirappalli,10.7905,78.7047,0.11,27.14,73.19,1.05
2020-11-02,Tiruchirappalli,10.7905,78.7047,0.22,27.22,76.59,1.13
2020-11-03,Tiruchirappalli,10.7905,78.7047,0.27,27.35,76.86,1.67
2020-11-04,Tiruchirappalli,10.7905,78.7047,1.05,26.9,81.06,1.43
2020-11-05,Tiruchirappalli,10.7905,78.7047,5.6,26.71,78.67,1.72
2020-11-06,Tiruchirappalli,10.7905,78.7047,4.25,25.84,85.08,1.92
2020-11-07,Tiruchirappalli,10.7905,78.7047,0.92,26.02,84.39,2.11
2020-11-08,Tiruchirappalli,10.7905,78.7047,3.46,25.29,88.53,2.31
2020-11-09,Tiruchirappalli,10.7905,78.7047,0.04,25.92,74.92,2.88
2020-11-10,Tiruchirappalli,10.7905,78.7047,0.01,25.3,71.65,2.68
2020-11-11,Tiruchirappalli,10.7905,78.7047,2.5,25.79,77.44,2.72
2020-11-12,Tiruchirappalli,10.7905,78.7047,14.54,25.62,89.2,2.03
2020-11-13,Tiruchirappalli,10.7905,78.7047,14.3,25.75,88.16,2.12
2020-11-14,Tiruchirappalli,10.7905,78.7047,4.11,25.95,85.35,2.85
2020-11-15,Tiruchirappalli,10.7905,78.7047,9.38,25.58,91.02,2.56
2020-11-16,Tiruchirappalli,10.7905,78.7047,25.58,25.13,92.75,2.0
2020-11-17,Tiruchirappalli,10.7905,78.7047,24.73,25.3,88.51,2.22
2020-11-18,Tiruchirappalli,10.7905,78.7047,5.85,25.44,87.75,1.83
2020-11-19,Tiruchirappalli,10.7905,78.7047,1.21,25.35,86.37,2.02
2020-11-20,Tiruchirappalli,10.7905,78.7047,0.32,24.94,85.14,2.24
2020-11-21,Tiruchirappalli,10.7905,78.7047,0.0,24.19,81.64,2.08
2020-11-22,Tiruchirappalli,10.7905,78.7047,0.0,23.61,80.64,1.66
2020-11-23,Tiruchirappalli,10.7905,78.7047,0.17,23.95,82.59,2.46
2020-11-24,Tiruchirappalli,10.7905,78.7047,2.18,23.99,88.36,3.1
2020-11-25,Tiruchirappalli,10.7905,78.7047,4.69,25.02,84.29,3.79
2020-11-26,Tiruchirappalli,10.7905,78.7047,39.34,24.33,88.28,4.33
2020-11-27,Tiruchirappalli,10.7905,78.7047,6.34,24.96,86.7,1.31
2020-11-28,Tiruchirappalli,10.7905,78.7047,2.53,25.12,87.39,1.84
2020-11-29,Tiruchirappalli,10.7905,78.7047,0.95,25.07,88.5,2.28
2020-11-30,Tiruchirappalli,10.7905,78.7047,1.35,24.95,86.72,2.96
2020-12-01,Tiruchirappalli,10.7905,78.7047,0.33,24.06,82.79,2.88
2020-12-02,Tiruchirappalli,10.7905,78.7047,18.72,24.35,84.21,3.94
2020-12-03,Tiruchirappalli,10.7905,78.7047,53.75,23.95,91.66,3.86
2020-12-04,Tiruchirappalli,10.7905,78.7047,27.59,24.48,93.63,4.44
2020-12-05,Tiruchirappalli,10.7905,78.7047,8.75,24.34,94.26,3.28
2020-12-06,Tiruchirappalli,10.7905,78.7047,14.32,24.47,91.76,3.38
2020-12-07,Tiruchirappalli,10.7905,78.7047,7.26,25.11,90.7,2.82
2020-12-08,Tiruchirappalli,10.7905,78.7047,7.77,24.93,90.92,2.24
2020-12-09,Tiruchirappalli,10.7905,78.7047,1.65,24.64,88.98,2.2
2020-12-10,Tiruchirappalli,10.7905,78.7047,0.03,23.43,86.36,1.98
2020-12-11,Tiruchirappalli,10.7905,78.7047,0.0,22.75,85.37,1.99
2020-12-12,Tiruchirappalli,10.7905,78.7047,0.0,22.79,84.88,1.93
2020-12-13,Tiruchirappalli,10.7905,78.7047,0.0,22.77,82.61,1.74
2020-12-14,Tiruchirappalli,10.7905,78.7047,0.0,22.42,83.35,1.85
2020-12-15,Tiruchirappalli,10.7905,78.7047,1.62,23.07,87.14,2.55
2020-12-16,Tiruchirappalli,10.7905,78.7047,21.29,23.48,91.83,3.01
2020-12-17,Tiruchirappalli,10.7905,78.7047,10.97,24.0,93.07,2.47
2020-12-18,Tiruchirappalli,10.7905,78.7047,11.98,23.45,92.03,2.55
2020-12-19,Tiruchirappalli,10.7905,78.7047,1.33,23.04,87.89,3.15
2020-12-20,Tiruchirappalli,10.7905,78.7047,0.04,22.77,86.77,3.0
2020-12-21,Tiruchirappalli,10.7905,78.7047,0.0,21.48,87.46,2.73
2020-12-22,Tiruchirappalli,10.7905,78.7047,0.02,21.61,86.52,2.42
2020-12-23,Tiruchirappalli,10.7905,78.7047,0.01,22.16,87.46,2.07
2020-12-24,Tiruchirappalli,10.7905,78.7047,0.0,22.7,85.98,2.38
2020-12-25,Tiruchirappalli,10.7905,78.7047,0.01,22.24,85.64,2.26
2020-12-26,Tiruchirappalli,10.7905,78.7047,0.0,21.49,84.23,2.3
2020-12-27,Tiruchirappalli,10.7905,78.7047,0.02,22.21,84.73,2.58
2020-12-28,Tiruchirappalli,10.7905,78.7047,0.01,22.21,83.34,2.27
2020-12-29,Tiruchirappalli,10.7905,78.7047,1.41,23.14,87.0,2.59
2020-12-30,Tiruchirappalli,10.7905,78.7047,6.5,24.02,88.45,3.46
2020-12-31,Tiruchirappalli,10.7905,78.7047,9.73,24.1,89.83,3.53
2021-01-01,Tiruchirappalli,10.7905,78.7047,0.49,22.66,86.6,2.7
2021-01-02,Tiruchirappalli,10.7905,78.7047,2.37,22.92,89.36,2.92
2021-01-03,Tiruchirappalli,10.7905,78.7047,8.83,24.12,89.81,2.93
2021-01-04,Tiruchirappalli,10.7905,78.7047,2.54,24.41,87.52,3.08
2021-01-05,Tiruchirappalli,10.7905,78.7047,2.29,23.99,91.33,2.25
2021-01-06,Tiruchirappalli,10.7905,78.7047,10.46,23.93,94.44,1.76
2021-01-07,Tiruchirappalli,10.7905,78.7047,11.16,24.63,90.84,2.07
2021-01-08,Tiruchirappalli,10.7905,78.7047,6.79,25.16,89.38,2.09
2021-01-09,Tiruchirappalli,10.7905,78.7047,4.59,24.16,92.13,2.19
2021-01-10,Tiruchirappalli,10.7905,78.7047,6.34,23.76,92.44,2.04
2021-01-11,Tiruchirappalli,10.7905,78.7047,23.22,23.75,93.02,2.49
2021-01-12,Tiruchirappalli,10.7905,78.7047,22.26,23.66,93.43,3.15
2021-01-13,Tiruchirappalli,10.7905,78.7047,16.86,23.83,91.05,3.21
2021-01-14,Tiruchirappalli,10.7905,78.7047,14.33,23.75,91.31,2.84
2021-01-15,Tiruchirappalli,10.7905,78.7047,7.77,23.63,90.81,2.61
2021-01-16,Tiruchirappalli,10.7905,78.7047,0.3,23.54,88.55,2.35
2021-01-17,Tiruchirappalli,10.7905,78.7047,0.01,21.97,86.75,2.01
2021-01-18,Tiruchirappalli,10.7905,78.7047,0.0,21.7,84.75,2.35
2021-01-19,Tiruchirappalli,10.7905,78.7047,0.0,22.25,83.49,2.07
2021-01-20,Tiruchirappalli,10.7905,78.7047,0.38,23.32,85.87,2.03
2021-01-21,Tiruchirappalli,10.7905,78.7047,0.64,24.74,88.49,1.68
2021-01-22,Tiruchirappalli,10.7905,78.7047,0.14,25.07,86.93,1.81
2021-01-23,Tiruchirappalli,10.7905,78.7047,0.06,23.74,86.42,1.94
2021-01-24,Tiruchirappalli,10.7905,78.7047,0.0,22.93,84.36,1.85
2021-01-25,Tiruchirappalli,10.7905,78.7047,0.0,22.58,85.58,1.82
2021-01-26,Tiruchirappalli,10.7905,78.7047,0.0,21.85,82.28,1.93
2021-01-27,Tiruchirappalli,10.7905,78.7047,0.0,21.86,80.7,1.79
2021-01-28,Tiruchirappalli,10.7905,78.7047,0.0,22.53,83.12,2.41
2021-01-29,Tiruchirappalli,10.7905,78.7047,0.35,23.25,84.27,2.59
2021-01-30,Tiruchirappalli,10.7905,78.7047,0.01,23.59,81.56,2.26
2021-01-31,Tiruchirappalli,10.7905,78.7047,0.0,23.26,83.58,2.52
2021-02-01,Tiruchirappalli,10.7905,78.7047,0.01,22.82,82.02,2.78
2021-02-02,Tiruchirappalli,10.7905,78.7047,0.03,23.07,81.94,2.57
2021-02-03,Tiruchirappalli,10.7905,78.7047,0.0,23.38,82.73,2.65
2021-02-04,Tiruchirappalli,10.7905,78.7047,0.0,22.58,77.93,2.29
2021-02-05,Tiruchirappalli,10.7905,78.7047,0.0,22.18,79.22,2.43
2021-02-06,Tiruchirappalli,10.7905,78.7047,0.0,22.16,78.83,2.4
2021-02-07,Tiruchirappalli,10.7905,78.7047,0.0,21.79,75.71,2.77
2021-02-08,Tiruchirappalli,10.7905,78.7047,0.0,21.91,78.13,3.02
2021-02-09,Tiruchirappalli,10.7905,78.7047,0.0,21.75,78.83,2.75
2021-02-10,Tiruchirappalli,10.7905,78.7047,0.0,21.25,77.66,2.22
2021-02-11,Tiruchirappalli,10.7905,78.7047,0.0,21.14,76.36,2.09
2021-02-12,Tiruchirappalli,10.7905,78.7047,0.0,21.48,76.81,2.03
2021-02-13,Tiruchirappalli,10.7905,78.7047,0.0,22.16,75.79,1.86
2021-02-14,Tiruchirappalli,10.7905,78.7047,0.0,22.47,73.37,1.82
2021-02-15,Tiruchirappalli,10.7905,78.7047,0.0,23.5,74.55,1.82
2021-02-16,Tiruchirappalli,10.7905,78.7047,0.0,23.98,76.02,1.91
2021-02-17,Tiruchirappalli,10.7905,78.7047,0.0,23.8,77.83,2.18
2021-02-18,Tiruchirappalli,10.7905,78.7047,0.01,23.96,78.65,2.52
2021-02-19,Tiruchirappalli,10.7905,78.7047,0.08,24.66,80.21,2.47
2021-02-20,Tiruchirappalli,10.7905,78.7047,2.34,25.51,80.22,3.42
2021-02-21,Tiruchirappalli,10.7905,78.7047,5.73,25.5,82.55,3.57
2021-02-22,Tiruchirappalli,10.7905,78.7047,0.56,25.16,79.39,2.95
2021-02-23,Tiruchirappalli,10.7905,78.7047,0.0,25.1,76.59,2.4
2021-02-24,Tiruchirappalli,10.7905,78.7047,0.0,24.69,74.99,2.0
2021-02-25,Tiruchirappalli,10.7905,78.7047,0.0,24.97,72.61,1.79
2021-02-26,Tiruchirappalli,10.7905,78.7047,0.0,25.41,67.87,1.78
2021-02-27,Tiruchirappalli,10.7905,78.7047,0.0,25.68,67.11,1.52
2021-02-28,Tiruchirappalli,10.7905,78.7047,0.0,24.97,70.93,1.86
2021-03-01,Tiruchirappalli,10.7905,78.7047,0.0,25.29,71.06,1.77
2021-03-02,Tiruchirappalli,10.7905,78.7047,0.0,25.09,71.61,1.91
2021-03-03,Tiruchirappalli,10.7905,78.7047,0.0,24.69,72.46,2.26
2021-03-04,Tiruchirappalli,10.7905,78.7047,0.0,24.69,73.09,2.22
2021-03-05,Tiruchirappalli,10.7905,78.7047,0.0,25.08,71.99,1.98
2021-03-06,Tiruchirappalli,10.7905,78.7047,0.0,26.1,68.4,1.89
2021-03-07,Tiruchirappalli,10.7905,78.7047,0.0,26.69,71.17,2.16
2021-03-08,Tiruchirappalli,10.7905,78.7047,0.0,26.87,72.64,2.43
2021-03-09,Tiruchirappalli,10.7905,78.7047,0.0,26.93,71.75,2.64
2021-03-10,Tiruchirappalli,10.7905,78.7047,4.07,26.62,77.0,2.5
2021-03-11,Tiruchirappalli,10.7905,78.7047,1.36,27.01,73.45,2.26
2021-03-12,Tiruchirappalli,10.7905,78.7047,0.05,26.38,67.95,2.22
2021-03-13,Tiruchirappalli,10.7905,78.7047,0.0,26.07,71.59,2.34
2021-03-14,Tiruchirappalli,10.7905,78.7047,0.0,26.67,68.49,2.41
2021-03-15,Tiruchirappalli,10.7905,78.7047,0.0,27.08,64.83,2.2
2021-03-16,Tiruchirappalli,10.7905,78.7047,0.0,27.32,64.85,2.18
2021-03-17,Tiruchirappalli,10.7905,78.7047,0.0,27.1,66.71,2.22
2021-03-18,Tiruchirappalli,10.7905,78.7047,0.0,26.53,66.93,2.17
2021-03-19,Tiruchirappalli,10.7905,78.7047,0.0,27.04,64.47,1.93
2021-03-20,Tiruchirappalli,10.7905,78.7047,0.0,27.87,62.91,1.68
2021-03-21,Tiruchirappalli,10.7905,78.7047,0.0,28.12,61.72,1.78
2021-03-22,Tiruchirappalli,10.7905,78.7047,0.21,28.09,65.18,2.1
2021-03-23,Tiruchirappalli,10.7905,78.7047,0.0,28.17,65.39,2.12
2021-03-24,Tiruchirappalli,10.7905,78.7047,0.0,28.14,65.93,1.98
2021-03-25,Tiruchirappalli,10.7905,78.7047,0.0,28.03,65.93,1.95
2021-03-26,Tiruchirappalli,10.7905,78.7047,0.02,28.31,69.47,2.11
2021-03-27,Tiruchirappalli,10.7905,78.7047,0.0,29.16,66.55,2.22
2021-03-28,Tiruchirappalli,10.7905,78.7047,0.06,29.52,62.51,1.7
2021-03-29,Tiruchirappalli,10.7905,78.7047,0.01,29.94,60.1,2.04
2021-03-30,Tiruchirappalli,10.7905,78.7047,0.0,30.6,56.13,2.21
2021-03-31,Tiruchirappalli,10.7905,78.7047,0.0,31.93,55.37,2.19
2021-04-01,Tiruchirappalli,10.7905,78.7047,0.17,32.12,57.43,2.43
2021-04-02,Tiruchirappalli,10.7905,78.7047,0.05,32.98,52.18,2.94
2021-04-03,Tiruchirappalli,10.7905,78.7047,0.0,32.62,48.85,2.58
2021-04-04,Tiruchirappalli,10.7905,78.7047,0.3,33.0,46.74,2.22
2021-04-05,Tiruchirappalli,10.7905,78.7047,0.03,32.6,49.24,2.32
2021-04-06,Tiruchirappalli,10.7905,78.7047,0.31,30.45,58.92,2.53
2021-04-07,Tiruchirappalli,10.7905,78.7047,0.0,30.01,57.62,2.4
2021-04-08,Tiruchirappalli,10.7905,78.7047,0.0,29.74,56.88,1.93
2021-04-09,Tiruchirappalli,10.7905,78.7047,0.0,30.35,57.74,2.41
2021-04-10,Tiruchirappalli,10.7905,78.7047,0.09,30.37,59.65,2.69
2021-04-11,Tiruchirappalli,10.7905,78.7047,0.56,30.3,59.39,2.52
2021-04-12,Tiruchirappalli,10.7905,78.7047,2.54,30.13,61.2,2.43
2021-04-13,Tiruchirappalli,10.7905,78.7047,0.84,29.73,63.5,2.24
2021-04-14,Tiruchirappalli,10.7905,78.7047,6.83,28.83,69.24,1.7
2021-04-15,Tiruchirappalli,10.7905,78.7047,9.17,27.29,77.95,1.19
2021-04-16,Tiruchirappalli,10.7905,78.7047,2.01,28.13,72.69,0.98
2021-04-17,Tiruchirappalli,10.7905,78.7047,0.02,29.79,67.17,1.28
2021-04-18,Tiruchirappalli,10.7905,78.7047,0.04,30.63,62.53,1.75
2021-04-19,Tiruchirappalli,10.7905,78.7047,0.07,31.2,60.83,1.37
2021-04-20,Tiruchirappalli,10.7905,78.7047,0.3,30.74,61.19,1.29
2021-04-21,Tiruchirappalli,10.7905,78.7047,0.63,30.58,62.76,1.21
2021-04-22,Tiruchirappalli,10.7905,78.7047,0.04,30.81,63.26,1.9
2021-04-23,Tiruchirappalli,10.7905,78.7047,2.73,31.01,61.4,1.21
2021-04-24,Tiruchirappalli,10.7905,78.7047,4.23,29.26,70.17,1.17
2021-04-25,Tiruchirappalli,10.7905,78.7047,1.51,29.71,69.1,1.76
2021-04-26,Tiruchirappalli,10.7905,78.7047,0.16,30.12,66.27,1.72
2021-04-27,Tiruchirappalli,10.7905,78.7047,0.01,29.61,66.18,1.34
2021-04-28,Tiruchirappalli,10.7905,78.7047,0.0,30.45,62.83,1.7
2021-04-29,Tiruchirappalli,10.7905,78.7047,0.01,31.46,60.36,1.85
2021-04-30,Tiruchirappalli,10.7905,78.7047,0.15,31.36,62.11,2.44
2021-05-01,Tiruchirappalli,10.7905,78.7047,0.59,30.12,66.99,2.11
2021-05-02,Tiruchirappalli,10.7905,78.7047,0.82,30.47,64.72,2.32
2021-05-03,Tiruchirappalli,10.7905,78.7047,2.62,30.46,65.34,2.37
2021-05-04,Tiruchirappalli,10.7905,78.7047,5.13,29.72,69.98,2.01
2021-05-05,Tiruchirappalli,10.7905,78.7047,1.08,29.86,68.19,1.9
2021-05-06,Tiruchirappalli,10.7905,78.7047,0.15,30.95,62.79,2.43
2021-05-07,Tiruchirappalli,10.7905,78.7047,1.12,30.08,66.35,2.31
2021-05-08,Tiruchirappalli,10.7905,78.7047,0.91,29.51,68.13,2.18
2021-05-09,Tiruchirappalli,10.7905,78.7047,0.54,30.0,66.61,1.75
2021-05-10,Tiruchirappalli,10.7905,78.7047,0.15,30.86,63.89,1.94
2021-05-11,Tiruchirappalli,10.7905,78.7047,0.15,31.57,60.21,1.82
2021-05-12,Tiruchirappalli,10.7905,78.7047,1.66,32.24,58.65,1.73
2021-05-13,Tiruchirappalli,10.7905,78.7047,7.86,31.4,62.8,1.88
2021-05-14,Tiruchirappalli,10.7905,78.7047,3.51,30.93,63.19,2.93
2021-05-15,Tiruchirappalli,10.7905,78.7047,0.54,29.13,66.62,4.21
2021-05-16,Tiruchirappalli,10.7905,78.7047,1.02,29.16,69.46,2.83
2021-05-17,Tiruchirappalli,10.7905,78.7047,4.38,30.45,64.19,1.83
2021-05-18,Tiruchirappalli,10.7905,78.7047,2.28,30.0,69.84,1.44
2021-05-19,Tiruchirappalli,10.7905,78.7047,16.1,29.23,74.35,1.66
2021-05-20,Tiruchirappalli,10.7905,78.7047,19.5,27.95,78.87,2.28
2021-05-21,Tiruchirappalli,10.7905,78.7047,3.31,27.81,74.21,2.67
2021-05-22,Tiruchirappalli,10.7905,78.7047,0.99,27.81,73.5,2.94
2021-05-23,Tiruchirappalli,10.7905,78.7047,0.09,30.46,61.59,2.53
2021-05-24,Tiruchirappalli,10.7905,78.7047,0.01,30.0,64.5,3.36
2021-05-25,Tiruchirappalli,10.7905,78.7047,4.65,28.69,67.81,3.5
2021-05-26,Tiruchirappalli,10.7905,78.7047,4.44,28.56,64.02,5.25
2021-05-27,Tiruchirappalli,10.7905,78.7047,0.01,30.11,59.81,3.99
2021-05-28,Tiruchirappalli,10.7905,78.7047,0.0,30.91,57.42,3.59
2021-05-29,Tiruchirappalli,10.7905,78.7047,0.0,30.74,57.51,3.55
2021-05-30,Tiruchirappalli,10.7905,78.7047,0.03,30.82,56.94,4.09
2021-05-31,Tiruchirappalli,10.7905,78.7047,0.08,31.05,55.52,3.38
2021-06-01,Tiruchirappalli,10.7905,78.7047,0.25,30.98,60.06,3.23
2021-06-02,Tiruchirappalli,10.7905,78.7047,5.68,31.51,61.11,1.98
2021-06-03,Tiruchirappalli,10.7905,78.7047,4.61,28.8,76.76,1.72
2021-06-04,Tiruchirappalli,10.7905,78.7047,3.21,27.33,84.77,1.72
2021-06-05,Tiruchirappalli,10.7905,78.7047,14.03,27.28,75.97,2.4
2021-06-06,Tiruchirappalli,10.7905,78.7047,0.31,29.17,65.4,2.2
2021-06-07,Tiruchirappalli,10.7905,78.7047,0.08,29.93,65.55,1.96
2021-06-08,Tiruchirappalli,10.7905,78.7047,1.06,30.07,63.63,2.66
2021-06-09,Tiruchirappalli,10.7905,78.7047,1.19,29.55,64.53,3.33
2021-06-10,Tiruchirappalli,10.7905,78.7047,0.15,30.43,60.53,4.02
2021-06-11,Tiruchirappalli,10.7905,78.7047,0.0,29.88,60.25,3.91
2021-06-12,Tiruchirappalli,10.7905,78.7047,2.86,29.71,61.09,4.65
2021-06-13,Tiruchirappalli,10.7905,78.7047,0.07,28.75,63.24,4.4
2021-06-14,Tiruchirappalli,10.7905,78.7047,0.01,28.31,58.05,5.81
2021-06-15,Tiruchirappalli,10.7905,78.7047,0.01,28.96,59.33,4.27
2021-06-16,Tiruchirappalli,10.7905,78.7047,0.02,29.24,65.69,3.99
2021-06-17,Tiruchirappalli,10.7905,78.7047,0.0,29.5,63.72,4.18
2021-06-18,Tiruchirappalli,10.7905,78.7047,0.0,29.27,62.44,4.27
2021-06-19,Tiruchirappalli,10.7905,78.7047,0.0,29.03,62.37,3.79
2021-06-20,Tiruchirappalli,10.7905,78.7047,0.0,29.38,63.9,3.22
2021-06-21,Tiruchirappalli,10.7905,78.7047,0.27,29.91,62.16,3.08
2021-06-22,Tiruchirappalli,10.7905,78.7047,3.08,29.17,65.34,2.47
2021-06-23,Tiruchirappalli,10.7905,78.7047,11.69,28.08,74.53,1.77
2021-06-24,Tiruchirappalli,10.7905,78.7047,1.43,28.77,68.15,2.5
2021-06-25,Tiruchirappalli,10.7905,78.7047,0.0,29.93,58.41,2.87
2021-06-26,Tiruchirappalli,10.7905,78.7047,0.75,29.35,61.76,3.65
2021-06-27,Tiruchirappalli,10.7905,78.7047,0.14,28.94,59.46,2.69
2021-06-28,Tiruchirappalli,10.7905,78.7047,0.18,28.55,61.36,1.92
2021-06-29,Tiruchirappalli,10.7905,78.7047,5.54,29.38,65.68,1.84
2021-06-30,Tiruchirappalli,10.7905,78.7047,4.14,29.6,71.07,1.59
2021-07-01,Tiruchirappalli,10.7905,78.7047,26.03,28.52,78.22,1.85
2021-07-02,Tiruchirappalli,10.7905,78.7047,5.07,28.43,76.16,2.25
2021-07-03,Tiruchirappalli,10.7905,78.7047,2.14,27.71,76.02,1.76
2021-07-04,Tiruchirappalli,10.7905,78.7047,33.27,25.97,85.26,2.24
2021-07-05,Tiruchirappalli,10.7905,78.7047,3.89,28.18,73.93,1.72
2021-07-06,Tiruchirappalli,10.7905,78.7047,0.0,28.21,74.78,1.46
2021-07-07,Tiruchirappalli,10.7905,78.7047,3.61,28.92,72.45,1.33
2021-07-08,Tiruchirappalli,10.7905,78.7047,11.24,28.59,74.92,1.85
2021-07-09,Tiruchirappalli,10.7905,78.7047,3.9,27.56,78.83,2.95
2021-07-10,Tiruchirappalli,10.7905,78.7047,0.31,27.08,71.85,4.84
2021-07-11,Tiruchirappalli,10.7905,78.7047,0.05,27.4,65.22,4.76
2021-07-12,Tiruchirappalli,10.7905,78.7047,0.03,27.98,66.47,4.65
2021-07-13,Tiruchirappalli,10.7905,78.7047,0.1,27.96,69.73,4.33
2021-07-14,Tiruchirappalli,10.7905,78.7047,5.66,27.15,74.01,3.65
2021-07-15,Tiruchirappalli,10.7905,78.7047,1.69,27.72,71.39,3.79
2021-07-16,Tiruchirappalli,10.7905,78.7047,1.97,27.95,72.33,2.8
2021-07-17,Tiruchirappalli,10.7905,78.7047,3.21,28.04,73.26,2.47
2021-07-18,Tiruchirappalli,10.7905,78.7047,3.44,27.01,78.05,3.49
2021-07-19,Tiruchirappalli,10.7905,78.7047,0.02,28.13,71.37,4.02
2021-07-20,Tiruchirappalli,10.7905,78.7047,0.1,29.28,65.99,4.63
2021-07-21,Tiruchirappalli,10.7905,78.7047,0.07,28.56,67.52,4.45
2021-07-22,Tiruchirappalli,10.7905,78.7047,0.19,27.91,70.66,5.32
2021-07-23,Tiruchirappalli,10.7905,78.7047,0.77,28.47,66.62,5.14
2021-07-24,Tiruchirappalli,10.7905,78.7047,0.03,28.35,68.32,4.02
2021-07-25,Tiruchirappalli,10.7905,78.7047,1.71,28.58,65.07,4.24
2021-07-26,Tiruchirappalli,10.7905,78.7047,4.4,28.74,67.99,3.73
2021-07-27,Tiruchirappalli,10.7905,78.7047,1.49,26.55,77.89,3.12
2021-07-28,Tiruchirappalli,10.7905,78.7047,0.16,28.58,65.69,3.89
2021-07-29,Tiruchirappalli,10.7905,78.7047,0.0,28.97,65.49,3.5
2021-07-30,Tiruchirappalli,10.7905,78.7047,0.0,28.74,66.23,3.82
2021-07-31,Tiruchirappalli,10.7905,78.7047,0.05,29.41,63.99,3.87
2021-08-01,Tiruchirappalli,10.7905,78.7047,0.01,29.65,62.32,3.95
2021-08-02,Tiruchirappalli,10.7905,78.7047,0.05,28.98,60.73,4.19
2021-08-03,Tiruchirappalli,10.7905,78.7047,0.0,29.18,62.21,4.3
2021-08-04,Tiruchirappalli,10.7905,78.7047,0.0,29.89,60.15,4.94
2021-08-05,Tiruchirappalli,10.7905,78.7047,0.5,29.48,62.27,4.43
2021-08-06,Tiruchirappalli,10.7905,78.7047,1.37,29.56,65.34,3.86
2021-08-07,Tiruchirappalli,10.7905,78.7047,7.0,28.89,69.88,3.32
2021-08-08,Tiruchirappalli,10.7905,78.7047,1.01,29.01,67.69,2.21
2021-08-09,Tiruchirappalli,10.7905,78.7047,19.74,28.67,68.46,2.72
2021-08-10,Tiruchirappalli,10.7905,78.7047,7.77,27.74,70.47,3.46
2021-08-11,Tiruchirappalli,10.7905,78.7047,5.25,27.6,71.44,2.79
2021-08-12,Tiruchirappalli,10.7905,78.7047,2.49,26.83,74.77,3.33
2021-08-13,Tiruchirappalli,10.7905,78.7047,1.38,26.67,75.37,2.54
2021-08-14,Tiruchirappalli,10.7905,78.7047,2.14,28.21,70.77,3.08
2021-08-15,Tiruchirappalli,10.7905,78.7047,0.21,28.86,65.26,3.3
2021-08-16,Tiruchirappalli,10.7905,78.7047,0.02,28.98,62.17,3.04
2021-08-17,Tiruchirappalli,10.7905,78.7047,9.9,28.27,66.71,2.87
2021-08-18,Tiruchirappalli,10.7905,78.7047,13.68,26.73,73.06,3.35
2021-08-19,Tiruchirappalli,10.7905,78.7047,0.85,28.01,64.17,3.65
2021-08-20,Tiruchirappalli,10.7905,78.7047,3.69,27.27,68.63,2.0
2021-08-21,Tiruchirappalli,10.7905,78.7047,8.94,26.26,77.47,1.22
2021-08-22,Tiruchirappalli,10.7905,78.7047,7.47,26.45,78.91,1.09
2021-08-23,Tiruchirappalli,10.7905,78.7047,9.7,26.56,79.48,1.5
2021-08-24,Tiruchirappalli,10.7905,78.7047,9.97,27.54,76.45,1.71
2021-08-25,Tiruchirappalli,10.7905,78.7047,0.76,28.62,71.09,1.91
2021-08-26,Tiruchirappalli,10.7905,78.7047,0.79,28.57,72.85,1.56
2021-08-27,Tiruchirappalli,10.7905,78.7047,2.06,27.38,79.66,2.36
2021-08-28,Tiruchirappalli,10.7905,78.7047,1.53,26.64,79.37,2.44
2021-08-29,Tiruchirappalli,10.7905,78.7047,0.39,26.45,78.68,3.01
2021-08-30,Tiruchirappalli,10.7905,78.7047,0.01,27.5,70.51,3.65
2021-08-31,Tiruchirappalli,10.7905,78.7047,1.53,28.48,69.98,1.99
2021-09-01,Tiruchirappalli,10.7905,78.7047,1.41,28.04,71.95,1.65
2021-09-02,Tiruchirappalli,10.7905,78.7047,33.86,26.18,82.49,1.85
2021-09-03,Tiruchirappalli,10.7905,78.7047,18.3,26.1,82.23,2.11
2021-09-04,Tiruchirappalli,10.7905,78.7047,4.2,26.48,80.94,2.43
2021-09-05,Tiruchirappalli,10.7905,78.7047,5.93,27.27,73.85,3.66
2021-09-06,Tiruchirappalli,10.7905,78.7047,4.06,25.78,77.26,3.75
2021-09-07,Tiruchirappalli,10.7905,78.7047,0.27,26.98,74.33,3.27
2021-09-08,Tiruchirappalli,10.7905,78.7047,2.47,26.53,79.65,2.43
2021-09-09,Tiruchirappalli,10.7905,78.7047,0.12,27.51,75.12,2.31
2021-09-10,Tiruchirappalli,10.7905,78.7047,0.24,27.67,73.76,2.92
2021-09-11,Tiruchirappalli,10.7905,78.7047,1.62,27.39,75.76,3.34
2021-09-12,Tiruchirappalli,10.7905,78.7047,0.2,27.19,75.74,3.43
2021-09-13,Tiruchirappalli,10.7905,78.7047,0.01,27.21,75.11,3.69
2021-09-14,Tiruchirappalli,10.7905,78.7047,0.01,27.58,76.25,2.41
2021-09-15,Tiruchirappalli,10.7905,78.7047,3.82,27.82,76.69,2.53
2021-09-16,Tiruchirappalli,10.7905,78.7047,3.0,27.64,78.41,1.97
2021-09-17,Tiruchirappalli,10.7905,78.7047,6.63,27.28,80.01,1.74
2021-09-18,Tiruchirappalli,10.7905,78.7047,4.5,27.21,81.4,1.11
2021-09-19,Tiruchirappalli,10.7905,78.7047,12.49,27.2,82.44,1.48
2021-09-20,Tiruchirappalli,10.7905,78.7047,4.09,27.22,80.68,1.55
2021-09-21,Tiruchirappalli,10.7905,78.7047,0.93,27.19,78.1,1.84
2021-09-22,Tiruchirappalli,10.7905,78.7047,0.65,28.22,71.4,1.82
2021-09-23,Tiruchirappalli,10.7905,78.7047,7.83,27.63,79.38,1.56
2021-09-24,Tiruchirappalli,10.7905,78.7047,6.28,27.59,76.52,1.61
2021-09-25,Tiruchirappalli,10.7905,78.7047,5.14,27.32,81.59,1.62
2021-09-26,Tiruchirappalli,10.7905,78.7047,3.06,26.57,81.7,1.86
2021-09-27,Tiruchirappalli,10.7905,78.7047,3.92,27.28,75.2,3.73
2021-09-28,Tiruchirappalli,10.7905,78.7047,0.07,26.27,73.01,3.15
2021-09-29,Tiruchirappalli,10.7905,78.7047,1.64,27.44,69.14,2.26
2021-09-30,Tiruchirappalli,10.7905,78.7047,20.34,27.21,73.92,1.49
2021-10-01,Tiruchirappalli,10.7905,78.7047,9.39,26.77,83.14,1.02
2021-10-02,Tiruchirappalli,10.7905,78.7047,7.13,26.22,87.76,1.14
2021-10-03,Tiruchirappalli,10.7905,78.7047,3.4,27.13,83.01,1.36
2021-10-04,Tiruchirappalli,10.7905,78.7047,2.87,27.16,84.19,1.16
2021-10-05,Tiruchirappalli,10.7905,78.7047,8.53,26.39,86.78,0.84
2021-10-06,Tiruchirappalli,10.7905,78.7047,5.71,26.66,83.12,1.57
2021-10-07,Tiruchirappalli,10.7905,78.7047,0.38,27.0,82.57,1.57
2021-10-08,Tiruchirappalli,10.7905,78.7047,10.88,27.08,84.05,1.86
2021-10-09,Tiruchirappalli,10.7905,78.7047,4.22,26.34,86.91,2.11
2021-10-10,Tiruchirappalli,10.7905,78.7047,6.5,26.87,83.85,1.86
2021-10-11,Tiruchirappalli,10.7905,78.7047,21.3,25.9,88.01,1.96
2021-10-12,Tiruchirappalli,10.7905,78.7047,7.64,25.54,84.3,2.53
2021-10-13,Tiruchirappalli,10.7905,78.7047,2.03,25.62,82.84,2.32
2021-10-14,Tiruchirappalli,10.7905,78.7047,2.23,27.28,81.74,1.71
2021-10-15,Tiruchirappalli,10.7905,78.7047,1.92,26.99,84.01,1.35
2021-10-16,Tiruchirappalli,10.7905,78.7047,13.08,27.23,87.23,1.9
2021-10-17,Tiruchirappalli,10.7905,78.7047,4.29,26.42,88.44,2.57
2021-10-18,Tiruchirappalli,10.7905,78.7047,0.62,26.53,84.61,2.0
2021-10-19,Tiruchirappalli,10.7905,78.7047,3.19,26.13,85.76,1.75
2021-10-20,Tiruchirappalli,10.7905,78.7047,8.55,26.35,87.9,0.76
2021-10-21,Tiruchirappalli,10.7905,78.7047,16.16,26.18,88.94,0.61
2021-10-22,Tiruchirappalli,10.7905,78.7047,4.83,26.14,87.35,1.0
2021-10-23,Tiruchirappalli,10.7905,78.7047,2.27,26.2,86.97,1.26
2021-10-24,Tiruchirappalli,10.7905,78.7047,4.67,26.39,78.23,0.73
2021-10-25,Tiruchirappalli,10.7905,78.7047,7.59,26.07,82.29,1.26
2021-10-26,Tiruchirappalli,10.7905,78.7047,4.22,25.69,86.37,1.48
2021-10-27,Tiruchirappalli,10.7905,78.7047,1.05,25.84,85.45,1.71
2021-10-28,Tiruchirappalli,10.7905,78.7047,2.46,25.54,84.69,1.48
2021-10-29,Tiruchirappalli,10.7905,78.7047,21.64,24.52,90.4,2.28
2021-10-30,Tiruchirappalli,10.7905,78.7047,11.54,24.47,91.35,2.2
2021-10-31,Tiruchirappalli,10.7905,78.7047,16.17,25.15,91.37,2.16
2021-11-01,Tiruchirappalli,10.7905,78.7047,11.78,24.93,91.58,1.95
2021-11-02,Tiruchirappalli,10.7905,78.7047,20.8,25.07,92.86,2.36
2021-11-03,Tiruchirappalli,10.7905,78.7047,19.62,24.73,93.54,1.72
2021-11-04,Tiruchirappalli,10.7905,78.7047,8.86,24.9,92.1,0.92
2021-11-05,Tiruchirappalli,10.7905,78.7047,6.03,25.03,89.36,0.69
2021-11-06,Tiruchirappalli,10.7905,78.7047,15.38,25.38,87.58,0.87
2021-11-07,Tiruchirappalli,10.7905,78.7047,13.45,25.14,86.88,1.2
2021-11-08,Tiruchirappalli,10.7905,78.7047,9.09,24.94,91.2,0.88
2021-11-09,Tiruchirappalli,10.7905,78.7047,35.07,23.45,91.86,2.03
2021-11-10,Tiruchirappalli,10.7905,78.7047,22.12,23.11,89.6,2.59
2021-11-11,Tiruchirappalli,10.7905,78.7047,4.6,23.7,89.63,3.21
2021-11-12,Tiruchirappalli,10.7905,78.7047,7.13,25.74,86.93,1.65
2021-11-13,Tiruchirappalli,10.7905,78.7047,0.77,25.72,86.48,1.1
2021-11-14,Tiruchirappalli,10.7905,78.7047,8.76,25.15,91.89,1.54
2021-11-15,Tiruchirappalli,10.7905,78.7047,7.55,25.94,87.31,1.03
2021-11-16,Tiruchirappalli,10.7905,78.7047,3.4,26.06,88.3,0.57
2021-11-17,Tiruchirappalli,10.7905,78.7047,25.12,25.26,93.3,1.23
2021-11-18,Tiruchirappalli,10.7905,78.7047,20.03,23.95,92.44,3.11
2021-11-19,Tiruchirappalli,10.7905,78.7047,11.83,25.03,90.28,3.88
2021-11-20,Tiruchirappalli,10.7905,78.7047,5.99,26.19,88.93,2.33
2021-11-21,Tiruchirappalli,10.7905,78.7047,1.51,25.09,85.16,1.19
2021-11-22,Tiruchirappalli,10.7905,78.7047,2.22,24.36,90.79,1.56
2021-11-23,Tiruchirappalli,10.7905,78.7047,5.33,24.76,93.7,1.68
2021-11-24,Tiruchirappalli,10.7905,78.7047,2.49,24.64,93.72,1.86
2021-11-25,Tiruchirappalli,10.7905,78.7047,23.93,24.73,93.39,2.64
2021-11-26,Tiruchirappalli,10.7905,78.7047,21.69,24.73,94.38,2.71
2021-11-27,Tiruchirappalli,10.7905,78.7047,18.03,24.0,94.16,2.45
2021-11-28,Tiruchirappalli,10.7905,78.7047,15.08,24.14,94.51,2.53
2021-11-29,Tiruchirappalli,10.7905,78.7047,16.18,23.92,93.82,2.27
2021-11-30,Tiruchirappalli,10.7905,78.7047,7.42,24.27,94.38,1.82
2021-12-01,Tiruchirappalli,10.7905,78.7047,2.54,25.14,91.68,2.03
2021-12-02,Tiruchirappalli,10.7905,78.7047,0.37,24.7,90.7,2.37
2021-12-03,Tiruchirappalli,10.7905,78.7047,0.02,23.28,84.37,1.21
2021-12-04,Tiruchirappalli,10.7905,78.7047,0.68,24.75,74.96,0.71
2021-12-05,Tiruchirappalli,10.7905,78.7047,4.37,25.96,82.88,0.82
2021-12-06,Tiruchirappalli,10.7905,78.7047,1.73,25.77,88.36,1.33
2021-12-07,Tiruchirappalli,10.7905,78.7047,0.03,25.02,89.51,1.87
2021-12-08,Tiruchirappalli,10.7905,78.7047,0.09,24.56,90.61,1.96
2021-12-09,Tiruchirappalli,10.7905,78.7047,1.5,24.0,92.56,2.1
2021-12-10,Tiruchirappalli,10.7905,78.7047,0.09,24.03,89.03,2.24
2021-12-11,Tiruchirappalli,10.7905,78.7047,3.59,24.53,90.7,2.6
2021-12-12,Tiruchirappalli,10.7905,78.7047,2.23,24.48,90.02,2.98
2021-12-13,Tiruchirappalli,10.7905,78.7047,1.7,24.31,90.18,2.7
2021-12-14,Tiruchirappalli,10.7905,78.7047,2.31,24.37,90.87,2.96
2021-12-15,Tiruchirappalli,10.7905,78.7047,1.37,24.1,90.31,2.92
2021-12-16,Tiruchirappalli,10.7905,78.7047,0.22,23.3,87.86,3.04
2021-12-17,Tiruchirappalli,10.7905,78.7047,0.03,22.48,87.49,2.46
2021-12-18,Tiruchirappalli,10.7905,78.7047,0.01,22.43,86.67,2.75
2021-12-19,Tiruchirappalli,10.7905,78.7047,0.0,21.71,85.53,2.55
2021-12-20,Tiruchirappalli,10.7905,78.7047,0.0,21.76,85.11,2.25
2021-12-21,Tiruchirappalli,10.7905,78.7047,0.0,21.71,80.75,1.71
2021-12-22,Tiruchirappalli,10.7905,78.7047,0.0,21.22,84.64,1.47
2021-12-23,Tiruchirappalli,10.7905,78.7047,0.0,20.4,83.32,1.49
2021-12-24,Tiruchirappalli,10.7905,78.7047,0.0,20.89,84.41,1.47
2021-12-25,Tiruchirappalli,10.7905,78.7047,0.0,21.34,85.96,1.53
2021-12-26,Tiruchirappalli,10.7905,78.7047,0.0,21.67,86.82,1.56
2021-12-27,Tiruchirappalli,10.7905,78.7047,0.0,22.07,86.12,1.81
2021-12-28,Tiruchirappalli,10.7905,78.7047,0.11,22.24,86.14,1.95
2021-12-29,Tiruchirappalli,10.7905,78.7047,0.02,22.21,83.99,1.84
2021-12-30,Tiruchirappalli,10.7905,78.7047,5.36,22.96,89.36,2.87
2021-12-31,Tiruchirappalli,10.7905,78.7047,9.6,24.44,90.94,3.32
2022-01-01,Tiruchirappalli,10.7905,78.7047,20.95,24.41,90.44,3.37
2022-01-02,Tiruchirappalli,10.7905,78.7047,4.38,23.87,88.45,3.14
2022-01-03,Tiruchirappalli,10.7905,78.7047,0.0,23.07,86.68,2.64
2022-01-04,Tiruchirappalli,10.7905,78.7047,0.0,22.49,87.11,2.56
2022-01-05,Tiruchirappalli,10.7905,78.7047,0.0,22.06,85.31,2.03
2022-01-06,Tiruchirappalli,10.7905,78.7047,0.01,23.06,88.17,2.19
2022-01-07,Tiruchirappalli,10.7905,78.7047,0.01,23.49,88.32,2.11
2022-01-08,Tiruchirappalli,10.7905,78.7047,0.0,23.27,87.47,2.24
2022-01-09,Tiruchirappalli,10.7905,78.7047,0.0,23.05,86.47,1.86
2022-01-10,Tiruchirappalli,10.7905,78.7047,0.0,23.4,86.04,1.59
2022-01-11,Tiruchirappalli,10.7905,78.7047,0.06,23.77,86.18,1.72
2022-01-12,Tiruchirappalli,10.7905,78.7047,0.05,24.11,86.11,1.38
2022-01-13,Tiruchirappalli,10.7905,78.7047,0.0,24.83,86.09,1.32
2022-01-14,Tiruchirappalli,10.7905,78.7047,0.0,24.98,85.46,1.33
2022-01-15,Tiruchirappalli,10.7905,78.7047,0.02,24.7,85.9,1.64
2022-01-16,Tiruchirappalli,10.7905,78.7047,1.16,24.27,86.82,2.4
2022-01-17,Tiruchirappalli,10.7905,78.7047,1.56,24.01,86.39,2.57
2022-01-18,Tiruchirappalli,10.7905,78.7047,0.14,23.05,84.64,2.62
2022-01-19,Tiruchirappalli,10.7905,78.7047,0.0,22.74,84.0,2.02
2022-01-20,Tiruchirappalli,10.7905,78.7047,0.0,22.3,80.33,1.26
2022-01-21,Tiruchirappalli,10.7905,78.7047,0.0,23.42,79.51,0.78
2022-01-22,Tiruchirappalli,10.7905,78.7047,0.0,24.58,80.2,1.25
2022-01-23,Tiruchirappalli,10.7905,78.7047,0.0,24.93,83.31,1.59
2022-01-24,Tiruchirappalli,10.7905,78.7047,0.05,24.93,84.03,1.34
2022-01-25,Tiruchirappalli,10.7905,78.7047,0.22,24.45,84.22,1.65
2022-01-26,Tiruchirappalli,10.7905,78.7047,0.08,23.91,82.8,1.88
2022-01-27,Tiruchirappalli,10.7905,78.7047,0.02,23.53,82.07,2.05
2022-01-28,Tiruchirappalli,10.7905,78.7047,0.3,23.55,83.47,2.94
2022-01-29,Tiruchirappalli,10.7905,78.7047,0.79,24.24,83.39,3.38
2022-01-30,Tiruchirappalli,10.7905,78.7047,0.34,24.38,82.59,2.57
2022-01-31,Tiruchirappalli,10.7905,78.7047,0.0,24.65,82.99,1.95
2022-02-01,Tiruchirappalli,10.7905,78.7047,0.0,24.42,81.31,1.97
2022-02-02,Tiruchirappalli,10.7905,78.7047,0.0,22.69,77.81,1.78
2022-02-03,Tiruchirappalli,10.7905,78.7047,0.0,22.8,75.78,0.98
2022-02-04,Tiruchirappalli,10.7905,78.7047,0.0,24.53,76.21,1.17
2022-02-05,Tiruchirappalli,10.7905,78.7047,0.0,25.32,78.84,1.77
2022-02-06,Tiruchirappalli,10.7905,78.7047,0.0,24.87,78.99,2.19
2022-02-07,Tiruchirappalli,10.7905,78.7047,0.0,24.36,76.68,2.26
2022-02-08,Tiruchirappalli,10.7905,78.7047,0.0,23.36,75.35,2.42
2022-02-09,Tiruchirappalli,10.7905,78.7047,0.0,22.84,74.37,2.53
2022-02-10,Tiruchirappalli,10.7905,78.7047,0.72,23.8,71.78,2.72
2022-02-11,Tiruchirappalli,10.7905,78.7047,7.81,24.48,81.31,3.07
2022-02-12,Tiruchirappalli,10.7905,78.7047,3.69,24.49,78.61,3.05
2022-02-13,Tiruchirappalli,10.7905,78.7047,0.08,24.39,76.41,2.97
2022-02-14,Tiruchirappalli,10.7905,78.7047,0.18,24.55,76.32,2.75
2022-02-15,Tiruchirappalli,10.7905,78.7047,0.13,24.02,72.97,2.63
2022-02-16,Tiruchirappalli,10.7905,78.7047,0.0,24.14,69.78,2.39
2022-02-17,Tiruchirappalli,10.7905,78.7047,0.0,24.54,70.61,2.32
2022-02-18,Tiruchirappalli,10.7905,78.7047,0.07,24.9,75.8,2.49
2022-02-19,Tiruchirappalli,10.7905,78.7047,0.06,24.91,75.45,2.61
2022-02-20,Tiruchirappalli,10.7905,78.7047,0.0,25.9,72.95,2.04
2022-02-21,Tiruchirappalli,10.7905,78.7047,0.0,27.31,68.17,1.25
2022-02-22,Tiruchirappalli,10.7905,78.7047,0.0,26.78,70.77,1.98
2022-02-23,Tiruchirappalli,10.7905,78.7047,0.07,25.74,71.6,2.76
2022-02-24,Tiruchirappalli,10.7905,78.7047,0.11,25.06,70.38,2.46
2022-02-25,Tiruchirappalli,10.7905,78.7047,0.0,24.71,67.25,2.64
2022-02-26,Tiruchirappalli,10.7905,78.7047,0.25,25.56,73.61,2.69
2022-02-27,Tiruchirappalli,10.7905,78.7047,0.06,26.24,70.34,3.15
2022-02-28,Tiruchirappalli,10.7905,78.7047,0.0,25.43,69.0,2.2
2022-03-01,Tiruchirappalli,10.7905,78.7047,0.0,25.76,63.63,2.68
2022-03-02,Tiruchirappalli,10.7905,78.7047,0.0,25.51,64.95,2.87
2022-03-03,Tiruchirappalli,10.7905,78.7047,0.0,25.51,66.7,3.18
2022-03-04,Tiruchirappalli,10.7905,78.7047,0.84,26.12,67.92,3.54
2022-03-05,Tiruchirappalli,10.7905,78.7047,0.01,26.62,66.95,3.22
2022-03-06,Tiruchirappalli,10.7905,78.7047,0.78,26.77,67.16,3.63
2022-03-07,Tiruchirappalli,10.7905,78.7047,8.31,26.12,71.96,3.14
2022-03-08,Tiruchirappalli,10.7905,78.7047,0.09,26.94,68.53,2.38
2022-03-09,Tiruchirappalli,10.7905,78.7047,0.0,26.96,65.08,2.12
2022-03-10,Tiruchirappalli,10.7905,78.7047,0.0,26.69,63.65,2.43
2022-03-11,Tiruchirappalli,10.7905,78.7047,0.0,26.39,65.64,2.54
2022-03-12,Tiruchirappalli,10.7905,78.7047,0.0,26.31,62.02,2.6
2022-03-13,Tiruchirappalli,10.7905,78.7047,0.0,26.84,63.64,2.77
2022-03-14,Tiruchirappalli,10.7905,78.7047,0.0,27.47,62.45,2.52
2022-03-15,Tiruchirappalli,10.7905,78.7047,0.0,27.6,61.16,1.86
2022-03-16,Tiruchirappalli,10.7905,78.7047,0.0,28.56,53.85,1.83
2022-03-17,Tiruchirappalli,10.7905,78.7047,0.0,28.84,53.04,1.94
2022-03-18,Tiruchirappalli,10.7905,78.7047,0.0,29.17,54.21,1.7
2022-03-19,Tiruchirappalli,10.7905,78.7047,0.0,29.82,60.43,1.24
2022-03-20,Tiruchirappalli,10.7905,78.7047,0.14,31.54,53.9,1.51
2022-03-21,Tiruchirappalli,10.7905,78.7047,3.44,31.78,53.65,1.27
2022-03-22,Tiruchirappalli,10.7905,78.7047,4.12,30.33,62.15,1.55
2022-03-23,Tiruchirappalli,10.7905,78.7047,2.13,29.88,66.15,1.26
2022-03-24,Tiruchirappalli,10.7905,78.7047,0.22,29.79,65.95,1.43
2022-03-25,Tiruchirappalli,10.7905,78.7047,0.63,29.71,64.52,1.54
2022-03-26,Tiruchirappalli,10.7905,78.7047,0.73,29.99,63.8,1.78
2022-03-27,Tiruchirappalli,10.7905,78.7047,0.28,30.09,64.41,1.59
2022-03-28,Tiruchirappalli,10.7905,78.7047,0.0,30.79,61.17,2.23
2022-03-29,Tiruchirappalli,10.7905,78.7047,0.0,30.77,59.92,1.93
2022-03-30,Tiruchirappalli,10.7905,78.7047,0.08,31.14,58.44,2.46
2022-03-31,Tiruchirappalli,10.7905,78.7047,0.01,31.04,58.22,2.33
2022-04-01,Tiruchirappalli,10.7905,78.7047,0.01,30.8,59.25,2.63
2022-04-02,Tiruchirappalli,10.7905,78.7047,0.13,31.03,58.19,2.23
2022-04-03,Tiruchirappalli,10.7905,78.7047,1.23,30.28,62.45,2.17
2022-04-04,Tiruchirappalli,10.7905,78.7047,0.2,30.48,60.43,2.4
2022-04-05,Tiruchirappalli,10.7905,78.7047,0.06,30.49,57.93,2.28
2022-04-06,Tiruchirappalli,10.7905,78.7047,0.87,30.22,59.1,1.95
2022-04-07,Tiruchirappalli,10.7905,78.7047,0.08,30.52,58.39,2.01
2022-04-08,Tiruchirappalli,10.7905,78.7047,1.98,30.25,60.96,1.84
2022-04-09,Tiruchirappalli,10.7905,78.7047,3.23,28.75,66.61,1.67
2022-04-10,Tiruchirappalli,10.7905,78.7047,6.07,29.06,64.61,1.9
2022-04-11,Tiruchirappalli,10.7905,78.7047,3.04,28.56,70.41,2.05
2022-04-12,Tiruchirappalli,10.7905,78.7047,3.57,28.63,71.97,1.48
2022-04-13,Tiruchirappalli,10.7905,78.7047,6.48,28.07,75.99,1.77
2022-04-14,Tiruchirappalli,10.7905,78.7047,3.9,27.83,71.27,1.93
2022-04-15,Tiruchirappalli,10.7905,78.7047,0.51,30.5,62.93,2.07
2022-04-16,Tiruchirappalli,10.7905,78.7047,2.88,30.3,67.71,2.23
2022-04-17,Tiruchirappalli,10.7905,78.7047,5.48,30.52,68.02,1.75
2022-04-18,Tiruchirappalli,10.7905,78.7047,3.15,30.05,67.85,1.54
2022-04-19,Tiruchirappalli,10.7905,78.7047,0.13,30.99,59.28,1.21
2022-04-20,Tiruchirappalli,10.7905,78.7047,0.0,30.57,64.18,1.48
2022-04-21,Tiruchirappalli,10.7905,78.7047,0.0,29.99,68.7,2.17
2022-04-22,Tiruchirappalli,10.7905,78.7047,2.03,29.77,68.87,2.41
2022-04-23,Tiruchirappalli,10.7905,78.7047,10.61,27.64,76.87,1.49
2022-04-24,Tiruchirappalli,10.7905,78.7047,1.19,30.24,62.69,1.82
2022-04-25,Tiruchirappalli,10.7905,78.7047,0.0,29.79,66.02,1.83
2022-04-26,Tiruchirappalli,10.7905,78.7047,0.0,30.49,63.19,1.99
2022-04-27,Tiruchirappalli,10.7905,78.7047,0.0,30.89,62.55,2.02
2022-04-28,Tiruchirappalli,10.7905,78.7047,0.0,30.54,64.4,2.1
2022-04-29,Tiruchirappalli,10.7905,78.7047,0.02,31.05,63.84,1.85
2022-04-30,Tiruchirappalli,10.7905,78.7047,0.06,31.57,62.25,1.51
2022-05-01,Tiruchirappalli,10.7905,78.7047,0.49,32.34,57.91,1.57
2022-05-02,Tiruchirappalli,10.7905,78.7047,0.74,32.6,56.84,1.89
2022-05-03,Tiruchirappalli,10.7905,78.7047,4.11,30.81,67.51,1.43
2022-05-04,Tiruchirappalli,10.7905,78.7047,2.31,30.48,67.98,1.38
2022-05-05,Tiruchirappalli,10.7905,78.7047,2.53,30.45,67.74,1.39
2022-05-06,Tiruchirappalli,10.7905,78.7047,2.2,30.48,54.74,2.13
2022-05-07,Tiruchirappalli,10.7905,78.7047,2.44,31.14,59.35,1.29
2022-05-08,Tiruchirappalli,10.7905,78.7047,0.12,32.14,58.31,1.48
2022-05-09,Tiruchirappalli,10.7905,78.7047,2.05,30.98,62.94,3.23
2022-05-10,Tiruchirappalli,10.7905,78.7047,0.11,30.21,62.39,4.33
2022-05-11,Tiruchirappalli,10.7905,78.7047,0.06,31.5,55.54,5.08
2022-05-12,Tiruchirappalli,10.7905,78.7047,2.75,30.77,57.25,4.19
2022-05-13,Tiruchirappalli,10.7905,78.7047,1.7,30.68,60.8,3.56
2022-05-14,Tiruchirappalli,10.7905,78.7047,5.94,30.13,62.97,3.23
2022-05-15,Tiruchirappalli,10.7905,78.7047,18.9,27.85,79.57,2.53
2022-05-16,Tiruchirappalli,10.7905,78.7047,1.84,27.05,83.22,2.03
2022-05-17,Tiruchirappalli,10.7905,78.7047,8.21,28.39,75.94,1.92
2022-05-18,Tiruchirappalli,10.7905,78.7047,1.52,29.0,72.79,2.17
2022-05-19,Tiruchirappalli,10.7905,78.7047,1.04,28.89,68.86,3.83
2022-05-20,Tiruchirappalli,10.7905,78.7047,0.76,29.51,60.53,3.8
2022-05-21,Tiruchirappalli,10.7905,78.7047,0.1,29.2,63.91,3.76
2022-05-22,Tiruchirappalli,10.7905,78.7047,0.02,30.28,59.55,4.49
2022-05-23,Tiruchirappalli,10.7905,78.7047,0.02,31.28,60.03,3.23
2022-05-24,Tiruchirappalli,10.7905,78.7047,2.98,31.76,60.32,2.52
2022-05-25,Tiruchirappalli,10.7905,78.7047,5.28,29.93,71.19,1.6
2022-05-26,Tiruchirappalli,10.7905,78.7047,1.83,29.63,67.64,2.65
2022-05-27,Tiruchirappalli,10.7905,78.7047,0.99,30.12,60.43,2.87
2022-05-28,Tiruchirappalli,10.7905,78.7047,1.08,29.84,64.06,3.11
2022-05-29,Tiruchirappalli,10.7905,78.7047,8.35,28.94,67.38,2.95
2022-05-30,Tiruchirappalli,10.7905,78.7047,4.71,29.51,66.52,2.62
2022-05-31,Tiruchirappalli,10.7905,78.7047,2.07,29.99,63.83,2.91
2022-06-01,Tiruchirappalli,10.7905,78.7047,0.24,29.31,65.39,3.65
2022-06-02,Tiruchirappalli,10.7905,78.7047,0.07,30.33,62.1,3.2
2022-06-03,Tiruchirappalli,10.7905,78.7047,0.0,29.75,61.81,2.56
2022-06-04,Tiruchirappalli,10.7905,78.7047,0.01,29.8,63.31,1.87
2022-06-05,Tiruchirappalli,10.7905,78.7047,7.91,29.43,67.51,1.44
2022-06-06,Tiruchirappalli,10.7905,78.7047,20.7,27.65,80.25,1.63
2022-06-07,Tiruchirappalli,10.7905,78.7047,4.5,28.9,70.6,1.76
2022-06-08,Tiruchirappalli,10.7905,78.7047,0.0,29.28,66.74,2.65
2022-06-09,Tiruchirappalli,10.7905,78.7047,0.0,29.52,65.14,2.44
2022-06-10,Tiruchirappalli,10.7905,78.7047,0.01,29.02,66.2,3.2
2022-06-11,Tiruchirappalli,10.7905,78.7047,0.04,29.72,60.04,3.32
2022-06-12,Tiruchirappalli,10.7905,78.7047,1.47,28.56,61.99,3.23
2022-06-13,Tiruchirappalli,10.7905,78.7047,0.14,28.86,64.56,2.18
2022-06-14,Tiruchirappalli,10.7905,78.7047,11.53,28.72,70.17,2.52
2022-06-15,Tiruchirappalli,10.7905,78.7047,8.97,27.73,74.55,2.79
2022-06-16,Tiruchirappalli,10.7905,78.7047,9.76,27.43,77.5,1.92
2022-06-17,Tiruchirappalli,10.7905,78.7047,18.59,26.24,82.81,1.75
2022-06-18,Tiruchirappalli,10.7905,78.7047,2.87,26.7,78.9,1.76
2022-06-19,Tiruchirappalli,10.7905,78.7047,5.47,27.37,78.14,1.72
2022-06-20,Tiruchirappalli,10.7905,78.7047,1.41,28.01,71.36,2.43
2022-06-21,Tiruchirappalli,10.7905,78.7047,2.47,28.28,71.13,2.93
2022-06-22,Tiruchirappalli,10.7905,78.7047,1.42,27.61,73.77,2.01
2022-06-23,Tiruchirappalli,10.7905,78.7047,0.16,28.18,69.03,2.28
2022-06-24,Tiruchirappalli,10.7905,78.7047,0.32,27.59,67.83,3.91
2022-06-25,Tiruchirappalli,10.7905,78.7047,0.03,27.79,67.21,3.97
2022-06-26,Tiruchirappalli,10.7905,78.7047,0.0,28.83,62.41,3.85
2022-06-27,Tiruchirappalli,10.7905,78.7047,0.0,29.38,64.14,3.45
2022-06-28,Tiruchirappalli,10.7905,78.7047,0.0,29.04,64.26,3.4
2022-06-29,Tiruchirappalli,10.7905,78.7047,0.07,29.52,63.63,3.73
2022-06-30,Tiruchirappalli,10.7905,78.7047,1.44,27.89,72.56,3.99
2022-07-01,Tiruchirappalli,10.7905,78.7047,1.6,28.82,69.6,3.69
2022-07-02,Tiruchirappalli,10.7905,78.7047,0.87,27.97,70.39,3.41
2022-07-03,Tiruchirappalli,10.7905,78.7047,0.4,28.12,69.94,4.24
2022-07-04,Tiruchirappalli,10.7905,78.7047,0.04,28.54,63.65,5.14
2022-07-05,Tiruchirappalli,10.7905,78.7047,0.05,27.91,65.84,5.09
2022-07-06,Tiruchirappalli,10.7905,78.7047,0.04,28.5,63.38,4.22
2022-07-07,Tiruchirappalli,10.7905,78.7047,2.92,27.72,67.03,4.44
2022-07-08,Tiruchirappalli,10.7905,78.7047,0.13,28.36,64.38,4.09
2022-07-09,Tiruchirappalli,10.7905,78.7047,0.05,27.37,68.97,4.68
2022-07-10,Tiruchirappalli,10.7905,78.7047,0.1,28.31,64.2,5.05
2022-07-11,Tiruchirappalli,10.7905,78.7047,1.74,28.31,64.31,5.5
2022-07-12,Tiruchirappalli,10.7905,78.7047,0.38,28.13,63.06,5.46
2022-07-13,Tiruchirappalli,10.7905,78.7047,0.37,28.66,62.83,5.87
2022-07-14,Tiruchirappalli,10.7905,78.7047,0.15,28.61,61.12,6.07
2022-07-15,Tiruchirappalli,10.7905,78.7047,0.0,28.93,62.84,4.71
2022-07-16,Tiruchirappalli,10.7905,78.7047,1.2,28.84,66.1,3.52
2022-07-17,Tiruchirappalli,10.7905,78.7047,1.14,29.21,65.73,3.34
2022-07-18,Tiruchirappalli,10.7905,78.7047,0.68,27.99,65.78,3.31
2022-07-19,Tiruchirappalli,10.7905,78.7047,0.66,29.49,65.6,2.16
2022-07-20,Tiruchirappalli,10.7905,78.7047,1.1,28.83,71.21,1.41
2022-07-21,Tiruchirappalli,10.7905,78.7047,8.49,29.3,70.45,2.31
2022-07-22,Tiruchirappalli,10.7905,78.7047,31.26,27.03,79.73,2.57
2022-07-23,Tiruchirappalli,10.7905,78.7047,2.84,27.81,71.57,3.1
2022-07-24,Tiruchirappalli,10.7905,78.7047,1.91,28.03,69.12,2.73
2022-07-25,Tiruchirappalli,10.7905,78.7047,4.17,28.86,67.87,1.84
2022-07-26,Tiruchirappalli,10.7905,78.7047,13.99,26.62,81.93,1.56
2022-07-27,Tiruchirappalli,10.7905,78.7047,6.59,27.32,78.61,0.72
2022-07-28,Tiruchirappalli,10.7905,78.7047,1.21,27.82,74.9,1.08
2022-07-29,Tiruchirappalli,10.7905,78.7047,4.12,28.16,71.71,1.44
2022-07-30,Tiruchirappalli,10.7905,78.7047,4.57,28.63,70.94,1.5
2022-07-31,Tiruchirappalli,10.7905,78.7047,6.32,27.61,79.61,1.68
2022-08-01,Tiruchirappalli,10.7905,78.7047,11.65,27.47,77.64,2.31
2022-08-02,Tiruchirappalli,10.7905,78.7047,8.71,26.76,80.95,2.46
2022-08-03,Tiruchirappalli,10.7905,78.7047,3.89,25.71,83.44,2.01
2022-08-04,Tiruchirappalli,10.7905,78.7047,3.26,25.5,85.51,2.95
2022-08-05,Tiruchirappalli,10.7905,78.7047,0.11,27.28,73.41,4.89
2022-08-06,Tiruchirappalli,10.7905,78.7047,0.53,27.23,73.26,4.23
2022-08-07,Tiruchirappalli,10.7905,78.7047,0.26,27.27,73.09,4.32
2022-08-08,Tiruchirappalli,10.7905,78.7047,0.18,27.32,72.98,4.59
2022-08-09,Tiruchirappalli,10.7905,78.7047,0.04,27.98,68.65,4.79
2022-08-10,Tiruchirappalli,10.7905,78.7047,0.0,27.67,67.95,4.36
2022-08-11,Tiruchirappalli,10.7905,78.7047,0.0,28.49,67.02,3.99
2022-08-12,Tiruchirappalli,10.7905,78.7047,0.0,28.26,66.96,3.68
2022-08-13,Tiruchirappalli,10.7905,78.7047,0.0,27.88,68.08,3.25
2022-08-14,Tiruchirappalli,10.7905,78.7047,0.0,28.9,61.36,3.16
2022-08-15,Tiruchirappalli,10.7905,78.7047,0.0,29.65,62.69,1.97
2022-08-16,Tiruchirappalli,10.7905,78.7047,0.16,29.0,69.7,1.73
2022-08-17,Tiruchirappalli,10.7905,78.7047,2.28,28.5,75.85,1.05
2022-08-18,Tiruchirappalli,10.7905,78.7047,2.89,27.72,74.37,2.02
2022-08-19,Tiruchirappalli,10.7905,78.7047,6.15,28.02,74.78,2.25
2022-08-20,Tiruchirappalli,10.7905,78.7047,0.57,28.49,70.15,2.73
2022-08-21,Tiruchirappalli,10.7905,78.7047,3.92,28.46,68.94,3.23
2022-08-22,Tiruchirappalli,10.7905,78.7047,9.92,28.18,72.76,3.62
2022-08-23,Tiruchirappalli,10.7905,78.7047,6.49,27.5,74.43,3.32
2022-08-24,Tiruchirappalli,10.7905,78.7047,3.45,26.8,76.4,2.42
2022-08-25,Tiruchirappalli,10.7905,78.7047,6.12,26.09,83.58,1.8
2022-08-26,Tiruchirappalli,10.7905,78.7047,10.23,26.62,81.55,1.63
2022-08-27,Tiruchirappalli,10.7905,78.7047,7.05,26.15,81.19,2.28
2022-08-28,Tiruchirappalli,10.7905,78.7047,15.91,26.52,81.02,1.85
2022-08-29,Tiruchirappalli,10.7905,78.7047,2.16,27.18,78.68,1.63
2022-08-30,Tiruchirappalli,10.7905,78.7047,5.33,27.31,81.79,1.38
2022-08-31,Tiruchirappalli,10.7905,78.7047,5.89,26.32,83.94,1.06
2022-09-01,Tiruchirappalli,10.7905,78.7047,5.26,25.85,83.95,0.8
2022-09-02,Tiruchirappalli,10.7905,78.7047,1.0,27.09,79.01,1.46
2022-09-03,Tiruchirappalli,10.7905,78.7047,0.21,28.0,77.4,1.23
2022-09-04,Tiruchirappalli,10.7905,78.7047,19.04,27.89,80.38,0.84
2022-09-05,Tiruchirappalli,10.7905,78.7047,15.21,27.35,83.53,1.6
2022-09-06,Tiruchirappalli,10.7905,78.7047,5.34,27.15,77.43,1.71
2022-09-07,Tiruchirappalli,10.7905,78.7047,7.04,26.01,84.28,2.01
2022-09-08,Tiruchirappalli,10.7905,78.7047,0.84,26.19,82.37,2.32
2022-09-09,Tiruchirappalli,10.7905,78.7047,0.01,26.67,79.75,2.55
2022-09-10,Tiruchirappalli,10.7905,78.7047,1.04,26.96,77.19,3.24
2022-09-11,Tiruchirappalli,10.7905,78.7047,0.16,26.96,77.1,3.31
2022-09-12,Tiruchirappalli,10.7905,78.7047,0.0,27.24,74.6,3.31
2022-09-13,Tiruchirappalli,10.7905,78.7047,0.23,27.58,75.16,2.4
2022-09-14,Tiruchirappalli,10.7905,78.7047,0.24,27.99,74.52,2.0
2022-09-15,Tiruchirappalli,10.7905,78.7047,0.06,28.12,72.46,1.75
2022-09-16,Tiruchirappalli,10.7905,78.7047,0.01,27.64,74.68,1.87
2022-09-17,Tiruchirappalli,10.7905,78.7047,0.04,28.15,73.79,2.01
2022-09-18,Tiruchirappalli,10.7905,78.7047,0.48,28.4,71.53,1.98
2022-09-19,Tiruchirappalli,10.7905,78.7047,0.17,27.67,73.46,2.87
2022-09-20,Tiruchirappalli,10.7905,78.7047,0.0,27.68,69.04,2.63
2022-09-21,Tiruchirappalli,10.7905,78.7047,0.0,28.39,67.84,2.75
2022-09-22,Tiruchirappalli,10.7905,78.7047,0.0,28.66,66.65,2.94
2022-09-23,Tiruchirappalli,10.7905,78.7047,0.0,27.92,67.09,2.49
2022-09-24,Tiruchirappalli,10.7905,78.7047,0.01,27.99,68.84,2.23
2022-09-25,Tiruchirappalli,10.7905,78.7047,9.37,28.54,71.79,1.61
2022-09-26,Tiruchirappalli,10.7905,78.7047,28.9,27.87,78.49,1.42
2022-09-27,Tiruchirappalli,10.7905,78.7047,1.22,27.9,75.38,2.04
2022-09-28,Tiruchirappalli,10.7905,78.7047,10.65,27.67,75.93,1.73
2022-09-29,Tiruchirappalli,10.7905,78.7047,0.73,26.64,78.82,1.81
2022-09-30,Tiruchirappalli,10.7905,78.7047,0.51,26.78,76.02,2.47
2022-10-01,Tiruchirappalli,10.7905,78.7047,0.41,25.67,75.22,2.92
2022-10-02,Tiruchirappalli,10.7905,78.7047,1.64,27.32,71.82,2.83
2022-10-03,Tiruchirappalli,10.7905,78.7047,0.09,27.24,75.36,2.95
2022-10-04,Tiruchirappalli,10.7905,78.7047,0.12,27.42,75.53,2.42
2022-10-05,Tiruchirappalli,10.7905,78.7047,2.54,26.76,78.63,2.2
2022-10-06,Tiruchirappalli,10.7905,78.7047,0.26,26.48,72.18,2.61
2022-10-07,Tiruchirappalli,10.7905,78.7047,0.63,27.52,70.89,1.27
2022-10-08,Tiruchirappalli,10.7905,78.7047,2.8,27.01,75.7,1.66
2022-10-09,Tiruchirappalli,10.7905,78.7047,10.69,25.89,87.42,1.35
2022-10-10,Tiruchirappalli,10.7905,78.7047,30.18,26.29,86.15,1.47
2022-10-11,Tiruchirappalli,10.7905,78.7047,6.01,26.56,84.59,1.74
2022-10-12,Tiruchirappalli,10.7905,78.7047,1.78,26.79,82.77,1.15
2022-10-13,Tiruchirappalli,10.7905,78.7047,6.84,26.92,83.73,0.97
2022-10-14,Tiruchirappalli,10.7905,78.7047,3.22,27.15,83.16,1.06
2022-10-15,Tiruchirappalli,10.7905,78.7047,8.62,26.27,85.39,1.0
2022-10-16,Tiruchirappalli,10.7905,78.7047,5.67,26.21,84.6,1.13
2022-10-17,Tiruchirappalli,10.7905,78.7047,2.48,26.62,84.47,1.52
2022-10-18,Tiruchirappalli,10.7905,78.7047,8.17,26.88,82.43,1.15
2022-10-19,Tiruchirappalli,10.7905,78.7047,11.52,26.54,81.23,1.06
2022-10-20,Tiruchirappalli,10.7905,78.7047,15.85,26.37,84.04,0.89
2022-10-21,Tiruchirappalli,10.7905,78.7047,12.33,25.64,86.71,0.91
2022-10-22,Tiruchirappalli,10.7905,78.7047,3.85,25.86,86.85,1.51
2022-10-23,Tiruchirappalli,10.7905,78.7047,2.03,25.97,86.01,0.98
2022-10-24,Tiruchirappalli,10.7905,78.7047,0.64,26.03,79.49,1.1
2022-10-25,Tiruchirappalli,10.7905,78.7047,0.14,25.63,72.81,1.11
2022-10-26,Tiruchirappalli,10.7905,78.7047,0.03,25.02,75.21,1.14
2022-10-27,Tiruchirappalli,10.7905,78.7047,0.0,24.93,76.31,2.03
2022-10-28,Tiruchirappalli,10.7905,78.7047,1.34,25.79,81.67,1.88
2022-10-29,Tiruchirappalli,10.7905,78.7047,4.13,25.62,85.57,2.32
2022-10-30,Tiruchirappalli,10.7905,78.7047,3.45,25.76,85.02,2.22
2022-10-31,Tiruchirappalli,10.7905,78.7047,2.91,24.88,89.48,1.9
2022-11-01,Tiruchirappalli,10.7905,78.7047,5.01,23.71,91.98,1.95
2022-11-02,Tiruchirappalli,10.7905,78.7047,13.74,24.7,86.09,1.8
2022-11-03,Tiruchirappalli,10.7905,78.7047,10.47,24.79,86.59,2.25
2022-11-04,Tiruchirappalli,10.7905,78.7047,12.81,24.56,85.91,2.1
2022-11-05,Tiruchirappalli,10.7905,78.7047,4.56,24.74,87.08,2.01
2022-11-06,Tiruchirappalli,10.7905,78.7047,3.1,24.56,90.45,2.08
2022-11-07,Tiruchirappalli,10.7905,78.7047,0.44,25.08,86.94,2.13
2022-11-08,Tiruchirappalli,10.7905,78.7047,4.03,24.98,88.17,2.32
2022-11-09,Tiruchirappalli,10.7905,78.7047,0.78,25.23,86.5,2.24
2022-11-10,Tiruchirappalli,10.7905,78.7047,2.56,25.06,85.62,2.35
2022-11-11,Tiruchirappalli,10.7905,78.7047,55.14,23.49,92.57,3.36
2022-11-12,Tiruchirappalli,10.7905,78.7047,12.19,24.74,92.3,3.83
2022-11-13,Tiruchirappalli,10.7905,78.7047,3.06,24.86,89.29,2.77
2022-11-14,Tiruchirappalli,10.7905,78.7047,4.91,24.42,89.48,1.66
2022-11-15,Tiruchirappalli,10.7905,78.7047,0.64,24.56,89.27,1.67
2022-11-16,Tiruchirappalli,10.7905,78.7047,0.15,24.62,86.47,2.01
2022-11-17,Tiruchirappalli,10.7905,78.7047,0.0,23.07,80.42,2.16
2022-11-18,Tiruchirappalli,10.7905,78.7047,0.0,22.4,79.42,2.46
2022-11-19,Tiruchirappalli,10.7905,78.7047,0.0,22.19,82.45,2.16
2022-11-20,Tiruchirappalli,10.7905,78.7047,0.0,21.69,76.63,1.82
2022-11-21,Tiruchirappalli,10.7905,78.7047,0.03,22.4,76.66,1.64
2022-11-22,Tiruchirappalli,10.7905,78.7047,0.05,24.74,82.37,1.15
2022-11-23,Tiruchirappalli,10.7905,78.7047,1.22,25.78,80.87,1.25
2022-11-24,Tiruchirappalli,10.7905,78.7047,0.93,25.6,84.35,1.18
2022-11-25,Tiruchirappalli,10.7905,78.7047,0.23,25.1,85.77,1.54
2022-11-26,Tiruchirappalli,10.7905,78.7047,0.68,24.73,87.45,1.18
2022-11-27,Tiruchirappalli,10.7905,78.7047,1.2,25.5,85.46,1.29
2022-11-28,Tiruchirappalli,10.7905,78.7047,3.3,25.68,85.23,1.21
2022-11-29,Tiruchirappalli,10.7905,78.7047,1.12,24.67,84.82,2.08
2022-11-30,Tiruchirappalli,10.7905,78.7047,0.17,23.33,82.24,1.8
2022-12-01,Tiruchirappalli,10.7905,78.7047,1.89,24.76,88.85,1.97
2022-12-02,Tiruchirappalli,10.7905,78.7047,0.82,25.15,86.08,1.78
2022-12-03,Tiruchirappalli,10.7905,78.7047,1.77,24.47,90.2,2.01
2022-12-04,Tiruchirappalli,10.7905,78.7047,20.72,24.62,91.63,2.12
2022-12-05,Tiruchirappalli,10.7905,78.7047,1.81,24.69,86.17,2.45
2022-12-06,Tiruchirappalli,10.7905,78.7047,0.0,24.08,84.89,2.08
2022-12-07,Tiruchirappalli,10.7905,78.7047,0.0,22.34,84.48,1.93
2022-12-08,Tiruchirappalli,10.7905,78.7047,2.88,21.11,76.76,2.48
2022-12-09,Tiruchirappalli,10.7905,78.7047,12.88,21.44,82.24,4.42
2022-12-10,Tiruchirappalli,10.7905,78.7047,5.36,23.53,85.99,3.09
2022-12-11,Tiruchirappalli,10.7905,78.7047,3.01,24.76,90.02,1.58
2022-12-12,Tiruchirappalli,10.7905,78.7047,14.83,24.98,89.56,1.22
2022-12-13,Tiruchirappalli,10.7905,78.7047,13.95,24.85,89.04,2.01
2022-12-14,Tiruchirappalli,10.7905,78.7047,2.68,24.53,87.94,1.92
2022-12-15,Tiruchirappalli,10.7905,78.7047,0.0,23.69,85.44,2.0
2022-12-16,Tiruchirappalli,10.7905,78.7047,0.0,23.14,84.46,1.76
2022-12-17,Tiruchirappalli,10.7905,78.7047,0.0,23.64,85.74,2.3
2022-12-18,Tiruchirappalli,10.7905,78.7047,0.0,23.96,84.9,2.94
2022-12-19,Tiruchirappalli,10.7905,78.7047,0.14,23.36,84.09,2.7
2022-12-20,Tiruchirappalli,10.7905,78.7047,0.12,23.54,84.46,2.61
2022-12-21,Tiruchirappalli,10.7905,78.7047,6.8,23.23,85.77,2.64
2022-12-22,Tiruchirappalli,10.7905,78.7047,0.75,22.94,83.24,2.71
2022-12-23,Tiruchirappalli,10.7905,78.7047,0.0,24.02,83.31,2.5
2022-12-24,Tiruchirappalli,10.7905,78.7047,0.55,24.84,84.04,2.83
2022-12-25,Tiruchirappalli,10.7905,78.7047,11.12,24.91,86.84,3.15
2022-12-26,Tiruchirappalli,10.7905,78.7047,4.53,25.31,87.6,2.99
2022-12-27,Tiruchirappalli,10.7905,78.7047,2.71,24.86,88.01,2.41
2022-12-28,Tiruchirappalli,10.7905,78.7047,0.12,24.7,84.93,2.09
2022-12-29,Tiruchirappalli,10.7905,78.7047,0.0,24.18,84.39,1.8
2022-12-30,Tiruchirappalli,10.7905,78.7047,0.0,23.43,82.86,1.67
2022-12-31,Tiruchirappalli,10.7905,78.7047,0.0,23.69,81.07,1.37
2023-01-01,Tiruchirappalli,10.7905,78.7047,0.0,23.21,79.69,1.71
2023-01-02,Tiruchirappalli,10.7905,78.7047,0.0,22.84,80.65,1.95
2023-01-03,Tiruchirappalli,10.7905,78.7047,0.01,22.93,81.49,2.18
2023-01-04,Tiruchirappalli,10.7905,78.7047,0.0,23.26,79.72,2.33
2023-01-05,Tiruchirappalli,10.7905,78.7047,0.01,23.49,78.36,2.57
2023-01-06,Tiruchirappalli,10.7905,78.7047,0.01,23.89,76.06,3.51
2023-01-07,Tiruchirappalli,10.7905,78.7047,0.01,23.61,78.3,2.97
2023-01-08,Tiruchirappalli,10.7905,78.7047,0.08,23.8,80.35,2.63
2023-01-09,Tiruchirappalli,10.7905,78.7047,0.0,22.85,74.8,2.57
2023-01-10,Tiruchirappalli,10.7905,78.7047,0.0,22.1,75.13,2.76
2023-01-11,Tiruchirappalli,10.7905,78.7047,0.0,22.5,74.16,2.15
2023-01-12,Tiruchirappalli,10.7905,78.7047,0.0,22.44,73.92,2.05
2023-01-13,Tiruchirappalli,10.7905,78.7047,0.0,22.28,73.94,1.75
2023-01-14,Tiruchirappalli,10.7905,78.7047,0.0,21.94,73.22,1.74
2023-01-15,Tiruchirappalli,10.7905,78.7047,0.0,21.82,74.35,1.74
2023-01-16,Tiruchirappalli,10.7905,78.7047,0.0,22.1,72.43,2.1
2023-01-17,Tiruchirappalli,10.7905,78.7047,0.0,22.41,74.03,2.01
2023-01-18,Tiruchirappalli,10.7905,78.7047,0.0,22.44,73.58,2.38
2023-01-19,Tiruchirappalli,10.7905,78.7047,0.0,22.6,70.2,2.3
2023-01-20,Tiruchirappalli,10.7905,78.7047,0.0,23.33,74.6,2.57
2023-01-21,Tiruchirappalli,10.7905,78.7047,0.0,24.14,72.54,2.68
2023-01-22,Tiruchirappalli,10.7905,78.7047,0.0,24.07,72.35,2.63
2023-01-23,Tiruchirappalli,10.7905,78.7047,2.27,24.82,76.23,2.75
2023-01-24,Tiruchirappalli,10.7905,78.7047,0.75,25.02,73.07,2.38
2023-01-25,Tiruchirappalli,10.7905,78.7047,0.0,24.09,70.74,2.36
2023-01-26,Tiruchirappalli,10.7905,78.7047,0.0,23.7,70.58,2.31
2023-01-27,Tiruchirappalli,10.7905,78.7047,0.0,23.43,70.53,2.25
2023-01-28,Tiruchirappalli,10.7905,78.7047,0.0,23.26,72.33,2.34
2023-01-29,Tiruchirappalli,10.7905,78.7047,0.15,24.24,74.79,2.63
2023-01-30,Tiruchirappalli,10.7905,78.7047,1.26,25.69,75.19,2.58
2023-01-31,Tiruchirappalli,10.7905,78.7047,0.21,25.39,72.29,3.11
2023-02-01,Tiruchirappalli,10.7905,78.7047,2.93,25.18,70.24,3.19
2023-02-02,Tiruchirappalli,10.7905,78.7047,12.99,24.52,78.84,3.26
2023-02-03,Tiruchirappalli,10.7905,78.7047,6.93,25.1,79.44,2.99
2023-02-04,Tiruchirappalli,10.7905,78.7047,1.77,25.39,74.55,3.04
2023-02-05,Tiruchirappalli,10.7905,78.7047,0.11,24.65,68.7,2.48
2023-02-06,Tiruchirappalli,10.7905,78.7047,0.0,24.64,69.42,2.33
2023-02-07,Tiruchirappalli,10.7905,78.7047,0.0,25.3,68.36,1.91
2023-02-08,Tiruchirappalli,10.7905,78.7047,0.0,24.96,68.61,2.24
2023-02-09,Tiruchirappalli,10.7905,78.7047,0.0,24.84,69.08,2.03
2023-02-10,Tiruchirappalli,10.7905,78.7047,0.0,24.97,67.22,2.18
2023-02-11,Tiruchirappalli,10.7905,78.7047,0.0,24.59,65.02,2.05
2023-02-12,Tiruchirappalli,10.7905,78.7047,0.0,24.57,63.13,1.9
2023-02-13,Tiruchirappalli,10.7905,78.7047,0.0,24.57,65.76,2.3
2023-02-14,Tiruchirappalli,10.7905,78.7047,0.0,24.73,65.34,1.97
2023-02-15,Tiruchirappalli,10.7905,78.7047,0.0,24.85,64.69,2.2
2023-02-16,Tiruchirappalli,10.7905,78.7047,0.0,24.56,68.0,2.45
2023-02-17,Tiruchirappalli,10.7905,78.7047,0.0,24.66,67.52,2.31
2023-02-18,Tiruchirappalli,10.7905,78.7047,0.0,25.28,65.45,1.97
2023-02-19,Tiruchirappalli,10.7905,78.7047,0.0,25.76,64.17,2.27
2023-02-20,Tiruchirappalli,10.7905,78.7047,0.0,25.97,61.8,2.07
2023-02-21,Tiruchirappalli,10.7905,78.7047,0.0,25.57,62.09,2.3
2023-02-22,Tiruchirappalli,10.7905,78.7047,0.0,25.3,60.6,2.42
2023-02-23,Tiruchirappalli,10.7905,78.7047,0.0,25.14,65.7,2.18
2023-02-24,Tiruchirappalli,10.7905,78.7047,0.0,26.25,62.66,2.03
2023-02-25,Tiruchirappalli,10.7905,78.7047,0.0,25.61,60.42,2.43
2023-02-26,Tiruchirappalli,10.7905,78.7047,0.0,25.03,63.46,2.7
2023-02-27,Tiruchirappalli,10.7905,78.7047,0.0,25.29,61.59,2.35
2023-02-28,Tiruchirappalli,10.7905,78.7047,0.18,26.17,67.44,3.15
2023-03-01,Tiruchirappalli,10.7905,78.7047,0.05,27.56,66.53,3.53
2023-03-02,Tiruchirappalli,10.7905,78.7047,0.0,26.6,58.37,2.84
2023-03-03,Tiruchirappalli,10.7905,78.7047,0.0,25.77,56.04,3.17
2023-03-04,Tiruchirappalli,10.7905,78.7047,0.0,27.16,62.56,3.05
2023-03-05,Tiruchirappalli,10.7905,78.7047,0.12,27.69,57.66,3.0
2023-03-06,Tiruchirappalli,10.7905,78.7047,0.03,27.35,56.97,2.78
2023-03-07,Tiruchirappalli,10.7905,78.7047,0.0,26.32,64.8,2.43
2023-03-08,Tiruchirappalli,10.7905,78.7047,0.0,26.98,62.32,3.21
2023-03-09,Tiruchirappalli,10.7905,78.7047,0.0,27.24,61.71,3.04
2023-03-10,Tiruchirappalli,10.7905,78.7047,0.0,27.55,61.19,2.97
2023-03-11,Tiruchirappalli,10.7905,78.7047,0.0,26.73,65.38,2.78
2023-03-12,Tiruchirappalli,10.7905,78.7047,0.0,27.69,65.23,3.06
2023-03-13,Tiruchirappalli,10.7905,78.7047,0.0,28.29,61.12,2.83
2023-03-14,Tiruchirappalli,10.7905,78.7047,0.0,28.56,59.07,2.65
2023-03-15,Tiruchirappalli,10.7905,78.7047,0.0,29.39,59.72,2.18
2023-03-16,Tiruchirappalli,10.7905,78.7047,0.09,29.5,60.74,2.43
2023-03-17,Tiruchirappalli,10.7905,78.7047,0.39,29.86,60.38,2.61
2023-03-18,Tiruchirappalli,10.7905,78.7047,1.93,29.55,63.04,2.57
2023-03-19,Tiruchirappalli,10.7905,78.7047,6.43,28.47,66.18,1.22
2023-03-20,Tiruchirappalli,10.7905,78.7047,6.47,27.88,72.72,1.26
2023-03-21,Tiruchirappalli,10.7905,78.7047,0.8,29.97,62.57,1.57
2023-03-22,Tiruchirappalli,10.7905,78.7047,0.9,29.81,63.41,2.22
2023-03-23,Tiruchirappalli,10.7905,78.7047,0.71,30.35,60.05,1.9
2023-03-24,Tiruchirappalli,10.7905,78.7047,1.63,30.16,60.7,2.12
2023-03-25,Tiruchirappalli,10.7905,78.7047,1.69,29.82,63.07,1.72
2023-03-26,Tiruchirappalli,10.7905,78.7047,0.36,30.46,58.97,1.87
2023-03-27,Tiruchirappalli,10.7905,78.7047,0.03,31.27,55.38,1.0
2023-03-28,Tiruchirappalli,10.7905,78.7047,0.52,31.3,57.45,2.3
2023-03-29,Tiruchirappalli,10.7905,78.7047,0.07,31.01,55.97,2.28
2023-03-30,Tiruchirappalli,10.7905,78.7047,0.01,30.74,54.0,2.11
2023-03-31,Tiruchirappalli,10.7905,78.7047,0.18,31.24,52.23,2.13
2023-04-01,Tiruchirappalli,10.7905,78.7047,0.21,31.34,56.32,2.31
2023-04-02,Tiruchirappalli,10.7905,78.7047,2.81,30.74,57.76,1.67
2023-04-03,Tiruchirappalli,10.7905,78.7047,1.78,30.11,60.16,2.2
2023-04-04,Tiruchirappalli,10.7905,78.7047,0.74,30.39,60.09,2.15
2023-04-05,Tiruchirappalli,10.7905,78.7047,0.23,30.62,56.21,2.21
2023-04-06,Tiruchirappalli,10.7905,78.7047,0.0,31.03,55.96,2.42
2023-04-07,Tiruchirappalli,10.7905,78.7047,0.0,30.62,57.64,2.58
2023-04-08,Tiruchirappalli,10.7905,78.7047,0.0,30.04,57.26,3.09
2023-04-09,Tiruchirappalli,10.7905,78.7047,0.02,30.04,57.87,2.83
2023-04-10,Tiruchirappalli,10.7905,78.7047,0.01,30.39,57.31,2.87
2023-04-11,Tiruchirappalli,10.7905,78.7047,0.06,30.71,54.78,2.44
2023-04-12,Tiruchirappalli,10.7905,78.7047,0.0,30.89,49.52,2.11
2023-04-13,Tiruchirappalli,10.7905,78.7047,0.0,31.21,45.63,1.86
2023-04-14,Tiruchirappalli,10.7905,78.7047,0.0,31.2,44.24,1.67
2023-04-15,Tiruchirappalli,10.7905,78.7047,0.0,31.95,48.69,2.2
2023-04-16,Tiruchirappalli,10.7905,78.7047,0.0,31.57,49.15,2.11
2023-04-17,Tiruchirappalli,10.7905,78.7047,0.0,31.86,49.36,2.39
2023-04-18,Tiruchirappalli,10.7905,78.7047,0.0,31.96,49.92,2.26
2023-04-19,Tiruchirappalli,10.7905,78.7047,0.0,32.45,50.61,2.37
2023-04-20,Tiruchirappalli,10.7905,78.7047,0.0,33.35,52.59,2.69
2023-04-21,Tiruchirappalli,10.7905,78.7047,0.29,33.61,52.37,2.76
2023-04-22,Tiruchirappalli,10.7905,78.7047,0.92,33.35,53.13,2.5
2023-04-23,Tiruchirappalli,10.7905,78.7047,0.68,33.1,52.4,2.59
2023-04-24,Tiruchirappalli,10.7905,78.7047,2.25,31.52,60.05,2.6
2023-04-25,Tiruchirappalli,10.7905,78.7047,2.32,30.63,61.55,2.41
2023-04-26,Tiruchirappalli,10.7905,78.7047,4.54,29.43,65.91,1.62
2023-04-27,Tiruchirappalli,10.7905,78.7047,1.21,30.07,63.78,2.06
2023-04-28,Tiruchirappalli,10.7905,78.7047,1.95,30.62,62.59,2.24
2023-04-29,Tiruchirappalli,10.7905,78.7047,6.83,29.79,68.46,2.07
2023-04-30,Tiruchirappalli,10.7905,78.7047,2.59,29.62,67.99,2.06
2023-05-01,Tiruchirappalli,10.7905,78.7047,23.64,27.6,83.55,2.05
2023-05-02,Tiruchirappalli,10.7905,78.7047,22.99,26.63,87.57,2.16
2023-05-03,Tiruchirappalli,10.7905,78.7047,11.19,26.44,86.63,2.24
2023-05-04,Tiruchirappalli,10.7905,78.7047,7.11,26.72,83.09,1.09
2023-05-05,Tiruchirappalli,10.7905,78.7047,2.68,27.56,75.42,1.68
2023-05-06,Tiruchirappalli,10.7905,78.7047,8.13,26.79,80.23,1.23
2023-05-07,Tiruchirappalli,10.7905,78.7047,4.4,26.99,80.89,1.88
2023-05-08,Tiruchirappalli,10.7905,78.7047,4.37,27.01,80.08,2.13
2023-05-09,Tiruchirappalli,10.7905,78.7047,0.85,28.25,75.78,1.59
2023-05-10,Tiruchirappalli,10.7905,78.7047,0.24,29.42,70.31,1.75
2023-05-11,Tiruchirappalli,10.7905,78.7047,1.19,29.51,72.4,1.55
2023-05-12,Tiruchirappalli,10.7905,78.7047,0.41,30.49,66.47,2.84
2023-05-13,Tiruchirappalli,10.7905,78.7047,0.0,31.18,59.56,3.08
2023-05-14,Tiruchirappalli,10.7905,78.7047,0.0,31.07,60.95,3.52
2023-05-15,Tiruchirappalli,10.7905,78.7047,0.0,31.34,64.11,2.75
2023-05-16,Tiruchirappalli,10.7905,78.7047,0.0,32.0,62.16,2.84
2023-05-17,Tiruchirappalli,10.7905,78.7047,0.05,31.64,63.42,2.01
2023-05-18,Tiruchirappalli,10.7905,78.7047,0.03,30.77,65.85,2.21
2023-05-19,Tiruchirappalli,10.7905,78.7047,0.07,29.66,72.44,2.12
2023-05-20,Tiruchirappalli,10.7905,78.7047,0.11,30.79,66.45,2.08
2023-05-21,Tiruchirappalli,10.7905,78.7047,1.81,30.74,66.91,1.68
2023-05-22,Tiruchirappalli,10.7905,78.7047,1.44,29.62,73.4,1.84
2023-05-23,Tiruchirappalli,10.7905,78.7047,0.04,29.79,69.29,1.78
2023-05-24,Tiruchirappalli,10.7905,78.7047,6.0,29.75,71.06,1.92
2023-05-25,Tiruchirappalli,10.7905,78.7047,2.72,30.43,67.69,2.3
2023-05-26,Tiruchirappalli,10.7905,78.7047,7.27,31.07,65.35,2.47
2023-05-27,Tiruchirappalli,10.7905,78.7047,9.23,30.55,66.87,2.33
2023-05-28,Tiruchirappalli,10.7905,78.7047,0.03,28.93,71.89,1.76
2023-05-29,Tiruchirappalli,10.7905,78.7047,0.08,30.41,67.96,1.59
2023-05-30,Tiruchirappalli,10.7905,78.7047,1.74,30.67,69.04,1.6
2023-05-31,Tiruchirappalli,10.7905,78.7047,2.54,29.9,67.04,2.6
2023-06-01,Tiruchirappalli,10.7905,78.7047,0.15,31.38,61.58,2.54
2023-06-02,Tiruchirappalli,10.7905,78.7047,2.43,29.18,67.25,3.06
2023-06-03,Tiruchirappalli,10.7905,78.7047,0.02,30.26,64.98,2.47
2023-06-04,Tiruchirappalli,10.7905,78.7047,0.01,31.1,62.85,2.76
2023-06-05,Tiruchirappalli,10.7905,78.7047,3.64,29.64,69.39,2.32
2023-06-06,Tiruchirappalli,10.7905,78.7047,4.69,29.76,66.74,2.37
2023-06-07,Tiruchirappalli,10.7905,78.7047,1.29,29.21,72.02,1.89
2023-06-08,Tiruchirappalli,10.7905,78.7047,0.25,29.37,70.14,2.15
2023-06-09,Tiruchirappalli,10.7905,78.7047,0.01,30.06,64.03,3.05
2023-06-10,Tiruchirappalli,10.7905,78.7047,0.0,31.14,57.39,4.66
2023-06-11,Tiruchirappalli,10.7905,78.7047,0.0,30.88,59.31,3.27
2023-06-12,Tiruchirappalli,10.7905,78.7047,1.03,30.63,64.29,3.24
2023-06-13,Tiruchirappalli,10.7905,78.7047,0.35,30.42,62.85,3.4
2023-06-14,Tiruchirappalli,10.7905,78.7047,1.71,28.66,72.15,2.33
2023-06-15,Tiruchirappalli,10.7905,78.7047,0.04,31.16,58.26,2.11
2023-06-16,Tiruchirappalli,10.7905,78.7047,0.0,32.21,55.74,3.4
2023-06-17,Tiruchirappalli,10.7905,78.7047,0.15,28.38,71.99,2.06
2023-06-18,Tiruchirappalli,10.7905,78.7047,2.84,29.07,68.2,2.55
2023-06-19,Tiruchirappalli,10.7905,78.7047,0.61,30.66,59.68,2.79
2023-06-20,Tiruchirappalli,10.7905,78.7047,2.59,29.13,66.78,2.11
2023-06-21,Tiruchirappalli,10.7905,78.7047,4.39,28.87,72.14,1.6
2023-06-22,Tiruchirappalli,10.7905,78.7047,5.31,29.54,69.6,1.77
2023-06-23,Tiruchirappalli,10.7905,78.7047,0.77,29.2,62.36,3.16
2023-06-24,Tiruchirappalli,10.7905,78.7047,0.01,28.89,63.08,3.82
2023-06-25,Tiruchirappalli,10.7905,78.7047,0.02,28.07,69.69,2.51
2023-06-26,Tiruchirappalli,10.7905,78.7047,0.05,29.22,57.99,3.73
2023-06-27,Tiruchirappalli,10.7905,78.7047,2.48,29.42,59.19,3.83
2023-06-28,Tiruchirappalli,10.7905,78.7047,0.02,30.17,56.63,3.39
2023-06-29,Tiruchirappalli,10.7905,78.7047,1.21,30.72,56.83,4.02
2023-06-30,Tiruchirappalli,10.7905,78.7047,0.58,30.25,56.6,3.71
2023-07-01,Tiruchirappalli,10.7905,78.7047,0.44,29.86,58.7,2.85
2023-07-02,Tiruchirappalli,10.7905,78.7047,2.36,28.7,64.77,2.14
2023-07-03,Tiruchirappalli,10.7905,78.7047,2.88,28.93,67.17,3.61
2023-07-04,Tiruchirappalli,10.7905,78.7047,1.22,28.9,65.59,4.79
2023-07-05,Tiruchirappalli,10.7905,78.7047,0.48,28.53,63.0,5.22
2023-07-06,Tiruchirappalli,10.7905,78.7047,0.43,28.76,66.25,4.44
2023-07-07,Tiruchirappalli,10.7905,78.7047,0.08,29.05,61.88,4.0
2023-07-08,Tiruchirappalli,10.7905,78.7047,2.31,29.07,61.49,3.33
2023-07-09,Tiruchirappalli,10.7905,78.7047,4.69,29.67,63.05,2.46
2023-07-10,Tiruchirappalli,10.7905,78.7047,9.98,29.23,70.67,1.6
2023-07-11,Tiruchirappalli,10.7905,78.7047,12.36,29.05,69.08,2.4
2023-07-12,Tiruchirappalli,10.7905,78.7047,0.96,28.89,61.74,2.69
2023-07-13,Tiruchirappalli,10.7905,78.7047,4.13,29.14,59.58,3.33
2023-07-14,Tiruchirappalli,10.7905,78.7047,0.37,29.51,60.13,3.85
2023-07-15,Tiruchirappalli,10.7905,78.7047,0.0,29.87,60.12,3.35
2023-07-16,Tiruchirappalli,10.7905,78.7047,0.14,30.31,61.35,2.76
2023-07-17,Tiruchirappalli,10.7905,78.7047,0.0,29.93,62.74,3.68
2023-07-18,Tiruchirappalli,10.7905,78.7047,0.0,29.39,63.82,4.94
2023-07-19,Tiruchirappalli,10.7905,78.7047,0.0,29.86,60.94,5.57
2023-07-20,Tiruchirappalli,10.7905,78.7047,0.0,30.24,58.59,5.57
2023-07-21,Tiruchirappalli,10.7905,78.7047,0.0,30.29,57.36,5.65
2023-07-22,Tiruchirappalli,10.7905,78.7047,0.05,29.62,58.23,5.65
2023-07-23,Tiruchirappalli,10.7905,78.7047,4.59,28.7,64.83,4.8
2023-07-24,Tiruchirappalli,10.7905,78.7047,1.05,27.1,71.61,4.59
2023-07-25,Tiruchirappalli,10.7905,78.7047,1.22,26.84,71.33,3.96
2023-07-26,Tiruchirappalli,10.7905,78.7047,0.48,28.98,63.57,4.56
2023-07-27,Tiruchirappalli,10.7905,78.7047,0.01,29.62,59.27,4.65
2023-07-28,Tiruchirappalli,10.7905,78.7047,0.0,30.3,56.06,4.57
2023-07-29,Tiruchirappalli,10.7905,78.7047,0.0,31.2,54.38,4.52
2023-07-30,Tiruchirappalli,10.7905,78.7047,0.01,31.87,51.96,4.5
2023-07-31,Tiruchirappalli,10.7905,78.7047,0.0,32.07,52.19,4.87
2023-08-01,Tiruchirappalli,10.7905,78.7047,0.0,31.95,51.2,5.24
2023-08-02,Tiruchirappalli,10.7905,78.7047,0.0,30.17,55.49,4.74
2023-08-03,Tiruchirappalli,10.7905,78.7047,0.0,31.6,54.23,4.54
2023-08-04,Tiruchirappalli,10.7905,78.7047,0.01,31.84,52.09,4.43
2023-08-05,Tiruchirappalli,10.7905,78.7047,0.0,32.09,50.39,3.81
2023-08-06,Tiruchirappalli,10.7905,78.7047,0.24,32.42,49.59,3.22
2023-08-07,Tiruchirappalli,10.7905,78.7047,0.18,32.2,51.2,2.7
2023-08-08,Tiruchirappalli,10.7905,78.7047,1.71,31.37,53.69,2.68
2023-08-09,Tiruchirappalli,10.7905,78.7047,12.02,30.14,64.3,2.01
2023-08-10,Tiruchirappalli,10.7905,78.7047,13.31,27.77,79.24,1.85
2023-08-11,Tiruchirappalli,10.7905,78.7047,9.74,28.6,73.89,1.08
2023-08-12,Tiruchirappalli,10.7905,78.7047,5.29,28.68,72.62,2.36
2023-08-13,Tiruchirappalli,10.7905,78.7047,1.55,28.78,70.02,2.15
2023-08-14,Tiruchirappalli,10.7905,78.7047,1.91,29.44,66.39,1.98
2023-08-15,Tiruchirappalli,10.7905,78.7047,0.9,29.6,65.21,2.31
2023-08-16,Tiruchirappalli,10.7905,78.7047,0.03,30.52,60.46,2.22
2023-08-17,Tiruchirappalli,10.7905,78.7047,0.0,31.04,56.92,3.28
2023-08-18,Tiruchirappalli,10.7905,78.7047,0.0,30.32,57.64,4.22
2023-08-19,Tiruchirappalli,10.7905,78.7047,0.0,30.31,58.42,4.22
2023-08-20,Tiruchirappalli,10.7905,78.7047,0.26,31.36,57.22,2.98
2023-08-21,Tiruchirappalli,10.7905,78.7047,0.8,31.32,58.25,2.17
2023-08-22,Tiruchirappalli,10.7905,78.7047,1.33,31.08,62.95,1.37
2023-08-23,Tiruchirappalli,10.7905,78.7047,1.44,29.98,65.94,1.48
2023-08-24,Tiruchirappalli,10.7905,78.7047,0.03,30.74,60.92,2.19
2023-08-25,Tiruchirappalli,10.7905,78.7047,0.0,30.49,59.94,1.95
2023-08-26,Tiruchirappalli,10.7905,78.7047,0.06,30.95,59.14,1.8
2023-08-27,Tiruchirappalli,10.7905,78.7047,1.29,30.75,62.7,1.96
2023-08-28,Tiruchirappalli,10.7905,78.7047,0.33,30.79,60.08,2.16
2023-08-29,Tiruchirappalli,10.7905,78.7047,12.67,28.2,71.61,1.57
2023-08-30,Tiruchirappalli,10.7905,78.7047,7.17,26.43,83.99,2.01
2023-08-31,Tiruchirappalli,10.7905,78.7047,26.92,27.26,81.06,1.39
2023-09-01,Tiruchirappalli,10.7905,78.7047,12.03,27.92,77.63,1.79
2023-09-02,Tiruchirappalli,10.7905,78.7047,5.48,28.46,74.81,2.5
2023-09-03,Tiruchirappalli,10.7905,78.7047,7.05,28.02,74.13,2.65
2023-09-04,Tiruchirappalli,10.7905,78.7047,0.09,28.05,68.76,3.53
2023-09-05,Tiruchirappalli,10.7905,78.7047,2.32,27.07,72.52,3.28
2023-09-06,Tiruchirappalli,10.7905,78.7047,2.7,27.45,69.37,3.15
2023-09-07,Tiruchirappalli,10.7905,78.7047,9.47,27.61,69.24,3.28
2023-09-08,Tiruchirappalli,10.7905,78.7047,1.17,28.23,65.31,3.69
2023-09-09,Tiruchirappalli,10.7905,78.7047,3.3,28.87,65.69,3.82
2023-09-10,Tiruchirappalli,10.7905,78.7047,0.09,28.28,65.51,3.72
2023-09-11,Tiruchirappalli,10.7905,78.7047,1.65,28.09,64.82,3.92
2023-09-12,Tiruchirappalli,10.7905,78.7047,1.42,27.4,70.76,2.91
2023-09-13,Tiruchirappalli,10.7905,78.7047,1.44,28.82,67.16,2.56
2023-09-14,Tiruchirappalli,10.7905,78.7047,1.32,29.32,62.5,3.66
2023-09-15,Tiruchirappalli,10.7905,78.7047,0.43,29.06,62.69,3.57
2023-09-16,Tiruchirappalli,10.7905,78.7047,1.43,28.9,68.0,2.69
2023-09-17,Tiruchirappalli,10.7905,78.7047,11.31,27.86,76.01,2.33
2023-09-18,Tiruchirappalli,10.7905,78.7047,5.61,28.4,75.54,2.41
2023-09-19,Tiruchirappalli,10.7905,78.7047,14.21,27.13,80.87,1.85
2023-09-20,Tiruchirappalli,10.7905,78.7047,1.4,27.17,77.62,1.24
2023-09-21,Tiruchirappalli,10.7905,78.7047,3.46,27.57,77.35,1.3
2023-09-22,Tiruchirappalli,10.7905,78.7047,2.2,27.99,74.95,1.74
2023-09-23,Tiruchirappalli,10.7905,78.7047,0.56,29.05,72.09,1.96
2023-09-24,Tiruchirappalli,10.7905,78.7047,1.12,27.61,75.26,2.52
2023-09-25,Tiruchirappalli,10.7905,78.7047,6.11,27.79,76.04,1.86
2023-09-26,Tiruchirappalli,10.7905,78.7047,2.49,27.56,77.61,1.42
2023-09-27,Tiruchirappalli,10.7905,78.7047,2.05,28.06,72.05,2.12
2023-09-28,Tiruchirappalli,10.7905,78.7047,4.88,27.59,70.38,3.0
2023-09-29,Tiruchirappalli,10.7905,78.7047,2.17,27.67,70.58,3.14
2023-09-30,Tiruchirappalli,10.7905,78.7047,3.54,28.14,68.97,2.83
2023-10-01,Tiruchirappalli,10.7905,78.7047,0.31,28.54,69.04,3.46
2023-10-02,Tiruchirappalli,10.7905,78.7047,0.04,28.8,69.36,2.99
2023-10-03,Tiruchirappalli,10.7905,78.7047,0.14,29.91,65.74,2.34
2023-10-04,Tiruchirappalli,10.7905,78.7047,0.31,29.8,64.47,1.92
2023-10-05,Tiruchirappalli,10.7905,78.7047,0.52,29.51,65.86,1.72
2023-10-06,Tiruchirappalli,10.7905,78.7047,0.44,29.45,61.07,1.87
2023-10-07,Tiruchirappalli,10.7905,78.7047,0.62,29.13,63.41,1.37
2023-10-08,Tiruchirappalli,10.7905,78.7047,0.83,29.28,69.67,1.66
2023-10-09,Tiruchirappalli,10.7905,78.7047,5.54,28.33,76.48,1.39
2023-10-10,Tiruchirappalli,10.7905,78.7047,5.08,28.83,74.43,1.53
2023-10-11,Tiruchirappalli,10.7905,78.7047,10.67,28.25,77.4,1.87
2023-10-12,Tiruchirappalli,10.7905,78.7047,5.0,28.14,78.4,1.58
2023-10-13,Tiruchirappalli,10.7905,78.7047,0.72,28.27,73.15,1.29
2023-10-14,Tiruchirappalli,10.7905,78.7047,5.02,27.49,77.73,0.92
2023-10-15,Tiruchirappalli,10.7905,78.7047,12.22,27.46,79.47,1.04
2023-10-16,Tiruchirappalli,10.7905,78.7047,22.68,27.26,83.54,0.99
2023-10-17,Tiruchirappalli,10.7905,78.7047,4.73,26.85,83.7,1.49
2023-10-18,Tiruchirappalli,10.7905,78.7047,0.86,26.91,78.01,1.83
2023-10-19,Tiruchirappalli,10.7905,78.7047,0.06,27.35,73.93,1.81
2023-10-20,Tiruchirappalli,10.7905,78.7047,0.09,27.46,71.66,1.67
2023-10-21,Tiruchirappalli,10.7905,78.7047,0.31,27.57,73.1,1.46
2023-10-22,Tiruchirappalli,10.7905,78.7047,0.8,27.91,72.76,1.93
2023-10-23,Tiruchirappalli,10.7905,78.7047,0.03,27.8,72.72,1.09
2023-10-24,Tiruchirappalli,10.7905,78.7047,0.14,27.66,71.59,1.1
2023-10-25,Tiruchirappalli,10.7905,78.7047,0.38,28.02,71.51,1.22
2023-10-26,Tiruchirappalli,10.7905,78.7047,0.06,28.22,69.07,1.47
2023-10-27,Tiruchirappalli,10.7905,78.7047,1.34,27.68,74.36,1.97
2023-10-28,Tiruchirappalli,10.7905,78.7047,1.44,27.97,73.39,1.83
2023-10-29,Tiruchirappalli,10.7905,78.7047,12.15,26.31,84.01,1.62
2023-10-30,Tiruchirappalli,10.7905,78.7047,6.8,25.47,85.27,1.31
2023-10-31,Tiruchirappalli,10.7905,78.7047,1.38,26.18,80.31,1.95
2023-11-01,Tiruchirappalli,10.7905,78.7047,8.73,26.24,87.79,2.24
2023-11-02,Tiruchirappalli,10.7905,78.7047,4.09,26.52,83.52,1.23
2023-11-03,Tiruchirappalli,10.7905,78.7047,14.31,25.95,88.09,1.36
2023-11-04,Tiruchirappalli,10.7905,78.7047,19.33,25.33,91.82,1.44
2023-11-05,Tiruchirappalli,10.7905,78.7047,5.27,24.99,86.78,1.19
2023-11-06,Tiruchirappalli,10.7905,78.7047,8.73,26.48,83.35,0.98
2023-11-07,Tiruchirappalli,10.7905,78.7047,18.72,25.7,89.44,1.17
2023-11-08,Tiruchirappalli,10.7905,78.7047,8.36,25.92,88.27,1.09
2023-11-09,Tiruchirappalli,10.7905,78.7047,9.56,25.65,85.55,1.17
2023-11-10,Tiruchirappalli,10.7905,78.7047,4.15,25.26,89.37,1.72
2023-11-11,Tiruchirappalli,10.7905,78.7047,1.29,24.97,87.25,2.13
2023-11-12,Tiruchirappalli,10.7905,78.7047,0.06,25.0,81.87,2.51
2023-11-13,Tiruchirappalli,10.7905,78.7047,3.64,25.43,84.84,2.38
2023-11-14,Tiruchirappalli,10.7905,78.7047,23.46,24.75,89.18,2.48
2023-11-15,Tiruchirappalli,10.7905,78.7047,1.61,25.32,88.06,2.28
2023-11-16,Tiruchirappalli,10.7905,78.7047,0.42,25.61,86.05,1.61
2023-11-17,Tiruchirappalli,10.7905,78.7047,0.91,26.33,84.04,1.79
2023-11-18,Tiruchirappalli,10.7905,78.7047,2.58,26.02,87.3,2.54
2023-11-19,Tiruchirappalli,10.7905,78.7047,0.66,25.63,88.39,2.44
2023-11-20,Tiruchirappalli,10.7905,78.7047,0.9,25.69,88.54,2.3
2023-11-21,Tiruchirappalli,10.7905,78.7047,2.12,25.74,88.48,1.78
2023-11-22,Tiruchirappalli,10.7905,78.7047,14.83,25.82,89.91,1.48
2023-11-23,Tiruchirappalli,10.7905,78.7047,4.16,25.6,86.87,1.24
2023-11-24,Tiruchirappalli,10.7905,78.7047,2.72,25.75,87.98,1.54
2023-11-25,Tiruchirappalli,10.7905,78.7047,8.04,25.84,88.54,2.38
2023-11-26,Tiruchirappalli,10.7905,78.7047,6.14,25.48,90.0,3.0
2023-11-27,Tiruchirappalli,10.7905,78.7047,1.99,25.84,87.72,2.15
2023-11-28,Tiruchirappalli,10.7905,78.7047,3.51,25.77,87.97,2.11
2023-11-29,Tiruchirappalli,10.7905,78.7047,5.78,25.44,87.93,2.08
2023-11-30,Tiruchirappalli,10.7905,78.7047,8.58,24.62,90.88,1.8
2023-12-01,Tiruchirappalli,10.7905,78.7047,1.97,24.99,90.1,2.02
2023-12-02,Tiruchirappalli,10.7905,78.7047,2.15,25.54,86.89,2.69
2023-12-03,Tiruchirappalli,10.7905,78.7047,1.5,25.83,87.68,2.16
2023-12-04,Tiruchirappalli,10.7905,78.7047,0.64,26.56,82.76,2.05
2023-12-05,Tiruchirappalli,10.7905,78.7047,0.62,26.85,82.21,1.75
2023-12-06,Tiruchirappalli,10.7905,78.7047,0.86,26.37,87.69,1.29
2023-12-07,Tiruchirappalli,10.7905,78.7047,0.64,26.91,84.76,1.37
2023-12-08,Tiruchirappalli,10.7905,78.7047,4.29,26.29,87.56,1.46
2023-12-09,Tiruchirappalli,10.7905,78.7047,1.9,25.83,86.94,2.27
2023-12-10,Tiruchirappalli,10.7905,78.7047,0.46,25.49,83.99,2.42
2023-12-11,Tiruchirappalli,10.7905,78.7047,0.18,24.92,83.45,2.46
2023-12-12,Tiruchirappalli,10.7905,78.7047,0.1,24.81,83.3,2.38
2023-12-13,Tiruchirappalli,10.7905,78.7047,0.0,23.84,81.08,2.67
2023-12-14,Tiruchirappalli,10.7905,78.7047,0.01,23.77,80.14,2.92
2023-12-15,Tiruchirappalli,10.7905,78.7047,1.27,24.35,85.92,3.15
2023-12-16,Tiruchirappalli,10.7905,78.7047,8.84,25.43,86.93,3.08
2023-12-17,Tiruchirappalli,10.7905,78.7047,10.01,24.82,88.69,3.65
2023-12-18,Tiruchirappalli,10.7905,78.7047,3.12,24.0,86.96,3.37
2023-12-19,Tiruchirappalli,10.7905,78.7047,0.37,23.8,83.2,3.13
2023-12-20,Tiruchirappalli,10.7905,78.7047,2.91,24.14,83.81,3.38
2023-12-21,Tiruchirappalli,10.7905,78.7047,1.92,23.89,88.09,2.92
2023-12-22,Tiruchirappalli,10.7905,78.7047,0.08,24.41,83.75,2.46
2023-12-23,Tiruchirappalli,10.7905,78.7047,0.01,23.22,79.84,2.36
2023-12-24,Tiruchirappalli,10.7905,78.7047,0.03,23.53,82.66,2.87
2023-12-25,Tiruchirappalli,10.7905,78.7047,0.78,25.28,83.91,3.46
2023-12-26,Tiruchirappalli,10.7905,78.7047,0.02,24.32,81.43,3.11
2023-12-27,Tiruchirappalli,10.7905,78.7047,0.15,24.27,80.52,3.4
2023-12-28,Tiruchirappalli,10.7905,78.7047,0.54,24.87,83.09,3.65
2023-12-29,Tiruchirappalli,10.7905,78.7047,0.22,25.43,81.65,3.62
2023-12-30,Tiruchirappalli,10.7905,78.7047,0.03,24.66,81.08,3.22
2023-12-31,Tiruchirappalli,10.7905,78.7047,0.0,23.81,79.21,2.54
